comment_id,comment_parent_id,comment_body,comment_score,created_utc
gi14qr4,t3_kpy6h6,"Commented this in another post. 

Palantir has a lot of promise moving forward for a couple of reasons. See below.

Sales team:

Essentially Palantir in the 17 years of existence, only has had a sales team for 1.5 years. The reasoning behind this is because internally, Palantir did not want to go the whole sales route of software but recently, that they needed to if they ever wanted to go public and thus reward their share holders. Since the sales team is so new, one can say that they are essentially a new company in that they are in the early years of growth. Palantir also finally has built out their Foundry Platform and Apollo platforms over the years and are now ready to ramp up a lot of customers quickly.

Efficiency / Apollo:

Palantir as a company has become extremely more efficient the past 1-2 years when it comes to acquiring new customers and ramping them up. The reasoning behind this is their Apollo Platform. It’s an in house platform that uses ML to help get a customer up and going a lot faster than previously. In the past, Palantir would have to send “forward deployed engineers” to customers to get them up and running and that could take weeks / months and is costly. Now With Apollo, Palantir can get a customer up and running in hours without sending anyone. This frees up cash for Palantir the invest back into R&D. Also wanted to mention, during the last Q3 earnings call, an analyst asked the headcount growth for the company. Most high growth companies tend to hire a lot of ppl to keep that growth rate up. A company doing that that comes to mind is Snowflake. Palantir’s CFO said that their headcount is only growing 2-3% and mostly in the sales department. The reasoning of this is directly due to Apollo. Palantir’s employees have become more efficient and that with Apollo, they can onboard a lot of customers without hiring more expensive engineers.

Palantir Modules:

On the Q3 earnings call, Palantir alluded to an ERP type Modules for Foundry that they are working on so that customers can pick and choose which aspects of Foundry they want, instead of getting the whole suite. This is great because it’s way cheaper for a company to get started with Palantir’s software and then slowly ramp up with more options. Palantir has a very high retention rate with their software so by having a company only pick 1-2 modules, it most likely will result in getting more and more modules which in turns create more revenue for PLTR. I suspect they will talk about this come the Demo day.

Final thoughts.

Palantir has great leadership and are very smart people. They are very methodical in their planning. This company is 100% a long term hold. Think 5-10 years at least. They only had a sales team for 1.5 years and already will have over $1B in sales with virtually no sales team. Just be patient.",48,2021-01-04 11:34:09
gi0sb7h,t3_kpy6h6,"So what’s your point? We need a date, strike, and some rocket emojis.",39,2021-01-04 09:46:37
gi12usy,t3_kpy6h6,I agree Palantir looks like a great long term hold which is why I wish WSB would kinda stfu about it at this point. I bought in and I'm gonna let it ride. Now let's talk about other ridiculous new plays that will rocket next week instead of when PLTR is gonna hit 30 again.,26,2021-01-04 11:17:28
gi0rh7l,t3_kpy6h6,"Sir, this is the unemployment line.

*I am a bot, and this action was performed automatically. Please [contact the moderators of this subreddit](/message/compose/?to=/r/wallstreetbets) if you have any questions or concerns.*",18,2021-01-04 09:39:32
gi12wmu,t3_kpy6h6,Bro you forgot the 🧑‍🚀🚀🚀🚀🚀🚀🚀🚀🚀🚀🚀🚀🚀🚀🚀🚀🚀🚀🚀🚀🚀🚀🚀🚀🚀🚀🚀🚀🚀🚀🚀🚀🚀🚀🚀🚀,6,2021-01-04 11:17:56
gi1lkig,t3_kpy6h6,Im convinced PLTR will drop down to $15 due to wsb keep fucking posting about it .,7,2021-01-04 14:25:40
gi0s61l,t3_kpy6h6,"I wish I was dumb enough to yolo when I did buy in

Long Karp 4 life",10,2021-01-04 09:45:24
gi18kmh,t3_kpy6h6,"I have a technical question for you. I know some machine learning, neural nets, machine vision, signals math etc. I don't know the math or algos behind AI. I watched the demo of Gotham led by a PLTR engineer. I get the machine analyst interface and I am sure that this could be powerful for enterprise...

but, I was expecting more voodoo AI stuff in the demo. I get the concept of analyst machine interface and their pitch of the operating system of a business. I get that. It's pretty too. 

What I don't get is where the AI comes in. Is the AI basically a bespoke product of Palantir to scour the clients databases and bring it all together?

Or can it also assist the analyst in writing algos to filter and find patterns like a human analyst would? Is that AI bespoke too or is it done from within the client's company?

Sorry for asking this on fucking WSB like a 'tard.

Long PLTR x1000ish.",4,2021-01-04 12:07:16
gi0uptb,t3_kpy6h6,Could you elaborate on the exercise you did to come up with Palantir and SpaceX?,3,2021-01-04 10:07:01
gi0vnxu,t3_kpy6h6,https://www.google.com/amp/s/seekingalpha.com/amp/article/4397018-top-technology-pick-for-2020s-is-revolutionizing-how-data-is-analyzed,3,2021-01-04 10:14:57
gi0w0uh,t3_kpy6h6,Only thing Wall street should short is my portfolio.,2,2021-01-04 10:17:59
gi0zp3q,t3_kpy6h6,thanks for this! you’re invested in spaceX???,2,2021-01-04 10:49:11
gi10ajb,t3_kpy6h6,Long Term play is euphemism for stocks go down. 🚀,2,2021-01-04 10:54:31
gi1nlrn,t3_kpy6h6,How are you long Space X if they are private?,2,2021-01-04 14:52:39
gi3q1xn,t3_kpy6h6,Love confirmation biases,2,2021-01-05 04:19:32
gi3wldz,t3_kpy6h6,">This company has just started building a sales and marketing team and One thing a good sales team does is to sell proven solutions, again and again, We need 1-2 yrs to see that impact

&#x200B;

Why would a company wait till the IPO to build the sales team? It's had a commercial product for a while.",2,2021-01-05 05:10:13
gi4mhk4,t3_kpy6h6,"Bought a 2 year $30 strike LEAP today. 

*Im doing my part*",2,2021-01-05 08:44:24
gi0wmmo,t3_kpy6h6,Can anybody recommend a good youtube channel about pltr? I'd like to know more about the company before doing anything,4,2021-01-04 10:22:58
gi0son8,t3_kpy6h6,Is there anything they can do to break into the mainstream consumer sector?,2,2021-01-04 09:49:48
gi1g1jc,t3_kpy6h6,How are they going to compete with the likes of Google and aws as they expand their AI products into business logic?,1,2021-01-04 13:20:13
gi36oro,t3_kpy6h6,Guess I’ll sell some more CSPs on PLTR. But you better be right in 5-10 years!,1,2021-01-05 01:48:56
gi1suxu,t3_kpy6h6,"Whats your opinion on Home Depot and Cocacola ending their relationship with PLTR stating it wasnt worth the cost and they could have done it inhouse? I hear two extreme sides where one says pltr has awesome software capabilities while the other side is trashing their platform as confusing and simple to the point a baby could write a better program, let me know what you think thanks",1,2021-01-04 16:10:16
gi13nz4,t3_kpy6h6,If you’re buying long positions in the stock market in this economy you are a true autist. Take your gains quickly and get out.,-1,2021-01-04 11:24:43
gi0se8r,t3_kpy6h6,[deleted],-21,2021-01-04 09:47:19
gi0vck5,t3_kpy6h6,"“So i am long Palantir,SPACEX and...” how the fuck you long a private company you retard. The only serious degree you have here is a liberal arts degree dickhead. Anyone that has done a basic finance/accounting introductory module would realize the the shitton of misunderstood jargon and practices.",-11,2021-01-04 10:12:19
gi14v5f,t1_gi14qr4,Thanks Bro!,4,2021-01-04 11:35:16
gi0sq6x,t1_gi0sb7h,Tomorrow 100C rocket rocket rocket,22,2021-01-04 09:50:09
gi0x76s,t1_gi0sb7h,"I wish, I could be that right Bro!",3,2021-01-04 10:27:47
gi1b2kw,t1_gi0sb7h,Jan 15 $18 puts,-11,2021-01-04 12:29:33
gi1lmfc,t1_gi1lkig,"Awesome, will buy more at 15$.",10,2021-01-04 14:26:21
gi0xlpx,t1_gi0s61l,I feel you buddy. I like Karp as a leader.,5,2021-01-04 10:31:08
gi1avkh,t1_gi18kmh,"Hey buddy,
Let me try to answer with my limited capabilities. If you know NN/PCA/ML/DL then leading to AI is not difficult. In a crude way AI adds a decision criterion and action over you learning. Off course we both know it is more than that in codes.

I feel you when you say you dont feel magic and in my view i felt the same sometime. The task Palantir solving is somthing that is not entirely computer and AI assisted. if you see the demo and what Karp says, their target is to empower the most frontline employees with the similar kind of decision making ability as top PHD and C-suite.

In short, it is helping them to do tasks which are critical and take much longer with better insight and improved consistency with big picture clarity. As i understand that their AI suite has several bespoke portion, this is the reason deploying Palantir is not straightforward in the starting and company don't have domain expertise. So there is a phase where they work with client and both builds the application part and what insights to focus. Based on your nickname, i believe you have fair understanding of upstream oil business and if you see BP example, its very eye opening. SLB,HAL, BHGE who are established player in O&G services and digital space can deliver the same solution. What sets Palantir Unique is their ability to scaleup. Scaling up and speed to market is the Achilles heal of industry. This is why we see so many successful pilots, POC and very limited full scale deployment.

I don't expect Gotham to help me write code. I do expect Gotham to help me build and understand how data is flowing in my decision making analysis",8,2021-01-04 12:27:44
gi1jqee,t1_gi18kmh,"Let's wait for the demo day, we might see further details",1,2021-01-04 14:02:46
gi0wc9s,t1_gi0uptb,"I will, please give me sometime for that. It's a longer post",12,2021-01-04 10:20:38
gi0zu6t,t1_gi0zp3q,"Yes, I invested in early Q2",3,2021-01-04 10:50:25
gi10jhs,t1_gi10ajb,"Thanks buddy, please go ahead and sell Palantir then.",6,2021-01-04 10:56:46
gi1npjk,t1_gi1nlrn,By private capital account with a PE company. You can also use EquityZen and forgeglobal.,2,2021-01-04 14:54:03
gi1nx00,t1_gi1nlrn,https://app.forgeglobal.com/company/space-exploration-technologies,2,2021-01-04 14:56:56
gi1nuj5,t1_gi1nlrn,https://equityzen.com/company/spacex/,1,2021-01-04 14:55:58
gi1nvcz,t1_gi1nlrn,https://www.cnbc.com/2020/09/11/jpmorgan-trade-private-shares-of-mega-start-ups-including-spacex-robinhood-and-airbnb.html,1,2021-01-04 14:56:17
gi1ny94,t1_gi1nlrn,There could be several other PE and VC fund can help for the same,1,2021-01-04 14:57:25
gi4nqez,t1_gi3wldz,"In my opinion, it was a tactical error. In some of the earlier interviews of Alex Karp, it was briefly discussed that they envisaged company as engineers only. There has been several companies that have grown organically that way. However it takes long time. 2nd they also wanted exceptional product and set right expectations. The problem they had in hand was bigger and once they got comfortable, it was clear that they need focused marketing and sales effort to grow at pace, they are looking.

It was mix of tactical and strategic choices which worked both ways.",1,2021-01-05 08:54:59
gi1a9yf,t1_gi0wmmo,www.blacked.com,20,2021-01-04 12:22:28
gi0xu8s,t1_gi0wmmo,"It's tough to find one good channel, I would say keep broader research and listen both bulls and bears. Actually its bears that makes conviction stronger",3,2021-01-04 10:33:06
gi14o3o,t1_gi0wmmo,"Just came across this. Small channel but it was a good review. 

https://youtu.be/5V_iIzXy8Zk",1,2021-01-04 11:33:30
gi195gk,t1_gi0wmmo,https://www.youtube.com/watch?v=_0i9XU3MA7s,1,2021-01-04 12:12:22
gi1a7u8,t1_gi0wmmo,"Was just listening to this, Stephen Cohen did a Q&A ~ https://ecorner.stanford.edu/podcasts/the-path-to-palantir/",1,2021-01-04 12:21:55
gi0vjqr,t1_gi0son8,[deleted],6,2021-01-04 10:14:00
gi0x5gh,t1_gi0son8,"In my limited view Yes, but before that they have a massive opportunity. The biggest challenge in AI and big data industry is the scale up of successful pilots. Think in terms of EV prototype vs mass market production.
Palantir scores best when it comes to potential to scale-up and speed to market, no company and i mean no company can beat them. But they are also the most expansive solution in town also, which is OK.
The challenge is we are so used to of working in web of enterprise software, so to decide and leave all of it to move to one dedicated platform for a company is a big commitment. Companies do it when the value is clear and above the competition. This is why acquiring customers is difficult but retaining customer is higher probability
it's a sign of a company that can set on exponential growth",3,2021-01-04 10:27:22
gi0y5by,t1_gi0son8,"Just think, you have all the youtube, seeking alpha, Reddit, FT, discord data and you need to extract information from it. You can definitely use Palantir sort of technology",2,2021-01-04 10:35:41
gi1gzhh,t1_gi0son8,Announce their Marlon EVs by 2035,1,2021-01-04 13:30:42
gi1k00a,t1_gi1g1jc,"I wish, i can explain my understand in few words. Let me try, AWS, Google and MSFT even with megaclouds and in-built AI/Analytics capabilities lack the pace of the scaleup and speed of Palantir. When it comes to security, Palantir has an edge, also Palantir application team works hand in hand with client team and this embedding of team is better than big tech.

I made an image but posting an image in reply in Reddit is pain",1,2021-01-04 14:06:04
gi1udts,t1_gi1suxu,"May be its not worth for them. I know BP, airbus and F1 story and government story. Customer fit and acquisition will only get better in time. Hopefully they take lessons from these two deals and build on it. We will see",1,2021-01-04 16:34:56
gi13qa5,t1_gi13nz4,Appreciate your input buddy,2,2021-01-04 11:25:17
gi0t43c,t1_gi0se8r,The cold never bothered me anyway,5,2021-01-04 09:53:25
gi0wa3t,t1_gi0vck5,"via PE. 

I invested when it valued at 36 billion$. There are many way one can invest in pre-IPO companies. I am a limited partner with a PE and invest in companies pre-IPO. One can do the same with platforms like EquityZen and ForgeGlobal also.

I hope it helps and please no one cares about your language on social media. Its entirely your choice if you wish to ask questions or post comments",3,2021-01-04 10:20:08
gi0wmjj,t1_gi0vck5,"U can invest in SpaceX if you are not poor . Well I take that back you could*  have , don’t think u can buy it in secondary market anymore. So op probably bought it couple years ago when I know for a fact it was available",1,2021-01-04 10:22:57
gi2cqpq,t1_gi1b2kw,I love to sell PLTR puts as well!  Print money around $18.  Good call!,6,2021-01-04 21:22:54
gi1gspo,t1_gi1avkh,Thank you for your response.,2,2021-01-04 13:28:36
gi1gcqd,t1_gi1avkh,"You should rephrase to the real answer: probably very little to do with AI and very likely something that sort of resembles AI was shimmed into some small part of the product so the sales team can say ""AI"" and the engineers get to have a bit of fun",1,2021-01-04 13:23:38
gi0ybar,t1_gi0wc9s,Fo shizzle,2,2021-01-04 10:37:07
gi102jk,t1_gi0zu6t,nice! what are some other companies that meet these criteria on your radar?,1,2021-01-04 10:52:29
gi1dduq,t1_gi0zu6t,How?,1,2021-01-04 12:52:18
gi354pr,t1_gi1npjk,"Thanks, I do not qualify yet, but know people who do, I’ll them know.

Thanks again.",1,2021-01-05 01:36:55
gi4xrht,t1_gi1ny94,"Damn you can't invest without being an accredited investor, fuck the poors right?",1,2021-01-05 10:20:01
gi4osj0,t1_gi4nqez,"thanks. The weak commercial growth can definitely be interpreted as a weakness.

&#x200B;

By the way, the company acquired in 2016  was KimonoLabs, i believe. They were a text and data scraping company, but I am not sure whether their technology is particularly distinctive from other data scraping technologies.",2,2021-01-05 09:04:07
gi2c9ky,t1_gi1a9yf,www.efukt.com,2,2021-01-04 21:17:04
gi149yq,t1_gi0vjqr,GME blue chip lol,7,2021-01-04 11:30:01
gi24lb6,t1_gi0y5by,"Thank you for the reply. Makes sense, I’m in",2,2021-01-04 19:26:43
gi1k897,t1_gi1k00a,let me know if you are on discord,1,2021-01-04 14:08:50
gi0utf2,t1_gi0t43c,[deleted],-9,2021-01-04 10:07:51
gi10qia,t1_gi0wa3t,What a polite way to cock slap someone,7,2021-01-04 10:58:32
gi0xxvn,t1_gi0wa3t,"Yeah and which private equity firm is that? A guy claiming to have private equity connections trading with IBKR instead of prime brokers.lol yeah... 

Also “we listen that palantir has lost money .... investing money back is not money lost” you do know how basic financial statements works right?

So your whole basis for your thesis is that you have “done some exercises” , left out 100% of the methodology and expect people to believe you? Only retards that can’t read would do that. Gtfo",-3,2021-01-04 10:33:57
gi0yqve,t1_gi0wmjj,"I agree, SpaceX if heavily chased stock in the private market and people are selling it at 25% premium over the last valuation. Private markets are always tough and I think this is where we need fintech products that allows smaller and fractional sharing of pre-IPO stocks.   


I left a fortune 500 company job after 14 yrs, just one year before my pension to be vested and took the money out.  It got splitted and invested in Tesla, Palantir, SpaceX, Atai and Peptilogics.",2,2021-01-04 10:40:51
gi2ta85,t1_gi1gcqd,It’s actually more effective than having a whole system ran with majority AI processing. The software is more malleable and sheds the unnecessary use of predictive computing in places where it doesn’t need to be applied.,0,2021-01-05 00:02:56
gi10f90,t1_gi102jk,"I will publish most likely over next weekend, how i evaluated. it's a longer post and I will keep it simple. I couldn't find any other company. and please be advised, that i could be entirely wrong",6,2021-01-04 10:55:43
gi1dqnu,t1_gi1dduq,"I did via Decisive.com. It's a PE company. You can also use EquityZen and ForgeGlobal. I preferred PE as it assured allocation. EquityZen is very good actually as well and you can start by investing as low as 10k usd, but allocations are not guarantee and it is first come first serve. You can sign and confirm interest that doesn't cost you anything. if they inform you, act asap unless someone else will pick.",6,2021-01-04 12:55:59
gi4xwwv,t1_gi4xrht,"Sincere apologies buddy, I wish we could have fintech products and ETF based on pre-IPO securities",1,2021-01-05 10:21:15
gi4p2mo,t1_gi4osj0,I am expecting them to demonstrate its integration during demo day,2,2021-01-05 09:06:29
gi24tyk,t1_gi24lb6,"Though they are starting on the other side of market segment, but over the time they will expand and I will see more and more democratized markets with mass market usage. It's not happening in near future. First they need to scale up their successes.",1,2021-01-04 19:30:32
gi1at5t,t1_gi0utf2,"I think instead  of saying just give it up, show some analysis why retards need to sell.",1,2021-01-04 12:27:07
gi0z4e2,t1_gi0xxvn,"Appreciate your feedback buddy. I dont want you to believe me. I shared my view and asked people to do their own DD.

FYI https://www.decisive.com/",1,2021-01-04 10:44:07
gi1plev,t1_gi0yqve,Wish I could get into SpaceX but that boat might have sailed .. from reading your comment it looks like you got in via pe what are the requirements ? Mind if I DM .,1,2021-01-04 15:20:38
gi2v4uy,t1_gi2ta85,"I've been on the purchasing end for products claiming AI, it is, without fail, always a sales tactic in which they actually are using some basic, old and we'll know statistical analysis to make probablistic decisions

It's all buzzwords",2,2021-01-05 00:18:07
gi10j3a,t1_gi10f90,looking forward!,3,2021-01-04 10:56:41
gi2zklh,t1_gi1dqnu,Thank you!,1,2021-01-05 00:53:41
gi5by95,t1_gi1dqnu,"How many shares and what price did u buy of SpaceX? 

I'm seriously interested in getting my mom to invest in SpaceX, maybe even neuralink in the future",1,2021-01-05 12:27:05
gi4xzyn,t1_gi4xwwv,Brb I'm gonna tell my mom to invest in SpaceX,2,2021-01-05 10:21:59
gi15plz,t1_gi0z4e2,Nice looking website.,2,2021-01-04 11:42:54
gi10n5w,t1_gi0z4e2,"Lol posting a link that serves no purpose in validating your connection it whatsoever. A D tier firm nonetheless

Ah the type of retarded posts wsb loves, wall of text describing basically nothing loaded with jargons/describing basic market mechanics for morons to gobble them up. Actual content on how those views are derived - 2 lines of unsubstantiated rubbish. Yeah i have done excercise in bed with your wife too.

On the link you posted, decisive capital management SA, at least according to online sources is a fking corporation not a partnership. So how are you a “limited partner”?",-4,2021-01-04 10:57:41
gi1psyi,t1_gi1plev,Yes DM,1,2021-01-04 15:23:40
gi2w1v4,t1_gi2v4uy,"buzzinnggg, so you don’t believe in the PLTR juju? I don’t have a position but I have been following it a little bit.",1,2021-01-05 00:25:30
gi4kci8,t1_gi2v4uy,"So Tesla Autopilot isn't real? Cool, guess you know everything",1,2021-01-05 08:25:41
gi5crvd,t1_gi5by95,"I invested when spaceX was valued at 36 billion$, since i did it via PE so they took 3% initial fees and will take 20% of profits as carried interest and my stocks will be locked for 6 months when SpaceX goes IPO. Looking back, i could have done it far cheaper via equityzen or forge global but i was looking for assured allocation. 

In private market spacex share was 220 and now it is at 275. There has been certain articles that claimed that it is traded now at 25% premium@275. Challenge with pre-IPO companies that the actual valuation is calibrated during the funding rounds only. Investment is not as liquid as in stock market and you may have to lock money for the long time.",1,2021-01-05 12:35:14
gi116gt,t1_gi10n5w,"and yet you are here on WSB  nevertheless I wish you good luck and success in life bro!  
Best Regards",1,2021-01-04 11:02:29
gi2wb1g,t1_gi2w1v4,"Not as much to warrant the hype, it has potential but that potential is behind a lot of barriers


How stock prices are mostly dictated by hype anyways so......",2,2021-01-05 00:27:32
gi68cj8,t1_gi4kci8,"Sure that's a thing, but you notice how the primary selling point isn't ""shiny AI, AI this, AI that, AI driven [insert other buzzword]""

Self driving cars probably actually do use AI in a fully realized and useful way - not because they can, but because it's the best way to solve that problem. But also take note, that what they are selling (selling in terms of what's marketed to it's consumer), is a self driving car - not AI. That's how you know there is substance, what they're actually selling aligns with what theyre marketing. 


Similar thing happened with block chain, start ups started applying block chain to everything even when there was no practical use case that couldn't also be solved in a cheaper and more reliable way. Before that it was ""crowd sourcing"" and ""open source"", Luckily those trains has lost steam quickly, and now it's AI/Machine learning

NOW - with that said I am a fan and supporter of machine learning, block chain, open source, etc. But, as an systems engineer at a city hospital who often is involved in purchasing decisions for IT infrastructure. 99% of the time, if a sales team uses a buzz word, like AI, whatever it is they're are selling, they don't usually apply that technology in a meaningful way - if it did they'd focus on the solution it provides and not the method they use to get that solution. And I know because my management has multiple times before, fell victim to those sales tactics only to learn down the road that the million dollar magical product they bought, is actually way more complex with way more limitations, that actually doesn't do what the sales people said it did.",2,2021-01-05 20:13:22
gi5d53z,t1_gi5crvd,"Do you think SpaceX will ever go public, also thanks for the info",2,2021-01-05 12:38:57
gi11ryv,t1_gi116gt,Ah the classical escape when asked to substantiate your idea,1,2021-01-04 11:07:54
gi5futj,t1_gi5d53z,"Yes and most likely in 2 parts, based on Elon's statement. There is no better place to raise funds than public markets. It's likely that he spin-offs Starlink which will be 80%-90% of SpaceX valuation in this decade and then use this capital to fund Moon and Mars plan. He said that until there is clear path and successful flight to Mars, he will try not to go public with SpaceX launch business.",1,2021-01-05 13:07:10
gi127uv,t1_gi11ryv,"Yes classic escape bro!
I really don't have talent of yours to self-contradict. First you said, who invest in private company then which PE and then link doesn't make any sense. 

It's my bad! 
Have fun buddy. See you next time when i post another discussion.",1,2021-01-04 11:11:49
gi13and,t1_gi127uv,And may i ask how is that self contradictory? Given that there are no 2 statements being even close conflicting? And by the way based on online sources “decisive capital management management” is a fucking corporation not a partnership so how are you a “limited partner”?,0,2021-01-04 11:21:24
