comment_id,comment_parent_id,comment_body,comment_score,created_utc
gifcgp8,t3_kse0qz,Positions or gtfo. I don't have time to read your novel!,42,2021-01-07 22:13:22
gifcy1l,t3_kse0qz,And in other news water is wet. Mofo no one cares it’s government sanctioned which makes it legal. Like alcohol it’s all wrong until you pay tax. Now stfu and go to r/investing.,19,2021-01-07 22:17:50
gifcc2d,t3_kse0qz,"Sir, this is the unemployment line.

*I am a bot, and this action was performed automatically. Please [contact the moderators of this subreddit](/message/compose/?to=/r/wallstreetbets) if you have any questions or concerns.*",6,2021-01-07 22:12:08
gifdg3o,t3_kse0qz,So... what’s the play here bud? How am I supposed to make money off this?,7,2021-01-07 22:22:27
gifdiu4,t3_kse0qz,Sir this is a Wendy’s,5,2021-01-07 22:23:09
gifczrq,t3_kse0qz,It's better not to get bogged down in these sorts of questions... just ride the hype dude,10,2021-01-07 22:18:17
gifce5m,t3_kse0qz,I also watched the Jake Tran video,7,2021-01-07 22:12:42
gifd2ua,t3_kse0qz,"So the last 13 years the interest rate has been total shit.  You ether invest or get left behind.

When I bought my house in 08 I had a online savings account that gave me 6.0% interest a year ( no minimums no hoops to jump through.)

I know that doesn't sound like big dick gains.   But 6% guaranteed is nothing to scoff at.

&#x200B;

I also think the stock buybacks are stupid.  Unless you are a stock holder.   (My company took the trump tax breaks and bought back there stock at a all time high,  then it proceeded to be cut down to a 1/3 during covid.  So they bought high and are selling low.)  Instead of investing in the company.",3,2021-01-07 22:19:04
gifd40o,t3_kse0qz,Lost,3,2021-01-07 22:19:22
gifd4lm,t3_kse0qz,So ZM calls? I think I saw zoom in there or something.,3,2021-01-07 22:19:31
gifd6ky,t3_kse0qz,This too long to read my autistic attention spans only last 1 minute,3,2021-01-07 22:20:02
gifd9kz,t3_kse0qz,Tesla is the best ponzi scheme then. Who cares what it is if it makes you money. The difference I see is that you don't have to lose money to make money compared to a ponzi scheme. Value of stocks come from what people are willing to pay.,3,2021-01-07 22:20:46
gifdkoh,t3_kse0qz,Tl;dr op just barely learned money is fake lol,3,2021-01-07 22:23:37
gife3pw,t3_kse0qz,"The value is in ownership of a company because the way to ""take over"" a company is to own over 50% of the shares. If someone wants to buy out or take over a company they need your shares to do so.",3,2021-01-07 22:28:22
gifdvii,t3_kse0qz,"Buying the dip on BBBY? Ok you got it, thanks for the valuable DD!",2,2021-01-07 22:26:19
gifdwey,t3_kse0qz,TLDR: buy more PLTR,2,2021-01-07 22:26:32
gifdywm,t3_kse0qz,Chill out on the Ritalin,2,2021-01-07 22:27:10
gife2r8,t3_kse0qz,"The stock market value is being driven by the monetization of debt

So organizations that are publically traded can acquire debt that has either no APR or low APR and generate returns for their organization and return value to investors by driving their stock value higher buying their own stock the debt 

Then when there's any issues in the economy or the debt burden becomes unsustainable the Fed buys the ""toxic"" debt and it allows for the false growth paradigm to continue

It's that simple",2,2021-01-07 22:28:07
gifeapv,t3_kse0qz,Delete this nephew,2,2021-01-07 22:30:04
gifedh6,t3_kse0qz,Yes,2,2021-01-07 22:30:45
gifeeky,t3_kse0qz,"I mean money.is just paper too but it's the collective belief in it that gives it value. 
I think what he says is essentially true but no-one cares because we are all in this together.
Sir, this is a casino.",2,2021-01-07 22:31:02
gifekc4,t3_kse0qz,"Dividends isn’t the only thing that creates value in the stock.  I’d rather have my earnings share retained and reinvested in the stock for organic company growth every time.   

I still own the right to my proportional share of the assets.   Ponzi schemes have little to no underlying intrinsic value.",2,2021-01-07 22:32:30
gifeqca,t3_kse0qz,"Sorry, your post has been removed by vote. Please don't delete the post if you think it's not spam as it may be approved later.

___

You can either contact moderators or vote to restore this thread and punish the volunteer moderators responsible for spamming your post in the daily [WSBVoteBot action log](https://www.reddit.com/user/WSBVoteBot/posts?sort=new).",2,2021-01-07 22:34:01
gifevwz,t3_kse0qz,"Hey boomer, dividend stocks are for boomers",2,2021-01-07 22:35:24
gifew90,t3_kse0qz,They're all scams. You should short everything with your savings.,2,2021-01-07 22:35:29
giff48z,t3_kse0qz,"eh, I get where you're coming from but all things are only worth what someone is willing to pay for them. It can be a stock, home, or anything really. US currency has been off the gold standard for a while now and we still value the paper notes/tender to make purchases. If you want to go down this road, you'll start realizing nothing has intrinsic value but if enough people have trust and agreement that something does have value, then we're good. Screwy ain't it?",2,2021-01-07 22:37:30
giffz2o,t3_kse0qz,"nice post. but as expected, it does not please the wsb gods.

one error, though:

\> Voting  gives them value because you can vote for them to pay dividends. It’s a  democracy! – companies can issue more shares and tip the scales  whenever they want.

Companies can only issue more shares, if the stockholders agree to it. So the point stands.",2,2021-01-07 22:45:01
gifdepv,t3_kse0qz,No you own a part of a business that generates cash flow. If a company is bought out at a premium then its shareholders profit. Its not a ponzi scheme retard,3,2021-01-07 22:22:05
gifdjrx,t3_kse0qz,Wow congrats on waking up ? Glad a book about the stock market not being a fair place where people fairly take bets with there subprime blood money ? Anything else you realized ? Maybe you have questions as to why your mom has slept behind your dads back and never told him maybe you’re starting to wonder why all the woman need to go off to collage and get 20 dicks before they get married maybe you have an inkling of morality shining through your consumerist materialistic self read some Kierkegaard and yolo on ROPE after!!!,2,2021-01-07 22:23:23
gifdkz9,t3_kse0qz,"I stopped reading at “you own a stock of the company” 
usually doesn’t bother me when people misuse shares vs stock but this one is just too much",2,2021-01-07 22:23:42
gifdceg,t3_kse0qz,"OP, you legit scare me. This mentality is what gets people believing in the lizards, flat earth, vaxx hoaxes etc. BUY THE DIP RETARD.",2,2021-01-07 22:21:30
gifdc2j,t3_kse0qz,"If you can’t tell the difference, does it really matter?",1,2021-01-07 22:21:25
gifdf66,t3_kse0qz,"You are right. I am expecting a market crush, but I still believe I can make some money in this insane market. I converted 16 000$ to 40 000$. It is too late for me to stop. I want more",1,2021-01-07 22:22:12
gifelrm,t3_kse0qz,Cool story bro,1,2021-01-07 22:32:51
gifgdi1,t3_kse0qz,Sure but in the end its because we value it that high. Supply and demand shit,1,2021-01-07 22:48:27
gifi3ru,t3_kse0qz,"Our entire economic structure is based on the same ""ponzi scheme"".  The dollar is FIAT currency and back by nothing but the good faith of the government.   So as long as the dollar exists and more rioters don't murder JPow - we Gucci.",1,2021-01-07 23:03:13
gig18le,t3_kse0qz,What happens if i buy 55% of the shares? 95%? 100%?🤔,1,2021-01-08 01:30:58
gigpo26,t3_kse0qz,"So, I didn't read the entire novella, but from what I did read he is correct; however, that doesn't just work for stocks, but the entire economy.

World currencies are fiat, so even the dollar only has an arbitrary collectively agreed to ""value"" in relation to the amount of goods and services you can procure with it.

With that in mind, the entire economy is just an extension of this principle.

A vehicle, electric or otherwise, only has the value of what someone is willing to give in exchange for the vehicle irrespective of the vehicle's or performance.

A $1M sports car has close to zero value of you will live the remainder of your life in an isolated mountainous region with no roads where all travel is done by horse or canoe.

The title to that vehicle would be worthless to you if you lived there.

Move to a different place and the car now has greater value in that you can exchange it for more stuff.

That's the same way the stock market and the broader economy work. 

Everything in our economy only has value because of what people are willing to exchange for it, so in that the author is correct, but he hasn't discovered something new, he's actually only just seeing a small slice of the much larger reality.",1,2021-01-08 04:30:11
gifdfh8,t3_kse0qz,You ever heard of a dividend ? Stocks pay their investors,-2,2021-01-07 22:22:17
gifcxgd,t1_gifcgp8,fell of my chair after reading this comment lol....,6,2021-01-07 22:17:41
gifdnbb,t1_gifce5m,I prefer standard tranny videos.,3,2021-01-07 22:24:16
gifdep4,t1_gifd2ua,[deleted],-2,2021-01-07 22:22:05
gifdnmc,t1_gifd9kz,"Wait, wait, wait ....... you DON’T have to lose money? Please explain",1,2021-01-07 22:24:21
gifdmp2,t1_gifdep4,"There is growth stock, and valve stock.

A company that reinvest in the company  is what I want.",2,2021-01-07 22:24:07
