comment_id,comment_parent_id,comment_body,comment_score,created_utc
gi15oxf,t3_kpzt0t,"Wow, that’s gonna shoot it up to $3.89 maybe $3.90",137,2021-01-04 11:42:44
gi141w3,t3_kpzt0t,I hate scrolling past the NOK portion of my account,24,2021-01-04 11:28:07
gi1245n,t3_kpzt0t,[deleted],23,2021-01-04 11:10:52
gi12mu7,t3_kpzt0t,I have BB PTSD to yolo in old phone company again,20,2021-01-04 11:15:29
gi12ccf,t3_kpzt0t,Next blackberry run. Hope this gets meme status here options need more liquidity. Oh crap better load up on lotto calls if this is next.,15,2021-01-04 11:12:54
gi17x5u,t3_kpzt0t,2023 LEAPS are like $5. You spend that much at Starbucks. Picking up 1 or 2 won't hurt honestly,7,2021-01-04 12:01:42
gi14tyr,t3_kpzt0t,Blackberry is better,8,2021-01-04 11:34:59
gi1bsn7,t3_kpzt0t,"I'm a believer in a Nokia comeback, they're supposed to put network switchgear on the moon or something, their patent game is strong too. Would love to see a DD post",7,2021-01-04 12:36:26
gi14vf9,t3_kpzt0t,I been holding $10 calls for 4 months now. :),11,2021-01-04 11:35:20
gi22dmz,t3_kpzt0t,nokia the ge of europe,5,2021-01-04 18:51:04
gw61aqk,t3_kpzt0t,"I've worked in the Cloud Computing space & the investments needed to get one cloud computing site, just one facility is massive. I'm really curious about the partnerships with AWS, Google Cloud, Microsoft Azure, AT&T, and Taiwan Mobile.   
Not to mention the US Government contract to put 4G & 5G on the moon. (So either way, Nokia is going to the moon literally lol)   
IMO, this could be a massive opportunity, but I don't know exactly how this will all materialize in the coming years, but I am bullish AF. I'm getting the same feeling that I did when AMD was close to $2 a share a few years back, but I will say AMD is not a fair comparison.   


NOK's radio 5G tech sounds interesting and could give them a competitive advantage if these partnerships work out. I believe they are cheaper than their competitors, which were thought to be better before, but it turns out Nokias equipment is cheaper and better. At the very least, Nokia is trading at fair market prices, so picking up shares at a discount just makes sense to me. I've been building out a position over the past year, buying every dip, heavy buys below 4. Don't want to miss this spaceship when it goes to the moon.",3,2021-04-28 21:03:40
gi16bo6,t3_kpzt0t,"This may actually be a smart (long-term?) move. Right now there's a lot of open interest for January 2022 call options with the strike prices of 10, 7, and 5.

[https://www.maptimum.com/tools/most-popular-options.php?ticker=NOK](https://www.maptimum.com/tools/most-popular-options.php?ticker=NOK)",3,2021-01-04 11:48:09
gi1779n,t3_kpzt0t,What's the deal with Taiwan Mobile?,3,2021-01-04 11:55:27
gi36dlm,t3_kpzt0t,FUCK NOK. Fuckers announce they'll build a a telephone tower on the FUCKING MOON and its shitstock doesn't move a fucking inch. Fuck that shit bro.,3,2021-01-05 01:46:33
gi7j4ar,t3_kpzt0t,"Nokia is at $4.04 with a 62% buy rate from analysts on RH. My confirmation boner is throbbing.

edit: i bought $4 1/15 calls when i first saw this post",3,2021-01-06 03:03:56
gi1277k,t3_kpzt0t,It's too bad their name is so similar to Nikola... I can't do it captain!,8,2021-01-04 11:11:38
gi219yu,t3_kpzt0t,"I’m a Nokia soldier. Up 3% pre market. 
5G global takeover lyfe",2,2021-01-04 18:32:29
gi12h3j,t3_kpzt0t,"Piece of cake. They can break $4 easily. 
I'm looking for entry after it breaks 3.93 for a swing trade",4,2021-01-04 11:14:03
gi1ol45,t3_kpzt0t,Kodak gonna meme hard ... .  ... some day.,2,2021-01-04 15:06:13
gi762ut,t3_kpzt0t,OP I’m in w 50 4$ calls for Jan 22. For in last night at 3.89. We going to tendie town! Say hello to your mother for me.,2,2021-01-06 01:27:11
gi19szj,t3_kpzt0t,"The float is atrocious. The price, in this one instance, just doesn't matter towards the potential here. Even if you had everyone squeeze this stock on the planet it wouldn't move a whole $2.

Addendum: [If you are banking on the January Effect you might have a case.](https://www.investopedia.com/terms/j/januaryeffect.asp)",5,2021-01-04 12:18:09
gi1cokb,t3_kpzt0t,Trust me when I tell you nokia is a tease. Cut your losses and buy NIO or PLTR,3,2021-01-04 12:45:14
gi120so,t3_kpzt0t,"**I am a bot and identified and tracked the following options picks within this post:**

|**Ticker**|**Strike**|**Type**|**Exp**|**Recorded Premium**|**Recorded Stock Price**|**OI**|**Volume**|
|:-|:-|:-|:-|:-|:-|:-|:-|
|**NOK**|**$4**|**BUY CALL**|**2021-01-15**|**$0.09**|**$3.91**|**47670**|**2968**

[Realtime ROI](https://www.pickmojo.com/pick/ckjhzk9bc200h07101ecnirl6) | [Track Record](https://www.pickmojo.com/user/6carecrow/) | [Bot Info](https://www.reddit.com/r/pickmojo/comments/he9ghu/options_picks_tracking_bot_information/) | Leaderboard: [Week](https://www.pickmojo.com/stocks/best-this-week-reddit), [Month](https://www.pickmojo.com/stocks/best-this-month-reddit), [All](https://www.pickmojo.com/stocks/top-reddit) | [Exit this position](https://www.pickmojo.com/reddit_redirect)

**^(*Recorded after market close, will be recorded at the next market open if the premium is within 10% margin. My owner is monitoring these posts, reply with feedback! You can now track comments by mentioning me!)**",1,2021-01-04 11:10:03
gi195jv,t3_kpzt0t,"I need to add more NOK shares. Been holding since Oct 2020. Nokia's been building up..lots of bullish options activities throughout Nov/Dec. 

1100 sh avg $4.19, plus , $5c and $7c exp 1/21/2022",1,2021-01-04 12:12:23
gi1if13,t3_kpzt0t,"People focus on share price wayyy too much, that is how you lose money. It is all about market cap people!",1,2021-01-04 13:47:03
gi1prwb,t3_kpzt0t,NOK has been worthless for a decade,1,2021-01-04 15:23:14
gi2ku4b,t3_kpzt0t,"I bought into this cr@p like 2-3 years ago and held like 3000 shares, got nice dividends before they cut it off, the DD and potential is pretty exciting and they got rid of Curry Guy - former CEO now.

I'm never coming back to this even if JPowell buys himself. was able to sell for a tiny profit",1,2021-01-04 22:49:02
gj4fpxq,t3_kpzt0t,"I'm in for a few hundred shares. I had NOK back in the early 2000s before selling off and to this day I continued to look at their ticker despite not owning shares until today, lol. Your post rejuvenates my interest in them.",1,2021-01-13 23:58:02
gi1drc5,t3_kpzt0t,nokia has been in the 5 range since 2011. It has a chance to pop but so do tons of other stocks.,1,2021-01-04 12:56:09
gi1gml3,t3_kpzt0t,It’s been a giant piece of crap for a decade now. Stop! Just stop!!,1,2021-01-04 13:26:43
gi1gr3x,t3_kpzt0t,Billions on billions of outstanding shares....no thanks,1,2021-01-04 13:28:07
gi18jov,t3_kpzt0t,They need a bigger news than this to pop.,0,2021-01-04 12:07:02
gi1zqmy,t3_kpzt0t,I used to be NOK 2022 gang.  But I said fuck it and sold at the top a few months ago,0,2021-01-04 18:06:21
h0m91eg,t3_kpzt0t,Friday night and looking at NOK. 5.48,1,2021-06-05 05:47:00
gi1fmvo,t1_gi15oxf,"Lmaoooo

Edit: the float on Nokia is *massive* . I’m bullish on Nokia but it’s gonna take A LOT of buying to see some movement. Like, A LOT A LOT",29,2021-01-04 13:15:51
gi1hay4,t1_gi15oxf,"And the .02 move would take 2 weeks.

Tldr = Boomer shit moves like snail",4,2021-01-04 13:34:16
gi767nb,t1_gi15oxf,It’s hovered at 4 all day. Gonna burst soon imo. 4$ Jan 15th and Jan 20th already making $$$,1,2021-01-06 01:28:10
gi7jwii,t1_gi15oxf,it's actually at $4.04 now,1,2021-01-06 03:09:52
gjdplpj,t1_gi141w3,Why? Lol,1,2021-01-16 04:23:38
gi12ero,t1_gi1245n,"Exactly, i missed out on Plug when i bought at $2.76 and then sold at $7.99. I can never forgive myself for that.",8,2021-01-04 11:13:30
gi16eby,t1_gi1245n,"365 days ago NOK was 3.94. It’s within 1% of where it was. Reversed to the mean and ready for any news to catalyze? Who knows, worth watching I guess",3,2021-01-04 11:48:46
gi17ey1,t1_gi1245n,This is a joke right?,1,2021-01-04 11:57:16
gi140lt,t1_gi12mu7,Probably because you bought after the hype died down. The idea is buy before the hype begins if the fundamentals are good,9,2021-01-04 11:27:48
gi1aiz4,t1_gi12mu7,"Nokia is building 5g for the moon and Europe.  They switch from the more expensive 5g tower builds to the cheaper version that other companies had after realizing the added cost didn’t improve performance.  This change should reverse the downward trending tops from the last two years as they begin to capitalize on their new competitive price points and global fears of Chinese censorship.  With huawei being ditched, they are likely in for a bigger market share in Europe and the West, though they still are competing with Erikson.",4,2021-01-04 12:24:43
gi1pocb,t1_gi17x5u,I have 40 :),1,2021-01-04 15:21:48
gi2ybiu,t1_gi17x5u,For what strike?,1,2021-01-05 00:43:45
gi21ph8,t1_gi1bsn7,"So we can say that nokia already is on the moon 😂 I also think so, nokia will come back",3,2021-01-04 18:39:50
gi1m1hp,t1_gi14vf9,4 decades would be more realistic at this point,4,2021-01-04 14:31:45
gi199iw,t1_gi16bo6,"What jewel do we have here? Hey retards, click on that link!",2,2021-01-04 12:13:24
gi19hmf,t1_gi16bo6,So buy?,2,2021-01-04 12:15:20
gi186y2,t1_gi1779n,"https://www.google.com/amp/s/www.nokia.com/about-us/news/releases/2020/06/29/nokia-wins-exclusive-taiwan-mobile-5g-deal/%3famp

A $400 Million 5G deal",2,2021-01-04 12:04:02
gi7smz1,t1_gi7j4ar,i bought 10 of the same exact calls lmao and i hope they keep 🚀🚀,1,2021-01-06 04:03:15
gi7iryk,t1_gi12h3j,it's at $4.04,2,2021-01-06 03:01:21
gi1edbz,t1_gi19szj,Care to elaborate more? What's wrong with the float?,1,2021-01-04 13:02:27
gi1hiqh,t1_gi1hay4,What about Kodak?,5,2021-01-04 13:36:45
gi16glb,t1_gi12ero,"Really dude?  Are you going to have sleepless nights for not picking up GE too?  No, fuck no!  Buy the dip, make the tendies, don't look back at woulda coulda shoulda on penny stonks.  They're always there, just buy the bottom.",10,2021-01-04 11:49:19
gi12ihw,t1_gi12ero,Same bro I pull my hair out everyday because of it.,2,2021-01-04 11:14:24
gi14dni,t1_gi140lt,Waiting for a miracle PR before jan 15 to save my retarded buy-high-sell-low ass,5,2021-01-04 11:30:54
gi34vl2,t1_gi2ybiu,"The Jan 23 5C is like $60. 

Edited: brain no work. $60, not $6.",1,2021-01-05 01:34:58
gi1a3w4,t1_gi19hmf,I know as much as you do. But when I get my hands on some extra cash may buy some.,3,2021-01-04 12:20:54
gi1giqa,t1_gi1edbz,"Pools too big. It takes really, really large trades to move NOK. Like literally the largest move it had last year positively was $1.10 and that was with everything rising like mad in August plus some mildly good news.",2,2021-01-04 13:25:30
gi1sdiz,t1_gi1hiqh,the float on kodak was high?,1,2021-01-04 16:02:41
gi15cza,t1_gi14dni,"Apparently a cyber security specialist was once able to hack into Trump's Twitter. He posted a news article or something just to prove he did it, and then notified the White House that he needed to turn on two-factor authentication. 

If I was him, I would've been like ""BUY SHARES OF ____, THEY'VE BEEN TREATED VERY UNFAIRLY!!!""

And then he'd still get all his supporters to trash the SEC when they investigate him 😂",4,2021-01-04 11:39:49
gi35boc,t1_gi34vl2,"Lol on RH it's showing it's .58, so $58. Am I missing something here?",1,2021-01-05 01:38:28
gi1ax4i,t1_gi1a3w4,Good enough for me. Couple leaps it is,2,2021-01-04 12:28:08
gi35trr,t1_gi35boc,Oh Jesus. My brain isn’t working. You’re right.,1,2021-01-05 01:42:20
