comment_id,comment_parent_id,comment_body,comment_score,created_utc
gijdqzt,t3_kt2a38,[deleted],10,2021-01-08 21:21:44
gijecg3,t3_kt2a38,Happy 69th day on Reddit!,5,2021-01-08 21:28:16
gije10d,t3_kt2a38,"Bro, thanks and have a great day yourself!",3,2021-01-08 21:24:49
gijf648,t3_kt2a38,Don’t forget BB is up today!,3,2021-01-08 21:37:01
gijdh5z,t3_kt2a38,"Sir, this is the unemployment line.

*I am a bot, and this action was performed automatically. Please [contact the moderators of this subreddit](/message/compose/?to=/r/wallstreetbets) if you have any questions or concerns.*",1,2021-01-08 21:18:40
gijogd1,t3_kt2a38,[https://www.youtube.com/watch?v=0bDcbLPsToQ](https://www.youtube.com/watch?v=0bDcbLPsToQ),1,2021-01-08 23:04:24
gijfxp8,t1_gijdqzt,"To clarify, why buy LMND?",3,2021-01-08 21:45:00
gijg175,t1_gijfxp8,[deleted],3,2021-01-08 21:45:59
gijggul,t1_gijg175,Gotcha.,3,2021-01-08 21:50:27
