comment_id,comment_parent_id,comment_body,comment_score,created_utc
ghmj2vk,t3_knum06,"If we look closely here, The Benjamin Franklin quote clearly indicates GME to $100, because ol’ Benny is on the hundred dollar bill. Flawless metaphor, Father Cohen. 

🚀🚀🚀🚀🚀🚀🚀🚀🚀🚀🚀🚀🚀🚀🚀🚀🚀🚀🚀🚀🚀🚀🚀🚀🚀🚀",324,2021-01-01 01:57:25
ghmk08e,t3_knum06,[deleted],124,2021-01-01 02:05:16
ghmnekd,t3_knum06,"Y'all need to stop buying 1/15 calls as theta is going to kill you when you're so far OTM. If you're going for $30c then look into 02/19/21's, lower IV at the moment (which will of course rise into Dec. sales) and 35 extra days so theta doesn't murder ya as the catalysts are past the 1st week in January. 

Or just buy shares, but I've got enough of those and have extra powder to throw at options in a few of my accounts.

Horde: 16k shares & {calls} 50x 1/15 ($13/$15), 20x calls 2/19 ($20), 70x 4/16 ($15/20), 45x 7/16 ($20) 🚀🚀🚀🚀🚀🚀🚀🚀🚀🚀",45,2021-01-01 02:34:30
ghmizq2,t3_knum06,His name is Ryan Cohen #WeWantCohen,57,2021-01-01 01:56:40
ghmn68c,t3_knum06,He is saying stay with GME and the Benjamin’s will start rolling in 🚀🚀🚀,24,2021-01-01 02:32:30
ghmqzzo,t3_knum06,"Ok, I feel that I am in QAnan sub trying to decode Cohen messages.",24,2021-01-01 03:05:39
ghmkbk7,t3_knum06,PRAISE THE LORD 💎🚀,21,2021-01-01 02:07:59
ghmrbbr,t3_knum06,"This is the confirmation bias that I crave

🌈🐻 = 💀💀💀

GME 🚀🚀🚀",21,2021-01-01 03:08:28
ghn20nm,t3_knum06,It was posted 10:52am. This means GME will be $100 by October 52nd if I'm reading this correctly.,17,2021-01-01 04:44:16
ghmkss1,t3_knum06,oh my goodness..,15,2021-01-01 02:12:02
ghmuy5c,t3_knum06,this makes bag holding gme a bit easier after this week,12,2021-01-01 03:40:40
ghmitc8,t3_knum06,I think he’s referring to the moving company he hired over the weekend for moving into his new place. He was mentioning that he should have done a better job vetting the people he chose them.,39,2021-01-01 01:55:11
ghmzxw9,t3_knum06,Will be in the 1000 share club before market close,7,2021-01-01 04:25:22
ghnbrcd,t3_knum06,"Or he could be reffering to GME itself?
Preventing the downfall vs. saving the company now.

Hold on to your confirmation biases for now guys",9,2021-01-01 06:14:42
ghmpyv3,t3_knum06,[deleted],6,2021-01-01 02:56:40
ghmv9a8,t3_knum06,"Everybody follow RC on Twitter, tell everyone to follow him.",6,2021-01-01 03:43:22
ghmzuht,t3_knum06,"Cohen is Jewish lastname === tendies 

I am in !!!",11,2021-01-01 04:24:31
ghmwhhm,t3_knum06,OUR LORD AND SAVIOUR HAS SPOKEITH!,5,2021-01-01 03:54:24
ghmn0kj,t3_knum06,Im lubed and ready to ride 🚀,5,2021-01-01 02:31:09
ghmr94g,t3_knum06,[deleted],3,2021-01-01 03:07:55
ghmnnxu,t3_knum06,[Footage of WSB's finest finding a GME short!!!!](https://www.youtube.com/watch?v=X2xlQaimsGg&ab_channel=Browningate),4,2021-01-01 02:36:44
ghmyvpb,t3_knum06,This guy is my new dad,3,2021-01-01 04:15:50
ghmje7l,t3_knum06,"**I am a bot and identified and tracked the following options picks within this post:**

|**Ticker**|**Strike**|**Type**|**Exp**|**Recorded Premium**|**Recorded Stock Price**|**OI**|**Volume**|
|:-|:-|:-|:-|:-|:-|:-|:-|
|**GME**|**$30**|**BUY CALL**|**2021-01-15**|**$0.32**|**$19.72**|**19733**|**2322**

[Realtime ROI](https://www.pickmojo.com/pick/ckjd5lggyfs2g0770z8oes9ta) | [Track Record](https://www.pickmojo.com/user/SnooWalruses7854/) | [Bot Info](https://www.reddit.com/r/pickmojo/comments/he9ghu/options_picks_tracking_bot_information/) | Leaderboard: [Week](https://www.pickmojo.com/stocks/best-this-week-reddit), [Month](https://www.pickmojo.com/stocks/best-this-month-reddit), [All](https://www.pickmojo.com/stocks/top-reddit) | [Exit this position](https://www.pickmojo.com/reddit_redirect)

**^(*My owner is monitoring these posts, reply with feedback! You can now track comments by mentioning me!)**",2,2021-01-01 02:00:06
ghmpdga,t3_knum06,It’s old school lingo for don’t be a retard.,2,2021-01-01 02:51:31
ghmz5qf,t3_knum06,GME 1/22 19c 🚀,2,2021-01-01 04:18:22
ghqvyo9,t3_knum06,"There was no proper response to the title of the post. This response is gonna get buried, but he is talking about proxy war. He is saying gimme my board seats without a fight because I am going to get them regardless. Prevent the fight.",1,2021-01-02 03:01:05
ghrhkkr,t3_knum06,"\>>I think this is a strong message for all the shorts frantically covering their positions right now. He's obviously referring to the short squeeze here and warning all the shorts to cover their positions now before MOASS happens.<<

Of course he does.",1,2021-01-02 05:44:45
ghsg83m,t3_knum06,Benjamin Franklins birthday is January 6th. The candles will be 🔥,1,2021-01-02 11:01:32
ghna3ft,t3_knum06,"CONFIRMATION BAISIS CONFIRM, 

FUCKING KID, REMEMBER IT IS MORE POWERFUL TO DISCONFIRM THAT TO CONFRIM.",1,2021-01-01 05:58:49
ghn14rq,t3_knum06,When is GME supposed to pop off?,1,2021-01-01 04:36:12
ghngnlf,t3_knum06,This is better than the fucking Da Vinci Code and National Treasure wrapped into one with Edward Norton playing Deep Fucking Value,1,2021-01-01 07:01:15
ghn72gf,t3_knum06,"Pretty high chance you get fucked with that.  Maybe GME goes to 30 by January 30th, but there is a very strong chance it doesnt.   Buying April/July for most of your position is much wiser.",0,2021-01-01 05:30:29
ghnosu3,t3_knum06,"Maybe He is just refering to the pandemic....

Edit: you retard....",0,2021-01-01 08:20:33
ghoiku2,t3_knum06,"I’m bullish for GameStop... however I really think this tweet has nothing to do with his position in GME and much more to do with the pandemic.

 “an ounce of prevention”  is referring to the pandemic aka social distancing, masks etc, and “is worth a pound of cure” refers to the costs we’ve put ourselves through by not having the correct preventions in process.

But for confirmation bias’s sake it’s definitely nod towards the short squeeze.",0,2021-01-01 13:54:46
ghmz1fg,t3_knum06,We love you Ryan,0,2021-01-01 04:17:17
ghmzdc2,t3_knum06,Lol those options positions are retarded.,0,2021-01-01 04:20:14
ghnnnod,t3_knum06,What is moass?,0,2021-01-01 08:09:25
ghnog3s,t3_knum06,Is he telling us to hedge our long?,0,2021-01-01 08:17:09
ghnp5hl,t3_knum06,"our Savior needs to tweet ""too low imo""",0,2021-01-01 08:23:55
ghnt0p8,t3_knum06,"Real question, what's stopping GME from issuing more shares to fuck over RC's stake(poison pill)?",0,2021-01-01 09:01:21
gho06nl,t3_knum06,"You’re all in calls, no shares


Fkn retard",0,2021-01-01 10:13:57
ghog6pd,t3_knum06,GME 🚀🚀🚀🚀🚀. Give us a sign that you saw this Ryan Cohen!,0,2021-01-01 13:23:32
ghnvi9q,t3_knum06,I keep reading about this short squeeze so I bought some options and the required 100 shares of GME but now I read the short interest is only 19 %. That's not considered even high in the stock world. That would take a number more than 30 %.,-1,2021-01-01 09:26:09
ghmiroc,t3_knum06,Or..you know the pandemic? Maybe if you retards buy 10 more GME rewards memberships the price will shoot up $10. If you get 20 reddit awards it shoots up another $15,-40,2021-01-01 01:54:48
ghmyp11,t3_knum06,"Or he's talking about lackluster COVID precautions and management...

Why don't you analyze the shape of your turds next and tell us how that predicts GME share price.",-6,2021-01-01 04:14:10
ghmms83,t3_knum06,im sure this is referring to corona virus but im all in.,-8,2021-01-01 02:29:08
ghmvj57,t3_knum06,As in *HOLY FUCK GME WAS A HUGE MISTAKE*,-8,2021-01-01 03:45:50
ghmktq4,t1_ghmj2vk,that is actually very astute  🚀🚀🚀🚀🚀🚀🚀🚀🚀,53,2021-01-01 02:12:15
ghmm54u,t1_ghmj2vk,Cohen going musky,33,2021-01-01 02:23:34
ghmt86o,t1_ghmj2vk,I thought it meant GME 16x because 16 oz in 1 lb,13,2021-01-01 03:25:25
ghmsr5d,t1_ghmj2vk,My god I think you’re right,12,2021-01-01 03:21:15
ghne1s5,t1_ghmj2vk,That is some Doc Patel wizardry.  Well done.,2,2021-01-01 06:36:11
ghmwmik,t1_ghmj2vk,The dots are now connected,3,2021-01-01 03:55:39
gkrgbez,t1_ghmj2vk,"Hey it’s me from the future. 

This is correct.",1,2021-01-26 06:59:53
ghmm4oa,t1_ghmk08e,I hope he does it before my calls expire in 2.5 hours,100,2021-01-01 02:23:28
ghmnzyi,t1_ghmk08e,15% is my bet,7,2021-01-01 02:39:39
ghn760v,t1_ghmk08e,He didn't buy 7% more.  Volume and price action wasn't there.  Possible he went up another 1-2% though!,2,2021-01-01 05:31:24
ghnibh6,t1_ghmnekd,Wait I thought 1/15s were LEAPS still??,8,2021-01-01 07:17:53
ghnt9t4,t1_ghmnekd,Yeah well they're gonna expire deep ITM obviously so it doesn't matter boomer🚀🚀🚀🚀🚀,1,2021-01-01 09:03:51
ghmj8lb,t1_ghmizq2,His name is Ryan Cohen. #wewantcohen,24,2021-01-01 01:58:47
ghmydhy,t1_ghmqzzo,there is a Qanan sub?,6,2021-01-01 04:11:21
ghn65mq,t1_ghmuy5c,"Everyone who has held GME for long enough this year has made money, there is zero reason to lock in a loss on GME.",7,2021-01-01 05:22:08
ghmx0db,t1_ghmitc8,shut up nerd we define our context,28,2021-01-01 03:59:04
ghoiwrk,t1_ghmitc8,Source?,2,2021-01-01 13:59:11
ghnfvb5,t1_ghmzxw9,Update 1015,7,2021-01-01 06:53:33
ghvalan,t1_ghnbrcd,Lol this is what i got from it,1,2021-01-03 06:14:32
ghmt0kf,t1_ghmpyv3,Within 2 (market) days,9,2021-01-01 03:23:32
ghmt49l,t1_ghmpyv3,Within 2 days,5,2021-01-01 03:24:27
ghmt8v1,t1_ghmpyv3,like next week,3,2021-01-01 03:25:35
ghmrm36,t1_ghmr94g,Mother of Ass,12,2021-01-01 03:11:08
ghms9k5,t1_ghmr94g,Mother of all short squeezes,7,2021-01-01 03:16:54
ghmt836,t1_ghmr94g,Mother Of All Short Squeezes,4,2021-01-01 03:25:24
ghna71k,t1_ghna3ft,Yis,1,2021-01-01 05:59:47
ghnnsbu,t1_ghna3ft,Proofreading is also very important but I see that you are selective about which skill to acquire,1,2021-01-01 08:10:42
ghn6egk,t1_ghn14rq,"It'll move sideways until there is a catalyst ... should Cohen report that he has bought shares, that'd be enough to set it off, next big bit of news is the Q4 earnings report which analysts are tipping to return GameStop to profitability.",1,2021-01-01 05:24:23
ghoixto,t1_ghn14rq,April 16th,0,2021-01-01 13:59:35
ghn7goh,t1_ghn72gf,so it can go up or it can go down. Got it.,3,2021-01-01 05:34:09
ghorgmt,t1_ghoiku2,Fuck you don't ruin this for me.,0,2021-01-01 16:11:56
ghqbsky,t1_ghoiku2,"The pandemic?

No No no. Clearly he is talking about Game of Thrones.

An ounce of prevention (not watching the show while the rest of the world did and talked about it non stop) is worth a pound of the cure (the final season being so shit that it wasn't worth watching the show at all)


Of course he is talking about GME you tard. Look at his Twitter. All he tweets about is himself and his business ventures. This isn't some teenager Twitter account who randomly tweets about things.",0,2021-01-02 00:56:04
ghnsno7,t1_ghnnnod,mother of all short squeezes,0,2021-01-01 08:57:47
ghnv8kv,t1_ghnt0p8,"100MM in shares (like they anmounced in previous earnings) is not enough to really make a difference. If they'd issue more than that, they'd cuck all shareholders and ultimately themselves.",0,2021-01-01 09:23:26
ghnwbct,t1_ghnvi9q,"Here'; s the list of shorted stocks. https://finance.yahoo.com/quote/GME/key-statistics?p=GME
GME is #1 97.68% shorted",2,2021-01-01 09:34:03
ghmivs1,t1_ghmiroc,pandemic is an old news. Ryan has been only tweeting about GME why would he talk about pandemic all of sudden??,21,2021-01-01 01:55:46
ghn2ly5,t1_ghmyp11,"Or he's talking about fomoing in at 20$ will never pay off.

But fuck that, he *obviously* means the share price will rocket to a 100 within a 100 days",4,2021-01-01 04:49:38
ghn251z,t1_ghmm54u,"I think he might be soon, he’s just recently been verified on Twitter which could indicate he’s about to take his social media presence more seriously. Plus he’s been tweeting emojis and weird stuff like the Ben Franklin pic",10,2021-01-01 04:45:23
gksbley,t1_gkrgbez,My man,1,2021-01-26 11:33:16
ghmmnah,t1_ghmm4oa,I pray for you,25,2021-01-01 02:27:56
ghn08hk,t1_ghmm4oa,How do I get you guys to stop playing these early fucking options??? mid april my guy,28,2021-01-01 04:28:01
ghmvj7c,t1_ghmm4oa,If he bought any on Monday/Tuesday it would have been filed Wednesday and published at open today.,5,2021-01-01 03:45:51
ghmwj8b,t1_ghmm4oa,wait doesn't the market close at 2 today?,3,2021-01-01 03:54:50
ghmmtq9,t1_ghmm4oa,Godspeed,4,2021-01-01 02:29:30
ghmwu6l,t1_ghmm4oa,bruh u fucked up,2,2021-01-01 03:57:32
ghnvbpi,t1_ghmm4oa,Well?,1,2021-01-01 09:24:19
ghnl4gu,t1_ghn760v,951k share buy after hours today.,6,2021-01-01 07:45:01
ghnty1h,t1_ghn760v,[deleted],1,2021-01-01 09:10:31
ghniqax,t1_ghnibh6,"LEAPs only stand for 9+ month expiration from current date, some argue it means based off date you buy/sell but it’s ignorable",3,2021-01-01 07:21:53
ghniwwn,t1_ghnibh6,if they are 2022,1,2021-01-01 07:23:39
ghq5mch,t1_ghnt9t4,Not a boomer douchebaggalo,1,2021-01-02 00:13:26
ghmkd7c,t1_ghmj8lb,Hey you stole my cardboard helmet!,2,2021-01-01 02:08:21
ghnihrt,t1_ghmydhy,Ryan Qohen,9,2021-01-01 07:19:35
ghmzfqv,t1_ghmx0db,"Me too, I made that up.",30,2021-01-01 04:20:49
ghnmb2s,t1_ghnfvb5,nice im in for 1000 gonna buy more Monday.  Buy the Fucking dip!!!!,2,2021-01-01 07:56:09
ghms99y,t1_ghmrm36,I like to squeeze your mother’s ass.,9,2021-01-01 03:16:50
gho1vxj,t1_ghn7goh,"Seriously though, very high chance of loss on those unless something major happens. Two major potential catalysts, but if those don't play out you're done. We have had a lot of those over the last few months without a squeeze",1,2021-01-01 10:32:15
ghnw3rm,t1_ghnv8kv,Sounds like something they can and would do to keep their jobs,0,2021-01-01 09:31:58
ghnx05n,t1_ghnwbct,"OK, awesome. Thanks. 

 But the ratio is not that high. And I still don't understand why shorts can't cover with calls? Which won't cause a squeeze at all. I'm no expert at this stuff so I'm not being snarky truly don't understand.",0,2021-01-01 09:41:01
ghmjift,t1_ghmivs1,Oh you're right. Guess you should be buying $35 January calls before Ryan finishes Nutting down your throat with the squoze amirite? Quick buy January calls if you wanna be a billionaire!!,-37,2021-01-01 02:01:05
ghn76dh,t1_ghn08hk,sir this is a casino,11,2021-01-01 05:31:29
ghmx4g1,t1_ghmwj8b,[deleted],6,2021-01-01 04:00:05
gho8yoh,t1_ghnvbpi,Lost 2k,1,2021-01-01 11:52:56
gho0s4e,t1_ghnl4gu,I saw that! Still not enough for him to hit 20% though lol,2,2021-01-01 10:20:16
gho15ux,t1_ghnty1h,"I hope so! I added an extra 30 calls today, if he announces more purchases monday its going to be hawt",1,2021-01-01 10:24:23
ghniugy,t1_ghniqax,Thanks it’s a joke,9,2021-01-01 07:22:59
ghml3qp,t1_ghmkd7c,Helmet? Wait what? We need helmets? 🚀🚀🚀,8,2021-01-01 02:14:36
ghn93iq,t1_ghms99y,"She’s a slut, so if you can be my sugar daddy at the same time it’s coo.",2,2021-01-01 05:49:19
gho360u,t1_gho1vxj,well hopefully more Ryan Cohen's 13d filing or idk Gmaestop partering up with doordash do start their own delivery service or somes hit,0,2021-01-01 10:46:05
ghnwv7v,t1_ghnw3rm,"If they do that, masses will sell causing the stock prize to implode to <10. Makes it only easier for RC to increase his position again with cheap stocks.",0,2021-01-01 09:39:37
ghmmxsz,t1_ghmjift,What a chode,4,2021-01-01 02:30:29
ghnvcc1,t1_ghmjift,Remindme! 1 month,1,2021-01-01 09:24:29
ghmx81n,t1_ghmx4g1,why did I see something else on etrade,4,2021-01-01 04:00:58
ghnjmnz,t1_ghniugy,With enough of the retards on here I wanted to make sure,7,2021-01-01 07:30:38
ghs6zzh,t1_gho360u,Doordash has been delivering for gamestop for like a year now lol,1,2021-01-02 09:38:09
ghnxeis,t1_ghnwv7v,"Dam that makes sense now, thanks",0,2021-01-01 09:45:06
ghmn708,t1_ghmmxsz,Sorry but the stock price is falling bc you didn't make enough posts or shop at gamestop this Christmas:(,-15,2021-01-01 02:32:41
ghnvf4w,t1_ghnvcc1,"I will be messaging you in 1 month on [**2021-02-01 01:24:29 UTC**](http://www.wolframalpha.com/input/?i=2021-02-01%2001:24:29%20UTC%20To%20Local%20Time) to remind you of [**this link**](https://np.reddit.com/r/wallstreetbets/comments/knum06/ryan_cohen_tweet_analysis_gme/ghnvcc1/?context=3)

[**CLICK THIS LINK**](https://np.reddit.com/message/compose/?to=RemindMeBot&subject=Reminder&message=%5Bhttps%3A%2F%2Fwww.reddit.com%2Fr%2Fwallstreetbets%2Fcomments%2Fknum06%2Fryan_cohen_tweet_analysis_gme%2Fghnvcc1%2F%5D%0A%0ARemindMe%21%202021-02-01%2001%3A24%3A29%20UTC) to send a PM to also be reminded and to reduce spam.

^(Parent commenter can ) [^(delete this message to hide from others.)](https://np.reddit.com/message/compose/?to=RemindMeBot&subject=Delete%20Comment&message=Delete%21%20knum06)

*****

|[^(Info)](https://np.reddit.com/r/RemindMeBot/comments/e1bko7/remindmebot_info_v21/)|[^(Custom)](https://np.reddit.com/message/compose/?to=RemindMeBot&subject=Reminder&message=%5BLink%20or%20message%20inside%20square%20brackets%5D%0A%0ARemindMe%21%20Time%20period%20here)|[^(Your Reminders)](https://np.reddit.com/message/compose/?to=RemindMeBot&subject=List%20Of%20Reminders&message=MyReminders%21)|[^(Feedback)](https://np.reddit.com/message/compose/?to=Watchful1&subject=RemindMeBot%20Feedback)|
|-|-|-|-|",1,2021-01-01 09:25:16
ghmxrzf,t1_ghmx81n,[deleted],5,2021-01-01 04:05:57
ghsc19d,t1_ghs6zzh,Gg,1,2021-01-02 10:24:27
ghmnh0o,t1_ghmn708,It’s up on the day you twat.,10,2021-01-01 02:35:06
ghmo7jw,t1_ghmn708,"😂😂Smug bastards like you and your inevitable silencing are what make contrarian positions truly worth it, even more so than the incoming tendies.",4,2021-01-01 02:41:27
ghmxxs1,t1_ghmxrzf,oh I see. that's probably what I saw lol. I was getting confused because my calls price was not changing but GME was plunging. Some people know something,2,2021-01-01 04:07:24
ghmorrn,t1_ghmo7jw,Bruh I'm on your side. $35 January calls will make your rich!!,-2,2021-01-01 02:46:19
ghmpwu4,t1_ghmorrn,Bruh...,4,2021-01-01 02:56:11
