comment_id,comment_parent_id,comment_body,comment_score,created_utc
giy13ip,t3_kvftqm,Excellent DD. ALL IN. LETS FUCKING GO. 3000 warrants 650 commons,43,2021-01-12 08:18:03
giy2nuu,t3_kvftqm,"Picked up 31 shares today and 💎 👐

I'm so fucking hard for this ticker its unbelieveable. SoFi changed my life a couple years ago and in addition have a great business model and great ethics. Did I mention SoFi is another papa Peter Thiel brainchild?

I'm riding this locomotive straight to Tendy town.

SOFI 🚀",29,2021-01-12 08:31:22
giy1nhc,t3_kvftqm,"What am I buying?  What’s the ticker

Also 🚀🚀🚀",8,2021-01-12 08:22:48
giybx0u,t3_kvftqm,"upvote for chamwow, excellent nickname",8,2021-01-12 09:50:23
giy129m,t3_kvftqm,LOL,5,2021-01-12 08:17:44
giy1yxu,t3_kvftqm,Is there any explanation for retarded autists like me that want to do more than just buy if there's a rocket ship?,5,2021-01-12 08:25:27
giy2b2b,t3_kvftqm,"To reach the moon, first you need to climb into your rocket ship.  For that, you need... a ladder.
🚀🚀🚀",5,2021-01-12 08:28:20
giydrwa,t3_kvftqm,"Got march, april, july otms, shares and warrants. Let’s fucking goooooooo!",3,2021-01-12 10:06:14
giykh6b,t3_kvftqm,I’m in.  1000 warrants on it so far,3,2021-01-12 11:01:07
gkrwjx9,t3_kvftqm,"SoFi is my favorite Chamath pick to date,  the galileo service within SoFi which underpins lots of other great fintech companies (Chime, Robinhood, Monzo) is promising. Do you think these companies eventually roll their own infra? (Risk)   


I kept scrolling through Chamat's Twitter feed looking for the 1-pager investment summary's he posts on each SPAC deal so I made this over the weekend to keep them in one place.  
[https://chamath-one-pager.vercel.app/](https://chamath-one-pager.vercel.app/)",3,2021-01-26 09:21:01
giy90u9,t3_kvftqm,You're on to something herr my friend. Well done LOL.,2,2021-01-12 09:25:59
giya1lh,t3_kvftqm,"If you go to the website you'll see the building: [https://www.viafunds.com/contact](https://www.viafunds.com/contact)

[If you go on University Ave, you'll see the building matches up](https://www.google.com/maps/place/317+University+Ave+%23200,+Palo+Alto,+CA+94301/@37.4462563,-122.1612944,3a,72.8y,314.73h,91.94t/data=!3m7!1e1!3m5!1s4tTrj4wTrsSWvtbJkk57Jg!2e0!6s%2F%2Fgeo2.ggpht.com%2Fcbk%3Fpanoid%3D4tTrj4wTrsSWvtbJkk57Jg%26output%3Dthumbnail%26cb_client%3Dmaps_sv.tactile.gps%26thumb%3D2%26w%3D203%26h%3D100%26yaw%3D252.67131%26pitch%3D0%26thumbfov%3D100!7i16384!8i8192!4m13!1m7!3m6!1s0x808fbb39b9e59485:0x8b94f873aa7deac6!2s317+University+Ave+%23200,+Palo+Alto,+CA+94301!3b1!8m2!3d37.4463727!4d-122.1615529!3m4!1s0x808fbb39b9e59485:0x8b94f873aa7deac6!8m2!3d37.4463727!4d-122.1615529)",2,2021-01-12 09:34:35
giyemkm,t3_kvftqm,Did you ask his dad Dr. PP?,2,2021-01-12 10:13:17
giyh1fc,t3_kvftqm,Ipof his other spac. It hasnt popped yet. But I would expect equally exciting acquisition targets,2,2021-01-12 10:33:22
giyhmmy,t3_kvftqm,If you pan left and zoom in you’ll see Chamwow in action.,1,2021-01-12 10:38:09
giytn5p,t3_kvftqm,So maybe i was a bit optimistic with my 30c 3/19,1,2021-01-12 12:21:49
giz2z0a,t3_kvftqm,would suggest you do 2023 put credit spread and purchase 2 debit call spreads. net credit is 5.00+,1,2021-01-12 14:00:21
gj15pwk,t3_kvftqm,"Fuck. I bought at 19.40 like a dick.

Wish I had waited until today when its 18 ish and dropping.",1,2021-01-13 03:33:30
giy2nvl,t3_kvftqm,Is that a GameStop?,0,2021-01-12 08:31:22
giy35ib,t1_giy2nuu,I thought sofi was just where techies went to get jumbo mortgages when they don't qualify elsewhere?,8,2021-01-12 08:35:31
giy7r33,t1_giy2nuu,Saaaaame,2,2021-01-12 09:15:00
giy430r,t1_giy2nuu,Shall I buy in at 20 or nah?,2,2021-01-12 08:43:28
giy4a0g,t1_giy2nuu,"Also former COO Of Twitter, Anthony Noto running it.  🚀🚀🚀🚀🚀🚀",3,2021-01-12 08:45:08
giy4lvi,t1_giy2nuu,how did Sofi change your life?,1,2021-01-12 08:47:59
giy2bwp,t1_giy1nhc,IPOE,12,2021-01-12 08:28:31
giy2qkv,t1_giy1nhc,GME,8,2021-01-12 08:32:00
giyfn80,t1_giy1nhc,"CCIV

GOEV",2,2021-01-12 10:21:46
giysj50,t1_giy1yxu,the rocketship means it will go up,8,2021-01-12 12:11:44
gkry9mp,t1_gkrwjx9,"Yea, Galileo was a big reason why I invested (apex clearing) in IPOE.  It's nice to have that back engine contracted to other firms and I do see this as a door for future acquisitions/partnerships. 

Great site with chamaths links to the one pagers...you should circulate that around on twitter, it's would go over quite well!",2,2021-01-26 09:35:57
giykfjp,t1_giyh1fc,"yeah, its got a nice pot of 1 billion to work with too.  The extra team member on this SPAC is Richard Costolo, the former CEO of twitter too.",1,2021-01-12 11:00:45
gj23zzh,t1_gj15pwk,[deleted],2,2021-01-13 08:04:03
giyd4j1,t1_giy35ib,[deleted],8,2021-01-12 10:00:44
giy4678,t1_giy35ib,"I refinanced my student loans via SoFi. Great rates, easy application, I have their app on my phone, app can be used for investing like robinhood, awesome support.

Planning on doing my own deep dive soon but I understand they offer personal loans, mortgages, and whatever else now. They have a state of the art stadium in Cali that is supposed to host the Olympic stuff in the future. When I read SoFi was going public I had to buy. SoFi will be continuing to change millennials lives for the foreseeable future IMO with the student loan crisis becoming worse and worse.

This company isn't going anywhere besides straight to tenderz town",9,2021-01-12 08:44:13
giy4mlz,t1_giy430r,"I managed to buy the top this morning like a true retard. 31 @ 19.28 SoFi is gonna be sitting pretty next to my stack of PLTR. Just happy I got in below 20, this will be big money eventually. Will probably add more down the road.",4,2021-01-12 08:48:10
giy4xnp,t1_giy4lvi,Refinanced the majority of my student loans with them. Best rates I could find. Allowed further financial freedom AKA was able to get a mortgage after.,4,2021-01-12 08:50:46
giy2w82,t1_giy2qkv,"SNM fam 

🚀🚀🚀",1,2021-01-12 08:33:20
giytp5h,t1_giysj50,Can you dumb it down a little for me? I'm new,2,2021-01-12 12:22:21
gj4h4r7,t1_gj23zzh,2000 shares at $19.26 here #winning. Easy double though be patient. And more,1,2021-01-14 00:09:10
giyfxyf,t1_giyd4j1,Are you bullish on the company overall? Do you plan on holding your RSUs or selling?,3,2021-01-12 10:24:17
giyeckl,t1_giyd4j1,How do they treat you guys over there? 401k/IRAs? Employee stock shares? Health insurance? You can tell a lot about a company from the way they treat their employees.,2,2021-01-12 10:10:58
giydxir,t1_giy4678,[deleted],2,2021-01-12 10:07:32
giyfeg5,t1_giy4678,Yeah but how can Papa Biden give you free loan tendies now that you aren't on the govt teat?,2,2021-01-12 10:19:45
giy7x33,t1_giy4mlz,PLTR and IPOE are my only current large long term holds in my portfolio,8,2021-01-12 09:16:27
giy62w5,t1_giy4xnp,"nice.  would be sweet if you could pay of a chuck of your mortgage with Sofi equity!!! (rocket ship emoji, rocket ship emoji, rocket ship emoji)",2,2021-01-12 09:00:36
giygocn,t1_giyfxyf,[deleted],8,2021-01-12 10:30:27
giyf7w0,t1_giyeckl,[deleted],4,2021-01-12 10:18:16
giyeim4,t1_giydxir,"Ty, edited.",1,2021-01-12 10:12:21
giyfzi6,t1_giyfeg5,The Biden plan would only be for Federal student loans not private loans. Most people dont refinance their fed loans because the interest rates are hella low like 2 or 3%. I don't think private student loans will ever be forgiven sadly.,1,2021-01-12 10:24:39
giy8t4j,t1_giy7x33,"Cheers man, same here. Looking forward to the tendies.

I'm too retarded to understand options trading but I'm really tempted to research LEAPs cuz both of these companies are gonna be big",4,2021-01-12 09:24:08
gjcp6i3,t1_giy7x33,NIO !,1,2021-01-15 23:42:11
giy6iw6,t1_giy62w5,I'd like to put all the profits back into my student loans someday. See my comment history- imagine millions of millennials pumping SoFi with their gains from their own holdings lmao. Im a 31 y/o Midwesterner.. This isn't just a cali company. Gonna be a beautiful symbiotic relationship.,1,2021-01-12 09:04:22
giyk0zs,t1_giygocn,"can you talk about Apex clearing at all, it appears than Sofi owns 17% of the clearing firm.  I'm assuming its used for Sofi invest but wondering how things are going with that.",3,2021-01-12 10:57:21
giz5esy,t1_giygocn,">I'll likely be just selling covered calls tho once I'm able to

Would seriously not recommend.  I've missed *substantial* gains selling OTM covered calls and a hot company like SoFi looks like it could spike any given week.  If you're overall bullish I would just sit on the shares or sell cash covered puts

I very rarely sell covered calls now unless the IV is utterly ridiculous like 150%+, even then I'm very hesitant",2,2021-01-12 14:31:04
gizzubn,t1_giygocn,"Thanks for the insights. Planning on joining IPOE Gang soon.

Maybe add a couple of shipping boxes on the side of ""The office"" and triple the space 🙃",1,2021-01-12 21:58:24
giyfni5,t1_giyf7w0,Hell yeah. Keep us posted if there are any big updates or juicy rumours floating around!,2,2021-01-12 10:21:50
giyrvxk,t1_giyfzi6,I dont know anyone who's fed loans are that low. All of my loans from pharmacy school are federal and they are like 6 to 7 percent,2,2021-01-12 12:05:51
giyglo4,t1_giyfzi6,"The govt could and should buy them to forgive them to give every student the same treatment.

But yeah, same reason my loans didn't get a forbearance for the pandemic but luckily my interest is super low.",1,2021-01-12 10:29:51
giz6a1d,t1_giz5esy,[deleted],1,2021-01-12 14:42:52
giysm1a,t1_giyrvxk,"Yep, people that didnt refinance most likely followed the 10 year forgiveness program through their hospital job. Most of my loans were around 7%, refinanced immediately with sofi after graduating.",3,2021-01-12 12:12:28
giz6hf5,t1_giz6a1d,"Yeah I mostly got burned because I sold OTM covered calls after the March/April correction, I thought they'd trade down or sideways for a while but they fucking rocketed to 100-150% of their previous ATH.

I ended up making like 5k but I left like 60k on the table because the calls got exercised.",1,2021-01-12 14:45:43
giywqla,t1_giysm1a,I've put off refinancing so far because I just graduated last May and the interest has been frozen until the end of this month. I suppose it's time to do that now :/,1,2021-01-12 12:51:26
