comment_id,comment_parent_id,comment_body,comment_score,created_utc
gifh4b3,t3_ksenyv,i guarantee you no one read past the third line,23,2021-01-07 22:54:49
gifh2sh,t3_ksenyv,"Not once did you call it DD, but referred to it by it’s full name. 

Get the fuck out cop",9,2021-01-07 22:54:26
gifh6a8,t3_ksenyv,Where are the fucking rockets at,5,2021-01-07 22:55:17
gifnnnj,t3_ksenyv,Soooooo you're saying that this company could be worth twice what it is today.... Or $140 per share soon? That would make QS have a 50B market cap and no revenue until 2025. To give some perspective that would make QS in the top 400 companies in the world by market cap. That makes no god damn sense. I'm out because someone else is gonna eat their cake,2,2021-01-07 23:48:51
gifhxr4,t3_ksenyv,does anyone have a tldr of the tldr?,1,2021-01-07 23:01:45
gigbv30,t3_ksenyv,Better off with Lion electric,1,2021-01-08 02:47:44
gighrb0,t3_ksenyv,Im bullish on this as well. See this being past 100 easily in the next year. Who wouldn't want to double their money in a year?? 🚀🛰,1,2021-01-08 03:31:06
gigmyyn,t3_ksenyv,if it's a QuantumScape dd and it's not about buying puts it's retarded,1,2021-01-08 04:09:54
gigw7qr,t3_ksenyv,"I'm having major FOMO for my paper hands getting the fuck out when it dropped 40%. Luckily it was house money as I bought in around $15 and sold half at $55. Watched it skyrocket to $130, then sold the other half at $55.",1,2021-01-08 05:19:24
gih757l,t3_ksenyv,Cool story bruv,1,2021-01-08 06:44:13
gih9wh8,t3_ksenyv,Bought more thicc bee,1,2021-01-08 07:06:14
gifnev4,t3_ksenyv,this stock should be worth 10 bucks,1,2021-01-07 23:46:56
gifhbxx,t1_gifh4b3,"I did, scrolled right to the bottom and found no tldr. 

Do I buy or what??",15,2021-01-07 22:56:35
gifp31c,t1_gifnnnj,[deleted],0,2021-01-07 23:59:59
gifjl33,t1_gifhxr4,"I'll try my best to use as little words as possible:

&#x200B;

 🚀  🚀  🚀  🚀  🚀  🚀  🚀  🚀  🚀  🚀  🚀  🚀  🚀  🚀  🚀  🚀  🚀  🚀  🚀  🚀  🚀  🚀",3,2021-01-07 23:15:40
gifhlr1,t1_gifhbxx,"Same, wtf are we suppose to do here?",2,2021-01-07 22:58:53
gifhx4o,t1_gifhbxx,Did you see rockets?,1,2021-01-07 23:01:36
gifio2k,t1_gifhbxx,[deleted],1,2021-01-07 23:08:04
gifq8hh,t1_gifp31c,Not gonna disagree there but this is way worse. This is a company with unproven technology and no proven demand. Tesla sold 28b of product ttm with a P/S of 27 vs S&p500 average of 2.8.... sure that's crazy but you have a price to sales ratio of infinity here for the next 4 years and hungry competitors,2,2021-01-08 00:09:00
gifkd0e,t1_gifio2k,"Sorry man I was looking for the tldr of the tldr.

Alright, all in it is",2,2021-01-07 23:22:08
gig5l23,t1_gifio2k,"Nice, how much do I owe you for this sound financial advice.  
I'd like to sue if things go south.",1,2021-01-08 02:02:17
gifqi2t,t1_gifq8hh,[deleted],-1,2021-01-08 00:11:02
gifr5oz,t1_gifqi2t,This isn't 10 years of being unprofitable. This is 4 years of not selling anything. They aren't supplying shit if they don't have a product. People aren't going to wait 4 years for good EV batteries,5,2021-01-08 00:16:04
