comment_id,comment_parent_id,comment_body,comment_score,created_utc
gj7sdwt,t3_kx38xo,Dafuq you sending us articles from 2014 for? You some kid of retard?,4,2021-01-14 18:42:22
gj7sisp,t3_kx38xo,"Ever seen science fiction movies where they have an application open on their phone and do a swipe which 'sends' the open application through the air to their tv where they can just keep working on it?

Apple with their new m1 chips is making apps compatible between all of the devices. Cars is just the next step.

Imagine a future where you are reading your emails on your macbook while drinking coffee. You start watching a video on Apple stock analysis but you see you have to leave for work. You swipe the video to your phone and keep listening (using your airpods) while walking to your iCar. In your car you swipe the video to your enormous in-car screen and start self-driving to work.

I'm not an apple fanboy by any means, but damn if this wouldn't be cool.",2,2021-01-14 18:44:40
gj7skvk,t3_kx38xo,Removed for being a really old article...,2,2021-01-14 18:45:40
gj7sm99,t1_gj7sdwt,It's to show how they entered the space originally lol. It's a low risk high reward for them to continue in that matter,2,2021-01-14 18:46:18
gj7sp88,t1_gj7sisp,"I completely agree with you, buy they don't have to own the car. Just the software in it.",1,2021-01-14 18:47:41
gj7wtot,t1_gj7sisp,Just like Samsung,1,2021-01-14 19:53:05
gj7su4z,t1_gj7skvk,That was just to show how they entered the space already before lol.... I'll redo my post and clarify and add more recent ones.,2,2021-01-14 18:50:00
gj7srvj,t1_gj7sp88,"Yeah true, however I'm big on BlackBerry too so hoping they will run on the other cars ;p",1,2021-01-14 18:48:56
gj7x3if,t1_gj7wtot,"Only Samsung is limited by Android and Windows (and w/e car OS). They could ofcourse create apps for this, but with Apple this will work out of the box, which is their strongest benefit.

Android and Windows will possibly be able to do more, maybe even better. But Apple could have support for this without the user having to do anything.

I'm a guy that likes to customize and set it up myself, but I think the general public likes the Apple manner more.",1,2021-01-14 19:57:11
gj7tqsl,t1_gj7su4z,"Ok, that would be cool.  

Thank you for contributing.",1,2021-01-14 19:04:55
gj7sx9t,t1_gj7srvj,For BB they entered really late into the game. I'm Canadian so I have to support them like I support tom Hortons which is an American owned company now....,1,2021-01-14 18:51:28
gj7tctd,t1_gj7sx9t,"If I understood correctly their QNX os is already on 180m cars, and exists a couple of years already. The new IVY platform is together with Amazon, and well I think the big boys at Amazon can open up some growth for bb. 

Also QNX already on Volkwagen and Volkswagen just beat Tesla in Norway, so they got that going for them. I don't think of bb as a meme, but   🚀  🚀  for me ;)",1,2021-01-14 18:58:38
gj7u4y3,t1_gj7tctd,But is there a growth possibility? From the software can they obtain more growth? That's my issue with BB. It's only one step. I want to see the next ten. I'll look into BB again but meh for me. I see a lot of tastier meals in the next year,1,2021-01-14 19:11:19
gj7ujya,t1_gj7u4y3,"Cybersecurity is an emerging market, BB is one of the best in that segment.   
They keep closing contracts with EV companies, which is another emerging market. If they supply most of them (on track for that) they are the real profiters when EV's go crazy.  
They also are selling their patents and will lose the patent troll image.

Only bad thing imo is the new phone coming out this year (from another company, but with their name). They really gotta stop doing that, it's no longer their segment.",1,2021-01-14 19:17:56
gj7uqno,t1_gj7ujya,I didn't know that for the EV. They even have canoo and are being aggressive in china. Fuck apple lol. I'm with you for BB you converted me,2,2021-01-14 19:20:53
gj7v66b,t1_gj7uqno,"Hehe read the DD posted here on wsb a few days/weeks ago to achieve full conversion ;)

 [$BB King, the blast from the past with the legendary comeback : wallstreetbets (reddit.com)](https://www.reddit.com/r/wallstreetbets/comments/ks4s3s/bb_king_the_blast_from_the_past_with_the/) 

 [Looking for the next rocket? Look no further than $BB : wallstreetbets (reddit.com)](https://www.reddit.com/r/wallstreetbets/comments/kwo4ed/looking_for_the_next_rocket_look_no_further_than/) 

Both from the same guy, but he makes a convincing case",1,2021-01-14 19:27:33
gj7vzze,t1_gj7v66b,I'll read it while I work lol,1,2021-01-14 19:40:25
gj9zxi3,t1_gj7vzze,"I don't really wanna say I told you so, but I did, didn't  I? ;) Hope you bought in bro",1,2021-01-15 06:03:11
gja5f6t,t1_gj9zxi3,I did lol. I listened. I sold my gme for BB.,1,2021-01-15 06:48:12
gja5q7m,t1_gja5f6t,"Ahh wouldn't have sold the GME just yet. I think there is a little bit more to gain there. Anyways, I believe more in BB as a company right now so it's a good move and they flew about the same height today. Good on you!",1,2021-01-15 06:50:43
gja7ie6,t1_gja5q7m,I didn't want to risk it with gme. I'll see TMR as I have another position to exit as well,1,2021-01-15 07:05:38
