comment_id,comment_parent_id,comment_body,comment_score,created_utc
ghmjxjx,t3_kntigf,I’ve heard that smart people with degrees are just as shit with trading as everyone else,73,2021-01-01 02:04:38
ghmbyu0,t3_kntigf,[deleted],88,2021-01-01 00:56:53
ghmjfc7,t3_kntigf,Palantir will be a TRILLION dollar company in a decade from now.,24,2021-01-01 02:00:22
ghmc5lt,t3_kntigf,You don't need to sell something that already has been bought by everyone...,82,2021-01-01 00:58:29
ghmqrfs,t3_kntigf,"Proof that anybody can go to ivy schools, just need to stay a virgin and have no friends in high school",18,2021-01-01 03:03:32
ghmslcf,t3_kntigf,"2,000 pounds are heavy bags milord",13,2021-01-01 03:19:48
ghmf9zi,t3_kntigf,Thanks for the daily dose of confirmation bias. My bags desperately needs it.,13,2021-01-01 01:25:03
ghmf9dh,t3_kntigf,Pounds? Sir this is a Wendy's. Mcdonald's sells quarter pounds. They are across the street. Next!,20,2021-01-01 01:24:54
ghmmto9,t3_kntigf,"Didn’t read, just doubled down on PLTR tho. Very cool.",10,2021-01-01 02:29:29
ghmceu3,t3_kntigf,"i already have my left nut in pltr, buy the dip n dip my right nut?",18,2021-01-01 01:00:42
ghmv2e8,t3_kntigf,I want a PLTR hat,8,2021-01-01 03:41:41
ghmmaf7,t3_kntigf,"Had me at Dr Sparkles, PLTR 2021 space mission is about to start",8,2021-01-01 02:24:51
ghmevy2,t3_kntigf,That's a pretty looking mouth ..,7,2021-01-01 01:21:49
ghmhghu,t3_kntigf,What is your research field? Ban if data science.,6,2021-01-01 01:43:38
ghmtyxc,t3_kntigf,You think you’re hot shit just cause you know words,4,2021-01-01 03:31:57
ghml0h7,t3_kntigf,"You're not far away, I'm over at Cranfield. PLTR to the moon.",5,2021-01-01 02:13:50
ghmmms8,t3_kntigf,"\+1 for Dr Sparkles

&#x200B;

(Position \~2.5K after adding \~1000 shares today)",3,2021-01-01 02:27:49
ghmnlkg,t3_kntigf,I want a hat :(,3,2021-01-01 02:36:11
ghmnnk2,t3_kntigf,I want a hat :(,4,2021-01-01 02:36:40
ghmoh96,t3_kntigf,Lighting.  Have you heard of it?,4,2021-01-01 02:43:47
ghn0uif,t3_kntigf,"I've bought the dip each of the last three days, up to 400 shares and 10x Jan 2022 50c",4,2021-01-01 04:33:35
ghmsov7,t3_kntigf,[deleted],3,2021-01-01 03:20:41
ghmcn43,t3_kntigf,[deleted],8,2021-01-01 01:02:40
ghmc2bv,t3_kntigf,[deleted],11,2021-01-01 00:57:42
ghn7oib,t3_kntigf,Hi mate! I also use Trading 212. I have 670 shares and I’m highly bullish long term 🚀,2,2021-01-01 05:36:10
ghniwq5,t3_kntigf,"**I agree.** In college, I saw many of my smartest friends interview at Palantir and only the top people were accepted. The rest went to work at FANG companies.

&#x200B;

I also very bulish and have been since day 1. Have 20k shares, most purchased at around $10, but never selling. 🚀🚀🚀",2,2021-01-01 07:23:36
ghno030,t3_kntigf,"Also a former grad student from Oxford, but slightly less broke than this guy. Probably also less autistic because computer science people and Trading 212 users transcend the spectrum.

The one guy I know who works at Palantir went to Cambridge.

Short. All the way to zero.",2,2021-01-01 08:12:50
gho3dkg,t3_kntigf,OP posted this to flex Oxford. Nothing more. B&,2,2021-01-01 10:48:21
ghplypv,t3_kntigf,"- How do you know if someone went to Oxford?

- They tell you in their post title.",2,2021-01-01 21:41:05
ghn45c6,t3_kntigf,"none of this is new news, we all know Palantir is a leader in applying state-of-art data science and AI to create tools that allow hetergeneous/arbitrary/unstructured data aggregation _and_ analysis. Their tech is brilliant! It doesn’t take a CS PhD to relay that. Biz valuation is a completely different story. There are serious ethical concerns that folks are quick to forget also. I still have yet to see any real analysis beyond something akin to “they’re using AI and it’s super high-tech. A lot of gov agencies use them”. They do have strong competitors and I’m unsure if they can keep a tech edge.",4,2021-01-01 05:03:45
ghms232,t3_kntigf,">Excuse me sir, this is an OTB lobby.",1,2021-01-01 03:15:03
ghmskin,t3_kntigf,[deleted],1,2021-01-01 03:19:36
ghn0uqt,t3_kntigf,"it’s a good company i think it’s the matter of whether the valuation justified, what’s your thought on this",1,2021-01-01 04:33:38
ghn3cgg,t3_kntigf,Good enough for me!,1,2021-01-01 04:56:22
ghnebmk,t3_kntigf,PhD as in pretty huge debt.. all jokes aside I doubled my positions today so I hope we moon on Monday,1,2021-01-01 06:38:46
ghnvb4b,t3_kntigf,Fuck it . I’m,1,2021-01-01 09:24:08
ghnweiu,t3_kntigf,You had me at bullish,1,2021-01-01 09:34:56
ghnwllr,t3_kntigf,Awesome post. Thanks man.,1,2021-01-01 09:36:55
gho4hbi,t3_kntigf,Well fuck if moonshot sparkles said it,1,2021-01-01 11:00:33
ghok12c,t3_kntigf,I didn't see any 🚀🚀🚀🚀🚀 should I short?,1,2021-01-01 14:15:00
ghmj5k4,t3_kntigf,"Ok mr smarty computer science accent man, can you explain to me something? 

hypothetically speaking... I run a small or large business (I ask in case there are different answers for each) and I hear artificial intelligence will save me or make me lots of money. Let’s say I sell clothing via e-commerce, How can I use or what would palantirs software do to make my life easier? I saw the video of LAPD using Gotham and it looked like a google search. Let’s say I’m this private small business, and I don’t know what to ask?",1,2021-01-01 01:58:03
ghmjvvk,t3_kntigf,The bottom line is that while pltr is the future they are not very profitable at the moment and thus far haven't really attracted institutions to invest in it.,1,2021-01-01 02:04:15
ghms7k6,t3_kntigf,"This pltr interview being harder than google is total bs. I had an offer from palantir and couldnt crack google and facebook. This is my experience and not someone i know. And i am an sde for over 10 years, not dev ops or sre like op’s shitty cs buddy. 

Stop with this interviewing non sense. Hardest sde interviews are at small financial firms like jane street and 2sigma. Stfu with “i know a freind who knows a friend” stories.",0,2021-01-01 03:16:26
ghmp0z3,t3_kntigf,Hahaha not gonna fool me this time,0,2021-01-01 02:48:31
ghmfvib,t3_kntigf,"Hello,

Please may I have your kind help to understand how the Sell Covered Calls works and how can I avoid losing money?

\- I own 1.100 shares at $31.

\- Currently, the stock is trading at $24. 

\- I think it will decrease to $20 by February 2021.

\- I do not think it will surpass $31 by Feb 2021.

I want to sell covered calls to expiry in February. 

If I sell 5 orders at $20 Strike with premium $1.18 expiring 5 February. 

1) Will I earn 590$ if I am exercised? (100 x 5) x 1.18 = $590

2) What if the stock stays $22 and has not attained the $20 strike? Will I loose money?

3) Did I miss anything ?",-4,2021-01-01 01:30:07
ghmpx0q,t3_kntigf,This loser over here telling everyone how super duper smart he is. That's awesome you cheated your way thru Oxford using mommy and daddy's money. Graduated middle of your class im sure. Got out into the real world and learned real quick that your parents lied to you when they told you how special you are.,-12,2021-01-01 02:56:13
ghmkbq0,t1_ghmjxjx,I’m not smart but have a degree and this might be true,34,2021-01-01 02:08:01
ghmv89r,t1_ghmjxjx,"Can confirm. I am Not smart, no degree. Dumb as shit. But my wife's boyfriend sometimes lets me be player 2 in Cyberpunk2077.",10,2021-01-01 03:43:07
ghnaqhm,t1_ghmjxjx,There’s a great Newton quote about losing his YOLO in stonks,4,2021-01-01 06:04:56
ghmcjep,t1_ghmbyu0,110 shares of Palantir and 12.6 shares in AstraZeneca. I don't usually invest in stocks but was convinced after thinking about this. Also my friend has been shilling Palantir since IPO.,63,2021-01-01 01:01:47
ghn56nw,t1_ghmjfc7,Avg wsb attention span is 1 week homie,25,2021-01-01 05:13:19
ghn4mmo,t1_ghmc5lt,Always can buy more,7,2021-01-01 05:08:11
ghmuonw,t1_ghmqrfs,True,9,2021-01-01 03:38:19
ghn6994,t1_ghmslcf,Brexit helping to shed weight,2,2021-01-01 05:23:03
ghojvaw,t1_ghmceu3,"Get that shaft way up in there. Balls deep, can't go tits up.",2,2021-01-01 14:12:43
ghn8as9,t1_ghmv2e8,"Hey, it’s on their website. Last page on the right.",3,2021-01-01 05:41:53
ghmf77i,t1_ghmevy2,:'(,5,2021-01-01 01:24:24
ghmhk61,t1_ghmhghu,Cybersecurity.,2,2021-01-01 01:44:30
ghn8jan,t1_ghmnnk2,Website sells them mate,1,2021-01-01 05:44:07
ghmtrdg,t1_ghmsov7,Actually it's DPhil at oxford,5,2021-01-01 03:30:07
ghntkf0,t1_ghmcn43,You have to tell people columbia is an ivy lmao.,5,2021-01-01 09:06:46
gho1htz,t1_ghmcn43,"Meadow soprano went to Columbia, highly based",2,2021-01-01 10:28:02
ghmd6xu,t1_ghmc2bv,Maybe as official sex toy.,19,2021-01-01 01:07:22
ghmflwc,t1_ghmc2bv,Gotta change his name to Moneyshot Sparkles tho,4,2021-01-01 01:27:53
ghooopq,t1_ghniwq5,By the end of the day they all write garbage code anyways,1,2021-01-01 15:24:24
ghrzcy1,t1_ghn45c6,We don’t know that at all. Pure conjecture on your part and likely influenced by long calls you hold that are drowning in the deep water...,1,2021-01-02 08:26:18
ghmugpy,t1_ghmskin,"There is a 16 minute delay fetching comments.

I will be messaging you in 2 months on [**2021-02-28 19:19:36 UTC**](http://www.wolframalpha.com/input/?i=2021-02-28%2019:19:36%20UTC%20To%20Local%20Time) to remind you of [**this link**](https://np.reddit.com/r/wallstreetbets/comments/kntigf/why_im_bullish_on_palantir_oxford_phd_student/ghmskin/?context=3)

[**CLICK THIS LINK**](https://np.reddit.com/message/compose/?to=RemindMeBot&subject=Reminder&message=%5Bhttps%3A%2F%2Fwww.reddit.com%2Fr%2Fwallstreetbets%2Fcomments%2Fkntigf%2Fwhy_im_bullish_on_palantir_oxford_phd_student%2Fghmskin%2F%5D%0A%0ARemindMe%21%202021-02-28%2019%3A19%3A36%20UTC) to send a PM to also be reminded and to reduce spam.

^(Parent commenter can ) [^(delete this message to hide from others.)](https://np.reddit.com/message/compose/?to=RemindMeBot&subject=Delete%20Comment&message=Delete%21%20kntigf)

*****

|[^(Info)](https://np.reddit.com/r/RemindMeBot/comments/e1bko7/remindmebot_info_v21/)|[^(Custom)](https://np.reddit.com/message/compose/?to=RemindMeBot&subject=Reminder&message=%5BLink%20or%20message%20inside%20square%20brackets%5D%0A%0ARemindMe%21%20Time%20period%20here)|[^(Your Reminders)](https://np.reddit.com/message/compose/?to=RemindMeBot&subject=List%20Of%20Reminders&message=MyReminders%21)|[^(Feedback)](https://np.reddit.com/message/compose/?to=Watchful1&subject=RemindMeBot%20Feedback)|
|-|-|-|-|",1,2021-01-01 03:36:22
ghok8p8,t1_gho4hbi,"That's Dr Moonshot Sparkles, CFA to you.  If he is not on the twitters already, I really hope he will be in the New Year.  Here's hoping for a 3-way spat with Patel and the baldy dude.",1,2021-01-01 14:17:55
ghmjqfg,t1_ghmj5k4,"Small businesses are not typically Palantir's use case.

Large businesses and organisations often have siloed data in many different formats, so hundreds of different teams with different database solutions etc.. Palantir Metropolis resolves that and provides analytical capabilities.",10,2021-01-01 02:02:57
ghmz4du,t1_ghmj5k4,"Not CS but business info sys masters checking in to answer this question about how you, the Small Business Enterprise, can benefit from PLTR -

Wait about 5-10 years for them to offer a free SaaS trial model. PLTR is not intended for SME usage, it is just not their business model yet.

On a different note, if you want a more relevant answer, platforms like Gotham (so something that can interlink different data sources based on a topic and provide insights or inferences) offer SMEs more strategic unscheduled and unstructured decision making support at an executive level - so for your company, this hypothetical platform may glean insights into events, or factors, that influence purchasing patterns of your goods by your target market that you had no idea about. This may enable you to identify opportunities, or issues, but also predict when or if certain clothing items are more likely to sell (or less likely) based on these inferences. This can affect anything from your logistical network/business activities to your competitiveness against the power of your suppliers, customers or competitors. 

A potential reason why SMEs are not targeted is because this level of strategic decision making support by AI and Machine Learning is still a very much new field for most enterprises, and is affected by a massive under-supply of data scientists/engineers as well as the field of business internet-of-things (smart enterprises) still being relatively new (but growing at an alarming pace). Ideally you want to invest in any company that is trying to simplify, streamline and commercialize AI-decision making support for businesses, or government.",2,2021-01-01 04:18:01
ghmo6dh,t1_ghmjvvk,Bruh Amazon wasn’t profitable at all until AWS had matured. So many tech companies never sniff profitability.,5,2021-01-01 02:41:10
ghmzyzg,t1_ghms7k6,He got Palantir hat. You don’t. Be quiet.,9,2021-01-01 04:25:39
ghntv78,t1_ghms7k6,Always depends on the interviewer. Sometimes they’re a dick and give you a bunch of LC Hards. Some times you get Mediums.,1,2021-01-01 09:09:44
ghmhprp,t1_ghmfvib,You are very confused. Do more reading.,8,2021-01-01 01:45:51
ghmnlcg,t1_ghmfvib,Don't sell below your cost basis,5,2021-01-01 02:36:08
ghmlktc,t1_ghmfvib,"In regards to #3. Yes you did, severe retardation",2,2021-01-01 02:18:43
ghmmy1z,t1_ghmfvib,You need to read more and watch some YouTube videos breaking down how calls work.,1,2021-01-01 02:30:32
ghmxsg3,t1_ghmfvib,I bought at 19. I'm bearly in profit but I'm offloading this dogshit for something that will actually go up.,1,2021-01-01 04:06:04
ghmzshc,t1_ghmfvib,just buy shares and paper trade options for a while man,1,2021-01-01 04:24:00
ghmqb7n,t1_ghmpx0q,"Lmao I got a funded phd, I didn't pay for it",11,2021-01-01 02:59:37
ghmkjsi,t1_ghmkbq0,Yeah i got it from the first page of intelligent investor then i stopped reading cause im retarded,11,2021-01-01 02:09:55
gi5f6jm,t1_ghnaqhm,">Newton

[https://www.businessinsider.com/isaac-newton-lost-a-fortune-on-englands-hottest-stock-2016-1?r=US&IR=T#:\~:text=%22Back%20in%20the%20spring%20of,the%20hottest%20stock%20in%20England.&text=But%20just%20months%20later%2C%20swept,%5B2002%2D2003's%5D%20money](https://www.businessinsider.com/isaac-newton-lost-a-fortune-on-englands-hottest-stock-2016-1?r=US&IR=T#:~:text=%22Back%20in%20the%20spring%20of,the%20hottest%20stock%20in%20England.&text=But%20just%20months%20later%2C%20swept,%5B2002%2D2003's%5D%20money).",1,2021-01-05 13:00:02
ghmcqbn,t1_ghmcjep,[deleted],26,2021-01-01 01:03:26
ghmtgu4,t1_ghmcjep,"Can you and Dr. Sparkles hype up AstraZen for me?

I invested a few years back because I was working with the company and they impressed me.  Saw a lot of growth potential and breakthrough research.

Feeling a little less impressed with their stock movement, though.",3,2021-01-01 03:27:32
ghmey74,t1_ghmcjep,Go to r/antatreetbets my friend,4,2021-01-01 01:22:20
ghq12li,t1_ghn56nw,Luckily a decade is just 520 sequential weeks,0,2021-01-01 23:40:06
ghq15c6,t1_ghn8as9,Why buy hat when I can buy calls,1,2021-01-01 23:40:41
ghmk43f,t1_ghmhk61,I bet all of your passwords are Abc123,15,2021-01-01 02:06:12
ghmicm2,t1_ghmhk61,This is the way,4,2021-01-01 01:51:13
ghmwflm,t1_ghmtrdg,[deleted],4,2021-01-01 03:53:57
ghnxs0k,t1_ghntkf0,[deleted],1,2021-01-01 09:48:56
ghmdxs1,t1_ghmd6xu,"You will be hearing from our lawyer, Dr. Sparkles resents being demeaned in this way whilst trying to provide a professional advisory service.",8,2021-01-01 01:13:45
ghonj9e,t1_ghok8p8,The next big SPAC team,1,2021-01-01 15:06:11
ghmopcy,t1_ghmjqfg,"IMO this is basically the bull case for pltr in the long term (disclaimer: long position therefore bias). I've worked in multiple roles so far in large organizations (a government adjacent one, a regulator, and a private-ish entity) that were/are going through massive technological upgrades in terms of their day to day operations and software setups.


There are so many inefficiencies that disrupt, damage or delay projects and workflows  due to the massive time sink related to reconciling different data silos/users/department records/outputs from different systems. You couple that with how (I suspect that this is common, given the shared experience of other industry counterparts I've had to work with) a non-trivial amount of professional finance and corporate work quite literally runs on cobbled patchwork spreadsheet solutions and recordkeeping , and you can easily see how there's a massive TAM out there.


Having a smart MDM solution that is ""dummy proof"" to allow analysts or BI people to focus on analyzing rather than cobbling together workflows and cleaning/interpreting data from disparate sources would be a massive gamechanger from a productivity and key man risk/BCP standpoint for a lot of organizations in the middle of tech transformation initiatives.",6,2021-01-01 02:45:45
ghn21vn,t1_ghmzyzg,True story.,4,2021-01-01 04:44:35
ghouda5,t1_ghntv78,Facts. But overall ud likely get more lc hards with google than pltr.,1,2021-01-01 17:07:09
ghmqm4e,t1_ghmnlcg,How would you do if were me? Sell Call or Put?  I bought at $31 and I think it will not surpass that price until March.,0,2021-01-01 03:02:15
ghmqhkk,t1_ghmqb7n,How very special,-11,2021-01-01 03:01:09
gi5f75t,t1_gi5f6jm,he actually did hahahaha,1,2021-01-05 13:00:12
ghmdt4j,t1_ghmcqbn,"Yes, quite familiar with options and derivatives, even interviewed for an options trading firm who flew me out to Amsterdam for final stage interview after acing their maths tests, but was told i didn't have the required social skills to do the job. But i'm very risk averse in general, so wouldn't trade options with my private capital.",66,2021-01-01 01:12:38
ghnh7bn,t1_ghmcqbn,Gooble gobble,1,2021-01-01 07:06:50
ghmopyv,t1_ghmk43f,"root
toor",3,2021-01-01 02:45:53
ghojg74,t1_ghmk43f,Don't rule out the possibility that it could also be one of solarwinds123 or hunter2.,2,2021-01-01 14:06:51
ghmwk6g,t1_ghmwflm,All of it. See you on the moon x,5,2021-01-01 03:55:04
ghooip6,t1_ghnxs0k,Who cares if it Ivy or not? American colleges are a joke. It's basically a continuation of high school.,0,2021-01-01 15:21:44
ghn1197,t1_ghmqm4e,"If u are bullish long term you could sell February $31C and buy Back when it is 15 DTE then sell March $31C
$31C on Feb 19 sells for 1.35 right now",1,2021-01-01 04:35:19
ghmtnii,t1_ghmqhkk,You aren't Will from 'Good Will Hunting'.,9,2021-01-01 03:29:11
ghme0e7,t1_ghmdt4j,[deleted],136,2021-01-01 01:14:23
ghmiee1,t1_ghmdt4j,You sound like a robot definitely a phd student,28,2021-01-01 01:51:38
ghmz9c5,t1_ghmdt4j,lol since when do traders need social skills? Just stare at a screen all day. My friend who’s a trader just gets yelled by his boss at whenever he turns red P/L and never congratulated for a green day. And this is at a bulge bracket.,9,2021-01-01 04:19:15
ghmgguh,t1_ghmdt4j,Optiver suck,4,2021-01-01 01:35:08
ghms7ak,t1_ghmdt4j,Optiver?,5,2021-01-01 03:16:21
ghpztxi,t1_ghmdt4j,what social skills are needed for option trading?,1,2021-01-01 23:30:10
ghmebne,t1_ghme0e7,"I was shocked at their bluntness at the time, but it is an accurate assessment. I traded all my points in CHA for INT at the character creation screen.",73,2021-01-01 01:17:04
ghmih6v,t1_ghmebne,"If they're dutch, don't be surprised. Beating around the bush is not their way",30,2021-01-01 01:52:18
ghmsc0i,t1_ghmebne,"I love this. It’s cool you know who you are, man. Don’t worry, you’ll find plenty of people with a ton of CHR but a lot less INT who need your socially retarded genius as much as you need our dipshit brains and natural charm. It’s a beautiful thing.",15,2021-01-01 03:17:29
