comment_id,comment_parent_id,comment_body,comment_score,created_utc
gj4q9bw,t3_kwk1cc,[deleted],6,2021-01-14 01:17:59
gj4os8e,t3_kwk1cc,You son of a bitch I'm in. Got August 20 $8c for $0.12 per contract,5,2021-01-14 01:06:54
gj8k8rw,t3_kwk1cc,Bruh where my options go,5,2021-01-14 23:48:29
gj4phfj,t3_kwk1cc,Fitbit to the moon confirmed 🚀🚀🚀🚀🚀,4,2021-01-14 01:12:11
gj4r9ym,t3_kwk1cc,I've been holding Fitbit for pretty much all of last year. It doesn't move at all. It didn't move at all when EU approved the merger. I don't know what will make it move besides the actual merger occurring and even that is probably priced it since it's been known for so long.,3,2021-01-14 01:25:36
gj8i6ih,t3_kwk1cc,How does this work calls that have longer expiry?,3,2021-01-14 23:32:28
gj4n6gc,t3_kwk1cc,I don't understand the premise of your post. Isn't there already a deal in place for $7.5? Why do you expect the stock to rise above these levels?,9,2021-01-14 00:55:00
gj8fus9,t3_kwk1cc,1/15 8c fml,2,2021-01-14 23:14:15
gj9ackz,t3_kwk1cc,I've got $8 calls expiring tomorrow. TENDIES WHERE YOU AT?!,2,2021-01-15 03:02:35
gjai1y1,t3_kwk1cc,How’s you calls doing OP. Cuz I can’t find mines,2,2021-01-15 08:36:14
gj4mjw5,t3_kwk1cc,Got some feb calls. Make me rich.,4,2021-01-14 00:50:18
gj4n23z,t3_kwk1cc,"I mean if this goes up just a dollar in the next few weeks calls are going to go crazy. I don't usually play long calls, but you seem to make sense, those rocket emojis really made it easy to understand.",3,2021-01-14 00:54:07
gj5qkvo,t3_kwk1cc,This seems like a pump and dump guys. Don't buy. FIT isn't going above 7.35 unless google reprices the acquisition agreement.,2,2021-01-14 05:44:47
gj4nklz,t3_kwk1cc,[deleted],1,2021-01-14 00:57:57
gj5eo00,t3_kwk1cc,40 x 8/20c 8$ for .16...let’s see where it goes,1,2021-01-14 04:17:33
gj9kw48,t3_kwk1cc,Hey I bought call options after this post on webull now FIT is delisted what do I do?,1,2021-01-15 04:22:57
gjc5slk,t3_kwk1cc,I get the options are worthless but where did all of that money go when we bought calls? I would like my $200 back,1,2021-01-15 20:34:15
gj4za4g,t3_kwk1cc,All in 5/21 $8c,0,2021-01-14 02:24:12
gj529fp,t1_gj4q9bw,Agreed. Tits up if they somehow get turned down by the US. But I think it's unlikely since ultimately all those lawmakers want is an easy time negotiating for taxes to cover the shitstorm of 2020.,1,2021-01-14 02:46:08
gj5i9qr,t1_gj4os8e,Bro I got $10c for 1/22 for only $12 hella cheap lmao,2,2021-01-14 04:44:26
gj8k462,t1_gj4os8e,How are they working out 😂,1,2021-01-14 23:47:30
gj9lwlk,t1_gj8k8rw,"Lmao this son of a bitch our otm call options become worthless after an acquisition. Hey, now I know",2,2021-01-15 04:30:09
gjahxnw,t1_gj4phfj,It definitely left orbit. It’s not showing up on my broker apps,1,2021-01-15 08:35:12
gj4t7r2,t1_gj4r9ym,"As far as I can tell the concensus is that the deal isn't that likely to go through. Both the US and Australia have to approve and Australia isn't really looking that positive, but they will make a decision on march 25.",1,2021-01-14 01:39:58
gj4trgw,t1_gj4r9ym,"It moves when the household name falls into more capable (ops wise but also funding wise) hands, and those hands spend billions making it move.

The question isn't, ""Will google succeed in making fitbit into a dominant brand again?""

It's, ""How cheap can I get in before this thing memes, and can my tissue paper hands please hold strong to these stonk opts this time?""

EDIT: PS demographics. Young people are more wary of sedentary behavior and the ""Echo Boomers"" aka millenials are all around 30 years old rn, coming into disposable income, taking health more seriously. It's a massive bloc of consumers, age wise.",1,2021-01-14 01:43:49
gj4p25a,t1_gj4n6gc,The answer is yes - doesn’t make sense at all,5,2021-01-14 01:08:59
gj4pk2t,t1_gj4n6gc,"I don't know if I'm doing this correctly or not, but I believe the response you're looking for is, ""🌈🐻.""

7.5 sounds like a lovely price to cash in, and if googarino things it's a good idea, who am I?

Them fuckers are folding proteins in VR with AI... I bet they can sell some watches.

7c 2/26, 8c 5/21, 8c 8/20, 10c 1/21/22

I could lose the 200 bucks I'm playing with or I could be basking in tendies. This is the game, sir.",4,2021-01-14 01:12:43
gj4vur1,t1_gj4n6gc,[deleted],2,2021-01-14 01:58:56
gj8hhvw,t1_gj8fus9,Fml I had 8c 5/21 like a true autist. Down bigly now for the year. How much did you lose?,2,2021-01-14 23:27:05
gj9m2xb,t1_gj9ackz,"Lmao your option is worthless now, so are mine",1,2021-01-15 04:31:18
gjaivyq,t1_gjai1y1,"Far as I understood with calls and merger acquisitions, your options expire as they are - so if they are out the money, they expire worthless and if they are in the money, you get compensated by the ITM value.


Unfortunately for most of WSB including myself, our calls were likely OTM, so I believe the market just terminates them. 


One day after my DD, this happens. I shared my position and included that I was burned for the January calls, and now February due to the acquisition happening at a lightning's notice, though it was expected to be well past inauguration and waiting on Australia's decisions.

Either way, lost $1000 on this and will look to my next play. Up big on Blackberry and Steel, should be other things to look out for in the near future.",1,2021-01-15 08:43:25
gj4q7os,t1_gj4n23z,"windows key + . if you need to help explain where the tendy party is gonna be (🌛)

🚀🚀🚀👩‍🚀👩‍🚀🚀🚀🚀",2,2021-01-14 01:17:39
gj95oe9,t1_gj5qkvo,This guy laughing at us all. Lol rip my $130,3,2021-01-15 02:27:32
gj983oi,t1_gj4nklz,😂😂😂😂,1,2021-01-15 02:45:47
gjcllmy,t1_gjc5slk,"The money goes to the person that sold the calls to you. If you bought a hundred calls at $2 each the person selling you those hundred calls gets the $200 you spent. So whoever you bought the calls from was on the same ship as you are currently, except they made out like a bandit before the ship sank leaving you on it.",2,2021-01-15 23:12:59
gj5iiea,t1_gj5i9qr,I bought 11 contracts and I'm already +$66. Is this how I become rich?,2,2021-01-14 04:46:14
gj8khi0,t1_gj8k462,"Still +66, yesterday the stock was going down but the option prices was increasing lol. Now it's just level 🤷🏾‍♂️🤷🏾‍♂️. All i put in was 130 so if it 🚀 awesome. If not oh well lol",1,2021-01-14 23:50:21
gj9mc83,t1_gj9lwlk,770 bucks is like 300 2 for 5 deals at bk. Out of lunch for a year fuck,2,2021-01-15 04:33:02
gj4r82g,t1_gj4pk2t,Same. I sprinkle with 100-300 plays. Worst case I lose 200. Best case I make 24k and keep on going.,2,2021-01-14 01:25:11
gj4w0dy,t1_gj4vur1,"That's the thing, once google buys them they're no longer a separate ticker.",1,2021-01-14 02:00:05
gj52pry,t1_gj4vur1,"2020 tax deficit is a fire under the ass of the lawmakers to to make our tech giants earn and subsequently cough up money.

Probably true that the biggest moves will take 1y+, but hopefully a chance to cash in earlier. Google has been moving fast w hardware lately (see progression of pixel phones especially) and this tech will have a lot in common with that.

As long as they figure out a way to advertise suff--

🚀🚀🚀🚀🚀",1,2021-01-14 02:49:27
gj9smld,t1_gj9m2xb,"7c 1/15 
8c 2/19 

Guess I’m fucked too oh well",1,2021-01-15 05:13:02
gjaonyp,t1_gjaivyq,"Yeah mine was OTM.. 2022/2023 $10 calls .

I mean shoots at least give us a warning that Fitbit is going delisted !!!",1,2021-01-15 09:33:33
gjaoouk,t1_gjaivyq,And give me $1 per contract at least,1,2021-01-15 09:33:45
gjccjs5,t1_gjaivyq,"So uh no more dds for you okay. You didn't lose a lot of people's money, you lost everyone's money in record time.",1,2021-01-15 21:51:48
gj4skvc,t1_gj4q7os,"If I don't make money off of this investment, at the very least i learned how to show where the tendies will be",3,2021-01-14 01:35:20
gj8lcnn,t1_gj8khi0,Update just saw trading halted on fitbit for Google merger news,2,2021-01-14 23:56:57
gj9bvip,t1_gj8khi0,All your options are worthless and you lost all of the money you invested  since your strike price is above $7.35.,1,2021-01-15 03:14:13
gj9mhms,t1_gj9mc83,Yea this definitely going down as one of my proudest moments of true retardation,3,2021-01-15 04:34:03
gj4t1bn,t1_gj4r82g,"As a non-forklift-certified warehouse worker, I can't actually -really- afford to lose my couple hundo.

But you degenerates have shown me *I can't afford not to play*.

💸🤑🚀",1,2021-01-14 01:38:43
gj4tyiy,t1_gj4t1bn,"Haha. Just go small. Keep in mind this is 100% gambling. I usually only buy cheap options. It’s all about what fits in your budget. I don’t play to win $50 because that doesn’t mean anything to me. If $50 is half a days work for someone then smaller wins can have a much bigger impact on your life. BUT remember! Tax man’s coming at the end of the year. Don’t win 1000 and spend it, Uncle Sam is going want his piece.",2,2021-01-14 01:45:14
