comment_id,comment_parent_id,comment_body,comment_score,created_utc
gifc6mi,t3_ksdlo6,Their merger with Tilray is so they can get a foothold into the US.  They’re one of the best performing Canadian cannabis companies in the market. So when weed becomes federally legal they’re gonna take off,10,2021-01-07 22:10:42
gifalur,t3_ksdlo6,"Delaware is considered a ""tax shelter"" in the united states. They have advantageous tax laws that are helpful to companies.",6,2021-01-07 21:55:15
gifac2m,t3_ksdlo6,"APHA cannot claim to operate in USA until federal legalization or they get delisted from Canadian exchange.  So that’s probably why there are no claims to that effect.

*edit: they had to sell their LHS due to this rule going into effect in Canada - was a bummer man",9,2021-01-07 21:52:36
gifbpgq,t3_ksdlo6,It's all at a level beyond speculation.... what's the word for it,2,2021-01-07 22:06:09
gihhr9y,t3_ksdlo6,Why is everyone on apha/tlry instead of like truleaive/greenthumb (curaleaf/cresco/terrascend) ... aren't the US pure-plays better positioned?,2,2021-01-08 08:10:48
gifiqc8,t3_ksdlo6,Yep - Daniel Pronk touches on the dilution beginning at about 1:53 here: https://www.youtube.com/watch?v=7VzQn5ljbu4,1,2021-01-07 23:08:36
gifagri,t3_ksdlo6,Curlf is the American weed stonk of choice only available on the Canadian exchange,1,2021-01-07 21:53:52
gifcmi3,t1_gifc6mi,A lot can happen before then,1,2021-01-07 22:14:52
gihmkx4,t1_gifc6mi,$TLRY to the moon 🚀🚀,1,2021-01-08 08:52:07
gihmj4u,t1_gifalur,100% def why they’re doing it. Amazon did the same thing but in Washington when they started to escape some tax and provide quality shipping to customers with those savings.,2,2021-01-08 08:51:41
gifdeew,t1_gifac2m,[deleted],-14,2021-01-07 22:22:00
gifflc2,t1_gifdeew,You re a retard. Welcome,10,2021-01-07 22:41:40
gifg9z7,t1_gifdeew,This guys actually retarded... if they want to go after cartels and big time criminals they’ll go after their cash if they can’t go after their products.,6,2021-01-07 22:47:36
giffh4l,t1_gifdeew,Just Bc weeds legal doesn’t mean trafficking it is retard,6,2021-01-07 22:40:37
gifozx4,t1_gifg9z7,[deleted],-4,2021-01-07 23:59:19
gifr9s9,t1_gifozx4,"They stand to benefit more from taxing weed than going after people for possessing it. Cartels and big time dealers are committing other crimes (possession of serious drugs like heroin, tax evasion, trafficking) that nets the same result (seizure of assets). They give up one vector to benefit billions in tax money without significantly impairing their overall ability to pursue criminal activity. Simple cost benefit analysis. You simpleton",1,2021-01-08 00:16:55
gig3bz1,t1_gifr9s9,[deleted],0,2021-01-08 01:46:07
gig6soy,t1_gig3bz1,"Dude, you're a retard that has no idea what you're talking about.  Take the compliment and save your Karma.  You are at home here.",2,2021-01-08 02:11:04
gig83bu,t1_gig6soy,[deleted],0,2021-01-08 02:20:21
gig8h3g,t1_gig83bu,"I tried. God speed retard.  Continue to clearly not know what you're talking about, while explaining that you do and making up outrageous stories to FOMO your confirmation bias.",2,2021-01-08 02:23:05
gii4ssx,t1_gig83bu,[deleted],1,2021-01-08 11:31:00
gigbtvy,t1_gig8h3g,[deleted],0,2021-01-08 02:47:29
gigc7os,t1_gigbtvy,RIP to this idiots Karma.,1,2021-01-08 02:50:15
