comment_id,comment_parent_id,comment_body,comment_score,created_utc
gi8bf32,t3_kr8tck,Bro I'm already All IN,262,2021-01-06 06:03:57
gi8ndbe,t3_kr8tck,"I skipped the lengthy paragraphs and only saw the rockets at the end. 

In PALANTIR, We Trust.",135,2021-01-06 07:23:06
gi8v278,t3_kr8tck,"PLTR do me a solid and hit 30+ by 1/15. 🙏🙏🙏retard gods🙏🙏🙏

🚀🚀🚀🚀🚀🚀🚀🚀🚀🚀🚀🚀🚀🚀🚀🚀🚀🚀🚀🚀🚀🚀🚀🚀🚀🚀🚀🚀🚀🚀🚀🚀🚀🚀🚀🚀🚀🚀🚀🚀🚀🚀🚀🚀🚀🚀🚀🚀🚀🚀🚀🚀🚀🚀🚀🚀🚀🚀🚀🚀🚀🚀🚀🚀🚀🚀🚀🚀🚀🚀🚀🚀🚀🚀🚀🚀🚀🚀🚀🚀🚀🚀🚀🚀🚀🚀🚀🚀🚀🚀🚀🚀🚀🚀🚀🚀🚀🚀🚀🚀🚀🚀",57,2021-01-06 08:15:47
gi8aycp,t3_kr8tck,Can’t wait till the big bank headhunters come knocking on WSb’s door to try to hire autists to explain what’s going on 😂,76,2021-01-06 06:00:55
gi8sh1i,t3_kr8tck,"bought my unborn child 200 shares of PLTR, that should be enough for his college tuition",67,2021-01-06 07:58:03
gi92cg0,t3_kr8tck,"I myself am all in on Palantir, but I must ask, why isn’t everyone? If it’s so clear that this is going to be big as google or Amazon, why isn’t everyone dumping their money in it?",33,2021-01-06 09:15:48
gi8poat,t3_kr8tck,"Yknow really starting to think pltr can be my ticket out of the bullshit after i did my very best to ignore appl, msft, googl, nflx, amzn, and nvda.

At least when I get rich now I will never forget how much better it is to be rich than to have some asshole 40 iq points below you tell you you're doing a bad job because he literally can't understand what you're doing.",78,2021-01-06 07:38:52
gi8apih,t3_kr8tck,"Tickets bought, Space suit on, Course set for fucking Andromeda 🚀🌌🚀🌌🚀",42,2021-01-06 05:59:20
gi9k136,t3_kr8tck,I regret not buying pltr on Monday lows. I am a shame to myself & China. I should go to re-education camp immediately.,21,2021-01-06 11:41:40
gi8mrdn,t3_kr8tck,Yaaaass queen! This is the kind of confirmation bias I come to this sub for 🚀🚀🚀🚀🚀😍,50,2021-01-06 07:19:02
gi9871b,t3_kr8tck,"Bought more yesterday at $23.24. Better than the $31.39 I paid for the others. 
Full retard here reporting for tendies SIR!",14,2021-01-06 10:04:30
gi8bjlo,t3_kr8tck,"The moment everyone stops talking about PLTR is the moment it’ll pop.

EDIT: Getting downvoted when I am balls deep in PLTR.

https://imgur.com/a/8JVoHzt

Fuck you retards.",120,2021-01-06 06:04:46
gi8bkc2,t3_kr8tck,[deleted],61,2021-01-06 06:04:54
gi8nl68,t3_kr8tck,"Yep, the more negative press it gets the more I know we are right. ALL IN",13,2021-01-06 07:24:37
gi8ewld,t3_kr8tck,"The problem is their success will play out over the next 5-10 years. WSB doesn't have that sort of attention span.

Holding 700 shares and selling 50c Jan 2022 before the late December drop for some serious premiums, making the cost basis on those shares \~$7.75.",30,2021-01-06 06:26:41
gi8d4vo,t3_kr8tck,But can it find my dad?????,41,2021-01-06 06:15:07
gi8rje4,t3_kr8tck,"Buy the ticket, take the ride 🚀🚀🚀

-Hunter S. Thompson",10,2021-01-06 07:51:39
gi8l3tn,t3_kr8tck,"Sell cash secured puts and use the proceeds to buy more shares.

Turbocharging my accumulation.",16,2021-01-06 07:07:53
gi9cdha,t3_kr8tck,You're doing more harm to your cause by posting this retard analysis. This is the type of DD that makes people not buy PLTR because of the retardness of the post and the retard cheering squad jacking off on the confirmation bias.,16,2021-01-06 10:38:44
gi8ffv2,t3_kr8tck,"I was also impressed that they have a product ready for Japan as well.

Language seems to not be a barrier to implementation.",23,2021-01-06 06:30:08
gi9bz6e,t3_kr8tck,"How is palantir’s machine learning different (or better) than other companies like IBM, MS, or Google? Is it just that we see more growth with Palantir than any of those mega companies that the stock will grow? I understand this company is doing well currently, but I don’t see how this is a unicorn company because a lot of other companies already have machine learning.",13,2021-01-06 10:35:30
gi8f930,t3_kr8tck,Big banks and analysts need to learn that the age of fundamental valuations is over.,16,2021-01-06 06:28:56
gi8chf2,t3_kr8tck,"They’ve done studies, you know; 60% of the time, I buy the dip every time.",16,2021-01-06 06:10:53
gi8t6bq,t3_kr8tck,Data is next oil,11,2021-01-06 08:02:51
gi8s6xi,t3_kr8tck,gonna buy this shit every goddamn day it's red,6,2021-01-06 07:56:09
gi8xbr3,t3_kr8tck,When is demo day?,4,2021-01-06 08:33:49
gi995ix,t3_kr8tck,Been holding since 9.73,5,2021-01-06 10:12:26
gi9v0p4,t3_kr8tck,28k in stocks. Let's go.,4,2021-01-06 13:18:59
gi8cty2,t3_kr8tck,🚀🚀🚀💎🙌,8,2021-01-06 06:13:10
gi8z9c9,t3_kr8tck,Not to mention it’s already a 40bn company,3,2021-01-06 08:50:09
gi90svd,t3_kr8tck,"Thats why you need to buy JMIA

next amazon of Africa. WSJ's words not mine",3,2021-01-06 09:02:54
gi9ira7,t3_kr8tck,"I liquidated my NFLX, MSFT, and FB to buy PLTR, I'm holding 12k shares and will ride this to the 3 digits.",3,2021-01-06 11:31:08
gi9jm4s,t3_kr8tck,I’m counting ten rockets call the bank for a loan boys were getting rich,3,2021-01-06 11:38:13
gi9ustu,t3_kr8tck,"It’s like the Boomer marketing prof I had in B School who literally said, “ I’m not bullish on Google, they don’t really have a viable business model.”
Circa 2007",3,2021-01-06 13:16:50
giarzqz,t3_kr8tck,If Teslas valuation is justified by future potential then PLTR should be so much higher,3,2021-01-06 21:02:54
gi8cjth,t3_kr8tck,I’m waiting on my free Palantir shirt so I can buy a fuckton more calls and shares with all the money i saved. Long game strong,6,2021-01-06 06:11:20
gi8pk9i,t3_kr8tck,🚀🚀🚀🌙🌙🌙🖕🏼😝🖕🏼,2,2021-01-06 07:38:04
gi8z42s,t3_kr8tck,7100 shares and 45 30 calls. Checking in 🚀🚀🚀🚀🚀🚀,2,2021-01-06 08:48:55
gi8zwt1,t3_kr8tck,"Saw rockets, ty for confirmation bias
Helps me 🔹 👐",2,2021-01-06 08:55:33
gi925a4,t3_kr8tck,Too many words. Buy?,2,2021-01-06 09:14:10
gi96b81,t3_kr8tck,Buying more shares,2,2021-01-06 09:49:08
gi9doo0,t3_kr8tck,"I agree, these analysts aren’t really seeing the bigger picture.  There’s some much utility in this idk how it doesn’t come off as game changing.  30k in, holding long term",2,2021-01-06 10:49:25
gi9u71g,t3_kr8tck,"Bought Jan 2023 $20c today, even if all it does is give me motivation for two years. But also I'd enjoy tendies.",2,2021-01-06 13:11:06
gi9w9iv,t3_kr8tck,"pltr is seen as a meme stock, but it is a really solid company. and after it lost its wsb pumping it dropped, but that doens't mean that it will keep dropping. Its going to go up again, just not as fast as when it was being pumped",2,2021-01-06 13:31:25
gia7dk0,t3_kr8tck,"Fuck it, I’m in.",2,2021-01-06 15:48:23
giavq2t,t3_kr8tck,all those ass-analysts were saying shit about Tesla just two years ago. They are so short sighted,2,2021-01-06 21:44:10
gibt5ol,t3_kr8tck,PLTR 🚀🚀🚀,2,2021-01-07 02:13:44
gidie0d,t3_kr8tck,421st upvote. Somebody fuck me.,2,2021-01-07 09:45:42
gi8dg6p,t3_kr8tck,Can we use Palantir to buy stonks and options?,4,2021-01-06 06:17:11
gi8pvhj,t3_kr8tck,TLDR PLTR will be $30 by 2022! 🚀🚀🚀,2,2021-01-06 07:40:15
gi8wo0p,t3_kr8tck,"I feel like PLTR is great for holding forever, but trading on the downtrend is looking good in the short term 

(this is not financial advice)",4,2021-01-06 08:28:19
gi8dmhs,t3_kr8tck,"saw rocket emojis, to the moon 🚀🚀🚀🚀🚀🚀🚀🚀🚀🚀🚀🚀🚀🚀🚀🚀🚀🚀🚀🚀🚀🚀🚀🚀🚀🚀🚀🚀🚀🚀🚀🚀🚀🚀🚀🚀🚀🚀🚀🚀🚀🚀🚀🚀🚀🚀🚀🚀🚀🚀🚀🚀🚀🚀🚀🚀🚀🚀",4,2021-01-06 06:18:18
gi8rsdn,t3_kr8tck,When is demo day?,2,2021-01-06 07:53:23
gi8ejx0,t3_kr8tck,What is the consumer base for each of these companies?,1,2021-01-06 06:24:23
gi8q94y,t3_kr8tck,27.5 Jan 15 call seller checking in. ATH is coming,1,2021-01-06 07:42:51
gi94yug,t3_kr8tck,Buy the pussy dip!,1,2021-01-06 09:37:51
gi9jg3m,t3_kr8tck,"None of this matters in the short term of course, but the main crux of their strategy is to fully penetrate the US government and expand their commercial offerings.

The commercial side is pumped full of competition.  Too early to say who will dominate here.  But everyone and their mama is trying to.

US government is fine, but then your success is tied to government spending....not really where you want to be after we spent bajillions on COVID relief.

Not really sure about the long term play, but who really cares.  It's hot now, so yolo.",1,2021-01-06 11:36:48
gia4463,t3_kr8tck,"Waiting till after lockup in Feb, but then I'm in",1,2021-01-06 15:03:04
giabr5v,t3_kr8tck,I am rather new to this but I have also bought around 20 shares of PLTR (I know it‘s not a lot but it‘s what I can spare and I will hold them rather long) realistically where do you see it at the EOTY?,1,2021-01-06 16:55:15
giabz8w,t3_kr8tck,I feel like now might be the time to buy puts,1,2021-01-06 16:58:57
giagfw2,t3_kr8tck,the amount of posts like this just shows that theres a high degree of bias and thats what makes this a very risky play and questionable stock.,1,2021-01-06 18:12:59
giajumg,t3_kr8tck,Will its B2B business stunt growth since its not B2C.,1,2021-01-06 19:08:46
gian1rn,t3_kr8tck,Hope so bro,1,2021-01-06 19:57:28
gianm19,t3_kr8tck,"Additional tickers: 

https://picul.de/Qlp

https://picul.de/QlU

Do your own dd:
CGC 🚀 🚀 
CRON 🚀
GRWG
EGOV
OGI
VFF
APHA 🚀 🚀 🚀 🚀
ACB  🚀 🚀 🚀
NBEV 🚀
GWPH 🚀 🚀
CRBP
ABBV
TLRY
AMRS",1,2021-01-06 20:05:43
giat1a9,t3_kr8tck,So my 10 contracts of 27c 01/2023 are safe?,1,2021-01-06 21:15:05
gib3z2q,t3_kr8tck,Intelligence community? They are notoriously frugal and smart about resources used. I’m taking a loan from my wife’s boyfriend and going double all in.,1,2021-01-06 23:00:34
giz3ln6,t3_kr8tck,when is the demo day?,1,2021-01-12 14:08:02
gia6duk,t3_kr8tck,"Call this a fucking discussion and not DD.

There is no diligence what so fucking ever and you are wrong on several points and the rest are just your fucking opinions.

Palantir is a good company without your basement dwellers trying to play “pro”, now go fuck yourself or play with some crayons (you know where to put them).",1,2021-01-06 15:34:11
gi8c0lr,t3_kr8tck,"Tbh, analysts do what analysts does. Analyze. Unfortunately, analyzing data can only be done from what has already happened.

What PLTR does is literally the opposite of an analyst. It makes predictions based on data. Analysts makes conclusions based on data. So sure, PLTR is overvalued. But looking at their future prospects and long term viabilty and growth potential - then, it's severely undervalued.

If you do anything based on an analysts conclusion, you're just betting on what has already happened, will happen again. Or won't happen again, depends if you go long or short.",-7,2021-01-06 06:07:47
gi95p30,t3_kr8tck,"This is neither original nor insightful. They're not postured to fend off any competition, which is inevitable if they're as profitable as you say.",0,2021-01-06 09:43:57
gia5ssh,t3_kr8tck,Except Google wasn’t 17 fucking years old when it IPO:ed either.,0,2021-01-06 15:25:54
gi8h5pw,t3_kr8tck,Zero profit in all the years in business.,-9,2021-01-06 06:41:34
giao1if,t3_kr8tck,"As a software engineer I am not convinced. 

1. With any big project implementation of data analytics a lot of custom work has to be done. I am pretty sure also for PLTR people will need to define, transform and otherwise manipulate the data streams themselves to really get value.
2. Big Companies want big cloud providers to do this. That is why you see tools like databricks in Azure cloud being used. PLTR would need to become a service in a public/private cloud of Azure or Amazon to really pick up.

I'd say the stock is overvalued.",-1,2021-01-06 20:11:51
gi8gtuj,t1_gi8bf32,"You’re not doing enough then - sell your kidney, whore out your girl on onlyfans or your boyfriend, idfc 
Just do it.",117,2021-01-06 06:39:23
gi9m0zx,t1_gi8bf32,"I found out you can trade your HSA...so it’s in PLTR @30. Can’t wait to get open heart surgery for free in 8 years. Also, saved a little cash (margin) for any price suppression due to lockup expiration. I’ll throw another few grand at it when it dips that day.",8,2021-01-06 11:58:37
gi8jxxu,t1_gi8bf32,Thank you for your service 💎💎💎💎💎💎,12,2021-01-06 07:00:01
gi97hig,t1_gi8ndbe,This counts as DD,13,2021-01-06 09:58:45
giaipfk,t1_gi8v278,Lol this is the exact opposite of the point of the post you fuckin retard.,1,2021-01-06 18:50:26
giaipnd,t1_gi8v278,Lol this is the exact opposite of the point of the post you fuckin retard.,1,2021-01-06 18:50:31
gikoc24,t1_gi8aycp,"yes sir, stonk go up",3,2021-01-09 03:34:38
gi9n3by,t1_gi8sh1i,"my unborn child will get 1 share, s/he better hope it moons",26,2021-01-06 12:07:42
gi9no4s,t1_gi8sh1i,Hope it’s enough to buy their own college.,7,2021-01-06 12:12:39
gi94p22,t1_gi92cg0,[deleted],26,2021-01-06 09:35:33
gi9o66l,t1_gi92cg0,[deleted],21,2021-01-06 12:17:02
gi9gbpy,t1_gi92cg0,"OP is talking about every person with a tech background “getting it” but as a person in tech the number of times “machine learning” and “AI” is bandied about as some silver bullet differentiator in a product, that is almost always marketing bullshit.  Also anyone that has ever done predictive models know that “keep using the same product with no giant R&D budget” is bullshit. You are not hot swapping a system that can identify terrorists with business data to tell you where to build more banana stands without massive R&D expenditure, same goes for every new line of business they are in. Unless they have cracked a true general AI machine which is science fiction, it will always need to be adapted by humans to answer new, novel questions.

Basically half of the benefits OP touts are obviously bullshit so that’s why some people are skeptical.",53,2021-01-06 11:11:06
giabwaa,t1_gi92cg0,Can you tell me what they actually do?,3,2021-01-06 16:57:36
gia6ikv,t1_gi92cg0,Roko's Basilisk.,2,2021-01-06 15:36:04
giavri5,t1_gi92cg0,"Because everyone and their mother uses Amazon and Google for the last 10-20 years. Palantir barely has any customers besides a couple intelligence agencies who are probably trying to get rid of Palantir and make their own software or get similar software cheaper. Everytime Palantir gets a new customer it's celebrated like crazy on Reddit, meanwhile other tech companies gain new customers like that every day. You basically got memed",2,2021-01-06 21:44:33
gielep7,t1_gi92cg0,Because it's not at all clear. They are operating at a loss and from what I've read their software is subpar.,1,2021-01-07 15:53:40
gi9lzt6,t1_gi92cg0,Because they dont provide any value. The software engineers are talking about NET and FSLY not PLTR lol.,2,2021-01-06 11:58:21
gi9o2ye,t1_gi92cg0,If you had a penny for every ‘I was told to invest in x when it first came out and didn’t’ story you’ve heard you’d be too busy swimming in an Olympic size pool full of cocaine to give a shit about stocks.,1,2021-01-06 12:16:14
gi96xsf,t1_gi8poat,40 iq points below a retard?,26,2021-01-06 09:54:18
gi9k27p,t1_gi8poat,"I mean, you can still get Apple stock, no? I'd guess it would keep going up over the next few years. I actually sold Nvidia when it was @ $120, so I'm right there with ya on that one.",1,2021-01-06 11:41:56
gi8rgcx,t1_gi8apih,"I got my space diaper on, cuz we ain’t coming back!!!",12,2021-01-06 07:51:04
gi9kb6h,t1_gi9871b,God I hate you,5,2021-01-06 11:44:04
gi8dq4e,t1_gi8bjlo,"Sentiment turned fairly negative today, and suddenly it has the first green day this side of Christmas😂",32,2021-01-06 06:18:58
gi97hjb,t1_gi8bjlo,Keep preaching brother man ~ It is the truth.  It will fly as soon as retard stop playing weeklies and talking about it.,7,2021-01-06 09:58:46
gi8q9wb,t1_gi8bjlo,I agree,7,2021-01-06 07:42:59
gi9d1kn,t1_gi8bjlo,They hated him because he spoke the truth...,5,2021-01-06 10:44:09
gi8ihwg,t1_gi8bjlo,Have an upvote! I sold 27 1/8 covered calls today so the bottom is probably in lol,10,2021-01-06 06:50:26
gi9nsas,t1_gi8bjlo,"I thought I was balls deep, I’m ankle deep apparently.",1,2021-01-06 12:13:39
giayglh,t1_gi8bjlo,"This is completely true. When everyone’s short calls die, it’s gonna pump. You think institutions didn’t notice yall winning on options last year?",1,2021-01-06 22:10:59
gi8xvl5,t1_gi8bkc2,Pltr turned wsb from weeklys to long term share holders...,62,2021-01-06 08:38:31
gi8k16w,t1_gi8bkc2,Let’s go with 3 years to be safe,40,2021-01-06 07:00:37
gi9q5nt,t1_gi8bkc2,pltr $500 2025,7,2021-01-06 12:34:32
gi8bto6,t1_gi8bkc2,Yes daddy,11,2021-01-06 06:06:33
gi8bzgw,t1_gi8bkc2,Was thinking more like 10 but I’ll take it 🚀🚀🚀,11,2021-01-06 06:07:35
gi9jzh7,t1_gi8bkc2,sheetcoin,1,2021-01-06 11:41:16
gi8rujy,t1_gi8nl68,Exactly,3,2021-01-06 07:53:48
gi8wxpj,t1_gi8ewld,Put the premium into more shares🚀🚀🚀🚀,8,2021-01-06 08:30:33
gi8svxt,t1_gi8d4vo,Depends on how big your PLTR position is.,14,2021-01-06 08:00:51
gi8dlny,t1_gi8d4vo,I’m here son,28,2021-01-06 06:18:10
gi8xjae,t1_gi8d4vo,It probably honestly can,5,2021-01-06 08:35:39
gia5nqc,t1_gi9cdha,"I'm long Palantir and I'd have to agree with this. 

I also think the comparison of PLTR to Tesla, Google, Amazon, Adobe etc is incorrect. These companies are B2C whereas Palantir is B2B and because of that, it won't have such a household name that EVERYONE is familiar with. I hope I am wrong but I just can't see PLTR become a company like those. It's not a consumer product unless they eventually decide to make an Operating System or something.",6,2021-01-06 15:23:58
giac1w4,t1_gi9cdha,"Finally someone not retarded in this thread. This type of ""DD"" should result in a ban.

The 2 big problems I have with peleton is, their yearly revenue is pretty low and they are burning so much cash to maintain the low revenue.

Also I dont think their product is any better than PowerBI/azure, Dell deep learning and or google. I think they are far behind.",0,2021-01-06 17:00:08
gi8i1k5,t1_gi8ffv2,Company found someone who spoke Japanese whoa better make sure they’re worth a trillion in a year!!!!!1!1!1!1,-21,2021-01-06 06:47:25
gi9g5dr,t1_gi9bz6e,I imagine $PLTR sees itself as the future in big data just for having a narrower focus than ibm ms and Google. Because of that narrower focus that is probably already using one of those 3 platforms they get to create more efficient methods for collecting sorting and dispensing said data cuz that shit can get messy really fast,7,2021-01-06 11:09:38
giaajo4,t1_gi9bz6e,"It is not just the ML, AI, fancy UI, role-based access to data.

The strength is that they have done a good job of aligning with government - existing contracts, data protection, refusing to work with foreign countries who are not aligned with US policy.  That has a huge value.

The small government departments with $20-30MM contracts don't have the competence to procure effectively, so will be drawn to the existing Gment suppliers because of safety in numbers.  If it is good enough for the three letter agencies, it is good enough for the South Dakota Border Patrol Agency etc.

You raise a valid point - all of IBM, Microsoft, Oracle, SAP, Northrop and PLTR all have good game.  But the new data analysis kids don't stand a chance on the big, lucrative contracts.  The competitors with the cooler tech (and I am sure there are many) will not stand a chance of winning the big contracts, other than through acquisition or partnerships with one of the majors.  Sensitive data does not align well with consortia of partners either.

The COVID tracking crap has probably helped.  I guess we'll be teased with 2-3 paragraphs in tomorrow's newspaper interview.

Big enterprise also see sucking from the federal tittie as a sign of strength, the government contracts make them a stable supplier.  The next new data analysis startup (and there are many) is great and cool, but will not have the wherewithal to win the big, long term enterprise contacts.  Add an enterprise sales force and it should be easy to outperform the current forecasts.

It does raise a question as to WTF Palantir was doing for the first 12 years of the 17 years though?  Most of the technology developed in those first 12 years must have been through 2 iterations by now.  Hopefully it was turned into experience and intellectual property, rather than a rusty stack of technical debt.

I assume a lot of the first years was spent playing ping-pong and riding scooters around the Bay Area until Mr Pltr made them to grow up and get of the valley.  Hope the grown up data quants are smart enough not to dump all their shares in the first year and to spread their stock sales out.  Anyway, data quants are not famous for being risk takers who immediately cash out and invest it all on coke and hookers.  I guess we'll find out.",5,2021-01-06 16:35:56
gial3yp,t1_gi9bz6e,"Dude, ML is not even their main product. What they’re doing is essentially giving their clients the ability to use their collected data to its full potential. Everyone and their grandmother always talk about collecting data, but the problem is, most companies don’t have the infrastructure or the knowledge to actually use it, so it just sits there and collects dust. 

If the company is a vehicle and data is the engine, Palantir is the transmission. No matter how big your V12 is, without the tranny, all that power is going nowhere.. 

🚀🚀🚀",6,2021-01-06 19:28:30
gi9fd91,t1_gi9bz6e,[removed],6,2021-01-06 11:02:56
gi922b7,t1_gi8f930,"It’s not that fundamental analysis is over, it’s just that they haven’t caught up with the fact that these companies can have an exponential growth curve rather than a linear one, because they aren’t capital intensive.

Technology is one of the few sectors that doesn’t have the capital requirements other industries do.

The other industry that is similar would be biotech and pharmaceuticals, and it’s well understood that after heavy R&D and years of losses those companies can explode when they have a viable product. 

Tech companies have the same structure. Palantir has been developing, refining, and continuously improving their product for years in a fairly intense area (government/military/intelligence). They developed a killer platform and now they are taking the step of trying to gobble up as much market share as quickly as possible to have staying power in the market.",16,2021-01-06 09:13:29
gi8xk92,t1_gi8xbr3,[removed],5,2021-01-06 08:35:53
giduwv0,t1_gi995ix,"fuck you dude, hope you enjoy the penthouse",2,2021-01-07 11:21:27
gi9tx4j,t1_gi90svd,"Bought jumia at $20-30, sold at $7. I belong here",3,2021-01-06 13:08:30
gi8s4u8,t1_gi8pvhj,2/22*,10,2021-01-06 07:55:46
gi8xo4c,t1_gi8wo0p,"But it's not ""bad"" advice either. I don't have a side I just play the price action.",1,2021-01-06 08:36:47
gi8s971,t1_gi8rsdn,[removed],3,2021-01-06 07:56:35
gia7799,t1_gia6duk,Fuck off boomer. Ban.,-1,2021-01-06 15:45:52
gi8gymn,t1_gi8c0lr,"this is so goddamned stupid. your definitions of analyzing and predictions are not ""literally opposite,"" they're the exact fucking same. analysts are making predictions too. who the fuck read this and upvoted.",22,2021-01-06 06:40:15
gi8lih8,t1_gi8h5pw,Just like 20 years of amazon.,8,2021-01-06 07:10:40
gi8xgtm,t1_gi8gtuj,Yourself*,15,2021-01-06 08:35:03
gi9xnxt,t1_gi94p22,[deleted],4,2021-01-06 13:45:54
giacz7j,t1_gi9o66l,Upvote because of moon at the end,11,2021-01-06 17:15:09
gi9y113,t1_gi9lzt6,Did you just compare CDN providers to a database analysis system....?,9,2021-01-06 13:49:47
gi99fmw,t1_gi96xsf,Terrible isn't it?,18,2021-01-06 10:14:46
gi9z6da,t1_gi9k27p,I sold 8000 shares of NIO at $2.22.  <sigh>,16,2021-01-06 14:02:15
gi9knkr,t1_gi9kb6h,Not nearly as much as I hate myself.,9,2021-01-06 11:46:59
gi8w9cu,t1_gi8k16w,Bro next week or nothing,19,2021-01-06 08:24:56
gi8xq0p,t1_gi8wxpj,Ah yes. Buy shares sell covered calls. Use the premium to buy more shares and sell more covered calls. Repeat for infinite tendies.,24,2021-01-06 08:37:14
gi8taos,t1_gi8svxt,It’s only 2 cm. Ooooh you are asking how big is my position and not the size of my pp,5,2021-01-06 08:03:41
gi8qb7v,t1_gi8i1k5,This but unironically,18,2021-01-06 07:43:14
gi8kc1q,t1_gi8i1k5,It’s not easy working and sustaining a business in Japan. They are.. different for sure.,13,2021-01-06 07:02:41
giayory,t1_giaajo4,">It does raise a question as to WTF Palantir was doing for the first 12 years of the 17 years though? Most of the technology developed in those first 12 years must have been through 2 iterations by now. Hopefully it was turned into experience and intellectual property, rather than a rusty stack of technical debt.

I'm just skimming but wanted to link this here:

https://patents.justia.com/assignee/palantir-technologies-inc

https://docoh.com/patent/by/companyId/1321655

465 patents owned by Palantir directly listed here. Looking around, it seems most every patent was filed from 2016 to 2020, with a huge swell of them in '20 as opposed to earlier.",3,2021-01-06 22:13:09
gia2qr1,t1_gi9fd91,So like tableau data prep,1,2021-01-06 14:45:14
gia3iuv,t1_gi922b7,"Isn’t the US government notoriously shitty at computers and the internet? Like with the hacking? I’m not super impressed by the government/military/intelligence now days. Honest question, isn’t there a risk that another country crushes us on this tech and ours becomes obsolete?",2,2021-01-06 14:55:13
gi8zojw,t1_gi8xk92,Thanks confirmed my spot,2,2021-01-06 08:53:38
gibni08,t1_gi9tx4j,oof. bought bout couple weeks ago at $48. i might end up in the same boat lol. cheers haha,2,2021-01-07 01:32:10
gi9w1ep,t1_gi8s4u8,Username checks out,3,2021-01-06 13:29:07
gi8ss2l,t1_gi8s971,Thanks champ,2,2021-01-06 08:00:07
gia7ee1,t1_gia7799,"Oh no did I hurt your feelings. Don’t post shit as DD.

PLTR may 🚀🚀🚀 yet but that doesn’t justify retards trying to unretard.

Just put some fucking rockets and a moon in there, at least make an effort if your trying to “DD”.",0,2021-01-06 15:48:43
gi8vavf,t1_gi8gymn,[removed],2,2021-01-06 08:17:30
gi8mv7p,t1_gi8gymn,"Ok let me clarify.

Analysts uses data to rate performance.

PLTR uses data to predict the fucking future.

The nature of analyzing, can only be done in past tense. Analysts use what they have to conclude what has happened. They can take a quarterly or yearly report and compare it to another period and determine peformance, but they will never predict the future. That's not the nature of analyzing.

Lets take an example. All the great minds in 1903 straight out rejected the idea of flying. Big US newspapers as well as world wide scientific communities rejected the idea. Then on the fucking 12/17 1903, the Wright brothers had made a vehicle that flew. Everyone had to eat their shit, because their analysis was wrong.

Analyzing data will only get conclusions or comparisons and indicators.

PLTR is pretty much doing the same, albeit i did write literally opposite, but their output data is to predict the future, not determine performance. They use it creatively to predict, not conservately to conclude.",-7,2021-01-06 07:19:43
gi9mzmk,t1_gi8xgtm,nobody wants to see that,16,2021-01-06 12:06:49
gibxc5q,t1_gi9xnxt,"It's been sky rocketing for a few years now - data analysts are one of the top 10 best career paths right now as it has huge demand and pays very well. Ironically the alumni of the master's program I'm in (quantitative economics) are primarily data analysts after school and everyone gets compensated well, albeit you need to consider I'm not U.S. based.",5,2021-01-07 02:44:21
gia2cyn,t1_gi9z6da,F,12,2021-01-06 14:40:22
gia3xdn,t1_gi9z6da,"You really never know. I follow tons of stocks and kept saying that they're going to go down b/c they reached they're ATH, but nope. And then right when I buy it's like the market read my mind and drops for the next 3 days.",5,2021-01-06 15:00:33
gia51nr,t1_gi9z6da,Im confused why you never got back in? It just kept on running for like a good 6 months.,1,2021-01-06 15:15:30
gi9kqdq,t1_gi9knkr,I really wish I bought Monday in the mid 23s. Something tells me it’s opening up tomorrow & over 30 from there,5,2021-01-06 11:47:39
gi8wtg7,t1_gi8w9cu,"Folks don’t forget, you heard it here first ^",5,2021-01-06 08:29:35
gi8y5mh,t1_gi8xq0p,I think it’s called compounding,15,2021-01-06 08:40:53
gi8lbe7,t1_gi8kc1q,Not that different. Its far easier than China.,3,2021-01-06 07:09:22
gib26m7,t1_gia3iuv,"I think the risk that another country has a substantial innovation in tech is significant. However, I’m not sure how many countries would be sharing military intelligence tech or platforms, so it’s probably less of a risk in that space in terms of a direct competitor in the open market.",1,2021-01-06 22:45:01
gia7g1b,t1_gia7ee1,You're such a boomer you don't even realise I'm not the OP...,0,2021-01-06 15:49:22
gi94kkt,t1_gi8vavf,No no hear me out. PLTR analyzes data to make predictions. They don't analyze it tho.,2,2021-01-06 09:34:30
gi90fsz,t1_gi8mv7p,">Analysts uses data to rate performance.  
>  
>PLTR uses data to predict the fucking future.

I think I'm beginning to understand. 

You're saying analysts using Palantir will be able to rate the performance of the future Palantir predicted? 

Jesus Christ, this is some big brain stuff...",2,2021-01-06 08:59:54
gjs8h6j,t1_gi8mv7p,dude people who analyze data use that analysis to make predictions. they're almost never separate.,1,2021-01-19 09:54:53
gi9wy3x,t1_gi9mzmk,Sell your mother.,3,2021-01-06 13:38:28
gibzi66,t1_gibxc5q,[deleted],1,2021-01-07 03:00:04
gi9l0q4,t1_gi9kqdq,My boomer dad who retired from Merrill told me to sell everything last week so that’s how I knew it was the right play. 🚀🚀🚀🚀🚀📈💸💸💸💎💎💎,6,2021-01-06 11:50:07
gi8ysdb,t1_gi8y5mh,I think wan buft has said a lot of good things about composting!,20,2021-01-06 08:46:11
gi8v9lt,t1_gi8lbe7,They don't and won't deal with China.,9,2021-01-06 08:17:15
gia7igr,t1_gia7g1b,"I know, you just rode in as white knight to save your boyfriend because you actually thought this was good DD.",0,2021-01-06 15:50:23
giaadtt,t1_gi9wy3x,Good one,3,2021-01-06 16:33:24
giehrg5,t1_gibzi66,Hey dude I have been considering this major recently and I was wondering if you could tell me a little about it?,1,2021-01-07 15:03:57
gibec9o,t1_gi9l0q4,Word,1,2021-01-07 00:24:06
giay3tq,t1_gi8v9lt,This is the way.,1,2021-01-06 22:07:37
gia7vi8,t1_gia7igr,How's your HCAC DD doing? -30%......solid DD,1,2021-01-06 15:55:41
gia8ndc,t1_gia7vi8,[removed],1,2021-01-06 16:07:04
gia8glz,t1_gia7vi8,"Struck a note did I? 

HCAC/GOEV turned out well, sold at 19.20 when I realised the numbers for market cap were wrong. Solid 15% in two days.",-1,2021-01-06 16:04:17
gia8puh,t1_gia8ndc,🚀🚀🚀🚀🚀🚀🚀🚀🚀🚀,1,2021-01-06 16:08:06
