comment_id,comment_parent_id,comment_body,comment_score,created_utc
ghwskgw,t3_kpeb5t,Tl:dr? Positions?,27,2021-01-03 14:27:55
ghwiss5,t3_kpeb5t,[deleted],70,2021-01-03 13:13:36
ghwio7s,t3_kpeb5t,we already know to buy GME,27,2021-01-03 13:12:10
ghy8nfl,t3_kpeb5t,".... It's a gamble that depends on their ability to make an actual profit,  growing revenue without growing their operating expenses. Since for now their operating expenses seems to be just growing on par with revenue, it's a no for me ATM. They are investing a lot, I get it .... but there is no free cashflow at the moment, so I'd wait another quarter or two. But thanks for the contribution of actual DD and good luck with your YOLO",8,2021-01-03 21:51:25
ghwr2ay,t3_kpeb5t,I think this is a solid DD. Any DD with more than 50 words here WSB is a solid DD,23,2021-01-03 14:17:12
ghwutp2,t3_kpeb5t,Many words. Won’t read but all in 20C 1/21,13,2021-01-03 14:45:09
ghx1p7q,t3_kpeb5t,I use yext and I think it’s utter shit,16,2021-01-03 15:39:06
ghybuaz,t3_kpeb5t,why hasn't it been bought by google if its good?,3,2021-01-03 22:17:27
ghzmtiy,t3_kpeb5t,"I like the fundamental picture here.

But....despite increasing revenue, their loss is increasing, **and the company is issuing a lot more stocks every year (50% more than 2018, a very significant dilution).**

Stock is cheap and company has potential, but the dilution each year may cause stock to continue stalling here.",3,2021-01-04 04:19:34
ghwjbfs,t3_kpeb5t,Positions or ban,7,2021-01-03 13:19:32
ghyfuoh,t3_kpeb5t,Stikes? Pleas don't say shares.,3,2021-01-03 22:48:50
gi1c52h,t3_kpeb5t,"The net income to revenue ratio is worsening as it ""grows"". This doesn't seem sustainable or in it's diseconomy zone. Basically until something changes I'm not seeing where this company will make the moon happen as Yext is a 14 year old company. It is not new. It is definitely not what I would consider ""young"".",2,2021-01-04 12:39:49
ghwppx8,t3_kpeb5t,Too many unfamiliar words,4,2021-01-03 14:07:52
ghzj228,t3_kpeb5t,I barely read anything you said but it's $15 so it's worth a shot,2,2021-01-04 03:50:46
ghx5cjv,t3_kpeb5t,"No 🚀🚀🚀, No TLDR...what am u supposed to do?",4,2021-01-03 16:09:41
ghyrxdo,t3_kpeb5t,Positions or Ban bitch and who do you work for,1,2021-01-04 00:28:14
ghyu1xo,t3_kpeb5t,Do you work for yext? Sometimes I think small companies hire people to post gloriously about their companies,1,2021-01-04 00:43:54
ghzxw9t,t3_kpeb5t,Fuck you idiot I’m not reading all that,1,2021-01-04 05:42:35
gi02acz,t3_kpeb5t,"Didn't read, what am I going all in on?",1,2021-01-04 06:16:25
gi0i21w,t1_ghwskgw,"No Tl:dr and no positions. For that reason, I’m out.",15,2021-01-04 08:20:17
ghwkchr,t1_ghwiss5,And not a single mention of the moon. Fuck is this trash,35,2021-01-03 13:29:12
ghxs1xs,t1_ghwio7s,but its been like 3 days since my last fix,2,2021-01-03 19:24:48
ghyucbf,t1_ghy8nfl,Positions?,5,2021-01-04 00:46:00
gi07e9e,t1_ghwr2ay,"The lack of 🚀🚀 is disturbing and make it imposible to trust. Ant retarded could have writte that, if there is no 🚀 and mooning words, what is this DD worth?",1,2021-01-04 06:56:13
gi07ive,t1_ghwutp2,"No 🚀, I don’t understand we must buy or he is just saying retarded shit.",1,2021-01-04 06:57:15
ghyfxoc,t1_ghx1p7q,"Really? I use yext for my biz and really enjoyed it. 

Well worth the $500/year price tag.",8,2021-01-03 22:50:32
ghxk4no,t1_ghx1p7q,All the DD I need,13,2021-01-03 18:14:06
gi7v3ri,t1_ghybuaz,why wasn’t CRM bought by Google if it was good,3,2021-01-06 04:18:54
ghx0rue,t1_ghwjbfs,Hold them shits bruh stop tryna gamble and keep it as a nest egg growth stonk goddamn anyway 20 calls for april,6,2021-01-03 15:32:07
gi07r9j,t1_ghwppx8,Too many words.,1,2021-01-04 06:59:09
ghz7ppv,t1_ghx5cjv,All in PLTR,2,2021-01-04 02:23:47
gi07sz8,t1_ghx5cjv,Spam positions or ban. And fck Op,0,2021-01-04 06:59:33
ghyyydr,t1_ghyrxdo,i’m unemployed i just write dds,1,2021-01-04 01:17:42
ghzj5lg,t1_ghwkchr,"Moon is history, if it aint Mars I dont wanna go",2,2021-01-04 03:51:32
ghzbwvl,t1_ghyucbf,Are you stupid?,6,2021-01-04 02:55:53
ghygegx,t1_ghx0rue,You mean May?,1,2021-01-03 22:55:00
gi02hq1,t1_ghyyydr,Being unemployed is bullish,4,2021-01-04 06:17:58
gi07mzb,t1_ghzbwvl,"I think the right word is “retarded”, try to stick to the vocabulary and don’t be so rude.
Fck u.",5,2021-01-04 06:58:10
