comment_id,comment_parent_id,comment_body,comment_score,created_utc
gj0gl7i,t3_kvtzcp,"This sub being against spacs or something because of the 1BN market cap rule has to be the dumbest thing ever. Ofc most are under 1BN when its in pure cash, instead endless posts about GME.",22,2021-01-13 00:23:49
gj5armm,t3_kvtzcp,"Was looking for a post about this. Apparently one of the board members from that SPAC is also on Biden's clean energy team. 

Bullish AF",6,2021-01-14 03:48:38
gj0cd2h,t3_kvtzcp,"Up 80% already, I remember when everyone though Proterra was supposed to be going public through Canoo’s spac. Warrants up 200%. Missed this 🚀 🚀 🚀",9,2021-01-12 23:49:25
gj0d454,t3_kvtzcp,I'm in at $11.01.🤷‍♂️,8,2021-01-12 23:55:50
gj0d0pg,t3_kvtzcp,The only (bang)bus we want is from $GOEV 🚀🚀🚀🚀🚀🚀🚀🚀,16,2021-01-12 23:55:02
gj0p0mu,t3_kvtzcp,1000 shares at 11$ just because I liked the name of the company,5,2021-01-13 01:28:16
gj0bndv,t3_kvtzcp,[removed],3,2021-01-12 23:43:06
gj0k3yv,t3_kvtzcp,NGA 🚀🚀🚀🚀,2,2021-01-13 00:51:04
gj1uhex,t3_kvtzcp,In at 13$ 🚀🚀🚀 next stop 👽🪐,2,2021-01-13 06:43:32
gj0ffoj,t3_kvtzcp,Missed it is already taken off....,1,2021-01-13 00:14:41
gj2f7gt,t3_kvtzcp,"If you are interested in this you will love New Flyer.  They are an established bus manufacturer doing zero emission buses.  Stock is rocketing, chart is very bullish.  In the US it is OTC:NFYEF, and in Canada on the TSX it is NFI.

My position: long shares.",1,2021-01-13 09:44:29
gjv2zvw,t3_kvtzcp,I bought the warrants,1,2021-01-20 03:37:20
gj0bt8y,t3_kvtzcp,WHATS THE TICKER YOU FUCKING RETARD,-2,2021-01-12 23:44:33
gj0kl7y,t3_kvtzcp,"Nevermind this garbage, NGA all the way!",0,2021-01-13 00:54:44
gj0bowv,t3_kvtzcp,"Sorry bruv, I'm on that NFI train. #1 electric bus maker and up 40%in the past 6 days. Come at me.",-1,2021-01-12 23:43:28
gj0bj96,t3_kvtzcp,Ban,-5,2021-01-12 23:42:06
gj1a74x,t1_gj0gl7i,"I do think 1bn is a little high... GME was below 1bn up until last month, so the rule is kinda loose.

But they need to protect themselves from the SEC and market manipulation so I understand.

With that being said... I heard about this on Tik Tok 5 days ago and got in at 12 flat. Feeling amazing rn lol",6,2021-01-13 04:07:32
gj0h6pf,t1_gj0gl7i,"What's worse is that they aren't below 1bn in valuation in reality, it's just the valuation of the acquisition company that is below 1bn. At its current price, Proterra is worth about 3.2bn",8,2021-01-13 00:28:30
gj0do6s,t1_gj0d454,You're a legend sir,3,2021-01-13 00:00:23
gj0qy1i,t1_gj0d0pg,my calls are crying tears of sadness,3,2021-01-13 01:42:39
gj3bryt,t1_gj0bndv,"There is a 15 hour delay fetching comments.

I will be messaging you in 2 months on [**2021-03-13 15:43:06 UTC**](http://www.wolframalpha.com/input/?i=2021-03-13%2015:43:06%20UTC%20To%20Local%20Time) to remind you of [**this link**](https://np.reddit.com/r/wallstreetbets/comments/kvtzcp/evbus_manufacturer_proterra_to_go_public_through/gj0bndv/?context=3)

[**CLICK THIS LINK**](https://np.reddit.com/message/compose/?to=RemindMeBot&subject=Reminder&message=%5Bhttps%3A%2F%2Fwww.reddit.com%2Fr%2Fwallstreetbets%2Fcomments%2Fkvtzcp%2Fevbus_manufacturer_proterra_to_go_public_through%2Fgj0bndv%2F%5D%0A%0ARemindMe%21%202021-03-13%2015%3A43%3A06%20UTC) to send a PM to also be reminded and to reduce spam.

^(Parent commenter can ) [^(delete this message to hide from others.)](https://np.reddit.com/message/compose/?to=RemindMeBot&subject=Delete%20Comment&message=Delete%21%20kvtzcp)

*****

|[^(Info)](https://np.reddit.com/r/RemindMeBot/comments/e1bko7/remindmebot_info_v21/)|[^(Custom)](https://np.reddit.com/message/compose/?to=RemindMeBot&subject=Reminder&message=%5BLink%20or%20message%20inside%20square%20brackets%5D%0A%0ARemindMe%21%20Time%20period%20here)|[^(Your Reminders)](https://np.reddit.com/message/compose/?to=RemindMeBot&subject=List%20Of%20Reminders&message=MyReminders%21)|[^(Feedback)](https://np.reddit.com/message/compose/?to=Watchful1&subject=RemindMeBot%20Feedback)|
|-|-|-|-|",1,2021-01-13 15:34:14
gj0bzaz,t1_gj0bt8y,READ THE POST YOU RETARD THE TICKER IS BANNED HERE,14,2021-01-12 23:46:03
gj0hhsr,t1_gj0bt8y,GOEV,5,2021-01-13 00:30:55
gj0bzhp,t1_gj0bt8y,[deleted],-1,2021-01-12 23:46:06
gj0c5tu,t1_gj0bowv,Act c is up 80 percent today...,3,2021-01-12 23:47:39
gj0bq75,t1_gj0bj96,"Just trying to give people a chance here to make some tendies bro. Look at my track record, I was early with CIIC and PLTR, got in both at $15",4,2021-01-12 23:43:47
gj1f0k5,t1_gj1a74x,Congrats! How much did you buy?,4,2021-01-13 04:44:20
gj9z6r4,t1_gj0h6pf,"I’m trying to understand SPACs better, can you explain how you got the 3.2bn valuation?",1,2021-01-15 05:57:15
gj10u91,t1_gj0bzaz,Hey hey. You know damn well most of us can’t read,2,2021-01-13 02:56:40
gj0cag3,t1_gj0bzhp,a c t c,2,2021-01-12 23:48:46
gj0cfdr,t1_gj0c5tu,Yeah but NFI isnt a pump and dump though. Big difference. The boat for Acrlight has already sailed far far away.,-4,2021-01-12 23:49:59
gj0db6d,t1_gj0bq75,"Bruh, can you continue on your mission to pump PLTR? 

I'm a bagholder and these bags are getting heavy these days.",4,2021-01-12 23:57:29
gj0hbf9,t1_gj0bq75,"If you got in CIIC at $15, you were not early...",2,2021-01-13 00:29:30
gj1giyq,t1_gj1f0k5,"820 shares. I made over 10k so far! Sold 400 once it hit 24 and gonna ride the rest to 800m-1b market cap then sell another half

My biggest single day gain ever and it comes from shares lol. Maybe options aren’t the way 🤔🤔🤔",5,2021-01-13 04:55:36
gj0d0zk,t1_gj0cfdr,Pump and dump?? Big Chamath in  it scoob,5,2021-01-12 23:55:06
gj0de9k,t1_gj0cfdr,Lol just cause you’re not making money on it doesn’t make it a pump and dump,4,2021-01-12 23:58:09
gj2so5k,t1_gj1giyq,Who'd you hear it from on Tik Tok?,2,2021-01-13 11:45:53
gj37pyf,t1_gj2so5k,His name is JohnnyOnTheStocks!,3,2021-01-13 14:35:02
