comment_id,comment_parent_id,comment_body,comment_score,created_utc
gi5zfy3,t3_kqv48d,I think you're on to something. The Cons might be a pro if the economy indeed crashes and all we can afford is bootleg stuff on Wish.,54,2021-01-05 17:47:47
gi60f01,t3_kqv48d,I’m weary of this because of my own experience.. Ali Express is the elite and Wish is not as trustworthy and full of more junk.. and Ali express has gone downhill.. went from receiving 99% of packages to less than 50% last year. I stopped ordering because of it. I went from using it daily to not at all. I used to order hundreds of packages for crafts - all small items. I made one big order last year two of a heavy item and it didn’t arrive either so it’s not a case of not caring about the smaller items. I don’t see people having faith in it until this is over. And people that only started shopping this year will probably never go back because it’s their only experience,21,2021-01-05 18:04:28
gi694o8,t3_kqv48d,"How the hell do they have things like leather g-strings for $0.50? I've been needing some to go along with my stock trading ceiling swing, but it seems too good to be true.",10,2021-01-05 20:24:36
gi5zp58,t3_kqv48d,I said WISH was a buy last Thursday,8,2021-01-05 17:52:13
gi60jlx,t3_kqv48d,This company is shit. So 🚀🚀 it is,13,2021-01-05 18:06:41
gi5zhgg,t3_kqv48d,"Nice dd, got my upvote!",7,2021-01-05 17:48:31
gi638ox,t3_kqv48d,$WISH is the online version of the dollar store. Huge TAM.,6,2021-01-05 18:52:56
gi67hwh,t3_kqv48d,"WISH has shit products, probably will skyrocket...",8,2021-01-05 20:00:52
gi5zc56,t3_kqv48d,This might just be the 10 bagger we still have time to get into at low cost. The quality part I’m not too worried about because there will be improvement with economies to scale. China market cap is huge and people there are just beginning to consume. So much value here and untapped market share to capture.,6,2021-01-05 17:46:00
gi8gf1r,t3_kqv48d,Thanks for the knowledge on this play I am a degen that will put 40k end of the month,5,2021-01-06 06:36:36
gi5zxx2,t3_kqv48d,You son of a bitch. Im in. $WISH me a safe journey to the moon retards,10,2021-01-05 17:56:19
giiqzz5,t3_kqv48d,In with 3000 stocks...when you are not paying std prices why u worry abt quality...their target audience are middle to lower class population and expanding to ton of countries....see ya at 60+ in a year,5,2021-01-08 15:35:48
gi6fh9w,t3_kqv48d,"I think the biggest downside is that it is relatively expensive compared to AMZN. They are all trading in the 5 - 6x revenue range, but WISH is only growing 10 - 20% per year, whereas AMZN and BABA are growing 35%+ (despite being exponentially larger)",3,2021-01-05 21:42:52
h1vbzz2,t3_kqv48d,"Ahh, Sh!t here we go again (like GME & AMC)",3,2021-06-16 01:24:31
gi5zdgm,t3_kqv48d,I might just go all in on it at current IPO price,3,2021-01-05 17:46:38
gi6p7at,t3_kqv48d,I bought into WISH last Thursday as well. Bought some 2/19 25c,3,2021-01-05 23:14:49
gj58t2p,t3_kqv48d,I WISH I had bought more! Still a good day so far,3,2021-01-14 03:34:01
gi62hn5,t3_kqv48d,"Here's another thing to remember:

In the past, Amazon also had questionable products and tons of fake reviewers. That changed. Wish can too.",4,2021-01-05 18:40:11
gi63d9e,t3_kqv48d,"Cheap products,  expensive and delayed shipping. Ew?",5,2021-01-05 18:55:06
gi5zwr7,t3_kqv48d,"when the core principal of your business is selling shitty ass junk from China, you aren't going to go very far. can't improve the business if the foundation is shit. puts.",13,2021-01-05 17:55:45
gqj8a6w,t3_kqv48d,I still believe,2,2021-03-11 12:36:11
h2etuod,t3_kqv48d,"I don’t think you were wrong, just early. $wish now looks bottomed out and setup to MOVE.",2,2021-06-20 17:06:53
gia0mw7,t3_kqv48d,"fucking, ok someone please: is $WISH the STOCK the same as WISH the shopping app???",5,2021-01-06 14:19:07
gi6oxc6,t3_kqv48d,"I just bought some of these along with some Alibaba shares, their value seems to be significantly lower than their competitors.",2,2021-01-05 23:12:28
gi6tvjc,t3_kqv48d,"Wish sells dollar store shit at $30 a piece. 



...I’m in",2,2021-01-05 23:53:26
gi6uw63,t3_kqv48d,It should go up soon. I think it’s starting its runway this week,2,2021-01-06 00:01:33
gi6yc68,t3_kqv48d,Isn’t wish like a dollar store of Amazon,2,2021-01-06 00:28:01
gj9z687,t3_kqv48d,🚀🚀🚀🚀🚀🚀🚀🚀🚀🚀,2,2021-01-15 05:57:07
gjwuyrf,t3_kqv48d,My pp go ba-doing doing doing,2,2021-01-20 12:36:37
gkr2xpg,t3_kqv48d,Wish will go 60 eoy,2,2021-01-26 05:13:52
gkw0kdj,t3_kqv48d,"Nicely written. I'm currently holding 323 @ 22.90, slowly adding more.... not selling for next 5 years :)",2,2021-01-27 08:15:50
gpzvfa2,t3_kqv48d,I think now is the time. Earnings Monday will show some fancy numbers because of the square board member. It looks like it bottomed. Might get a few hundred on this rise and then walk away before the earnings call. Because we all know earnings announcements crash a stock. 95 % of stock still being held by institutional investors so only 5%.retail investors. And since apes strong together and we magnify our dumb plays this one is a winner. I think I'm doing this right.,2,2021-03-07 02:48:41
gi66a4y,t3_kqv48d,"What a shithole scam company.

Needs to go bankrupt for being illegal",4,2021-01-05 19:42:03
gi6cnbt,t3_kqv48d,"Wish is not capitalizing on a market that wants “cheap, low quality shit.” It is deceiving customers.",1,2021-01-05 21:10:39
gi6nq5v,t3_kqv48d,"Love how you can get 90% of items for free from AliExpress and Wish. 

Item did not arrive and protection time running out... for almost everything... Then 2-7 days after refund, your items arrive.",1,2021-01-05 23:01:57
gi8gfi7,t3_kqv48d,#uprisetrading in the building 💰,1,2021-01-06 06:36:41
gip0cdz,t3_kqv48d,"Wish kind of reminds me of walmart tbh, the quality is bad but that's all that most boomer bears can afford so the stonk will go up.",1,2021-01-10 05:18:55
gi67ecj,t1_gi5zfy3,[deleted],30,2021-01-05 19:59:21
gi5znka,t1_gi5zfy3,Fax.,11,2021-01-05 17:51:28
gi67qba,t1_gi60f01,I heard there was a pandemic last year affecting all industries like shipping and manufacturing...could be a rumor.,20,2021-01-05 20:04:17
gi6dh0x,t1_gi60f01,Sounds like you should switch to Wish,7,2021-01-05 21:20:29
gi6az9g,t1_gi60f01,"Wary retard, unless you meant that you are tired. Remember wary like beware. It's not like you have a dictionary at your fingertips 24-7, right?",-3,2021-01-05 20:49:25
gi7m5s6,t1_gi694o8,Because literally everything sold on wish is a knockoff.,5,2021-01-06 03:26:16
gi5zxhz,t1_gi5zp58,I averaged down on my shares on Thursday luckily. And it’s still a buy for me.,4,2021-01-05 17:56:07
gi66yr4,t1_gi5zc56,[deleted],6,2021-01-05 19:52:45
gi5zsj3,t1_gi5zc56,Absolutely. Couldn’t agree more.,2,2021-01-05 17:53:48
gikhioy,t1_gi8gf1r,Hey man analysts are doing reviews on monday and by the looks of it there gonna say great stuff... might be a good idea to buy it today that’s what I’m doing,2,2021-01-09 02:44:57
gj5b0bo,t1_gj58t2p,"Gains is gains brotha, glad you were able to get in on the action haha.",2,2021-01-14 03:50:23
gi65yk1,t1_gi62hn5,Does this mean my WISH 01/15 $3500C will print?,17,2021-01-05 19:36:58
gi6ersj,t1_gi62hn5,"Amazon is probably the worst it has ever been. If it's not sold and shipped by Amazon, I refuse to buy it because it's fake half the time.",2,2021-01-05 21:35:17
gi63ooq,t1_gi62hn5,Yessirrr,1,2021-01-05 19:00:25
gi6ym5u,t1_gi63d9e,Wish be sending me wrong shit. Definitely don’t look like the image.,3,2021-01-06 00:30:10
gi60v8z,t1_gi5zwr7,"People in Africa and Asia order metric tons of shit from WISH. There are 7.6 bilion people in the world, huge chunk of them live in poverty and buying off of WISH might be the only thing they can afford.",8,2021-01-05 18:12:09
gi603ud,t1_gi5zwr7,"Good luck! I can’t imagine the share price significantly dropping upon their next earnings report. The company has had consistent yearly growth in revenue, and the holiday season in addition to Covid should result in some crazy numbers soon.",2,2021-01-05 17:59:09
gi5zzq8,t1_gi5zwr7,Ass clown please. Not in the AM ples.,2,2021-01-05 17:57:11
giniw57,t1_gi5zwr7,See WMT,1,2021-01-09 21:24:54
h2sdrjh,t1_h2etuod,"Thank you, I agree. I wish I sold off more than I did when it was above $30, but I’ve continued to dollar cost average on the way down, so my current position isn’t in too rough of shape.",1,2021-06-24 01:08:16
giiqtxg,t1_gia0mw7,Yes 😇,4,2021-01-08 15:33:24
gqj8dq1,t1_gpzvfa2,"Anything under $20 is a steal.  The earnings call was enlightening and shows the executive team has their shit together, YOY growth, big profits will come.",2,2021-03-11 12:37:12
gi68c89,t1_gi67ecj,"It’s what AliExpress could be if they advertised (more?) on Facebook. 
It’s basically dropshipping from Aliexpress. All items can be bought cheaper on aliexpress with the same crappy quality, long shipping times and good refund policy.
I don’t think wish will ever have better quality products/faster shipping at the same price.",8,2021-01-05 20:13:15
gi65rq7,t1_gi5znka,Machine,3,2021-01-05 19:33:57
gi67zgp,t1_gi67qba,The packages are so light I think they all went onto passenger planes and for fuck all and now all that’s closed down. I mean it’s cheaper to buy something from China then to send a letter in my own country. How is that even possible when the postman is delivering my packages from China,0,2021-01-05 20:08:06
gi6ptmu,t1_gi6az9g,Thank you so much for posting this! You're a hero,3,2021-01-05 23:20:04
gi60hnf,t1_gi5zxhz,Also take into consideration the timing of the WISH ipo as the mkts haven’t been that great since it’s date of 12/16 as there hasn’t been ONE day of a 1% plus gain in the S&P and NASDAQ!,2,2021-01-05 18:05:45
giniszk,t1_gi66yr4,San Francisco is in the states.,1,2021-01-09 21:23:44
gi60lh6,t1_gi5zsj3,It’s time to start buying now as it’s already started moving,5,2021-01-05 18:07:31
gi6suvb,t1_gi60v8z,My non-college educated and poorer friends use wish regularly.  People have bought low quality shit from Walmart for years and a perfectly willing to continue that habit on Wish. If Wish is taken up by poor people around the world they have a huge potential market.,5,2021-01-05 23:45:11
gi61p9t,t1_gi60v8z,"Yup there are millions of people around the world that buy cheap junk, love to buy cheap junk, are addicted to buying cheap junk...and here’s the largest co in the world that caters to their desires!",7,2021-01-05 18:26:34
gi61a30,t1_gi60v8z,there's no reason for people in Asia to order from WISH as WISH's suppliers are based in Asia. All WISH is doing is drop shipping cheap shit and making a small margin on large volumes. Why pay the mark up when you live at the source. I'd like to see some data on Africa using WISH. WISH is just a glorified dropshipping scam.,5,2021-01-05 18:19:17
gi60o2i,t1_gi5zzq8,have fun losing money,2,2021-01-05 18:08:44
ginim55,t1_gi68c89,Well you take baba at $600 billion and i'll put my nuts on the table with the $11 billion dollar one.,1,2021-01-09 21:21:08
ginipzg,t1_gi6ptmu,Im going to hold for a 10 bagger. My grey future is bright for this one.,2,2021-01-09 21:22:36
gi62lav,t1_gi61a30,"They’re saying 100mm MAU, and 85% market revenue is from EU/NA. Yeah they’re spending more than Asia/Africa but still.",2,2021-01-05 18:41:54
gi6yt63,t1_gi61a30,"And some drop shippers are using wish to upsale it more. I’ve seen it in Instagram, making it 50% more expensive",1,2021-01-06 00:31:39
gipa18w,t1_ginipzg,"I have a few hundo in WISH, im slowly going to add over the next couple of weeks until im in for about 2k. Il reevaluate in feb",2,2021-01-10 06:38:37
