comment_id,comment_parent_id,comment_body,comment_score,created_utc
gj6ipfx,t3_kwv160,Rice is about to go up thank god I have like 100 million stock pilled. hahahahahahaha,10,2021-01-14 09:32:10
gj6j4h5,t3_kwv160,Colombian exchange is cancelled?,2,2021-01-14 09:35:48
gj6hthc,t3_kwv160,"No, because they know sleepy Joe is in their pocket and make it go away day 1 in office.",7,2021-01-14 09:24:29
gj6j72u,t3_kwv160,Who cares this Is 2018 news,1,2021-01-14 09:36:25
gj6yygv,t3_kwv160,I don’t get what this has to do with game stop ?,1,2021-01-14 11:57:49
gj6ijs2,t3_kwv160,Yes. They will retaliate by getting Biden elected.,-5,2021-01-14 09:30:48
gj6ivdq,t3_kwv160,Thought you boys where best at cotton picking,-4,2021-01-14 09:33:36
gj6jer9,t1_gj6ipfx,r/dadjokes over here,3,2021-01-14 09:38:16
gj6ic91,t1_gj6hthc,I thought the term was Creepy Joe.,-2,2021-01-14 09:28:59
gj6m2a1,t1_gj6ic91,Why not both?,6,2021-01-14 10:00:59
gj75zlv,t1_gj6m2a1,Booom !!! Creepy sleepy Joe 😴,1,2021-01-14 13:09:11
gj7kuul,t1_gj6m2a1,"No, based joe finna carry the US watch",0,2021-01-14 16:34:22
