comment_id,comment_parent_id,comment_body,comment_score,created_utc
gi70ssk,t3_kr21vu,ICLN leaps,61,2021-01-06 00:47:04
gi70ko1,t3_kr21vu,"Boycott voting
Lose election
Surprised Pikachu face",69,2021-01-06 00:45:20
gi73eju,t3_kr21vu,also weed stocks,25,2021-01-06 01:06:59
gi7ukbg,t3_kr21vu,Since when is a .45 correlation strong,10,2021-01-06 04:15:29
gi71mvr,t3_kr21vu,GOEV 💥💥💥,27,2021-01-06 00:53:27
gi7be68,t3_kr21vu,Weed stonks,9,2021-01-06 02:06:36
gi724gi,t3_kr21vu,TLRY TO THE MOON,16,2021-01-06 00:57:08
gid8jp9,t3_kr21vu,GUYS IM RICH,6,2021-01-07 08:29:37
gi7uwh2,t3_kr21vu,"in for PLUG 40c 1/8/2021 ,heard the first ones free 🚀🚀🚀🚀",5,2021-01-06 04:17:39
gi75abz,t3_kr21vu,[deleted],8,2021-01-06 01:21:16
gi7170b,t3_kr21vu,"**I am a bot and identified and tracked the following options picks within this post:**

|**Ticker**|**Strike**|**Type**|**Exp**|**Recorded Premium**|**Recorded Stock Price**|**OI**|**Volume**|
|:-|:-|:-|:-|:-|:-|:-|:-|
|**PLUG**|**$40**|**BUY CALL**|**2021-01-08**|**$0.09**|**$32.43**|**2970**|**3490**

[Realtime ROI](https://www.pickmojo.com/pick/ckjk8anmbdkq20776qyi2hpqa) | [Track Record](https://www.pickmojo.com/user/Mugtown/) | [Bot Info](https://www.reddit.com/r/pickmojo/comments/he9ghu/options_picks_tracking_bot_information/) | Leaderboard: [Week](https://www.pickmojo.com/stocks/best-this-week-reddit), [Month](https://www.pickmojo.com/stocks/best-this-month-reddit), [All](https://www.pickmojo.com/stocks/top-reddit) | [Exit this position](https://www.pickmojo.com/reddit_redirect)

**^(*My owner is monitoring these posts, reply with feedback! You can now track comments by mentioning me!)**",4,2021-01-06 00:50:05
gi76i2z,t3_kr21vu,NIO,3,2021-01-06 01:30:22
gi7jzz6,t3_kr21vu,Boomers love GE as their green energy stock.,3,2021-01-06 03:10:35
gid54op,t3_kr21vu,This aged well given PLUG news,3,2021-01-07 08:03:10
gi7bdh6,t3_kr21vu,Don't sleep on Exxon...,2,2021-01-06 02:06:27
gi90gxi,t3_kr21vu,GOEV 🍆 🚀 🍆 🚀 🍆 🚀 🍆 🚀 🍆 🚀 🍆 🚀 🍆 🚀,2,2021-01-06 09:00:10
giddwi3,t3_kr21vu,This guy is sitting in moon gains tmr,2,2021-01-07 09:11:11
gif08lc,t3_kr21vu,RIG- they are deepwater oildrilling company. Biden won't allow frecking. There was no investment in drilling and this is the only deepwater drilling company which survived the COVID.,2,2021-01-07 19:48:20
gigtxw0,t3_kr21vu,"Hit on PLUG, miss on FSR",2,2021-01-08 05:02:22
gi78h3a,t3_kr21vu,[deleted],9,2021-01-06 01:45:02
gi7qx05,t3_kr21vu,$tlry 🚀🚀🚀🚀🚀 🚀🚀🚀🚀🚀🚀🚀🚀🚀🚀🚀🚀🚀🚀🚀🚀🚀🚀🚀🚀🚀🚀🚀🚀🚀🚀🚀🚀🚀🚀🚀🚀🚀🚀🚀🚀🚀🚀🚀🚀🚀🚀🚀🚀🚀🚀 🚀🚀🚀🚀🚀🚀🚀🚀🚀🚀🚀🚀🚀🚀🚀🚀🚀🚀🚀🚀🚀🚀🚀🚀🚀🚀🚀🚀🚀🚀🚀🚀🚀🚀🚀🚀🚀🚀🚀🚀🚀🚀🚀🚀🚀🚀 🚀🚀🚀🚀🚀🚀🚀🚀🚀🚀🚀🚀🚀🚀🚀🚀🚀🚀🚀🚀🚀🚀🚀🚀🚀🚀🚀🚀🚀🚀🚀🚀🚀🚀🚀🚀🚀🚀🚀🚀🚀🚀🚀🚀🚀🚀 🚀🚀🚀🚀🚀🚀🚀🚀🚀🚀🚀🚀🚀🚀🚀🚀🚀🚀🚀🚀🚀🚀🚀🚀🚀🚀🚀🚀🚀🚀🚀🚀🚀🚀🚀🚀🚀🚀🚀🚀🚀🚀🚀🚀🚀🚀 🚀🚀🚀🚀🚀🚀🚀🚀🚀🚀🚀🚀🚀🚀🚀🚀🚀🚀🚀🚀🚀🚀🚀🚀🚀🚀🚀🚀🚀🚀🚀🚀🚀🚀🚀🚀🚀🚀🚀🚀🚀🚀🚀🚀🚀🚀 🚀🚀🚀🚀🚀🚀🚀🚀🚀🚀🚀🚀🚀🚀🚀🚀🚀🚀🚀🚀🚀🚀🚀🚀🚀🚀🚀🚀🚀🚀🚀🚀🚀🚀🚀🚀🚀🚀🚀🚀🚀🚀,3,2021-01-06 03:54:03
gi9x81e,t3_kr21vu,I TOLD YOU DEMOCRATS,3,2021-01-06 13:41:22
gi71jxc,t3_kr21vu,"Hope they dont win.  Not for any political leanings, own the libs or unhealthy Trump love.  I am just fond of gridlock in DC. So having a GOP Senate isnt the worst thing.",4,2021-01-06 00:52:49
gi78bdg,t3_kr21vu,https://projects.fivethirtyeight.com/georgia-senate-polls/,2,2021-01-06 01:43:51
gi79tgm,t3_kr21vu,"Anyone on FCEL then? 

I’ve been waiting for something to happen with them...",1,2021-01-06 01:54:59
gi7pcam,t3_kr21vu,Green Hydrogen hidden gem: NLLSF,1,2021-01-06 03:45:38
gi851ah,t3_kr21vu,You'd be pretty retarded to assume they're going to (both) win. Have you learned nothing?,1,2021-01-06 05:22:32
gi86t28,t3_kr21vu,Cocaine Mitch Fucked up with 2000 stimmy.,1,2021-01-06 05:34:06
gi8q81w,t3_kr21vu,EV EV EV,1,2021-01-06 07:42:38
gidb5hx,t3_kr21vu,Why didn’t I see this yesterday. Cheers,1,2021-01-07 08:49:56
gidrqtf,t3_kr21vu,You made me a lot of money. Thanks op,1,2021-01-07 10:56:54
gifrs9z,t3_kr21vu,Wonder what happened to OP’s calls? Give us some gains porn bruv,1,2021-01-08 00:20:49
gi711ha,t3_kr21vu,"Of course they will win, they have trucks full of ballots filled out in New York being driven down to Georgia right now.

Edit:  You guys seem pretty offended by a joke, maybe a bit of a guilty conscience? 

We can make fun of 9-11 but don't poke fun of the election.  Guess most of you guys weren't out of diapers when that took place.",-30,2021-01-06 00:48:55
gia0s0n,t3_kr21vu,ENPH 🚀🚀🚀,0,2021-01-06 14:20:46
gi75rap,t3_kr21vu,"Clean energy yes, pumping Chyna EV hellllll no",-2,2021-01-06 01:24:46
gi7i8rp,t1_gi70ssk,Same if by leaps you mean 1/15,17,2021-01-06 02:57:22
gi79b8y,t1_gi70ssk,Nice to hear. Got in a while back,4,2021-01-06 01:51:15
gi7g03r,t1_gi70ssk,This is the way,3,2021-01-06 02:40:48
gi75ekm,t1_gi70ko1,Solid DD. $RGR FD's ftw,12,2021-01-06 01:22:09
gi75aah,t1_gi73eju,Yep I agree,5,2021-01-06 01:21:16
gi7f6p1,t1_gi73eju,"I’m holding MJ leaps but am looking for a lotto ticket play.

Any suggestions?",1,2021-01-06 02:34:48
gi77ow7,t1_gi71mvr,I can’t bring myself to investing in them because I just don’t think that fuckin van is gonna be anything beyond niche,11,2021-01-06 01:39:13
gi73qr8,t1_gi71mvr,yes please pump i need an exit point,5,2021-01-06 01:09:38
gi7f9ks,t1_gi724gi,Username checks out,9,2021-01-06 02:35:23
gi9ygks,t1_gi724gi,"Loaded up on 12.50c 1/8 @0.16 two days ago retard strength don’t stop

Imma let y’all know how I be doin",2,2021-01-06 13:54:26
gidtbsu,t1_gid8jp9,Well done OP. Been sitting on PLUG myself for a couple weeks. Today was nice.,2,2021-01-07 11:08:50
gid4bel,t1_gi7uwh2,🚀,1,2021-01-07 07:56:58
gi7cr5w,t1_gi75abz,Nah the SOS said probably Wednesday morning.,8,2021-01-06 02:16:46
gi730f5,t1_gi7170b,btw guys my LYV call was pretty solid.,1,2021-01-06 01:03:57
gi7lww8,t1_gi76i2z,Also seems good.,1,2021-01-06 03:24:33
gi7lz1p,t1_gi7jzz6,Good one. I like it.,1,2021-01-06 03:24:58
gid8l7e,t1_gid54op,I have so many tendies,2,2021-01-07 08:29:56
gi7k5si,t1_gi7bdh6,Exxon? More like Exx-gone. If you want to be a boomer go with GE,5,2021-01-06 03:11:48
gi7jogy,t1_gi7bdh6,Too late.,1,2021-01-06 03:08:10
gim2meq,t1_gigtxw0,Yeah not sure why FSR lagged other green energy stocks so hard.,1,2021-01-09 10:16:47
gi9t21y,t1_gi78h3a,aged like fine wine,3,2021-01-06 13:00:32
gia5os4,t1_gi78h3a,Got any other bright ideas we can do the opposite of?,3,2021-01-06 15:24:22
gi9ntp6,t1_gi78h3a,Lol fuck off you stupid idiot,3,2021-01-06 12:13:59
gi73tda,t1_gi71jxc,Balance is critical. You don’t want either side to have carte blanche.,21,2021-01-06 01:10:12
gi7lxrs,t1_gi79tgm,I think PLUG is the better play here,2,2021-01-06 03:24:43
gigfbn8,t1_gifrs9z,I did not realize it was remotely possible to make the amount of money I made given my position.,3,2021-01-08 03:13:06
gi71d3c,t1_gi711ha,I hope this is real and not sarcasm so i know im not the dumbest person here,30,2021-01-06 00:51:23
gi71dcb,t1_gi711ha,"If Biden is such a criminal mastermind to compose such a massive and coordinated vote fraud, I would 120% want him to become the president",16,2021-01-06 00:51:25
gi7fxb8,t1_gi711ha,RIP your Karma.,2,2021-01-06 02:40:14
gi7188z,t1_gi711ha,Oh so you’re THAT dumb,9,2021-01-06 00:50:20
gi73f30,t1_gi711ha,"Just so everyone else knows. Even without the WSBVoteBot, you can click on ""Report"" ---> Breaks WSB's rules ---> [Select Which Rule is violated]. In this case, political BS.

I report these kinds of comments/posts hoping the mods keep a tally somewhere and eventually ban the user if it's adds up to exceed the mods' personal risk tolerance.",5,2021-01-06 01:07:06
gi76lqz,t1_gi711ha,"Can I just say that of all the idiots in all the idiot villages in all the idiot worlds, you stand alone, my friend.",1,2021-01-06 01:31:08
gi7hjse,t1_gi711ha,[deleted],-2,2021-01-06 02:52:13
gi7f8hi,t1_gi75ekm,This is the way,6,2021-01-06 02:35:10
gi7grog,t1_gi7f6p1,idk aphria or some shit,3,2021-01-06 02:46:27
gi7ie6l,t1_gi7f6p1,Tilray? I think they had a merger with Aphria. They’ve been up 70% last 3 months from ~$6 to ~$9.,3,2021-01-06 02:58:30
gi77vl0,t1_gi77ow7,They also have sport cars 😆,15,2021-01-06 01:40:36
gi7ekhf,t1_gi77ow7,biggest opportunity is the last mile delivery play for them i think,4,2021-01-06 02:30:11
gi73ufk,t1_gi73qr8,No it’s long Canoo babe. They about to announce partnership.,11,2021-01-06 01:10:25
gi9p3z6,t1_gi7f9ks,"I gave you my coveted free silver award because that made me fucking laugh, especially after looking your user",3,2021-01-06 12:25:13
giinl30,t1_gi730f5,Just for my own curiousity... how many contracts did you buy?,1,2021-01-08 14:48:22
gi773se,t1_gi73tda,"Agreed. I don’t know why people are dow voting you. Everyone on WSB should be hoping for a Republican senate. Otherwise, if Dems sweep - maybe your solar stocks moon, but goodbye to rest of your equities / big tech as they decide to raise corporate tax rate back to the moon...",2,2021-01-06 01:34:53
gijcjdk,t1_gi7lxrs,You were right,2,2021-01-08 21:07:47
gii5jvf,t1_gigfbn8,Shiiiieeeeeeettttt. I yolo’d some chump change on it and bloody hell i was in for a pleasant surprise. Same position as you.,1,2021-01-08 11:37:48
gi72yrr,t1_gi71d3c,"If there's one thing I've learned over the years, it's that no matter how dumb you may feel at a given moment, there will always be someone even dumber.",13,2021-01-06 01:03:35
gi754cl,t1_gi71d3c,Congratz bro,1,2021-01-06 01:20:00
gi8te2c,t1_gi71dcb,No one thinks Biden was behind any of it.  He’s a senile old man who barely even knows where he is.,1,2021-01-06 08:04:20
gi7hvom,t1_gi7fxb8,"Fuckem if they can't take a joke.

Life is to short to dance with fat women.",0,2021-01-06 02:54:41
gi73tgq,t1_gi73f30,"They keep a running tally and if you get enough you get modded.

&#x200B;

And snitches get stiches.",-2,2021-01-06 01:10:13
gi7j2xm,t1_gi7hjse,"You caught me, die hard serious.   In a bus right now heading to I-95.  We are going to stage a rally, block it off and throw rocks at all incoming cars.",1,2021-01-06 03:03:40
gi7kau5,t1_gi7grog,"Some guy did DD on Aphria last week on WSB. Im not even going to explain it because youre already in you son of a bitch. 

This is the way.",3,2021-01-06 03:12:52
gi78dkl,t1_gi77vl0,"Their leadership just doesn’t do it for me either idk. They don’t seem like the type of dudes that have what it takes to dominate. I’m a complete moron though so I could be wrong but the vibe just isn’t there for me. They always talk about their urban subscription plan too, and as a millennial who has lived in a major city for years, I just don’t think that’s what’s going to take off. Maybe it will but I don’t think it’s true that they currently have a convinced market that’s waiting for something like this",3,2021-01-06 01:44:18
gi7eyro,t1_gi7ekhf,Ya prob. I just feel like they’ve got a task ahead of them convincing the average consumer to buy into their business model. Better EV plays out there I think.,1,2021-01-06 02:33:10
gi74fzi,t1_gi73ufk,"with who? hoping its with Nikola, gravity is a universal law u cant compete with that shit",4,2021-01-06 01:14:55
gi77i0p,t1_gi773se,Because they think a blue win is going to make a bunch of trash weed companies profitable,11,2021-01-06 01:37:48
gi77y5z,t1_gi773se,"Doubt it if you look at the other times taxes were raised, the market had a sell off before prbably to realize gains at the better rate but the market continued do rise.",4,2021-01-06 01:41:08
gi7i4jm,t1_gi7hvom,Bullish on politically opinionated people being little bitches.,-1,2021-01-06 02:56:30
gi78tj7,t1_gi78dkl,Thx u for your input but Canoo team and its investors probably don’t care if you buy it or not. 😅,1,2021-01-06 01:47:36
gi879z2,t1_gi78dkl,Elon is a beta,0,2021-01-06 05:37:06
gi74jwh,t1_gi74fzi,You drop this 🧠 😆😆,5,2021-01-06 01:15:45
gia5t12,t1_gi77i0p,"They don't need to be profitable. They just need to trade wildly.

""Profitable"" is for pension funds to worry about 10 years from now.",1,2021-01-06 15:26:00
gi799e9,t1_gi77y5z,"This isn’t personal taxes we are talking about. This is reversion of corporate income taxes from 21% to 35%. Overnight, all EPS and cash flow drops by 1/8 for US companies. That will definitely put a damper on your stocks, particularly tech stocks given how profitable they all are",3,2021-01-06 01:50:52
gi7jwlj,t1_gi799e9,21% to 28%*,5,2021-01-06 03:09:53
