comment_id,comment_parent_id,comment_body,comment_score,created_utc
gin50xc,t3_ktipz2,"OP has been permanently banned until he delivers to modmail screenshots shorting Apple, Google, Facebook, and Twitter, of at minimum $2,500 in options or $10,000 in shares **for each ticker**.",1,2021-01-09 17:44:03
gimbshy,t3_ktipz2,"Ban. No politics.  

You're asking people to do something with stocks not to make money, but to voice a political opinion.  Wrong sub, dumbass.",37,2021-01-09 11:36:47
gimelmp,t3_ktipz2,"Sir, 
This is a Wendy’s 

The cult deprogramming center is in between Arby’s and the Marine recruitment offices.😂😂",18,2021-01-09 12:02:52
gim9wzp,t3_ktipz2,"They have monopolies. Theres no other platforms to use, they’re not dropping.",33,2021-01-09 11:19:50
gimas0x,t3_ktipz2,"Ah yes, short some of the most successful and influential companies of all time because of your political views. Can’t go tits up 🚀🚀🚀",36,2021-01-09 11:27:36
gimbitz,t3_ktipz2,"No politics on WSB, this is about money.   IDGAF who wins as long as I can profit.    Long pot and green energy to start with!  But yes, eventually short tech.",24,2021-01-09 11:34:20
gimajsg,t3_ktipz2,Yeah ok have fun bankrupting the tech companies.. 🤡🤡🤡,29,2021-01-09 11:25:35
gimavim,t3_ktipz2,"First amendment only applies to the government, brainlet.",29,2021-01-09 11:28:28
gimboiw,t3_ktipz2,"You are full on absurd. Have you actually read the Constitution? Here, let me make it easy for you. This is the part you're concerned about. 

""Congress shall make no law respecting an establishment of religion, or prohibiting the free exercise thereof; or abridging the freedom of speech, or of the press; or the right of the people to peaceably assemble, and to petition the Government for a redress of grievances."" 

Read it. This is what we call a *negative right.* That means it does not grant you any God damn thing, it only *prevents Congress from legislating your speech.* 

You can still be held accountable for your speech by fellow citizens ans private or publicly held businesses. As they see fit. Because, guess what? Requiring that a business gives a platform for your speech *is an infringement on that business's or business owner's speech.* 

Sapere aude.",17,2021-01-09 11:35:47
gimbng8,t3_ktipz2,Are you saying they shouldn't have the ability to regulate what happens on their platform? Lol,8,2021-01-09 11:35:31
gimafw4,t3_ktipz2,[deleted],22,2021-01-09 11:24:35
gimf9q1,t3_ktipz2,"I hope you retards sell so I can buy the dip

Big tech took away daddy Trumps toys so now Rufus and Colton are throwing away their phones and reverting to the Iron Age is the dumbest short thesis I’ve ever heard",7,2021-01-09 12:09:10
gima502,t3_ktipz2,"Twitter banned Rush today. They’re taking this opportunity to ban all conservatives.

Also good luck getting rid of google since we’ve given every single child in America a chromebook and a google account from kindergarten up.",24,2021-01-09 11:21:52
gimcjp9,t3_ktipz2,Username checks out,6,2021-01-09 11:43:43
gimahr0,t3_ktipz2,Fuhhh CCP winning baby!,5,2021-01-09 11:25:03
gimckiw,t3_ktipz2,"ur a retard. never trade because of ur personal, political or religious beliefs.",5,2021-01-09 11:43:56
gimgj2r,t3_ktipz2,U should delete Reddit too. And never come back.,4,2021-01-09 12:21:13
gima7dt,t3_ktipz2,Wtf is parler,9,2021-01-09 11:22:29
gimcn3c,t3_ktipz2,Damn now I have to uninstall my iphone from existence,4,2021-01-09 11:44:35
gimd0lx,t3_ktipz2,Ban.,2,2021-01-09 11:48:03
gimgnv8,t3_ktipz2,Since you stormed the capital did you by chance see what Pelosi is trading?,5,2021-01-09 12:22:30
gimc3r0,t3_ktipz2,Please. Conservatives can’t even successfully boycott an ice cream company. 🤡,9,2021-01-09 11:39:38
gime7ss,t3_ktipz2,"Reddit also banned TheDonald but you’re still posting here.

Just wipe your computer, move into a cabin in the woods, hide your $2 in a mattress and never post again. It’s the only way to avoid Big Tech",7,2021-01-09 11:59:15
gimbveb,t3_ktipz2,This guy is fucking retarded 😂😂😂😂🤣 just because he’s a trumpster and his ass got banned he’s mad now lmaoo tech isn’t going anywhere matter a fact I just bought a new iPhone and MacBook,7,2021-01-09 11:37:31
gimbytu,t3_ktipz2,Wake up man they have shit planned out for centuries. It’s a win win situation for the elites. But I appreciate the effort.,3,2021-01-09 11:38:23
gimi0ow,t3_ktipz2,Dood I’m with you. I think imma buy puts on Twitter monday. But I fear that I’ve missed out the biggest gain which will come Monday pre-market. Twitter down a minimum of 10% Monday pre market. You heard it here first,3,2021-01-09 12:35:35
gimi1qg,t3_ktipz2,I really despise those companies and their ceos,3,2021-01-09 12:35:52
gimi9zp,t3_ktipz2,Literally the only time I ever used Twitter was to look at trumps latest tweet. I guess Twitter is useless for me now.,3,2021-01-09 12:38:07
gimijg6,t3_ktipz2,User name checks out,3,2021-01-09 12:40:42
gima3ib,t3_ktipz2,"> unwarranted claims that they support violence in the US

My sides 🤣🤣🤣",12,2021-01-09 11:21:30
gimgeb5,t3_ktipz2,Look at this idiot defending parler and thinking we care about politics.,3,2021-01-09 12:19:57
gima2m2,t3_ktipz2,Scary times now bro,6,2021-01-09 11:21:16
gimajln,t3_ktipz2,Soon theyll be rounding people up and sending them to re-education camps.,4,2021-01-09 11:25:32
gim9ttl,t3_ktipz2,Pretty fucked up.,2,2021-01-09 11:19:02
gimcg0z,t3_ktipz2,[deleted],2,2021-01-09 11:42:46
gimfxmp,t3_ktipz2,🔥🔥🤣🔥🔥,1,2021-01-09 12:15:27
gimbs6e,t3_ktipz2,So Apple and Google are helping Facebook and Twitter censor people.  It’s insane.   we have other social media platforms but not really other choice for cell phones.   Aren’t Samsung’s running Android too.  So what options do we have? I guess you just have to access these sites from your web browser now.  They are part of the reason this is going on.  Pushing their agenda.,0,2021-01-09 11:36:42
gimch15,t3_ktipz2,"**You can keep WSB great by casting your vote. Does this submission belong on WSB?**

| **Remove It (1)** | **Keep It (1)** |
|--------|:-------|-------:|:------:|
| [Click to Vote](https://www.reddit.com/message/compose/?to=WSBVoteBot&subject=ktipz2&message=spam) | [Click to Vote](https://www.reddit.com/message/compose/?to=WSBVoteBot&subject=ktipz2&message=approve)|

[Click Here to Change Inaccurate Post Flair](https://www.reddit.com/message/compose/?to=WSBVoteBot&subject=postflair%20CHANGEME&message=ktipz2)
___
 ^comment ^will ^disappear ^--- ^7 ^shitposts ^removed ^since ^last ^crash ^--- ^[information](https://www.reddit.com/r/wallstreetbets/wiki/votebot) ^--- ^[leaderboard](https://www.reddit.com/r/wallstreetbets/wiki/leaderboard) ^--- ^[REWARDS](https://www.reddit.com/r/wallstreetbets/wiki/votebot_commands)",0,2021-01-09 11:43:02
gima8qo,t3_ktipz2,Preech brotha 🤤🙌,-8,2021-01-09 11:22:48
gimd3h3,t1_gimbshy,It's about shorting big tech DUMBASS 🤤,-17,2021-01-09 11:48:47
gimeve8,t1_gimelmp,Thank you. I was gonna use Google maps but im boycotting it.,-5,2021-01-09 12:05:25
gima330,t1_gim9wzp,People are going to stop using them in droves. They make alot of money on add revenue that's based on views and clicks.,-30,2021-01-09 11:21:24
gimbvba,t1_gimas0x,That are based on user participation and just isolated half the country which in turn of isolated half their consumers.,-10,2021-01-09 11:37:30
gimc7ey,t1_gimbitz,You might give a shit when the socialists nationalize your profits lol.,-13,2021-01-09 11:40:35
gimbqj9,t1_gimajsg,Accurate. Maybe not fully bankrupt lol but a pretty big dip is coming.,-10,2021-01-09 11:36:18
gimiiq1,t1_gimavim,"For the protections afforded them under section 230, they agreed not to do exactly what they are doing. Freedom of speech was part of the deal.",0,2021-01-09 12:40:30
gimbep1,t1_gimavim,That's why it's a choice to leave. I get what you're saying 🤤,-7,2021-01-09 11:33:17
gimcv66,t1_gimboiw,"Depends on if they are labeled a platform or not per section 230. Yes,  I've read the constitution and youre right. Its a private buisness and what you say has consequences. Those posts calling for violence could be removed and the people punished. The law gives them a pass on using judgment. That doesn't mean people have to support their buisness if they are censored for things that aren't illegal and are just opposite viewpoins. My point is people are leaving and their numbers will be affected. That ad revenue is gonna be gone. Myself and many others are finding alternatives.",-3,2021-01-09 11:46:40
gimcw7c,t1_gimboiw,How do you square this with the SCOTUS decision that said social media is the new public square?,-4,2021-01-09 11:46:56
gimd0vp,t1_gimbng8,I'm saying people should leave if they don't agree and they are.,2,2021-01-09 11:48:07
gimbgy6,t1_gimafw4,"Only a matter of time before its hosting provider pulls the chord. Already being removed from Apple and Google Play stores.

Doesn’t really exist if you can’t host it anywhere for people to view reasonably. 

Idgaf about Parker itself, just have an issue with how much control companies have. We need decentralized services.",3,2021-01-09 11:33:51
gimau0r,t1_gimafw4,Yeah if you go back to the dot com era. Try downloading the app in any appstore.,2,2021-01-09 11:28:06
gimapkc,t1_gima502,Valid point. Homeschooling or private school if you can.,-8,2021-01-09 11:26:59
giminbx,t1_gimcjp9,Can confirm,3,2021-01-09 12:41:45
gimc8bq,t1_gima7dt,Conservative circle jerk website.,6,2021-01-09 11:40:49
gimabzh,t1_gima7dt,Was created by a conservative as a social media without political censorship,-2,2021-01-09 11:23:36
gimds3w,t1_gimcn3c,Or buy a new phone lol,-1,2021-01-09 11:55:11
gimcaew,t1_gimc3r0,We did wonders for GOYA 😉,0,2021-01-09 11:41:20
gimd87v,t1_gimbveb,"Never got banned. Stopped using it years ago.
I'm just projecting losses and suggesting people who agree should pull out.",1,2021-01-09 11:50:02
gimaicb,t1_gima3ib,I don't agree with what happened at the capitol. Let's not pretend that they didnt support BLM and Antifa burning down the country for the last 6 months and call it mostly peaceful when dozens died and they tried to take over a federal courthouse. Political violence causes more political violence. Not sure why anyone is surprised. They felt cheated. Part of it was Trumps inflammatory comments but tech and media played their own roles. Completely disagree but...The double standard is outrageous.,5,2021-01-09 11:25:12
gimixtq,t1_gimgeb5,It's about the hell fire the big techs are gonna catch now that they worked together to ban the only conservative outlet out there.,0,2021-01-09 12:44:37
gimvik2,t1_gimajln,If you really believe this I’m in favor of said re-education camps,1,2021-01-09 15:11:12
gimdb76,t1_gimcg0z,I've been on this page for over a month if I can post...,2,2021-01-09 11:50:48
gimdcz0,t1_gimbs6e,Motorola has a new Razor lol. No lie.,3,2021-01-09 11:51:15
gimgful,t1_gimeve8,"Better pick up some maps, next time you hit the gas station.",7,2021-01-09 12:20:22
gimatkr,t1_gima330,You’re retarded.  I can’t leave Apple or Android because they ban Parler.,25,2021-01-09 11:27:59
gimaitt,t1_gima330,"Conservatives always say they’re gonna boycott woke companies, never works out.",20,2021-01-09 11:25:20
gimagcc,t1_gima330,[deleted],1,2021-01-09 11:24:42
gimcy54,t1_gimbvba,"Listen, I know that you’re type of people aren’t all that interested in facts, but the facts here are that these companies are not going to miss a few radical conservatives not seeing ads. Actually, they may even save money if they don’t have to pay as many people to moderate and fact check all the bullshit spewed by the radical conservatives. Long FB and TWTR!!! 🚀🚀 
(Also to anybody reading this, I have no problems with republicans. I only strongly dislike the MAGA party, as it’s a completely seperate party at this point. Cheers 🎉)",17,2021-01-09 11:47:26
gimfvvl,t1_gimbvba,Better get your Huawei phone soon.,5,2021-01-09 12:14:59
gimcvrl,t1_gimc7ey,"Oh don’t get me wrong, I’m with you.   But I’m here to get retarded stonk plays, not get fired up  over politics.    If anything we can all agree more $ is better than less $.",5,2021-01-09 11:46:50
gimcl00,t1_gimbqj9,What kind of kool aid are you sippin on bruh,11,2021-01-09 11:44:04
gimm65s,t1_gimiiq1,[deleted],2,2021-01-09 13:17:45
gimd3ol,t1_gimcv66,"Nothing I said has anything to do with section 230. But cool argument bro. 

Show me the data that supports your hypothesis, otherwise you are making unsubstantiated claims based on hyperbole and biased opinion.",11,2021-01-09 11:48:51
gimgccd,t1_gimcv66,Have fun on your flip phone.,6,2021-01-09 12:19:25
gimejb2,t1_gimcw7c,"Are you referring to Packingham v. North Carolina? 
 
If so, this case states clearly that States governments cannot legislate or restrict citizens access to social media. It says nothing about a platform, person, or business right to dictate terms of service.

Again. A *negative right.*",6,2021-01-09 12:02:14
gimimr5,t1_gimapkc,"People are downvoting you, but you’re right.",-2,2021-01-09 12:41:36
gimagso,t1_gimabzh,Breh it’s a right wing propaganda machine. Facts are optional opinion reigns king.,7,2021-01-09 11:24:49
gimdc0p,t1_gimcaew,Cool. What’s their symbol?,4,2021-01-09 11:51:00
gimiiws,t1_gimd87v,No one is doing that any time soon.,3,2021-01-09 12:40:33
gimb0r8,t1_gimaicb,Where did I say anything about BLM lololol.,8,2021-01-09 11:29:47
gimbnnd,t1_gimaicb,You have to be a Russian spam bot holy shit.,6,2021-01-09 11:35:34
gimjin7,t1_gimixtq,LOL,2,2021-01-09 12:50:23
gimdl22,t1_gimdb76,[deleted],4,2021-01-09 11:53:20
gimik5b,t1_gimgful,Is mapquest still a thing?,-3,2021-01-09 12:40:53
gimftf1,t1_gimaitt,We did wonders for GOYA 😉,-10,2021-01-09 12:14:19
gimals7,t1_gimagcc,"Browns too!
2021 and 2 shit teams made post season. Its the end of the world. Anything can happen.",-2,2021-01-09 11:26:04
gimdg62,t1_gimcl00,The best kinds,-1,2021-01-09 11:52:04
gimmb4t,t1_gimm65s,"It talks about removing content that is illegal. The entire point of allowing them immunity from liability was to create a neutral forum where ideas could be shared. Once you start picking winners and losers, you’ve become a publisher.",-1,2021-01-09 13:19:13
gimhwek,t1_gimejb2,[deleted],2,2021-01-09 12:34:26
gimh4sa,t1_gimejb2,Public squares by their very nature cannot dictate terms of service.,1,2021-01-09 12:27:01
gimatzi,t1_gimagso,Freedom of speech reigns king,-1,2021-01-09 11:28:05
gimb2oi,t1_gimagso,So basically the same as Twitter and FB but for the opposite political party. Better than censoring free speech...,0,2021-01-09 11:30:16
gimj3p7,t1_gimiiws,They will now. Enough to cause a dip in the near future...,0,2021-01-09 12:46:15
gimb91e,t1_gimb0r8,"Is this the part where you call ""what-about-ism""?
I was just saying how the violence was created. Never said you did.",2,2021-01-09 11:31:52
gimdptx,t1_gimbnnd,"Don't change the subject...
Everyone is a ""Russian bot"" who disagrees politically? 🙄
This is about shorting the stocks. Listen or don't.
Fuck it, YOLO on Twitter.",1,2021-01-09 11:54:35
gimdz8d,t1_gimdl22,Can confirm,1,2021-01-09 11:57:02
gimfx21,t1_gimftf1,"We did, but that’s buying a product. To stop using something is a whole different effort.",2,2021-01-09 12:15:18
gimmf3w,t1_gimmb4t,[deleted],2,2021-01-09 13:20:22
gimjemo,t1_gimhwek,"""""The First Amendment prohibits Congress and other government entities and actors from 'abridging the freedom of speech.'"" Matal v. Tam, 137 S.Ct. 1744, 1757 (2017) (quoting Pleasant Grove City, Utah v. Summum, 555 U.S. 460, 467 (2009). Although the Court recognized in Packingham v. North Carolina, 137 S.Ct. 1730, that social media sites like FaceBook and Twitter have become the equivalent of a public forum for sharing ideas and commentary, the Court did not declare a cause of action against a private entity such as FaceBook for a violation of the free speech rights protected by the First Amendment. Rather the Packingham Court struck down a state regulation that limited the right of speech for sex offenders on such platforms. Id. at 1738. Because the First Amendment governs only governmental restrictions on speech"" 

https://casetext.com/case/nyabwa-v-facebook

""Social media allows users to gain access to information and communicate with one another about it on any subject that might come to mind. Supra, at 1735 – 1736. By prohibiting sex offenders from using those websites, North Carolina with one broad stroke bars access to what for many are the principal sources for knowing current events, checking ads for employment, speaking and listening in the modern public square, and otherwise exploring the vast realms of human thought and knowledge. These websites can provide perhaps the most powerful mechanisms available to a private citizen to make his or her voice heard. They allow a person with an Internet connection to ""become a town crier with a voice that resonates farther than it could from any soapbox."" Reno, 521 U.S., at 870, 117 S.Ct. 2329..... 

It is well established that, as a general rule, the Government ""may not suppress lawful speech as the means to suppress unlawful speech."" Ashcroft v. Free Speech Coalition, 535 U.S., at 255, 122 S.Ct. 1389. That is what North Carolina has done here. Its law must be held invalid.
The judgment of the North Carolina Supreme Court is reversed, and the case is remanded for further proceedings not inconsistent with this opinion.""

https://casetext.com/case/packingham-v-north-carolina-1


""Despite the Court’s emphasis on the special role social media plays in an American’s right to free speech, social media companies are not constrained by the First Amendment. “[T]he First Amendment governs only governmental restrictions on speech.” As private entities, social media companies are free to restrict speech and users on their websites. In fact, the companies have their own First Amendment rights.""

https://sites.law.duq.edu/juris/2019/05/13/the-terms-and-conditions-of-free-speech-in-the-modern-day-public-square/#_ftnref5",2,2021-01-09 12:49:16
gimj634,t1_gimh4sa,"This is... not true. You are not allowed to yell fire in a crowded theater. You are not allowed to take a piss on the sidewalk. 


""""The First Amendment prohibits Congress and other government entities and actors from 'abridging the freedom of speech.'"" Matal v. Tam, 137 S.Ct. 1744, 1757 (2017) (quoting Pleasant Grove City, Utah v. Summum, 555 U.S. 460, 467 (2009). Although the Court recognized in Packingham v. North Carolina, 137 S.Ct. 1730, that social media sites like FaceBook and Twitter have become the equivalent of a public forum for sharing ideas and commentary, the Court did not declare a cause of action against a private entity such as FaceBook for a violation of the free speech rights protected by the First Amendment. Rather the Packingham Court struck down a state regulation that limited the right of speech for sex offenders on such platforms. Id. at 1738. Because the First Amendment governs only governmental restrictions on speech"" 

https://casetext.com/case/nyabwa-v-facebook

""Social media allows users to gain access to information and communicate with one another about it on any subject that might come to mind. Supra, at 1735 – 1736. By prohibiting sex offenders from using those websites, North Carolina with one broad stroke bars access to what for many are the principal sources for knowing current events, checking ads for employment, speaking and listening in the modern public square, and otherwise exploring the vast realms of human thought and knowledge. These websites can provide perhaps the most powerful mechanisms available to a private citizen to make his or her voice heard. They allow a person with an Internet connection to ""become a town crier with a voice that resonates farther than it could from any soapbox."" Reno, 521 U.S., at 870, 117 S.Ct. 2329..... 

It is well established that, as a general rule, the Government ""may not suppress lawful speech as the means to suppress unlawful speech."" Ashcroft v. Free Speech Coalition, 535 U.S., at 255, 122 S.Ct. 1389. That is what North Carolina has done here. Its law must be held invalid.
The judgment of the North Carolina Supreme Court is reversed, and the case is remanded for further proceedings not inconsistent with this opinion.""

https://casetext.com/case/packingham-v-north-carolina-1


""Despite the Court’s emphasis on the special role social media plays in an American’s right to free speech, social media companies are not constrained by the First Amendment. “[T]he First Amendment governs only governmental restrictions on speech.” As private entities, social media companies are free to restrict speech and users on their websites. In fact, the companies have their own First Amendment rights.""

https://sites.law.duq.edu/juris/2019/05/13/the-terms-and-conditions-of-free-speech-in-the-modern-day-public-square/#_ftnref5",2,2021-01-09 12:46:54
gimb1ab,t1_gimatzi,Not on private domain. Fuck you are stupid.  Having a shitty opinion doesn’t mean you are immune to the result. They fucked around shit in their hands now they are upset they have shit in their hands like they didn’t do it to themselves.,3,2021-01-09 11:29:55
gimb7ev,t1_gimb2oi,Private platforms don’t have that right it’s private. Mofo Parler has 0 evidence or facts. Ties to Russian info bots. But how can I argue with you when facts don’t matter and your bias is so far up your ass you think you got laid.,5,2021-01-09 11:31:28
gimrvp1,t1_gimj3p7,Yo I’m curious what phone will you use?,2,2021-01-09 14:22:50
gimd5lp,t1_gimb91e,"So according to you people fighting for racial equality is equal to a crowd of bullies entering the capitol with the intention to steal the ballots because their God orange buffoon without any legit proof said that the election is rigged? 

Get some senses bro. Think outside the political favoritism.",11,2021-01-09 11:49:20
gimee2x,t1_gimb91e,"Mob organized via parler descends on the fucking capitol and attempts to start a 'revolution'. When caught, the defence is 'bbbbutt BLM'. Buzz off, these are scenes we see in Belarus, Ukraine, and Venezuela, not in the US. Coming from a former communist nation, I very much know how these things work. Rush the parliament when the elections don't go your way, supposedly because of some trumped up enemies, and install the next dictator. Shame on communists like you.",3,2021-01-09 12:00:52
gimdxb2,t1_gimdptx,This isn’t disagreeing this is you making shit up and holding it the same as facts. It’s not the same lying isn’t discussing it’s cohesive. The entire world had to spend billions fact checking and proving the falseness of claims instead of evaluating the truth. Talk about a propaganda machine and you loved taking the cum shots to chinney chin chin. Name one precedent or law that agrees with you?,4,2021-01-09 11:56:32
gimmz7u,t1_gimmf3w,"What you’re referencing has to do with the Good Samaritan portion, which states that they can remove content deemed obscene as long as it is in good faith. Most of us would argue deeming the views of millions of people obscene isn’t in good faith.",0,2021-01-09 13:26:20
giml84v,t1_gimjemo,[deleted],1,2021-01-09 13:07:45
gimcjaw,t1_gimb1ab,"Lucky for you, you don't even have to pack your bags, you've already arrived in China. 👏",0,2021-01-09 11:43:37
gimbiq7,t1_gimb7ev,You drank alot of that kool-aid man...,0,2021-01-09 11:34:18
gimf578,t1_gimee2x,"Communists? 🤣🤣😃
They didn't even demand anything. Thats what happens in a government take over. You should read history on media censoring and the effect it had on 1930s Germany...
Have fun dealing with the mess your people are creating. I don't agree with what happened at the capitol. We should be the party of law and order. Leave the riots to the left...",-1,2021-01-09 12:07:59
gimesm8,t1_gimdxb2,"Why is it always truth for you people when you say something but conspiracy and fake news if it comes from the right. Facts aren't subjective. The laws give big tech the right to do what they want. Even if they censor legal speech that is just something they don't agree with. My point is people have the right to use that company and they are going to choose not to. Hence why I said I see a dip coming. Im not gonna change your mind. That's okay. You have the right to be misinformed. Different laws apply for media and platforms. There are antitrust laws of the past. There are also  movements to break up these companies because of the power they have. They are intact censoring speech. If they control the power to shut down competition, they can't tell you to just go somewhere else. Big things are coming.",0,2021-01-09 12:04:42
gimn3b5,t1_gimmz7u,[deleted],2,2021-01-09 13:27:32
gimlbkj,t1_giml84v,"😂 ok bro, live happily and prosper!",1,2021-01-09 13:08:44
gimcmke,t1_gimcjaw,You are preaching for large government oversight. You do realize this literally what China is doing by controling businesses’ actions. Like seriously you can not be this dumb.,2,2021-01-09 11:44:27
gimbtdz,t1_gimbiq7,It’s in the constitution it’s literally the law. We vote on this shit all the time. How can someone go to your house and tell you what to do? That’s called communism you are preaching toxic cultural conservatism.,6,2021-01-09 11:37:01
gimfv7l,t1_gimf578,Capitalism is about doing what is needed. You have a ton of low wage labor to do? Then get immigrants if they are the only ones willing to do it. Shit is cheaper to make in China? Let's go make it there. Commies are always about doing things non-optimally for some made up principles. You guys are Commies. Capitalism FTW!,3,2021-01-09 12:14:48
gimfljw,t1_gimf578,"Nah, you guys are communists and I hate communists. Capitalism FTW!",2,2021-01-09 12:12:15
gimfabr,t1_gimesm8,"There is no such thing as censoring on someone else’s property. Like this is what’s great about America you can own shit and you get full control of what and how to use it for better or worse. 

The law fucking says this you don’t understand the constitution and it’s sad. Please educate yourself on public and private domain and how that applies legally. 

Conspiracy is making up claims of voter fraud with no evidence.

Conspiracy is theory is saying the system was hacked with no evidence.

Conspiracy is creating chaos to disrupt democracy that’s conspiracy.

Crying about things being unfair is stupid it’s why we have a voting system. 

Your entitlement is out of the world on understand you don’t have the rights to someone else’s business.

You had to have a throw away account to even post this bullshit loser.",5,2021-01-09 12:09:19
gimknls,t1_gimesm8,"> There are also movements to break up these companies because of the power they have. They are intact censoring speech. If they control the power to shut down competition, they can't tell you to just go somewhere else. 

Spoken like a true communist. Private enterprise builds a great company that brings the world to your fingertips and becomes worth billions, and you want to break it up because of some made up rules. Commies begone!",1,2021-01-09 13:01:50
gimn901,t1_gimn3b5,"If you want to argue that removing all dissenting voices from their platforms is in good faith, you go right ahead. I disagree.",1,2021-01-09 13:29:12
gimdbyw,t1_gimcmke,Don't forget your blinders ma'am!,1,2021-01-09 11:50:59
gimdmtj,t1_gimdbyw,You’ve given 0 information. The constitution literally disagrees with you and everything you’ve said. Political policy spectrum you’ve spouted communistic ideals. Literally such a retarded simp it hurts.,1,2021-01-09 11:53:48
gimeafl,t1_gimdmtj,But mommy!!!!!  :[,2,2021-01-09 11:59:57
gimei9x,t1_gimeafl,What a fucking clown. Classic can’t create an argument with facts. Parler dick out of your mouth and you got no words of your own.,2,2021-01-09 12:01:58
gimeo2s,t1_gimei9x,"You can't use those words ma'am, those are hate words. Stop spreading hate, you racist.",1,2021-01-09 12:03:31
