comment_id,comment_parent_id,comment_body,comment_score,created_utc
ghypmr0,t3_kpmx4c,this shit is gonna moon.,35,2021-01-04 00:11:04
ghz8ddx,t3_kpmx4c,Except I’m all in on calls,17,2021-01-04 02:28:47
ghyo7ci,t3_kpmx4c,"Might buy some Jan 22 calls, still thinking about it",11,2021-01-04 00:00:09
ghyvbop,t3_kpmx4c,I’m in shares. I think we will see low 20s soon,9,2021-01-04 00:52:35
ghz5nqi,t3_kpmx4c,"As long as the recovery story stays intact, the stock will march towards the October highs. I loved what the company is doing so far: divesting the excess and focusing on improving core businesses. Right now they're financially engineering EPS growth for future quarters via buybacks so I'd expect the stock to go up, all else equal. Company clearly won't go bankrupt as they have a net cash position now (iirc) so shorting doesn't make sense unless one believes it's criminally overvalued (it's not) or poorly run (it's not).

Ultimately, leadership still has to execute the turnaround operationally which will take some time, and we don't know how much covid contributed to BBBY sales. If they can maintain/steal market share while streamlining costs and improving the customer's online experience, I don't see how the stock doesn't go up.

That said, I think this is more of a long term play. I think they'll do fine this quarter but that doesn't mean shorts have to cover — and just because there is high short interest doesn't mean the stock has to squeeze. I've got 100 shares I picked up last week (and a Feb 20/25 call debit) and will add a bit more on dips post-ER if the story stays intact.",9,2021-01-04 02:07:51
ghzm7xr,t3_kpmx4c,"Remember the upcoming earnings this week does NOT include December sales. I am playing calls at least 4 months out to cover next quarter earnings report.

&#x200B;

Another point to mention is the float is very small at 115m, if 70% is shorted and over 15m shares are being bought back, that means if the price moves up, it will move up very quickly since such a small float is available to purchase.",8,2021-01-04 04:15:06
ghyxcfq,t3_kpmx4c,Although $18 support has breached but feeling bullish of the potential short squeeze in action. Bought shares and will be selling covered calls before earnings release at its peak IV to capture some IV crush.,6,2021-01-04 01:06:22
ghyrkqa,t3_kpmx4c,"Hard agree that it could go either way.

Might buy exactly one ATM weekly just for the hell of it?",5,2021-01-04 00:25:36
ghz16t7,t3_kpmx4c,"I am holding 2000 shares, If this drops to 15 I will get more probably 1000-2000 shares more. Was thinking of getting more GME shares but 15 is too good to pass",5,2021-01-04 01:35:21
ghz88ia,t3_kpmx4c,This is the way,5,2021-01-04 02:27:45
ghzhrc6,t3_kpmx4c,1/15/21 22.5C locked in and ready to moon,6,2021-01-04 03:40:40
ghzas8r,t3_kpmx4c,Forget the moon we going to mars 🚀,5,2021-01-04 02:47:11
ghzed7j,t3_kpmx4c,The negative you posted can all be drawn with crayons on a chart,3,2021-01-04 03:14:41
ghzm2jm,t3_kpmx4c,🚀🚀🚀🚀,3,2021-01-04 04:13:56
ghzfb8j,t3_kpmx4c,fuck I want to get all in,2,2021-01-04 03:21:57
gi1c4a9,t3_kpmx4c,bull bull and beyond,3,2021-01-04 12:39:36
gi1u959,t3_kpmx4c,loaded up and ready. Bring it on.,2,2021-01-04 16:32:44
ghyqvye,t3_kpmx4c,Is Michael Burry still holding?,2,2021-01-04 00:20:25
ghzpjvn,t3_kpmx4c,Not sure i trust DD when the OP uses a comma instead of a period in the prices.,3,2021-01-04 04:40:05
ghzs2ea,t3_kpmx4c,"Feb 5th calls are looking pretty good, save yourself from the crush. Looking for my time to get in on 20$ calls",1,2021-01-04 04:58:44
gi1y9kj,t3_kpmx4c,"Chippin' In, the Moon on the horizon",1,2021-01-04 17:41:25
ghza3dn,t3_kpmx4c,"Getting into BBBY for earnings.
If it goes up -> GME
If it goes down -> GME
It can only go up🚀🚀🚀",1,2021-01-04 02:41:52
ghyoocu,t3_kpmx4c,[deleted],-9,2021-01-04 00:03:47
gi3v1q0,t1_ghypmr0,"If you haven’t seen the latest investor deck, you're missing out. Not kidding, it is the single best investor deck I’ve ever read.

October 28 Investor Day: [http://bedbathandbeyond.gcs-web.com/static-files/2730f3a3-1969-414e-bd30-3fcf49e321d4](http://bedbathandbeyond.gcs-web.com/static-files/2730f3a3-1969-414e-bd30-3fcf49e321d4)

I'm in for 1327 shares as of today. 500 last week, and another 827 today.",3,2021-01-05 04:58:03
ghz8e44,t1_ghyo7ci,Do it,4,2021-01-04 02:28:57
gi0venc,t1_ghyo7ci,Already 20 steps ahead of ya chief,2,2021-01-04 10:12:48
gi24ozp,t1_ghyxcfq,When is earnings for it?,1,2021-01-04 19:28:20
ghyy1nl,t1_ghyrkqa,I went with 18.50c 1/29 when it dipped below 18 on Friday.,4,2021-01-04 01:11:12
ghyxn3d,t1_ghyqvye,"Nope, he sold his entire position as of 13F filed 2020-09-30.",8,2021-01-04 01:08:23
ghypl2j,t1_ghyoocu,bbby is not a good store but damn bro it aint that bad...,10,2021-01-04 00:10:41
ghyscmm,t1_ghyoocu,I don’t know if you know this but the internet allows you to shop online. It’s wild I know.,3,2021-01-04 00:31:17
gi108cy,t1_gi0venc,Which calls @ what avg?,1,2021-01-04 10:53:58
gi3v7vu,t1_gi24ozp,end of the week,1,2021-01-05 04:59:21
ghyxonv,t1_ghyxn3d,"Gotcha, thanks",2,2021-01-04 01:08:41
ghyvwmv,t1_ghypl2j,Pretty sure GameStop is worse to step in.. and im a GME bull,6,2021-01-04 00:56:43
ghzg96s,t1_ghyscmm,Honestly i like buying things in person but gme stands no chance. I just directly download games from steam/microsoft.,1,2021-01-04 03:29:01
gi13300,t1_gi108cy,1/15 and 1/22 avg strike 17.75,2,2021-01-04 11:19:31
ghyyw6r,t1_ghyvwmv,I'd far rather go to a gamestop than a bed bath and beyond. Walmart has more stuff for lower prices,1,2021-01-04 01:17:14
ghz10sd,t1_ghyyw6r,">Share repurchase program increased in December. ""Both ASR programs, which will total $375 million, are expected to be completed by no later than the end of the Company’s fiscal year on February 27, 2021

Walmart and BBBY caters to different audience. I have not stepped into walmart since last 5-6 years.  I used to buy only use and throw items but now I don't even do that. 

BBBY caters to public that values quality over money.",5,2021-01-04 01:34:10
