comment_id,comment_parent_id,comment_body,comment_score,created_utc
gizu8yt,t3_kvr5rk,[deleted],12,2021-01-12 20:57:24
gizwiy3,t3_kvr5rk,I see no meme stocks... BAN,7,2021-01-12 21:24:04
gizvce7,t3_kvr5rk,Lemonade price is a bit crazy,5,2021-01-12 21:10:37
gizwd95,t3_kvr5rk,"Finally WMT is paying off, lol still angry I bought walmart instead of R IOT back when it was $12.",3,2021-01-12 21:22:19
gizu8ks,t3_kvr5rk,"Sir, this is the unemployment line.

*I am a bot, and this action was performed automatically. Please [contact the moderators of this subreddit](/message/compose/?to=/r/wallstreetbets) if you have any questions or concerns.*",1,2021-01-12 20:57:17
gj05t2g,t1_gizu8yt,My Apple calls don’t agree with you,5,2021-01-12 22:52:51
gizzhky,t1_gizwiy3,nio is there...,7,2021-01-12 21:54:58
gizwqvp,t1_gizvce7,indeed,1,2021-01-12 21:26:27
gizy637,t1_gizwqvp,I got out out of my position a week ago... But I also bought at $56 two months ago haha.. it has been a wild ride.,3,2021-01-12 21:41:36
