comment_id,comment_parent_id,comment_body,comment_score,created_utc
gj5kxi8,t3_kwpv44,Ok Michael Burry,60,2021-01-14 05:04:16
gj5kzff,t3_kwpv44,"I am from future. Turn back, NOW!  
  
Don't do it, for you are going to lose money.",17,2021-01-14 05:04:40
gj5lncn,t3_kwpv44,"Burry, go back to holding GME calls. We are the captain of TSLA.",14,2021-01-14 05:09:43
gj5mjk6,t3_kwpv44,Do you hate money? Donot bet against your papa,7,2021-01-14 05:16:06
gj5mkal,t3_kwpv44, stocks only go up,6,2021-01-14 05:16:15
gj5mmrr,t3_kwpv44,"bro were gapping up tomorrow morning. look at the existential nihilism pennant that just formed on the weekly, and the ""who dented my new car"" and handle.",7,2021-01-14 05:16:43
gj5pw7t,t3_kwpv44,Go look at daddy musk Twitter,8,2021-01-14 05:39:55
gj5upp0,t3_kwpv44," Apple, Microsoft, Facebook, and Google all had their share prices dramatically fall 20-30 days after inclusion. 

&#x200B;

Are their shares worth more today than they were after the lows and highs of the inclusion... 

without looking it up, I'm going to say yes, yes they are. So you are saying a dip is coming, that's fair but not ground breaking.",7,2021-01-14 06:14:58
gj5m1g5,t3_kwpv44,"
Gay",4,2021-01-14 05:12:32
gj637kw,t3_kwpv44,"Until interest rate will stay low, rich people will keep putting money on ETFs. If Tesla's price will drop, actively managed ETFs will buy more Tesla as they will have certain portion of their ETFs in Tesla. Don't go broke just to prove that you are smarter than millions of people",4,2021-01-14 07:21:28
gj5mm0r,t3_kwpv44,Narrator: It won't,6,2021-01-14 05:16:34
gj5rjft,t3_kwpv44,Sleepy Joe is the best thing that could happen to TSLA. Were looooong baby.,4,2021-01-14 05:51:38
gj5nw5v,t3_kwpv44,In just over a week Dems are going to unleash green energy stimmy like rebates etc. Not selling.,2,2021-01-14 05:25:40
gj6zbsx,t3_kwpv44,Not worth trying to short. Too much retard power.,2,2021-01-14 12:01:21
gj5qn5k,t1_gj5kxi8,[removed],2,2021-01-14 05:45:14
gj631y9,t1_gj5rjft,[removed],-2,2021-01-14 07:20:10
gj5saxv,t1_gj5qn5k,!RemindMe 1 week,1,2021-01-14 05:57:09
gj748ss,t1_gj5qn5k,"I will be messaging you in 7 days on [**2021-01-20 21:45:14 UTC**](http://www.wolframalpha.com/input/?i=2021-01-20%2021:45:14%20UTC%20To%20Local%20Time) to remind you of [**this link**](https://np.reddit.com/r/wallstreetbets/comments/kwpv44/is_tslas_bubble_finally_about_to_be_popped_heres/gj5qn5k/?context=3)

[**1 OTHERS CLICKED THIS LINK**](https://np.reddit.com/message/compose/?to=RemindMeBot&subject=Reminder&message=%5Bhttps%3A%2F%2Fwww.reddit.com%2Fr%2Fwallstreetbets%2Fcomments%2Fkwpv44%2Fis_tslas_bubble_finally_about_to_be_popped_heres%2Fgj5qn5k%2F%5D%0A%0ARemindMe%21%202021-01-20%2021%3A45%3A14%20UTC) to send a PM to also be reminded and to reduce spam.

^(Parent commenter can ) [^(delete this message to hide from others.)](https://np.reddit.com/message/compose/?to=RemindMeBot&subject=Delete%20Comment&message=Delete%21%20kwpv44)

*****

|[^(Info)](https://np.reddit.com/r/RemindMeBot/comments/e1bko7/remindmebot_info_v21/)|[^(Custom)](https://np.reddit.com/message/compose/?to=RemindMeBot&subject=Reminder&message=%5BLink%20or%20message%20inside%20square%20brackets%5D%0A%0ARemindMe%21%20Time%20period%20here)|[^(Your Reminders)](https://np.reddit.com/message/compose/?to=RemindMeBot&subject=List%20Of%20Reminders&message=MyReminders%21)|[^(Feedback)](https://np.reddit.com/message/compose/?to=Watchful1&subject=RemindMeBot%20Feedback)|
|-|-|-|-|",1,2021-01-14 12:50:24
gj637db,t1_gj631y9,Who needs cars when you make 🚀🚀🚀🚀🚀🚀,1,2021-01-14 07:21:25
gj6b4e3,t1_gj5saxv,!RemindMe 1.5 week,2,2021-01-14 08:27:13
gj6hwkd,t1_gj6b4e3,!remindme 1.5 week,2,2021-01-14 09:25:13
gj721je,t1_gj6hwkd,!RemindMe 1 week,1,2021-01-14 12:27:53
