comment_id,comment_parent_id,comment_body,comment_score,created_utc
ghmfgte,t3_kntu36,"Apple service business✅

Apple Silicon chip✅

5G✅

Apple Car✅",71,2021-01-01 01:26:39
ghmmzyb,t3_kntu36,"""Some proper dd""

""Im not citing sources you can Google shit""

You son of a bitch I'm in",55,2021-01-01 02:31:00
ghmk1i7,t3_kntu36,"AAPL is a good long and I have it but comparing it to TSLA is ridiculous. TSLA was on the brink of bankruptcy ~18 months ago, AAPL has been a top company for over a decade. I wouldn't be surprised with another 20-40% year but expecting 3x bagger here is dumb.",43,2021-01-01 02:05:34
ghn9v14,t3_kntu36,"Apple is too big of a company to increase by 100%

40% EOY is reasonable. That is still an amazing return😎",15,2021-01-01 05:56:35
ghmnhwr,t3_kntu36,I don’t disagree that aapl could reach 200 eoy 2021.,14,2021-01-01 02:35:19
ghmi6em,t3_kntu36,Can my 1/22/21 130C print? I’m probably going to buy some more tday,8,2021-01-01 01:49:45
ghmyjew,t3_kntu36,"Will get into AAPL in 2021 but only because i have been using Apple products all my life (macbooks for 15+ years, iphone for 13+ years, airpods, ipads etc) and once you got Apple, you dont go back. I will just buy shares though, like i always do",7,2021-01-01 04:12:48
ghmhrdf,t3_kntu36,In for Jan ‘22 $140 call.,11,2021-01-01 01:46:13
ghmdul5,t3_kntu36,Mstr will easily do 3x whatever the return on apple is.,10,2021-01-01 01:12:58
ghmg81b,t3_kntu36,"You think Apple will grow by 100% and be a 4 Trillion dollar company? You’re saying from 2019-2021, Apple gains 3 trillion in market cap because of 5g? God dam you’re stupid.",14,2021-01-01 01:33:02
ghmhv5e,t3_kntu36,I remember iAtkos. Good times,3,2021-01-01 01:47:06
ghn7vvi,t3_kntu36,"Agree completely, been buying calls up 150-250% since nov 25 at 115$, wondering if WSB would ever get on board this cup and handle break out which will 🚀🚀 best thing is the icar leaks will be the catalyst that keeps on giving",3,2021-01-01 05:38:03
ghne7e3,t3_kntu36,"My predictions

-	Turmoil in their services business (anti-competitive stuff I might have dd I can’t share on) but they still will make boat loads of money and will not be hurt at all in regards to stock 
-	complete and utter moon rocket from apple glasses. Next gen computing devices to pair with a phone for the next 5 years then embedded processors. 
-	2021 will have rumors for small form factor eyewear (contact lenses) for computing",3,2021-01-01 06:37:40
ghmi5l0,t3_kntu36,What calls do you recommend,2,2021-01-01 01:49:34
ghmq7ps,t3_kntu36,Boomer play,2,2021-01-01 02:58:47
ghngm6o,t3_kntu36,I’m here for the 🚀🚀🚀,2,2021-01-01 07:00:51
ghnioif,t3_kntu36,09/17/21 175c get the printer ready before I can jam it up my ass 🏳️‍🌈🏳️‍🌈🏳️‍🌈 🚀🚀🚀🚀🚀,2,2021-01-01 07:21:24
ghndfre,t3_kntu36,bought a 2022 jan 225 call xdd,1,2021-01-01 06:30:28
ghnf6dj,t3_kntu36,Stock up “despite” pandemic. You meant to say stock is up as a result of the pandemic.,1,2021-01-01 06:46:54
ghp4wsp,t3_kntu36,cannot go tits up bitchess,1,2021-01-01 19:03:28
ghsi2y2,t3_kntu36,"No mention of Apple Glass either?

Truth is these could be the next major product line. This is what they do, whether it’s iPads, watches, AirPods they’ll enter a market and dominate it. Apple Glass could be the AirPods of 2021.",1,2021-01-02 11:18:58
ghmegno,t3_kntu36,#.🍎 🐻 🍎,-1,2021-01-01 01:18:15
ghp6dkj,t1_ghmfgte,"Have you tried Siri, Apple Maps, seen their horrifying support systems? you don't even mention AR. So go all in! Take out a student loan to do it too!",-1,2021-01-01 19:16:50
ghmn3hl,t1_ghmmzyb,Haha wondered if anyone would call it out. That’s the best DD. “This guy said it’s good. Fuck it”,16,2021-01-01 02:31:50
ghnq3b5,t1_ghmk1i7,"Hey anything is possible.unlikely but possible
Let the others dream a bit too sometimes lulz",3,2021-01-01 08:32:52
ghngqbr,t1_ghn9v14,"This was my initial thought. That would make the marketcap over $4.5T and that would be a long shot.

I own 2022 leaps on Apple and agree next year, especially Q1 is going to be great for them.",4,2021-01-01 07:02:01
ghrfe04,t1_ghn9v14,Was it not too big at 1T? It went up 2T... is 2T the  final cutoff?,2,2021-01-02 05:25:27
ghnfnk0,t1_ghmhrdf,I'm in the Feb 19s at the strike.,2,2021-01-01 06:51:28
ghn5ojg,t1_ghmhrdf,Sep 21 and Jan 23. Let’s get some tendies together!,1,2021-01-01 05:17:49
ghme4vh,t1_ghmdul5,Assuming no bubble. 2021 is going to be a different year. SaaS companies aren’t something I’m going to play this year. They’ve had their moment. Physical hardware and strong moat or bust IMO.,5,2021-01-01 01:15:27
ghme1h7,t1_ghmdul5,Ta tha muun 🚀🚀🚀,1,2021-01-01 01:14:39
ghmgugo,t1_ghmg81b,"They doubled from 1T to 2T in two years. Give me fundamentals on TSLA and I’ll compare those with AAPL for ya ;) 

Retail investors are the game changer, the difference is.. Apple actually has the fundamentals to support.

https://www.nytimes.com/2020/08/19/technology/apple-2-trillion.html",17,2021-01-01 01:38:22
ghmgz10,t1_ghmg81b,"You’re also clearly not aware of the rumors and patents on VR hardware, a VR OS, Car, and other innovations in R&D. Apple does one thing REALLY WELL: market timing.",7,2021-01-01 01:39:27
ghmhzvu,t1_ghmhv5e,Right? God those kexts were such a PITA but also so fun. The thrill of “will it crash today??”,3,2021-01-01 01:48:12
ghn86km,t1_ghn7vvi,"Totally. I can’t believe it’s not hyped on here more. I find AAPL believers and support in comments, but haven’t seen it featured. When they see our tendies posted, they’ll hype. Apple has actually been my saving grace from poor timing on memes.",7,2021-01-01 05:40:48
ghodrv4,t1_ghmi5l0,130c 4/16,1,2021-01-01 12:51:08
ghmqa5r,t1_ghmq7ps,Not according to others here. :),4,2021-01-01 02:59:22
ghp7u9a,t1_ghp4wsp,Outlook good,1,2021-01-01 19:30:07
ghmez2r,t1_ghmegno,I’ve seen a few bears around here on Apple. Care to share reasoning?,6,2021-01-01 01:22:32
ghptykw,t1_ghp6dkj,I don’t mind using them. Work for me. I’m guessing you have an android...,7,2021-01-01 22:43:44
ghnq4pd,t1_ghmn3hl,This is the way. Hope we get rich with apple,5,2021-01-01 08:33:14
ghnwctq,t1_ghnfnk0,Theta thanks you,0,2021-01-01 09:34:26
ghmgxz6,t1_ghme4vh,">	SaaS companies aren’t something I’m going to play this year. They’ve had their moment. Physical hardware and strong moat or bust IMO.

🤡",15,2021-01-01 01:39:12
ghmh5lc,t1_ghmgz10,[deleted],-20,2021-01-01 01:41:01
ghmql6c,t1_ghmqa5r,"Ur gonna make money... but u could make the same returns with an ETF or by throwing it in DIS or SNE. Think about it this way, it’s much harder to grow a 2 trillion dollar company 5%, than it is for a 2 billion dollar company to grow 10%.",2,2021-01-01 03:02:01
ghmfeeq,t1_ghmez2r,It’s called Down syndrome.,26,2021-01-01 01:26:05
ghmkyo6,t1_ghmez2r,"I’m not a bear, but I like trying to play devil advocate; 

They have 2 (?) large antimonopoly law suits against them. If either goes through, it could cut upwards of 50% of their current Rev model.  

The phones aren’t shit; iPhone 5’s are still fully functional and will continue to drive down available marketshare as an upgrade is a Quality of life purchase. 

They’re already pretty big, it’s not a fair argument at all, but what if the big boy falls? You close have millions turned into nothing if it falls and reverse plits. (Reaching at straws but we have some pretty gay bears in here) 

Microsoft fan boys run companies, Apple fan boys create products? Idk, the lawsuits are honestly the biggest bear thing I can think of rn",3,2021-01-01 02:13:25
ghmfjub,t1_ghmez2r,[deleted],5,2021-01-01 01:27:23
ghmfejx,t1_ghmez2r,my reasoning is that bul is fuk,-1,2021-01-01 01:26:07
ghnwiac,t1_ghnwctq,and why is that,2,2021-01-01 09:35:58
ghmheu9,t1_ghmgxz6,"Don’t say I didn’t warn ya. I was in software development with the first bubble and have been since. I also have a unique perspective being an Angel Investor in tech, to hedge advisor, and now VC. If I’m getting out of software plays with my perspective, perhaps me and others in this space are the canary in the coal mine? ;)",3,2021-01-01 01:43:13
ghmhn3i,t1_ghmh5lc,Calm down snowflake,12,2021-01-01 01:45:12
ghmhuri,t1_ghmh5lc,Let’s compare dicks some time. :) or just ask your wife who’s she prefers. Haha,21,2021-01-01 01:47:00
ghmqvde,t1_ghmql6c,Fair point. I’m not saying it’s a massive gains type of play. But options plays with 2-5x returns on something that’s a little more reliable than these meme stocks is still fun and good money. Just saying. You only need a 1-2% price jump for those returns. Same as playing SPY.,3,2021-01-01 03:04:30
ghmlv8d,t1_ghmkyo6,"It’s a fair perspective and cautionary tale. I don’t disagree and can’t speak to the fate of how that could play out. But I tend to look past the caution and risk, and let my stop limits save me. Risk mitigation and bear perspectives always fuck me, personally. But confidence in actual value (and sometimes memes) has been a consistent win, and I’ve never felt so confident in another position.",3,2021-01-01 02:21:11
ghmwtye,t1_ghmfjub,"I think Apple's shit is pretty good, until you factor in the price they charge. Apple's $1000 phones are slightly better than competitor's $300-500 phones; you can roughly double those prices for all the brands' laptops as well. That being said, boomers will continue overpaying for apple for the simple UI and the status symbol, so sure the stock will continue going up.",2,2021-01-01 03:57:29
ghmjzbi,t1_ghmfjub,I'm pro PC as fuck but I'd never bet against aapl lmfao,2,2021-01-01 02:05:02
ghq10rs,t1_ghmfjub,"As PCMR, the same reason I hate apple products is the same reason I own shares. It does print tendies",1,2021-01-01 23:39:40
ghmhxp0,t1_ghmheu9,🧢🧢🧢🧢🧢,7,2021-01-01 01:47:41
ghned7o,t1_ghmheu9,You might want to investigate why I recommended it instead of assuming.,2,2021-01-01 06:39:12
ghmi2ml,t1_ghmheu9,[deleted],1,2021-01-01 01:48:52
ghmie08,t1_ghmheu9,"Ah yes, let’s completely reverse the trend of everyone GTFO of physical infrastructure",1,2021-01-01 01:51:32
ghmrtj8,t1_ghmhuri,[deleted],-10,2021-01-01 03:12:58
ghmm6o9,t1_ghmlv8d,"I’m with there lol; I wholly believe it’s a company to sit on for years tbh. So even if you got stuck bag holding, you aren’t screwed as long as you hold",2,2021-01-01 02:23:57
ghoe2h5,t1_ghmwtye,Not true for the new M1 laptops. They're just better and more-or-less the same price.,2,2021-01-01 12:54:48
ghmivkr,t1_ghmi2ml,"Google my handle and Mongo. Used to be tight in the MongoDB world. We’ve completely moved away from it and nobody in the enterprise space trusts them. They’re a tank in 2021 regardless of the market. 

My sentiment overall though is that SaaS has a big drop. Maybe not sitcom crash, but big drop is coming. Privatized clustering and self managed services are spiking in popularity and not just from hype.",3,2021-01-01 01:55:43
ghmj1mn,t1_ghmie08,I didn’t say PaaS and Cloud suffer same fate. SaaS and licensing will have a hard year though.,1,2021-01-01 01:57:07
ghn69qx,t1_ghmrtj8,"Lol do you really want to be the type of person who digs through post history for some kind of dirt on a stranger?

Buddy you need to reconsider how you are living your life.",8,2021-01-01 05:23:11
ghmsudp,t1_ghmrtj8,Funny you mention that. That’s how I met your wife!,11,2021-01-01 03:22:02
ghmmee4,t1_ghmm6o9,Agreed. I plan on exercising on most of my calls and going ITM for more conservative plays. This isn’t a meme stock and that’s exactly what I like about it. I feel like it’s a reliable growth I can count on to then gamble away my profits.,3,2021-01-01 02:25:47
ghrijpx,t1_ghn69qx,[deleted],1,2021-01-02 05:53:09
ghtakrd,t1_ghrijpx,>!TRIGGERED!<,2,2021-01-02 17:14:57
