comment_id,comment_parent_id,comment_body,comment_score,created_utc
gj761tx,t3_kwyolc,also worth mentioning - they straight up DELETE ur whole convo if y’all even speak of doing a cash payment or meeting up. POSH gets their cut and they’ll get it by any means necessary,14,2021-01-14 13:09:52
gj75g5b,t3_kwyolc,"Too bad it’ll ipo at 100 like affirm did, fucking institutions are so lame

I was bullish on affirm but not when it’s doubled off nothing",25,2021-01-14 13:03:18
gj77cw9,t3_kwyolc,"Never bet against $BECKY  

&nbsp;

Edit: Listen tards, you might have no idea what Poshmark is but your wife/girlfriend does. Ask if they've sold things on it and have them check to see if they got the same email that OP did for a direct offering at $42.",7,2021-01-14 13:24:22
gj7o1b4,t3_kwyolc,My local junkie resells stolen clothes on poshmark. I'm all in 🚀🚀🚀,7,2021-01-14 17:27:27
gj7ipmx,t3_kwyolc,Great DD. Sentence structure and your clear understanding of the company as a user really shone through. PT? nvm its 100,6,2021-01-14 15:59:16
gj772p8,t3_kwyolc,"It is interesting, IPO seems a bit high though. Will decide in morning.",3,2021-01-14 13:21:10
gjcm49z,t3_kwyolc,Sucks they didn’t make a bigger announcement. U call that an announcement? I really hate how they communicate with us like we’re little girls on Instagram,5,2021-01-15 23:17:13
gr8b49v,t3_kwyolc,"Did you get out before the sell off? I feel like today is the day to buy back, bunch of positive stuff in the news.. or should I wait? 

Hi, I’m Becky 🙋‍♀️ I have over 10 years experience in eCommerce and sustainable fashion, no clue about the stock market, but I really like this app!!!",4,2021-03-17 20:35:35
gj7554c,t3_kwyolc,im in,4,2021-01-14 12:59:58
gj8u7k4,t3_kwyolc,[deleted],3,2021-01-15 01:03:04
gj773w8,t3_kwyolc,"I saw a chart, count me in",5,2021-01-14 13:21:33
gj7mdov,t3_kwyolc,"Holy fuck alright I’m in, also where can I find the BECKY holdings? I know the basics but is there something specific?",3,2021-01-14 16:59:38
gjcnic7,t3_kwyolc,Rough opening today,3,2021-01-15 23:28:32
gjpk42i,t3_kwyolc,You’re right on the $50 or lower. It may get there. If it does it’s a 3bagger,3,2021-01-18 18:48:40
gj8ym6u,t3_kwyolc,"Sooooooo it's doubled off of nothing now what?

Edit: Great DD btw",2,2021-01-15 01:35:12
gr0s1ru,t3_kwyolc,would you still buy shares at these prices? It seems the market overreacted a bit with the earnings on friday,2,2021-03-15 23:30:26
hi5t7hr,t3_kwyolc,"Took my first bite today at $26.50 , I’m thinking this holiday season will be verrry good for poshmark vis a vis supply shortages and shipping problems for traditional retailers . Plus the zoomers love it. I’d buy depop if it wasn’t private, but also this stock is so low rn idk it seems like there’s a lot of upside and not much risk at this price !",1,2021-10-27 04:35:07
gj76fyo,t1_gj761tx,Oh most definitely. I may or may not have been banned on Mercari for selling items of questionable authenticity. Poshmark couldn’t give less of a fuck as long as they get that 20% lmao,7,2021-01-14 13:14:06
gjaajfo,t1_gj761tx,thats lame,1,2021-01-15 07:31:24
gj767wg,t1_gj75g5b,"Yeah and AirBnB this whole year has been fucked. I do believe there will be a nice pump post earnings though, no matter the price point. For my $42 shares, I hope the price doubles off nothing tomorrow. However, I don't think $POSH will because it's being compared to the RealReal which shit at IPO. I will be picking up OTM leaps through- no matter the price",6,2021-01-14 13:11:41
gj773p3,t1_gj75g5b,Yeah it is some wold of wall street shit,3,2021-01-14 13:21:29
gj8la39,t1_gj77cw9,This. EV and SAAS FDs consistency fuck me week after week. $BECKY always yields positive.,3,2021-01-14 23:56:24
gj8k32r,t1_gj7o1b4,Local junkie? IDK what’s more bullish than that,1,2021-01-14 23:47:16
gj8jxit,t1_gj7ipmx,"I appreciate that. I don’t know much, but I do know how to sell used clothing online. Poshmark will dominate the women’s clothing space, if not the clothing re-selling marketplace as a whole",2,2021-01-14 23:46:06
gj77hev,t1_gj772p8,"I’m comparing it to eBay. I don’t know much about market cap, outstanding shares, or P/E ratio but I think both are have room to grow for what they are. Why is doordash $200 when they do the same thing with food and face more liability. Might be a stupid question, but this is a tech company- not a selling platform nor a service. Tech always goes boom boom",3,2021-01-14 13:25:43
gj8wpsk,t1_gj8u7k4,"I think its a good platform, but I don't personally sell on there. They operate within a very specific niche, for a very specific buyer. Items on there tend to be only luxury items, with a much higher price tag than luxury items on eBay, Poshmark, etc. The commission is 30%-50% and it is essentially an online consignment store. Prices are higher and buyers are typically looking for specific styles or a product in mind. There isn't as much autonomy with theRealReal, so sellers like myself are reluctant to use the platform and scale up. If you have hard to find luxury items that you don't mind selling for below market price, theRealReal makes it easy. If you are a luxury goods buyer who doesn't care to spend a bit closer to retail (and a bit father from market value) for a pre-owned item, theRealReal is a good platform. The stipulation with this idea, is that the ""pre owned luxury goods buyer"" tends to be a bit conscious of the % off retail, and usually will research prices, condition, etc prior to purchasing an item. So theRealReal isn't for the conscious used luxury goods buyer, rather the one who just wants a slight discount off retail and does not mind paying a bit over market for peace of mind.",3,2021-01-15 01:21:16
gj7egda,t1_gj773w8,THIS IS THE WAY,4,2021-01-14 14:54:22
gj8jmmh,t1_gj7mdov,"Fuck yeah, nothing too specific I believe BECKY is simply a social construct of the tards here. Imagine your local Becky; where does she shop? What does she drink? What does she do? $LULU $SNAP $ETSY $OR $SBUX $ULTA $MC $NKE $APPL $TIF $POSH",1,2021-01-14 23:43:44
gjcxir1,t1_gjcnic7,Rough day for retail. Sold all my shares at close yesterday and hoping the price settles by the time options become available next week.,2,2021-01-16 00:47:21
gj9005q,t1_gj8ym6u,Thanks I appreciate that. In retrospect I wish I took the whole allocation allowance- I'm up 130% on the handful of shares I bought. I'm a bit hopeful it stays under $100 so I can buy calls next week. Q4 earnings is what we should be focused on here though. I'm not sure of the date but we should expect it the last week of December.,4,2021-01-15 01:45:23
gj8j7ns,t1_gj7egda,🚀,2,2021-01-14 23:40:28
gjoli7g,t1_gj8jmmh,Don’t forget the most important: PTON,1,2021-01-18 11:16:12
gjbm4nt,t1_gj9005q,December? It’s January,2,2021-01-15 15:19:02
gj90w6h,t1_gj9005q,"Np. My wife should have turned me on to this $BECKY but she doesn't sell, so DD is much appreciated

Do we learn anything about $POSH from $AFRM?",2,2021-01-15 01:51:50
