comment_id,comment_parent_id,comment_body,comment_score,created_utc
ghsnxob,t3_koqieb,TO THE MOON,21,2021-01-02 12:14:25
ghszj88,t3_koqieb,All in on $GME & $NIO shares. Thank you for the confirmation bias.,12,2021-01-02 14:22:11
ghspvi3,t3_koqieb,I need cannoo to moon thanks,13,2021-01-02 12:32:56
ghtb941,t3_koqieb,"European doesn't care about the country of provenience. We only care about price. For example about 50% of European have Xiaomi and Huawei phone, because they are cheaper than Samsung/Apple, and in 2 years we will all switch to Oppo, because it will be cheaper than Xiaomi (just like Xiaomi was cheaper than Huawei and we switched to it)",5,2021-01-02 17:26:56
ghso40r,t3_koqieb,It will not be popular in Europe nobody gives a shit about nio in Europe. To be fair the majority of people don’t even know what nio is. They do know what coke and Tesla is though,2,2021-01-02 12:16:03
ghspqru,t3_koqieb,"**If this is [spam](https://www.reddit.com/r/wallstreetbets/wiki/contentguide) you can vote to remove it and earn setting your own flair.**

| **Remove It (0)** | **Keep It (1)** |
|--------|:-------|-------:|:------:|
| [Click to Vote](https://www.reddit.com/message/compose/?to=WSBVoteBot&subject=koqieb&message=spam) | [Click to Vote](https://www.reddit.com/message/compose/?to=WSBVoteBot&subject=koqieb&message=approve)|

[Click Here to Change Inaccurate Post Flair](https://www.reddit.com/message/compose/?to=WSBVoteBot&subject=postflair%20CHANGEME&message=koqieb)
___
 ^comment ^will ^disappear ^--- ^54 ^shitposts ^removed ^since ^last ^crash ^--- ^[information](https://www.reddit.com/r/wallstreetbets/wiki/votebot) ^--- ^[leaderboard](https://www.reddit.com/r/wallstreetbets/wiki/leaderboard) ^--- ^[REWARDS](https://www.reddit.com/r/wallstreetbets/wiki/votebot_commands)",1,2021-01-02 12:31:38
ght3gny,t3_koqieb,"What I've felt

What I've known

Never shined through in what I've shown",1,2021-01-02 15:16:40
ghtiqiy,t3_koqieb,"Dont think a premium chinese sedan/suv will sell well in europe. If it's budget or mid range, fk yes. Does nio need to expand to europe, thats the real question. Even tesla is fighting tooth and nail for market dominance in europe. VW's gonna steamroll both tesla and nio with it's ID4. $17k cheaper than model Y and way cheaper than ES8/ES6.",1,2021-01-02 19:42:21
ghtpe29,t3_koqieb,German automakers are going all in on EV’s wanting to compete with TESLA. EU uses heavy tariffs to protect their own.,1,2021-01-02 21:27:36
ghvo55a,t3_koqieb,"Not a lot of people (in most European cpuntries) drive 150 Km a day, so that’s not really a problem.",1,2021-01-03 08:14:17
ghsr22h,t3_koqieb,"The reviews for Chinese products are always good, use them for a month and the cracks start showing.",1,2021-01-02 12:44:40
ght2bxv,t3_koqieb,[deleted],0,2021-01-02 14:59:57
ghtc26y,t3_koqieb,Bad design,-1,2021-01-02 17:41:26
ghtlb76,t3_koqieb,120 Km/h is unacceptable. I would never buy a car with this limitation. This is just a stupid tata-like car for occasional city usage.,-1,2021-01-02 20:26:41
ghu0tu3,t3_koqieb,Yeah I can’t really imagine a world where anyone buys a Chinese product that’s MORE expensive than the completion. They should stick to their dirt cheap crap model,-1,2021-01-02 23:38:25
ghtik1m,t1_ghspvi3,pleas fly again,5,2021-01-02 19:39:08
ghtwfuv,t1_ghspvi3,They trash in every way. I don’t know what’s worse design or business model,0,2021-01-02 22:53:26
ghvxkbk,t1_ghtb941,I'm European and I've never heard of anyone owning a Xiaomi phone and everyone who owns a Huawei is old,6,2021-01-03 09:40:20
ghsosh3,t1_ghso40r,"First of all, Europe is not a country. Maybe only top earners in Germany and in comparable top economies can afford a Tesla. You can look at the income in Spain, Portugal, Eastern European countries. People won't be buying Teslas there. Second, governments make driving gas cars very expensive and give big discounts for buying EVs. People will be searching for affordable EV alternatives. So far, there is only VW e up that looks awful and has an awful range. Nio provides quality and a Luxus feeling for a good price. They don't know about Nio because it's not offered here yet but the word spreads fast.",18,2021-01-02 12:22:28
ghsu56s,t1_ghso40r,It will be popular in Europe.,2,2021-01-02 13:17:18
ghwcou2,t1_ghu0tu3,"if you think nios cars are crap you clearly haven't looked into the company or their cars at all. The quality of their vehicles is almost even to tesla, add in BaaS tech + battery swap tech, plus make it cheaper, nio is the obvious choice.",1,2021-01-03 12:08:04
ghtp7fl,t1_ghtik1m,Patience guys. They just sent out an interesting Tweet a few hours ago. Check it out at r/goev,2,2021-01-02 21:25:02
ghxl9wr,t1_ghvxkbk,"Just to be clear, quoting Xiaomi financial quarter:
""Western Europe, where Xiaomi sales soared 107% over the previous year, contributed significantly to revenue growth. According to the company, Xiaomi is now the third best-selling brand in the region, occupying 13.3% of the market.

Xiaomi says it is the second-most popular brand in Italy, third in France, fourth in Germany, and has been Spain’s preferred smartphone brand for three quarters. """,3,2021-01-03 18:24:17
ghxkwnp,t1_ghvxkbk,"I don't know in which part of Eu are you living, or what's your ""status"" but at least in Italy and Spain a lot of people between 20-35 years have the Xiaomi red mi note 9 or 8. It's usual for people in the same table to switch phone, because everyone have a Xiaomi.",2,2021-01-03 18:21:07
ght49p9,t1_ghsosh3,"I'm sorry, there's not ""only VW e up"" 

Did you miss the whole ID3 launch (540km range) last year? ID4 have already started deliveries.  Skoda Enyaq releasing this year. BMW iX3 releasing this year

Kia e-Niro and Hyundai Konas are fucking everywhere. 

It's not unusual to get in a Hyundai ioniq taxi. 

Go to Amsterdam and the majority of the taxi rank are Tesla Model S. 

This is without talking about the Audi e-Tron. The Taycan. The Polestar 2 (already seen a few of these in UK). The new all electric Volvo xc40. Peugeot e208. etc

VW has production capacity for 600,000 EVs in 2021

Thinking Nio has a free run at Europe like Tesla had is completely missing what the rest of the auto industry is doing. 

This doesn't mean Nio can't succeed, I just worry about shit DD like this as it's like you don't have a clue what's actually going on.",10,2021-01-02 15:28:58
ghszwxj,t1_ghsosh3,"If I recall correctly Nio is more expensive and bigger than the Tesla's, they could theoretically come out with a smaller cheaper car aiming to sway European markets but, I haven't read anything like that at all... So that's to say that your argument for Nio in Europe is actually True for Tesla 👍 who are already cheaper than Nio and as pointed out on the thread still trending to be cheaper. That's their whole point good and affordable. There are definitely high end Tesla Models but that's not what the company is about 😃",3,2021-01-02 14:27:11
ghu3gpt,t1_ghsosh3,You do realize that NIOs are more expensive than Teslas right,3,2021-01-03 00:03:38
ghsr4t1,t1_ghsosh3,[deleted],-2,2021-01-02 12:45:26
ghtl0w6,t1_ghsosh3,"You think people in Eastern Europe will buy electric cars?

You think Eastern Europeans give a shit about CO2 emission or would allow extra taxation on gas or petrol? Eastern European countries that still claim coal as the fundament of their economy? You call him out on treating Europe as if it was one big country but do the exact same thing, just with more consideration to wealth distribution across the continent.

You'd have more luck betting on gay marriage being fully legalised in Poland than electric cars picking up in EE within the next 10 to 20 years lmao in 2019 around 6k electric cars were crusing polish streets and polish politicians are all excited promising that this number will increase to... 600.000! And thats what politicians are promising so if they reach 100k i would be extremely surprised. Bruh people still burn trash in old ass furnaces across Poland (especially south east) making places like Krakow or Katowitze one of the most polluted cities in the world, and the government barely even cares - and yet people think they will go crazy about electric cars. 

And I'm using Poland as a shining example as out of all slavic countries it is the richest and most modern. Imagine this happening in Serbia... not.",1,2021-01-02 20:22:00
ghtp7wf,t1_ghsosh3,"Fuck off idiot. Stupid post. EuRoPe iSnt a country of course it isn’t moron. Nobody is buying your $NIO pos product. Tesla is gonna continue dominating the European EV market and get bigger and bigger with Berlin up and running.

Take your shitty 🇨🇳⚡️🚘 and gtfo",-2,2021-01-02 21:25:13
ghspg2b,t1_ghsosh3,NOBODY CARES!! Clearly your not living in in any of these countries cause nobody cares about a Chinese car 😂,-11,2021-01-02 12:28:41
ghsvydm,t1_ghsu56s,Clearly not European. 😂 nio is screwed in Europe it will be the greatest fail of modern history. Lemme predict what will happen first they will open showrooms just to realise they were years late... cause nobody cares then they will pack there bags and go home and focus on there own turf. Tesla has won Europe if you doubt that for one sec you are being bias. IT IS NOT WHAT YOU WANT IT IS WHAT THE CONSUMER WANTS RETARDDD,-1,2021-01-02 13:37:50
ghtpak1,t1_ghtp7fl,the sand one? that’s an old video,5,2021-01-02 21:26:14
gi0q8qk,t1_ghxkwnp,Oh fair enough - honestly can't say I've ever seen them before,2,2021-01-04 09:28:59
ghu3d22,t1_ght49p9,"Fucking exactly. Knowing consumers for cars they won't go get some unknown chinese car when a VW does the same job.

NIO got money to make but not with these valuations.",2,2021-01-03 00:02:41
ghtzfm5,t1_ght49p9,NOBODY CARES SPASTIC! Nobody cares what you want in fact nobody gives a shit what you want. Another ignorant British dickhead 🥴 shocker,-4,2021-01-02 23:24:31
ghsrqyl,t1_ghsr4t1,"Yeah, if only Nio was backed by any kind of a super power with pretty much unlimited resources to ensure that the supply will meet the demand... Tesla and Nio are not direct competitors. It's more like Tesla is going to crush BMW top cars like M electric and Nio will crush the bottom ones like the oversized smart monstrosity called i3",15,2021-01-02 12:51:43
ghsttv4,t1_ghsr4t1,"NIO has $5B in cash.  If they want to build or buy a factory, I am sure they can and the stock price would go up 10% on the news.  Maybe they will announce it on NIO Day?  

But why spend money on old technology like a factory? They should spend it on research and development.",3,2021-01-02 13:13:45
ghsr3ko,t1_ghspg2b,You’re a 🌈 🐻,8,2021-01-02 12:45:05
ghspm4z,t1_ghspg2b,Bless your heart...,2,2021-01-02 12:30:21
ghsyfn7,t1_ghsvydm,Exactly and I want a cheap car. I take it alibaba and Ali express don’t make any money either,-1,2021-01-02 14:07:55
ghtpgsr,t1_ghtpak1,It’s the very 1st post. Look again,0,2021-01-02 21:28:37
ghu3fi6,t1_ghtzfm5,You are seriously emotional invested in a risky stock. Tread lightly,9,2021-01-03 00:03:20
ghu1dnm,t1_ghtzfm5,Tell that to all the people that drive Chinese owned Volvo you fucking numpty.,2,2021-01-02 23:43:49
ghss1tv,t1_ghsrqyl,[deleted],-13,2021-01-02 12:54:53
ghtejqm,t1_ghsttv4,Factories are kind of important if they want to make more than 7000 cars a month...,3,2021-01-02 18:26:23
ghsrbty,t1_ghsr3ko,Bud I own the stock 😂 it will still do well in China,4,2021-01-02 12:47:24
ghsq5n2,t1_ghspm4z,"Don’t get me wrong I own nio stock myself and I can see it doing well in China but I am doubtful it will do well amongst the Europeans. UK is flooded with Tesla’s, Norway, Sweden, Austria, Finland even the lower GDP countries such as Latvia, Lithuania. Everybody at the moment wants a Tesla here if you ask any European what EV would you buy a nio or a Tesla. You will get your answer it is not about what you want. It is about what the consumer wants and that is not nio",4,2021-01-02 12:35:41
ghspwpc,t1_ghspm4z,[deleted],4,2021-01-02 12:33:14
ghsyori,t1_ghsyfn7,A car and an electric toothbrush aren’t comparable idiot,-1,2021-01-02 14:11:09
ghtpsx1,t1_ghtpgsr,yes the sand rail video?,3,2021-01-02 21:33:13
ghu3rd7,t1_ghu1dnm,Been a while since I had a boomer yell at me on Reddit. What a pathetic life 😂,-3,2021-01-03 00:06:19
ghswb4p,t1_ghss1tv,You are very retarded,8,2021-01-02 13:41:56
ghtuf03,t1_ghtejqm,Apple doesn’t manufacture the iPhone.,1,2021-01-02 22:30:35
ghss4x7,t1_ghsrbty,yeah same i've got a little bit of nio stock but we are a looong way from seeing Nio take over europe lol,1,2021-01-02 12:55:48
ghsqbwy,t1_ghsq5n2,I know it's like tones of people I know want an Iphone and own a Xiaomi,5,2021-01-02 12:37:26
ghswh60,t1_ghsq5n2,No shit. Tsla lead the way and is more popular right now. Nio is still young and unknown to a lot of people. If you think one company is going to monopolize the whole EV market you are fucking stupid,-1,2021-01-02 13:43:55
ghsscdj,t1_ghspwpc,Tbh I can picture european eastern slavs and gipsies drunk driving them Nio cars,4,2021-01-02 12:57:54
ghsq47c,t1_ghspwpc,"They are not competing with Teslas here. A Tesla would cost around 90,000 here. A Nio is around 40,000. That's what all the article point out. They compare Nio with an Audi for 60,000 and say that it has a comparable performance and costs 20,000 less",3,2021-01-02 12:35:17
ghsztek,t1_ghsyori,Cheap stuff is cheap stuff wank stain,1,2021-01-02 14:25:55
ghtpz3p,t1_ghtpsx1,Check out the emojis on the Tweet and decipher them,1,2021-01-02 21:35:35
ghua6qf,t1_ghu3rd7,"for real, you all caps me 'NOBODY CARES SPASTIC!' and im the one yelling... 

does your boyfriend put up with your attention seeking drama?",2,2021-01-03 01:03:04
ghszss1,t1_ghswb4p,"KanyeWest levels of retardedness, smh smh",3,2021-01-02 14:25:41
ghtwxso,t1_ghtuf03,"Tesla does manufacture the Model 3/Y 

Profit margin is key. Notoriously tight in the car industry. 

If they're paying someone else to make their cars while expanding they'll never compete.",2,2021-01-02 22:58:47
ghsspy9,t1_ghss4x7,Humans are simple creatures we enjoy familiarity and we apply caution to the unfamiliar. I from the bottom of my heart seeing all my friends and family wanting a Tesla they don’t even know what a nio is. In fact the only person out of my personal group who knows about nio is me cause I own the stock,0,2021-01-02 13:01:43
ghsqi0c,t1_ghsqbwy,That's why they'll prefer Xpeng over Nio.,0,2021-01-02 12:39:10
ghswrm3,t1_ghswh60,NOBODY IN EUROPE CARES ABOUT CHINESE CARS/BRAND,0,2021-01-02 13:47:21
ghtltuh,t1_ghsscdj,Noone in Eastern EU is not buying EVs next 20 years if they dont have to. And those that have money will get tesla. VW or skoda. Not chinese cars.,2,2021-01-02 20:35:00
ghst709,t1_ghsscdj,😂😂😂 that cracked me up,1,2021-01-02 13:06:45
ghszz3v,t1_ghsztek,Yeah and why would the Europeans want cheap crap 🥴,0,2021-01-02 14:28:01
ghv7kgu,t1_ghtpz3p,">r/goev

They should just fucking say it instead of being a teenage girl. This is why their stock price is trash right now. Smfh",3,2021-01-03 05:48:27
ghtq66h,t1_ghtpz3p,"ahh i see, apple partneship confirmed 😂",1,2021-01-02 21:38:12
ghudcqg,t1_ghua6qf,Shush midget get back to your COVID infested rat land,-2,2021-01-03 01:30:14
ghu6o2i,t1_ghtwxso,"There is more than one business model.  

Technology is what will differentiate NIO from the rest.  Focus on research first then you can build your factory.",1,2021-01-03 00:32:47
ghwc4jx,t1_ghsspy9,"you're acting like nio is just gonna drop in and nobody's gonna notice. The problem is not in unfamiliarity, in the long run if it's a quality car, which it is, at a good price, which it is, it will do well.",1,2021-01-03 12:02:20
ghsr2no,t1_ghsqi0c,XPeng and Nio seem to come in pretty much the same price range to the European market.,2,2021-01-02 12:44:50
ghwcc06,t1_ghsqi0c,Xpengs vehicles vs nios vehicles are like comparing a ford to an Audi. The price difference isn't large enough for someone to buy a far inferior vehicle.,1,2021-01-03 12:04:23
ghsx629,t1_ghswrm3,No body cares about Japanese cars/brand when they first came to the US either and look how that ended up.,4,2021-01-02 13:52:12
ght08j2,t1_ghszz3v,"Why do people buy Toyota, Nissan, fiat, vw? Not everyone can afford top of the range",2,2021-01-02 14:31:31
ght0atz,t1_ghszz3v,Plus Elon musk is a dickhead to us,1,2021-01-02 14:32:23
ghtqh18,t1_ghtq66h,See Marty MC Spac’s interpretation and Canoo’s response. Interesting. I believe they will be releasing some major press releases this month,1,2021-01-02 21:42:09
ghu9vdq,t1_ghu6o2i,I'm interested in what technology you think Nio can push further than the rest with significantly less investment potential?,1,2021-01-03 01:00:21
ghsxe0q,t1_ghsx629,Bruh I am in Europe I own both Tesla and nio stock. I wouldn’t just say this cause I want nio to fail but because it is overwhelming clear from what I see day to day. It is not about what you want. Nobody cares about what you want. It is about what the consumers want,1,2021-01-02 13:54:54
ght0cgo,t1_ght08j2,Comparing ICE manufacturers now... boy you are running out of arguments aren’t ya 😂,2,2021-01-02 14:32:59
ght0r4s,t1_ght0atz,The man who revolutionised space travel helped drive the most successful tech EV company in the world and who in his late 20s earned $30 million. At 11 years old was memorising encyclopaedias. That Elon which your referring to as an idiot?,1,2021-01-02 14:38:26
ghuaakt,t1_ghu9vdq,"We just have to wait for NIO Day.  

Great technology needs good talent, not just numbers.  As a matter of fact, Apple got the iPhone done with just 100 engineers.",1,2021-01-03 01:04:00
ghsy0lj,t1_ghsxe0q,"You can’t make judgment on what will happen until Nio is in the European market. People might not give a shit about it until they see one, get in it and drive. They might realize that they were wrong and that it is indeed a quality vehicle. Casting judgment on a product before you have actually have the chance to experience it for yourself is stupid. It might take time but Nio will be the second largest and most competitive EV company next to Tesla",4,2021-01-02 14:02:36
ghtesp7,t1_ght0cgo,"All of those companies make EVs bud.

No one bought a Kia or Hyundai a few years ago and they're everywhere now.

If we can buy into Korean cars we sure as well will buy into Chinese cars.",2,2021-01-02 18:30:55
ght0faz,t1_ght0cgo,Elon is a cock nuff said. We don’t want to line that nonces pockets,0,2021-01-02 14:34:02
ght130q,t1_ght0r4s,Man-child obsessed with space  this cunt and bezos could really make a difference in the world. Why is it when they achieve super wealth they do childish shit instead of what bill  and Melinda gates do?,0,2021-01-02 14:42:54
ghuc363,t1_ghuaakt,"Everything points towards them not focussing on technology where they lag behind Tesla/Xpeng and instead investing in brand + establishing in Europe beginning with Nio House // Oslo.

They've cutback engineers with layoffs from their self drive team.

[https://technode.com/2020/08/17/nio-names-new-head-of-self-driving-unit/](https://technode.com/2020/08/17/nio-names-new-head-of-self-driving-unit/)

I hope to see their 150kwh battery on Nio day. Baas is their differentiator. 

It seems like they're pushing quite a traditional vision of the car (both in looks and function) and appealing to luxury owners + long term ownership with baas versus leading in the front foot of technology.",1,2021-01-03 01:19:26
ghsyiw6,t1_ghsy0lj,"There has been a pandemic coming from China. Guess where that hatred is being directed at from our politicians, now I have no negative feeling about China or the Chinese personally but those who are easily influenced by the politicians pointing the blame at the Chinese guess what things cannot be compared to past events because this has never happened before trust me when I say the Chinese have a lot of hate towards them. The Italians, French, Spanish, British to name the least. They will fail tremendously if nio came here the other Europeans will know what I’m talking about.",1,2021-01-02 14:09:04
ght15iw,t1_ght130q,You got autism?,2,2021-01-02 14:43:52
ghuck6p,t1_ghuc363,"They had to cut back in 2019 but expanded in 2020.  With $5B on hand, it is a new day for NIO.",1,2021-01-03 01:23:32
