comment_id,comment_parent_id,comment_body,comment_score,created_utc
gj2x51q,t3_kw8dtm,"Also, if you think Biden is committed to running the printer all spring and the dollar will depreciate. Oil is the first thing that will spike in price.

Oil goes to $75 this summer and we all go to tendie town.",12,2021-01-13 12:29:38
gj2ugt0,t3_kw8dtm,This is too smart for this sub,17,2021-01-13 12:03:11
gj2vfu2,t3_kw8dtm,"Also worth mentioning is that BP and RDS are divesting from oil. Chevron and XOM are doubling down. 

Unless the economy does not recover XOM is going to the mid 50s by this summer. It's up from $44 to $48 in a week and climbing.

We are 15 years from peak oil and 10 from peak supply. 

I'm jacked to the tits on XOM long calls.",15,2021-01-13 12:12:48
gj2tt7i,t3_kw8dtm,But its boomer equities and commodities. It doesnt go Brrr.,19,2021-01-13 11:56:48
gj2u6cc,t3_kw8dtm,Tldr:What calls should I buy,9,2021-01-13 12:00:22
gj32x60,t3_kw8dtm,"Have you heard the term ""Petro-dollar"".  The USD is tied to oil since the US went off the gold standard under Nixon in 1971.  With Uncle Joe, Janet, and Jerome committed to printing money like Brrrrrrrr in 2021, I only see the price of oil going up in 2021.",6,2021-01-13 13:33:30
gj2txet,t3_kw8dtm,Any idea why APA shot up 11% today?,4,2021-01-13 11:57:56
gj2xwhs,t3_kw8dtm,[removed],5,2021-01-13 12:37:30
gj2umrb,t3_kw8dtm,"Brent just hit $57 on track for 65 this summer according to Goldman. Oil will pop , I've been in since the big dip ez money",6,2021-01-13 12:04:49
gj2uucq,t3_kw8dtm,"XLE shares are a nice and easy way to have broad exposure I think, plus dirt cheap 0.13% fee. Could consider leaps too",3,2021-01-13 12:06:53
gj2vwtb,t3_kw8dtm,"Usoi has really insanely good dividends 

Borr is about to go for a serious ride",3,2021-01-13 12:17:25
gj2y2pd,t3_kw8dtm,You’re two months late. /CL is up 50% from the Oct. lows.   Every body makes money when oil is between $50-$60 a barrel.  We’re there now. Sideways action with limited upside is my bet for the next 6 months,3,2021-01-13 12:39:17
gj3cbi0,t3_kw8dtm,I have Exxon calls strike 50 until March,3,2021-01-13 15:42:37
gj2y441,t3_kw8dtm,Holding 20c 2023 in BP - the world is gonna go back to work.,2,2021-01-13 12:39:41
gj2ylug,t3_kw8dtm,"This is solid DD.  I'm in on BP for now.   

Just looking at those consumption numbers...it shows there is a ton of recovery left once people go out again.  Think this is one of the better plays for 2021",2,2021-01-13 12:44:49
gj3269o,t3_kw8dtm,EPD is a good play,2,2021-01-13 13:24:39
gj2uqex,t3_kw8dtm,"Checkout ERX, levered 2x oil ETF. I’ve been loading up on relatively cheap leaps and I think this has a ton of upside while diversifying across many names. Also own leaps on BP and RDSB as an overseas play that provides exposure to renewable energy and non oil like nat gas",1,2021-01-13 12:05:49
gj38jk3,t3_kw8dtm,"Things aren't what they used to be

Missing one inside of me

Deathly loss this can't be real

Can't stand this hell I feel",1,2021-01-13 14:46:29
gj3crn8,t3_kw8dtm,OXY made me a lot yesterday so I buy this,1,2021-01-13 15:49:39
gj3hokz,t3_kw8dtm,RDS.A is the shit. Took short term losses during the pandamic for long term gains. They are also the biggest LNG player in the bug oil sector with it being about 38% of their revenue. Never forget that behind every solar or wind field is a LNG power plant to pick up the slack.,1,2021-01-13 17:10:45
gj3novb,t3_kw8dtm,"I think our dependence on oil will stay for much longer but when big IOC / NOCs are revising their visions to become sustainable energy / power producer than ""conventional energy / oil & gas"", that's sending a message that the industry is pivoting.",1,2021-01-13 18:54:19
gkrcrh8,t3_kw8dtm,Opinion on Murphy?,1,2021-01-26 06:31:08
gj2u3pp,t3_kw8dtm,"Energy Density in one gallon of gasoline Vs. what’s available in alternative energy for that same equivalent energy density. We will be using oil long after most of us are dead. OP is hung like a horse, 100% DD confirmed and approved!",1,2021-01-13 11:59:39
gj2xsqy,t3_kw8dtm,"What do you think of tanker gang? Stng, Eurn and dht?

Also, I thought ET was a great buy, check it!",1,2021-01-13 12:36:27
gj3o7mm,t3_kw8dtm,Let’s not,0,2021-01-13 19:02:48
gj2w4dm,t3_kw8dtm,"fuck oil , only matter of time before its obsolete .",-2,2021-01-13 12:19:29
gj2wpag,t3_kw8dtm,[deleted],-1,2021-01-13 12:25:15
gj35kml,t3_kw8dtm,OIL is for boomers,-1,2021-01-13 14:06:24
gj2y7dt,t1_gj2x51q,"I had no idea there was such a direct correlation between the two. Thanks dude!

&#x200B;

[How oil and the currencies are connected](https://www.investopedia.com/articles/forex/092415/oil-currencies-understanding-their-correlation.asp)",10,2021-01-13 12:40:37
gj2wbqh,t1_gj2tt7i,"MT and Vale are boomer stocks, doesn't stop us retards from riding the steel wave to tendies town 🚀🚀🚀🚀",14,2021-01-13 12:21:31
gj2yaa1,t1_gj2u6cc,"ET shares, and sell OTM covered calls.",3,2021-01-13 12:41:26
gj2uzr0,t1_gj2txet,"Apparently there are a handful of big oil stocks that spiked today.

The American Petroleum Institute (API) released data on the current oil supply during a scheduled announcement today. It was expected that supply would be low [after Saudi Arabia and some others announced they would reduce production](https://www.wsj.com/articles/oil-producers-commit-to-supply-curbs-sustaining-price-rally-11610452802).

&#x200B;

Low supply and relatively high demand means prices stay stable/rise.

&#x200B;

People got some FOMO and bought in really fast.",5,2021-01-13 12:08:22
gj33wbz,t1_gj2xwhs,ENB?,2,2021-01-13 13:45:28
gj34xdp,t1_gj2vwtb,Wait its div yield is 50%. What the FUCK,2,2021-01-13 13:58:08
gj3pfjz,t1_gj2vwtb,Borr down -19% rn on Norwegian market,1,2021-01-13 19:22:29
gj35m3h,t1_gj2y2pd,"Many shale companies have gone bankrupt in the oil glut. Commodity supercycles are due to bouncing supply and demand. 

Prices crash -> producers get wiped -> less supply -> prices rise -> more producers pop up -> prices crash

BP and Shell are gradually leaving oil. A significant number of smaller and mid-sized producers went bankrupt. Oil, like other commodities, cannot be produced as soon as prices rebound. It'll be a while before production recovers. We can maybe hit 70 by the start of 2022",3,2021-01-13 14:06:54
gj3gj3u,t1_gj2y441,Nice. BP looking good!,3,2021-01-13 16:51:15
gj2vdk8,t1_gj2uqex,"I don’t trust leveraged ETFs anymore... bought HED when the market started crashing at $13, almost perfectly executed that trade. Then put that money in a bullish etf and ended up losing a good chunk of money in the next few days even though oil price went up.",1,2021-01-13 12:12:12
gj3yy4g,t1_gj2uqex,"See, that's why I sold both. Oil is going up in the near term. I don't want to waste time with a oil major that is divesting from oil. That tells me they are  no investing in new oil production and won't go to the moon.",1,2021-01-13 21:30:14
gj2ylv8,t1_gj2xsqy,"I don't know enough about the shipping and tanker industry right now to say anything about em.

&#x200B;

ET seems like a really good buy in terms of economic recovery. You should definitely consider the incoming administration, however. The democrats won't be kind to corporations as controversial as ET.",1,2021-01-13 12:44:50
gj2xhsf,t1_gj2w4dm,She isn't going to sleep with you no matter how much you care about global warming. Join the dark side and make some tendies.,9,2021-01-13 12:33:18
gj2xqoe,t1_gj2wpag,WTI is above the $50 level that was considered a benchmark for XOM to maintain their spending; back in Oct they didn’t expect it to hit $50 till Q4 2021. So at least they have that going for them.,3,2021-01-13 12:35:52
gj2ykuo,t1_gj2y7dt,"Dude, the world runs on oil. Oil is only traded in dollars. It's why the dollar is the reserve currency and why we can  run then printers all day. We can print more, everyone buys them from us.

Real talk, oil isn't going anywhere because when it does the dollar does and we are all fucked.",9,2021-01-13 12:44:32
gj30x3b,t1_gj2yaa1,Why ET?,2,2021-01-13 13:10:12
gj2yktb,t1_gj2uzr0,thanks brothaman,2,2021-01-13 12:44:31
gj34697,t1_gj33wbz,[removed],3,2021-01-13 13:48:51
gj425ua,t1_gj3pfjz,Fuk I’m balls deep,1,2021-01-13 22:02:46
gj2yu9q,t1_gj2ylv8,"Yep, I am hoping that the Dakota access pipeline approval slips under the rug since it has been approved for a while...a return to $12+ would be awesome!

Besides that, the dividends are really strong and possible 2x gains from the current price🚀🚀🚀😎",1,2021-01-13 12:47:19
gj2xrtg,t1_gj2xhsf,"i'm making tendies on icln, clsk, nio pltr .  Less risk and much more upside. Oil is too driven with any type of news that comes out.  it's too sensitive to every catalyst",1,2021-01-13 12:36:12
gj35rew,t1_gj2xqoe,[deleted],2,2021-01-13 14:08:49
gj35yb7,t1_gj30x3b,CUZ ET GOES HOME (aka mars) AT THE END OF THE MOVIE 🚀🚀🚀🚀🚀🚀🚀🚀🚀🚀🚀🚀,3,2021-01-13 14:11:19
gj43dpz,t1_gj34697,What about the investments in renewables? They're throwing a lot behind alternative energy if I remember correctly.,1,2021-01-13 22:14:30
gj5ragc,t1_gj425ua,I bought the dip. Already up 7%,1,2021-01-14 05:49:49
gj5lphx,t1_gj35rew,"Well I'm in for a pretty small position so no biggie either way, but that's a good observation of prices to the dollar losing steam.",1,2021-01-14 05:10:09
