comment_id,comment_parent_id,comment_body,comment_score,created_utc
ghnyozm,t3_ko2pj6,"I saw that 96% increase today and the 300% over the last few weeks.  My luck, I'll buy in and it'll tank.  Looks like a pump and dump, but I might be wrong",10,2021-01-01 09:58:26
ghnzbbw,t3_ko2pj6,Pump and dump.  Don’t be a bag holder.,8,2021-01-01 10:04:51
ghnxt27,t3_ko2pj6,"Just bought in today. IF ARK picks it up, then to the moon we go!",5,2021-01-01 09:49:14
ghnz1di,t3_ko2pj6,CRSP📈💵,5,2021-01-01 10:01:59
ghnzglr,t3_ko2pj6,"Pump and dump stock, already had a +500% run off a short squeeze since Nasdaq gave them a 180 day extension to meet guidelines to stay in the Nasdaq",3,2021-01-01 10:06:23
ghnyr4h,t3_ko2pj6,Love biotechs,3,2021-01-01 09:59:04
gho3pt3,t3_ko2pj6,"Technically ban, but irl I hold 2.5k shares.",3,2021-01-01 10:52:02
gho47ii,t3_ko2pj6,[deleted],3,2021-01-01 10:57:30
gho2vhf,t3_ko2pj6,Couldn't you post it earlier even during the after market hours? Jk..good find..will definitely look into it in on Monday AM.,2,2021-01-01 10:42:52
gho4dvk,t3_ko2pj6,"Hey retards get the fuck in here. I’m penny slayer and we’re are laughing at you idiots waiting for y’all to hop in too!! Jump in now mang. 90 shares @ 2.93. Looking to buy more Monday. 

Diamond hands this bitch until 20+ 

Now is the time to buy. Sure you missed the last two days but we have fucking catalyst  packed in the pipeline that will blow this thing to Pluto",2,2021-01-01 10:59:28
ghnzb6v,t3_ko2pj6,"Okay but remember this company is just like Workhorse. Its a binary outcome. If they get FDA approval, then by all means lightspeed. If they don't then godspeed lol. 

This is the definition of a all or nothing stock lol",1,2021-01-01 10:04:49
gho6mc0,t3_ko2pj6,"Sorry, your post has been removed by vote. Please don't delete the post if you think it's not spam as it may be approved later.

___

You can either contact moderators or vote to restore this thread and punish the volunteer moderators responsible for spamming your post in the daily [WSBVoteBot action log](https://www.reddit.com/user/WSBVoteBot/posts?sort=new).",1,2021-01-01 11:25:19
ghnz5r5,t1_ghnyozm,Its about the long term goal even if it drops back to 2 gotta realize their FDA approval and research paper is making it appealing.,0,2021-01-01 10:03:14
ghnxxpa,t1_ghnxt27,tell all your friends and family. need this to be the next GME and Palantir.,3,2021-01-01 09:50:32
gho79ll,t1_gho47ii,Big brain play right there,1,2021-01-01 11:32:52
gho3029,t1_gho2vhf,Took too long debating how many 🚀to use sorry,1,2021-01-01 10:44:17
gho28vj,t1_ghnzb6v,Workhorse has not gotten the contract but stays at around 20 dollars from a penny stock. They are also in the drone market. Even if they fail to get the contract they will not go back to being a penny stock.,2,2021-01-01 10:36:10
ghnzsnv,t1_ghnz5r5,"I also read today that they were threatened with being delisted from Nasdaq cause their share price has stayed below $1.00 for so long.  And coincidentally it jumps within days of that news.  I'll keep my eye on it, but something doesn't sit right with me.  

And with a grain of salt, their P/E is negative and forecast  to not turn a profit for 3 years (however that's figured)",3,2021-01-01 10:09:53
gho2x7w,t1_ghnzsnv,"I would be more concerned if it was a clinical trial which rose shares, but since it was a professional science article it has more credibility. The fact that they also got dr. Chaubey who has gotten previous FDA approval in this field and vanguard securing position makes it very appealing. I understand the downside risk and of course put it only what i would be prepared to lose",2,2021-01-01 10:43:24
