comment_id,comment_parent_id,comment_body,comment_score,created_utc
gitk2u0,t3_kuq6q7,"I like the break down. What I would selfishly ask is this. Most of us blaze blunts daily and don’t need to be convinced. What we need is a longer rundown of all the players. What they do—-etc. similar to what you have done on these 3. From there we can band together. Right now we are 100,000 retards running in 33 directions. We need to circle the wagons with hot DD and pick 3-5 horses to ride. And yes I know you have selected your top 3 plays but there is a post every 17 min saying their horses are best. Write it ALL up MT style and get all the retards in the same room.",110,2021-01-11 08:49:18
giths1s,t3_kuq6q7,I tried posting a DD about GTBIF and it got removed cause its an OTC stock. I like the top3 you posted and GTBIF is great because its already profitable and growing at a rapid pace. Both CURLF and GTBIF have presence in NY for medical purposes and they are well positioned to take advantage of the recreational legislation.,15,2021-01-11 08:30:31
gitgp9g,t3_kuq6q7,"Guys, I live here in Florida and Trulieve is a fucking cash cow. They absolutely dominate the market here. Every time I go In I have to wait minimum an hour to be seen, they’re always packed and they sell probably twice as much as the next player in the state. 

They are well poised to blitz the entire southeast whenever the other states catch up to current times. I call them the “Walmart of weed”

TCNNF is my largest holding in my long term portfolio right now. I have no doubt they will be a huge player in the game. 

TCNNF🚀🚀🚀🚀🚀🚀🚀🚀🚀🚀🚀🚀🚀🚀🚀🚀🚀🚀🚀🚀🚀🚀🚀🚀🚀🚀🚀🚀🚀🚀🚀🚀🚀🚀🚀🚀🚀🚀🚀🚀🚀🚀🚀

You see how many rocket ships? Moon baby.",51,2021-01-11 08:21:40
giu3lw9,t3_kuq6q7,"WSB isn’t interested in OTC stocks (for good reason), or stocks that don’t have options. That being said the top 4 MSO’s are going to make a lot of people millionaires this year. Buy as much as you can and strap in for the ride 🚀",11,2021-01-11 11:30:42
giu3qlz,t3_kuq6q7,"I’m balls deep in Canopy.

CGC + STZ + Acreage + Terrascend = powerhouse.

Still have warrants for another 3-4 billy. They’re going to be flush with cash.",9,2021-01-11 11:31:51
gity7wx,t3_kuq6q7,"This will be just like LIT currently holding a remaining 39x deep in the money. Mad I didn’t do more, but I’m in MSOS 60c for March 🚀🚀",7,2021-01-11 10:43:53
gitw0wo,t3_kuq6q7,"Not sure why you think TLRY wont be a player in the U.S. They are the powerhouse and they are poised to to have control in Europe, U.S, and Mexico.",9,2021-01-11 10:25:25
gitche6,t3_kuq6q7,[deleted],10,2021-01-11 07:47:09
gitjy42,t3_kuq6q7,Where can you trade TRUL at?,5,2021-01-11 08:48:15
gitkfij,t3_kuq6q7,Commenting so I can find later 🚀,4,2021-01-11 08:52:02
gitnqje,t3_kuq6q7,[deleted],6,2021-01-11 09:20:10
gitnuzy,t3_kuq6q7,CURLF to $30 end of month 🚀,5,2021-01-11 09:21:13
giu1das,t3_kuq6q7,"100% agree with the thesis.. Made a similar post last week, but there wasnt much traction

Can lead a 🐴 to 💦 but... 🚀 🚀 🚀",4,2021-01-11 11:10:51
gityexi,t3_kuq6q7,Thoughts on TLRY?,4,2021-01-11 10:45:33
giuogcn,t3_kuq6q7,"Great write up. I have been in this space for a few years and as you mentioned 280E is the key. Once that goes away the handcuffs are off for the MSO's. Up-listing, more states going rec legal, and federal decriminalization are all catalysts that will continue to benefit the MSO's. I currently have positions in CURLF, GTBIF, TCNNF CRLBF, HRVSF, and of course MSOS. In my opinion MSOS is the safes play (buy and hold). The strongest individual are GTBIF and CURLF. TCNNF has been killing it in Florida and it will be interesting if they can put together a strategy to expand out to other markets in additional states. HRVSF is my dark horse as they are the dominant player in AZ (which just went rec legal) with \~35% market share.",4,2021-01-11 15:12:50
gitcj5k,t3_kuq6q7,"Commenting so I can find later.

In the meantime, does anyone know what some good on robinhood american weed companies that are worth looking at?",7,2021-01-11 07:47:32
gitjl48,t3_kuq6q7,"Canopy Growth is a good long term play too. Since NJ legalized, they’re buying up a lot of land in NJ for the purpose of growing. They’ll probably have the biggest foothold here",8,2021-01-11 08:45:17
gitp9o2,t3_kuq6q7,OP any thought on Acreage Holdings?,3,2021-01-11 09:32:20
gitsqzg,t3_kuq6q7,Thanks for this! Commenting so I can find later!,3,2021-01-11 09:59:06
gitv5bn,t3_kuq6q7,[deleted],3,2021-01-11 10:18:18
gitwy18,t3_kuq6q7,I picked sundial since they are debt free now,3,2021-01-11 10:33:08
giu4q50,t3_kuq6q7,GRWG. you’re welcome,3,2021-01-11 11:40:29
giu7yfe,t3_kuq6q7,"APHA and TLRY are merging so your APHA stocks become TLRY stocks and they are positioning themselves in the US. Unsure how successful it’ll be. 
My caveat with weed stocks is you’ll likely see what happened in Canada in that it spikes up and drops dramatically when people realize they can just grow their own. Adding in the US black market is more sizable than Canada I’m not sure this is a long term bull run.

I’m out after it initially passes.",3,2021-01-11 12:08:25
giucgl5,t3_kuq6q7,"I have a hard time believing companies like CRON and CGC will have a hard time finding ways into the next generation of the marijuana industry. CRON is sitting on a behemoth mountain of cash, and CGC has some really big names under it's wings and also enjoys backing from Constellation.",3,2021-01-11 12:49:47
giuqo14,t3_kuq6q7,Canopy growth is a great play for USA,3,2021-01-11 15:40:03
gitdvwb,t3_kuq6q7,[deleted],5,2021-01-11 07:58:29
giu0eyw,t3_kuq6q7,Nice post.  Very good DD.,2,2021-01-11 11:02:21
giu5eg3,t3_kuq6q7,Thanks for sharing.  I  don't need convincing. Been holding GTII since its RTO.,2,2021-01-11 11:46:15
giu66k9,t3_kuq6q7,Bump,2,2021-01-11 11:53:10
giu7jdl,t3_kuq6q7,"I've been holding CURLF since 7.72, up 76% right now but I only have 25 shares because im poor",2,2021-01-11 12:04:50
giua6v4,t3_kuq6q7,What do you think of Cresco?,2,2021-01-11 12:28:31
giud0lu,t3_kuq6q7,Thanks for the info!,2,2021-01-11 12:55:24
giud2p7,t3_kuq6q7,Thoughts about FSD or is that not part of the legalization spike?,2,2021-01-11 12:56:01
giuidzd,t3_kuq6q7,"OP what do you think about this argument?

[https://www.reddit.com/r/wallstreetbets/comments/kumjf0/weed\_stocks\_ca\_vs\_us\_operators/](https://www.reddit.com/r/wallstreetbets/comments/kumjf0/weed_stocks_ca_vs_us_operators/)",2,2021-01-11 13:55:15
giv33m0,t3_kuq6q7,im long trulieve,2,2021-01-11 18:19:24
givj9tt,t3_kuq6q7,Good find,2,2021-01-11 21:00:19
givv6p1,t3_kuq6q7,I bought YOLO last summer - clearly for the cannabis play and not because I thought the ticker looked cute.,2,2021-01-11 22:39:22
giwb3aa,t3_kuq6q7,Why do you guys hate Clever Leaves? I've only seen it on one of the 100 daily Pot Stock posts...,2,2021-01-12 00:28:32
githbzq,t3_kuq6q7,Still too many black market sellers for this industry to get off the ground. Why pay $150 for an ounce from a dispensary when you can pay $50 for some autistic botanist with strains just as good but no regulatory or tax overhead.,3,2021-01-11 08:26:49
gitd30e,t3_kuq6q7,Why was the last post removed?,2,2021-01-11 07:51:57
gitgr4s,t3_kuq6q7,No mention of SBVCF?,2,2021-01-11 08:22:04
gitfp0f,t3_kuq6q7,price target?,1,2021-01-11 08:13:28
giu8nh7,t3_kuq6q7,"Use the ETFs THCX, YOLO, and MSOS to get strong exposure to the entire US weed market. 

My position: Long 17 shares of YOLO and 1 call on APHA. I’ll buy fuck tons of YOLO once Merrill Edge stops banning it.",1,2021-01-11 12:14:45
giue06e,t3_kuq6q7,This guy smokes weed,1,2021-01-11 13:05:53
giueohk,t3_kuq6q7,[deleted],1,2021-01-11 13:13:08
giuo7vt,t3_kuq6q7,Don't have access to OTC markets. Are MSOS LEAPS a good idea?,1,2021-01-11 15:09:41
giuu36f,t3_kuq6q7,Please address YOLO / MSOS,1,2021-01-11 16:17:41
giwcllh,t3_kuq6q7,Bought 1000 shares of $GTII this morning on your DD 🚀🚀🚀,1,2021-01-12 00:38:18
giwwalx,t3_kuq6q7,Get MSOS calls.  IV is low and its going up like a rocket,1,2021-01-12 02:56:42
gjipjaj,t3_kuq6q7,What are your thoughts on Aphria vs Cronos?,1,2021-01-17 07:42:58
glc4dgc,t3_kuq6q7,"It is easily bought and sold on eTrade.  I have had 300 shares of curaleaf since january of last year.  The other american cannabis company I hold is Red White and Bloom Brands Inc, ($RWBYF).  I'm new here because I didn't know about you crazy fucks, but now I do.  Awesome what's happening here.  Bought what i could of AMC and GME this morning and holding strong.",1,2021-01-30 12:49:39
glo2qbq,t3_kuq6q7,"Since Curaleaf, trulieve, green thumb and cresco aren't on the NYSE and NASDAQ how do I get my hands on em? I only use Robin Hood and they don't show up there. I'm a total noob so maybe the answer is obvious but I just dk.",1,2021-02-02 07:58:19
glvjpur,t3_kuq6q7,"Sir, this is the unemployment line.

*I am a bot, and this action was performed automatically. Please [contact the moderators of this subreddit](/message/compose/?to=/r/wallstreetbets) if you have any questions or concerns.*",1,2021-02-04 00:20:33
gitcup9,t3_kuq6q7,I don’t get how all of these companies can all make money off of cannabis. Maybe in the Midwest but on the west coast there is so much of it it is being thrown away. South Lake Tahoe has 5 dispensaries in a town with only 20k people.  The dispensaries are empty.  Seems like this is short lived.,2,2021-01-11 07:50:06
giteknl,t3_kuq6q7,So Trul or Msos?,1,2021-01-11 08:04:11
gitf3ng,t3_kuq6q7,"Well, shit fire up that 4 footer and bring it on. I’m in.",1,2021-01-11 08:08:37
gitr6mi,t3_kuq6q7,Any thoughts on KERN for non-OTC US industry exposure?,1,2021-01-11 09:47:36
gitdb8r,t3_kuq6q7,"Apha gives you us exposure as well (through Sweetwater brewery). Only thing better than weed is some weed in some brews. And keeps your degen factory's (tilray) ticker after the merger. 

And is easily accessible on Nasdaq.

I believe this year will see canopy growth make a significant acquisition in the US space as it becomes legal to own US ops and still be listed. Canopy isn't going to hand the industry to us companies just because. 


Op, thoughts on literally any us weed leaps? I'm about to dump 20% of my portfolio into 2023 leaps and just sit back with a fat joint.",0,2021-01-11 07:53:50
gitc4g3,t3_kuq6q7,"Sir, this is the unemployment line.

*I am a bot, and this action was performed automatically. Please [contact the moderators of this subreddit](/message/compose/?to=/r/wallstreetbets) if you have any questions or concerns.*",0,2021-01-11 07:44:11
gitd6pg,t3_kuq6q7,"Guys, $SSPK. It’s cornered the entire market as a cannabis marketplace, is wildly profitable and is growing at 40% a year (top line). It also has a huge SaaS component, meaning it provides the business systems that help dispensaries operate. A cross between, Amazon, Yelp, and salesforce. 

When the gold rush happened, nobody mining for gold got rich. The people selling them the axes and shovels did...this is that type of play.",0,2021-01-11 07:52:50
gitdk57,t3_kuq6q7,What are your price targets for the 3 companies you mentioned? And what are your positions? Curious if you think taking a stab at some options makes any sense,0,2021-01-11 07:55:51
gitnkdy,t3_kuq6q7,"You did not mention SMG in your DD, and for that reason I'm out.",0,2021-01-11 09:18:48
giu00a1,t3_kuq6q7,bro no ones gonna pay for legal weed lmao,-2,2021-01-11 10:58:46
giu3i18,t3_kuq6q7,sorry. didn't bother reading the rest if GRWG or IIPR is not on this list =),-2,2021-01-11 11:29:46
gitl8qw,t1_gitk2u0,"Believe me I’ve tried. Posts get deleted and it’s hard to hold anyone’s attention. Check out r/CannabisMSOs for the deep dive on the American plays, and r/weedstocks if you want more perspective on the Canadian LPs (mostly). 

I can tell you that for those who are very interested in the US space the argument always come down to the following:

Nearly everyone describes the big four as having big potential: curaleaf, trulieve, green thumb and cresco.

Then you have the crowd which believe that the large Canadian players are gonna find a way in: canopy (most legit as they have deals in place with acreage and terrascend), APHA/tilray, and Aurora (the clown pick).

You’ll have a few people pushing the tier 2 operators with the theory that the right pick will outperform the Tier 1: terascend, ayr strategies, Colombia care, harvest, etc (there are quite a few). 

Then you’ll have another group pushing other plays based on one core proposition like their big in one state, or they collect/sell data and software.

My personal approach is that the big 4 is a big enough opportunity, I don’t have to choose the one baby ass stock that’s gonna go 15x when the big guys can maybe do 5-10x",46,2021-01-11 08:58:47
giudg7u,t1_gitk2u0,"This is the way. CURA, Charlotte Webb, GTI, Trulieve",4,2021-01-11 13:00:00
gitsyae,t1_gitk2u0,Just tell me where to throw my money,5,2021-01-11 10:00:38
gitscos,t1_giths1s,GTBIF was my first US cannabis company and they haven't been disappointed yet. They really give the impression of a heads-down and execute company. There aren't many flashy interviews or press releases but they knock it out of the park every earnings. For some reason I think they will be the first to get a big CPG or alcohol partner of the big american companies.,5,2021-01-11 09:55:57
giua2c4,t1_giths1s,If you post it elsewhere I’d love to read it. That goes for anyone else with premade DD on cannabis us industry,3,2021-01-11 12:27:22
glm8491,t1_giths1s,Love the stock! I love their PA MMJ products,1,2021-02-02 00:36:58
gitgxpr,t1_gitgp9g,"One of the easily overlooked things about Trulieve is how ""investment friendly"" they have been with the capital structure. Will many weedstocks have diluted to hell (read: ACB), it can be argued that Trulieve has very actively protected retail shareholder interest.

That and the CEO, Kim Rivers, answers customer questions on Twitter and is generally held in high regard.",14,2021-01-11 08:23:32
githiy9,t1_gitgp9g,Imagine if Florida went Rec or was forced into it through federal legislation.  Trul’s 70 stores and giant green house would crush it!,7,2021-01-11 08:28:26
gitv7si,t1_gitgp9g,"$TCNNF gang🚀🚀🚀🚀🚀🚀🚀🚀🚀🚀
I almost bought it over a year ago but held off after being burned by CGC. I just bought it in last Monday for essentially the same reasons laid out here. I may need to buy some more after this confirmation! To the 🌙🚀🚀🚀🚀🚀🚀

Also in Cresco Labs $CRLBF.",5,2021-01-11 10:18:49
giuhssw,t1_gitgp9g,TRUL is benefiting off of there only being 22 state licenses for selling cannabis. That’s going to change very shortly. Margins will be absolutely crushed like we see in more mature markets like California and Oregon. Do they have first move advantage ? Yes. But will they continue with uninterrupted growth? Absolutely not.,3,2021-01-11 13:48:17
giugx77,t1_gitgp9g,">TCNNF

otc stock therefore shit liquidity.",1,2021-01-11 13:38:04
giu40ot,t1_giu3lw9,Fair. That's why the top recommendations was $MSOS which is NYSE listed and has options.,9,2021-01-11 11:34:19
giuixmw,t1_giu3lw9,Except the top MSOs are already multi billion dollar companies. Including Curaleaf that is worth over 10 billion dollars. Maybe it’ll make you a millionaire if you hve 500k lol.,6,2021-01-11 14:01:50
giugt3w,t1_giu3lw9,is MSOS the only non OTC exposure to the top 4 US MSOs?,4,2021-01-11 13:36:50
giu3wyk,t1_giu3qlz,"Could be big. Martha, Snoop and fucking Seth Rogen waiting in the wings. They better hope they get into the US soon cause they are burning up that cash.",4,2021-01-11 11:33:23
gitxioc,t1_gitw0wo,"Would love more of an explanation of why they are a power house. I think the have some good international prospects and I like the interest from pharma (Novartis) and alcohol (Anheuser-Busch) -- if those partners commit to investing I'd become very interested. 

If i'm not mistaken they had about ~$50 million in revenue in Q3 2020 which was flat from the same quarter last year. Flat in this growth industry?! 

+ all the background with outsized executive compensation and possibly some artificial low float shenanigans with privateer holdings -- I don't trust these guys. 

APHA/TLRY haven't articulated a US strategy that I understand yet",6,2021-01-11 10:37:53
gitcpsk,t1_gitche6,"I like TRUL a lot. Watch out if Florida goes recreational. 

CEO is quite awesome as well.",5,2021-01-11 07:49:01
gitke3l,t1_gitjy42,"Best exposure for those who don’t have direct access to OTC is probably the $MSOs ETF who’s largest holding is Trul at about 11%. Roughly 50% of the fund are the large “Tier 1” multistate operators (the ones mentioned + a couple others) and the other 50% are smaller Tier 2 growth names and accessory plays. 

Otherwise 
OTC: TCNNF
CSE: TRUL",5,2021-01-11 08:51:44
gito9z4,t1_gitnqje,"AYR is really interesting and is sorta knocking on the door of becoming a Tier 1.

The bull case is that their multiple is much lower than other Tier 1s and so they have room to run. 

Although I think they may do well, my experience is that it's so hard to even get people to pay attention to the Tier 1 American tickers than trying to drum up interest in anything less is tricky. 

You know what I see on CNBC? 4 Tickers described at most. Right now those are CDN tickers because they would be reluctant to show anything on the OTC. Once the legislative changes come, I think it's the four Tier 1 operators that own that real estate and the lions share of interest.",3,2021-01-11 09:24:37
giuu0p3,t1_gitnqje,"If I'm reading this thread right, OP is suggesting biggish but not quite run into the ground stuff, while AYR is more of a high risk high reward moonshot?",1,2021-01-11 16:16:55
gl41o8a,t1_gitnuzy,"Already dipped my toes in Curaleaf, now looking into Trulieve to catch the recreation boost in FL in the coming years.",2,2021-01-29 00:34:15
giu1jnu,t1_giu1das,My first post got deleted too. The American operators get very little exposure cause of OTC + subreddit rules,3,2021-01-11 11:12:27
giu30m3,t1_gityexi,"Think I answered elsewhere so forgive the lazy answer before

TLRY is in the process of mergering with APHA. 

Good: European prospects, some pharma involvement (Novartis) and big alcohol interesst (AB).

Bad: No US sales, M&A will be expensive for limited licenses, TLRY alone had terrible revenue growth, executives got rich, stock performance was basically a meme on low float and not sure it will fly again",2,2021-01-11 11:25:28
gitcyko,t1_gitcj5k,"I don't think Robinhood had some of the individual US operators right now. In my opinion, $MSOS captures exposure/optionality for all the best US operators and would be the best bet if you can access them from the OTC exchange. 

WSB occasionally pushes for ACB, APHA, TLRY but they don't have as much to gain or as clear of a path to gain from the impending changes.",7,2021-01-11 07:50:57
gitd0bk,t1_gitcj5k,I made a quick buck last week off GRWG. I cashed out but it seems legit,2,2021-01-11 07:51:20
gitckyr,t1_gitcj5k,Hope you find it helpful,1,2021-01-11 07:47:56
gittxpx,t1_gitjl48,"Canopy also has an American company that they will own once American legalization hits and they've been building in the states for a while now. 

&#x200B;

They are an absolute shitshow of a company though, they built a huge new facility in Vancouver and then decided they didn't want it the day it opened. Then it mysteriously burnt down.",6,2021-01-11 10:08:37
gitqupz,t1_gitp9o2,"Oh boy -- Acreage. When Acreage was coming to IPO during the last bull run almost every damn post was about how people were reserving money to put into Acreage. And then... they just seemed to fall flat. 

I think the 'consensus' if we can call it that is that they are Tier 3. Many people were upset about very high executive compensation. They got surpassed in footprint, couldn't produce the same level of financials as the Tier 1 MSOs, and ,heir heavily touted 'political connections' (John Boenher, Brian Mulroney) didn't materialize into anything meaningful.

Personally I'm not a fan. If you're buying Acrecage, your probably doing it because you think Canopy will complete their acquisition and somehow turn the ship around. Personally, it's not clear to me yet how Canopy enters, and I haven't seen evidence of them running a tight ship operationally -- for that reason I'm out. One too many unknowns for me!",7,2021-01-11 09:44:59
giugju7,t1_gitp9o2,"Although Acreage has underperformed compared to other MSO’s, they serve the purpose needed for CGC/STZ to enter the U.S. including some very important states.

Acreage already started selling Canopy branded flower and beverage in the United States. Now that we are closer than ever to cannabis reform in the U.S. , the risk reward ratio present on the closing and conversion of Acreage to CGC shares is something I consider favorable enough to warrant looking into. 62% arbitrage as of last week's close. 

The two biggest hurdles for this deal to close were Biden becoming president and Mitch McConnell. Those two hurdles are gone and in my opinion the merger is much closer to happening than people realize. I would wager that the MORE act will pass by the end of this year and the arbitrage gap you are seeing will begin to close (it already has) as people realize Canopy/STZ are intent on entering the U.S by acquiring Acreage.

They are still well positioned to allow CGC to catapult itself into the largest THC and CBD market in the world. They currently operates in 15 states including important states like New Jersey, New York, Ohio and Pennsylvania amongst others. They also have 28 open dispensaries, 71 total dispensary licenses and 24 cultivation and processing licenses.

Also, the same way STZ came in and cleaned shop with Canopy, they have already begun doing with Acreage.",2,2021-01-11 13:33:56
gitsuap,t1_gitsqzg,"Please comment when you do, happy to see the good discussion here",2,2021-01-11 09:59:48
gitwbd3,t1_gitv5bn,"$MSOS (Advisor Shares Pure US Cannabis ETF) is listed on the NYSE. It's top four holdings are Trulieve, Curaleaf, Green Thumb and Cresco. There is no way that these big companies do well without $MSOs also going up. 

Good luck euroman",4,2021-01-11 10:27:48
gitxynt,t1_gitwy18,"I don't know a whole lot about Sundial, but I believe they only sell in Canada and isn't where I personally feel the opportunity is going to be. Even if they are debt-free now, should they want to expand to other markets I think they will have a tough time. I think they would need to hope to compete on the fact that craft cannabis deserves a better price point...? I feel like the Canadian trends are going toward more ""value-oriented"" (read: budget) weed. 

I could be wrong though so feel free to educate me!",2,2021-01-11 10:41:39
giu59zn,t1_giu4q50,"I personally don't get excited for the accessory plays. I get the whole gold rush argument and though there's probably opportunity there - but I don't think they'll quite capture the hype wave. Also, I don't think they are going to the giant equity deals and partnerships that the big multistate operators will. just my opinion",2,2021-01-11 11:45:12
giu8e0c,t1_giu7yfe,"Do we have any details on their US position? I only know about the US headquarters but not really any of the strategy.

I agree about the spike and drop. If it reaches the same hype as before I'll likely exit before pure execution mode. I think we are some distance away from peak hype though.",2,2021-01-11 12:12:21
giucyth,t1_giucgl5,"I think the big American operators could be sitting on mountains of cash as soon as institutions  can invest. 

We make a big deal about constellation etc. because they were the first but there are a ton of big CPG, pharma companies, alcohol companies that could be looking to make deals. And those companies will be investing in established footprints, and brands, and clear US strategies. 

Just my opinion",0,2021-01-11 12:54:53
giteeej,t1_gitdvwb,"I am a big fan of CRLBF (I didn't include it above because this is meant to be more of an intro and I didn't want to throw too many tickers). Of the biggest operators, CRLBF is arguably the most undervalued and could gain the most from the huge numbers out of Illinois. It will be interesting to see what they can achieve in their branding given their presence in California. 

I'll admit I don't know enough about Colombia Care (CCHWF) to be confident in my opinion. I know they are viewed as a high performing Tier 2 name but I haven't looked deeply at the footprint and strategy.",5,2021-01-11 08:02:44
gitq5bj,t1_gitdvwb,Cresco (CRLBF)  offers more upside due to their wholesaler approach and having a coveted distribution license in California via their acquisition of ORHOF. That means they don't need a retail location to distribute their goods. Think about that in the crowded Cali space.,5,2021-01-11 09:39:37
gitee3c,t1_gitdvwb,Love CRLBF. Vertically integrated with easy capital injections from real estate sales when needed. Great branding with multiple product lines and excellent online user experience.,6,2021-01-11 08:02:40
giua94p,t1_gitdvwb,In on Cresco at $6.55.  Definitely an underrated play for US cannabis.,2,2021-01-11 12:29:05
giu7x8s,t1_giu7jdl,Can't argue with profit!,2,2021-01-11 12:08:07
giuc80g,t1_giua6v4,"I like them a lot and they have good opportunities in emerging markets. 1 of the 10 licenses in New York, big presence in Illinois, big in Pennsylvania + the rest. Huge QoQ growth. 

I think the wholesale strategy is reasonable and seems promising in Cali. 

I have some of the warrants",5,2021-01-11 12:47:25
giuekk1,t1_giud2p7,"I remember reading an old FSD deck where there mission was ""To Become the Largest Hydroponic Cannabis Facility in the World"" -- and I just thought that was a bad mission -- it still makes me laugh -- I don't know if that's still the mission. 

But anyway, to my knowledge there is no US prospect here is there? That's pretty much my core criteria",1,2021-01-11 13:11:58
gixs388,t1_giwb3aa,"I think they are just early for what they are — aren’t they primarily an international player? There maybe will probably be a time for that but the spotlight is firmly in the US — the international scene has been evolving pretty slowly and just amplified regulatory risk.

I’m still keeping an eye out for clever leaves and Khiron",1,2021-01-12 07:02:00
gitiequ,t1_githbzq,"I suppose it's branding and selection and derived products, not to mention many of these companies have a core in Medical Cannabis. 

Check out the sales numbers in Florida and Illinois -- the demand is there in my opinion",10,2021-01-11 08:35:45
gits9c2,t1_githbzq,Hey there. It's me.. that guy that doesn't buy weed from a drug dealer. But bought weed when I was visiting washington and colorado where it's legal. And I'll be buying more when it's legal in my current state.,8,2021-01-11 09:55:14
gitkflx,t1_githbzq,"It’s not going to reach the same prices as street until it’s completely federally decriminalized. Companies can’t truly achieve economies of scale if they’re only bound to a number of states.

On the other hand tho, dispensaries offer a variety of verified, quality products. I get your argument for bud, but things like real carts or edibles are hard to come by, too many knockoffs and boof shit on the streets these days.",6,2021-01-11 08:52:03
giuew7u,t1_githbzq,"Bro, come to Colorado, legal weed is so fucking cheap here.",2,2021-01-11 13:15:28
gitjb03,t1_gitd30e,"I think it's because the 3 stocks mentioned are OTC. 

I would kindly ask the mods to evaluate the post on its own merit with appreciation for the fact that the core suggestion is to look at $MSOS (NYSE), and to further recognize that although those companies are forced to be OTC due to regulatory constrains they actually have market caps and operations more consistent with companies on the larger exchanges.",6,2021-01-11 08:43:02
githzzy,t1_gitgr4s,"For background (for others): SBVCF is a Subversive Capital Acquisition Corp who's claim to fame is being the largest cannabis SPAC in history. 

What's cool about them is that they are working on consolidating the California market (the Cannabis jewel of the world) by bringing together well known companies like Caliva and Left Coast Ventures. Secondly, they have substantial celebrity and cultural backing (JAY Z is Chief Visionary Officer, and Roc Nation is involved). The third advantage is they have tons of cash (I believe close to $500 million making them one of the most capitalized US operators). 

I don't know enough to comment on their prospects but they might be a cool opportunity. I don't think they are included in the $MSOS holdings, which I would really like because it helps cushion against any downturns. Furthermore, they will be fighting in the most competitive market in the US. Could be great or could be an uphill battle (imo).",5,2021-01-11 08:32:26
gitve8a,t1_gitfp0f,The moon.🚀🚀🚀🚀🚀🚀🚀,2,2021-01-11 10:20:13
giu964l,t1_giu8nh7,"I don't think THCx has holdings in the biggest US cannabis companies! They seem to like the accessory plays: Grow Gen, Scotts Miracle, Greenlane as well as a bunch of Canadian operators.",2,2021-01-11 12:19:30
giue4k6,t1_giue06e,"The devil's lettuce? My word, I would never",2,2021-01-11 13:07:13
giufdue,t1_giueohk,"Great question, and I think there is a bit of debate to be had here. My personal strategy is to convince WSB and harness the power of autism the way it was almost meant to be harnessed, for good. 

But seriously, my opinion is that the Canadian companies get so much coverage because that's what institutions are invested in. They come on these business shows and pump the hell out of them cause that's what their funds own. But they are seeing the same shift we are, and they are beginning to get into the US companies. You are gonna see it especially in the upcoming rounds of financing that will likely happen within the next two weeks for several companies. Look for the those announcements. Big institutions will be buying pieces, and watch how the company coverage suddenly starts to shift. Those analysts come on and talk about the US stocks, then the CEOS come on and talk about the US stocks, then US stocks start getting pumped in WSB dailys with rocket emojis. Suddenly we have memes and it's game over.",2,2021-01-11 13:20:49
giuog5n,t1_giuo7vt,"I think the options max out at 6 months right now, the fund is pretty new. If I were a betting man, and I am, I think the assets under management will double within 2 months.

Follow Todd Harrison on Twitter if you want to keep up with daily movements + activity of the fund",2,2021-01-11 15:12:45
gixtvf3,t1_giuu36f,"YOLO has some Canadian holdings in addition to American companies, while MSOS holds American operators only",1,2021-01-12 07:16:49
gixruh4,t1_giwcllh,Hope you made money friend,1,2021-01-12 06:59:58
gixrdux,t1_giwwalx,🚀🚀🚀,1,2021-01-12 06:56:09
glc4nhr,t1_glc4dgc,"Also, Curaleaf has spent the last 18 months dumping every penny they get into expansion.  Literally every penny has gone into a new storefront, new products, new acquisitions.  They have bought multiple competitors, taken their warehouses, greenhouses, and employees.  They're aiming big, like, Walmart of weed big.",1,2021-01-30 12:52:19
gite2ru,t1_gitcup9,"Thanks for your comment. Many of the large companies are expected to grow by a CAGR of about 20-30% yearly for the next decade. 

It comes down to a few factors in my opinion: limited licenses and products/branding. 

Several states put a cap on the number of licenses available for cultivation and retail. This helps curb the risk of oversupply. 

Secondly, the market is increasingly appreciating derived products rather than the dry flower. Just like alcohol can be simple, but also expands into a variety of premium and nuanced offerings, it will be similar for cannabis with edibles, beverages, concentrates etc. 

Brands are starting to distinguish themselves and develop offerings based on lab verified content of active ingredient and terpene profiles. Although some will choose to stick with their local dealer, many will appreciate having a variety of offerings for different experiences.",3,2021-01-11 08:00:01
gitg6tu,t1_giteknl,"If it's a choice for one my personal opinion would be $MSOS. It's just starting to show spectacular strength. The buzz around all the M&A and legislative changes on deck should help propel it, imo.",4,2021-01-11 08:17:28
gitthak,t1_gitr6mi,"I'll admit I don't know much about them, but if I'm not mistaken they are an cannabis accessory play focusing on technology right? Something like Customer Relationship Management software for cannabis but probably more robust and cannabis-specific. 

I'll be honest, my overall investment strategy is mainly to ride a hype wave to big uplistings. The accessory plays are a bit too unproven for me and I don't know if they capture the imagination of the average retail investor. I get there could be value here (my background is in healthcare tech and data) but my gut just tells me it's too out of alignment with my strategy. 

The NASDAQ listing is certainly nice and one or two analysts I respect seem to really like KERN.",2,2021-01-11 10:04:52
giu1e5u,t1_gitdb8r,"Unfortunately Sweetwater doesn't have an avenue to directly sell cannabis right now. Although eventually they might do some sort of cannabis beverage distribution there is likely to be a bunch of regulatory hoops to jump through (don't think Sweetwater has any licenses related to cannabis).

There not too much options availability out there on US cannabis, thats why I see $MSOs taking off and being of interest to WSB",1,2021-01-11 11:11:03
gitez14,t1_gitdk57,"I should mention that I'm in this for the long haul. I have positions in Curaleaf, Trulieve, Green Thumb and Cresco. I will be scaling in $MSOS weekly (it was introduced after I deployed a lot of my capital).

Rather than look for a specific price target, my approach is hold at least until uplisting. I was around through the entire Canadian uplisting process and I saw the euphoria and attitudes prevalent at the time -- I'm waiting till I see that, and I believe we will see signs of it within 6 months.",1,2021-01-11 08:07:32
gitq641,t1_gitnkdy,"For those reading SMG = Scotts Miracle Gro and the argument would be that they are an accessory play for Cannabis because of the agricultural supplies they offer. 

Personally I'm not interested. I just find the pure exposure of the cannabis companies to be more compelling then the accessory plays.",1,2021-01-11 09:39:49
giuooqm,t1_giu00a1,"I'm Canadian and I thought the same 2 years ago. Not so much now since I have a fuckload of MSOS. Edibles is huge. People who never have even touched weed in their life including a lot of my friends, coworkers, and family, are not popping edibles like they are candy. Which, they are. Your right true stoners will probably still purchase black market weed, but for the working class they'll absolutely buy.",2,2021-01-11 15:16:00
giu0utl,t1_giu00a1,"[Estimated $15 billion in sales in 2020, and expected to rise 40% in 2020 (Near $37 Billion by 2024)](https://www.prnewswire.com/news-releases/us-retail-cannabis-sales-on-pace-to-rise-40-in-2020-near-37-billion-by-2024-301174282.html)

Google it. These were the same arguments that came up in Canada. Hard to find a bigger growth industry than that

Not only that, the [pandemic actually accelerated the trends](https://www.politico.com/news/2020/08/02/pandemic-illicit-marijuana-market-390175) because cannabis businesses were designated as essential businesses",3,2021-01-11 11:06:17
giu3ogm,t1_giu3i18,"IIPR entire business model is predicated on cannabis companies having limited access to capital -- if SAFE gets passed as quite a few are predicting within 6 months it's trouble for IIPR. 

I'm not super interested in the accessory plays so don't know much about GRWG. Basically they dont get me jacked to the tits.

Good luck with your plays though. Weed the people",1,2021-01-11 11:31:19
gitm2ih,t1_gitl8qw,"No shit. The man is not only keeping us down but also from tendies. I’ll likely pick up 100 shares or whatever of each to throw in the Roth. 

Just subd to both thanks for the recommendation. And thank you for the quality reply. You the MVP. 

Tying to avoid the state specific pump plays as I see a lot of bias because most fucks don’t travel 10 min from home on a daily basis. So this is a great list for me to get plugging away on.",26,2021-01-11 09:06:00
giwo01t,t1_giudg7u,Just be aware that CWBHF mainly focuses on CBD and that ship has sailed IMO.,1,2021-01-12 01:54:40
giuyd6l,t1_gitsyae,">sndl

I threw my money in ACB because of a meme",5,2021-01-11 17:09:21
giwnnqz,t1_gitsyae,"MSOS shares, ATM TLRY calls for late April/early Summer.",2,2021-01-12 01:52:08
giuu4bl,t1_gitsyae,Seconded 😂,1,2021-01-11 16:18:04
giui1on,t1_gitscos,Holding MJ and TLRY.  Getting ready to add MSOS.  Intern the whole these long term for me anyway at least through the summer and reevaluate. I just fine technology/energy/vehicle plays more exciting at this point.,2,2021-01-11 13:51:15
giuhpfx,t1_giua2c4,Look up GTBIF on r/investing,2,2021-01-11 13:47:10
giwo5yp,t1_giua2c4,"Plugging:

/r/weedstocks, /r/thecannalysts, /r/cannabisMSOs",1,2021-01-12 01:55:52
gitjuwz,t1_gitgxpr,"[Weekly dispensing amount for state of Florida week of Jan 8](https://imgur.com/gallery/bC7thqd)

Can dig here: https://knowthefactsmmj.com/about/weekly-updates/",6,2021-01-11 08:47:31
gitj0e3,t1_githiy9,Absolutely,3,2021-01-11 08:40:37
giuu5wb,t1_githiy9,would florida man get better or worse?,2,2021-01-11 16:18:35
givablq,t1_giuhssw,"My buddy that worked in industry in CO told me the same thing. I just think Trul does it how I would do it, by just blitzing the market and establishing dominance and building cash first. I think they have a solid chance at being a leading dispo for the southern states. Even if they’re vertically integrated, I think they could still compete with a more free market how you’re saying.",1,2021-01-11 19:41:09
giwlixg,t1_giugx77,The spread isn’t too bad only like $0.07,1,2021-01-12 01:36:11
giv9pyb,t1_giugt3w,"As far as we know, yes",1,2021-01-11 19:35:13
giu476z,t1_giu3wyk,"The MORE Act that passed the house and will be in front of the new blue senate will decriminalize MJ federally, so that would be the triggering event.

I’m also siked about bio steel. 100% underrated and has the opportunity to make a splash in the sports drink market. Especially with the CBD.",3,2021-01-11 11:35:56
gitza1f,t1_gitxioc,"I used powerhouse because they became the biggest mj company in world with their move. Im pretty high rn, so ill do the best to remeber my DD.

They have two large factories is Europe. Their eyes are already shifting to the U.S, they are building a hub in the U.S I believe giving them positioning for Mexico depending on location.

APHA was doing alright with their financials, TLRY wasn't, but it's Aphria's team is the one taking over.

Also consider market psychology, when legalization happens the big names will be ones people FOMO into. The ones that have been talked about for a while, and people are familiar with.

I'm not saying yours wont pop off, they all will. I'm also probably going to play SBVCF.",6,2021-01-11 10:52:41
giuii64,t1_gitxioc,"Articulated a US strategy that you don’t understand ? It sounds pretty clear. Purchase non cannabis assets and leverage it into cannabis plays. Don’t overpay for bloated cannabis valuations when acquiring. This is a long game, not a race. If you don’t think they have a plan for the US then I don’t know what to tell you? 

They will be able to enter in a much more efficient way compared to the current MSOs who hve fractured assets across multiple states. They’ll also likely gain the backing of major CPG investments who don’t want to pay for vertical integration which is more of a retail play anyways. 

At the end of the day you want brands. The big companies sell brands. APHA is one of the only companies in the entire space that have shown to produce brands that resonate and sell with the consumer in a competitive environment.",3,2021-01-11 13:56:38
giwwq40,t1_gitxioc,I just look at APHA/TLRY vs CGC and it doesn't make sense to me.  4 billion vs 11 billion with about the same revenue.   So I dumped CGC and split it between MSOS and APHA,1,2021-01-12 02:59:53
gitybg5,t1_gitke3l,"Can you explain to a retard what OTC is and how one would get direct access?
 I don't know what counters have to do with anything...",6,2021-01-11 10:44:44
giu3co8,t1_gito9z4,AYR about to pick up Liberty Health Sciences (28 retail stores and grow ops in Florida - 3rd largest MJ state) for cheap - def accretive acquisition.,2,2021-01-11 11:28:27
giu2ali,t1_giu1jnu,Economic protectionism will 100% ensure US operators win in US markets over Canadian operators... Full stop,5,2021-01-11 11:19:13
giuiqr1,t1_giu30m3,It’s unlikely that these limited licenses will last. There are no other markets in the US where they limit licenses like that. As cannabis popularity grows those will get cheaper and cheaper. I’d strongly urge anybody who’s investing based on limited licenses to reconsider their strategy. It’s going to bit you in the ass.,3,2021-01-11 13:59:32
gitd9pf,t1_gitcyko,Even with apha and tilray merging and buying sweet water brewery?,2,2021-01-11 07:53:29
gitmmun,t1_gitd0bk,same here,2,2021-01-11 09:10:56
giu73gv,t1_gittxpx,"Wow wtf? That’s wild lol, seems a little shady too",3,2021-01-11 12:00:59
giu60ls,t1_gitqupz,Thanks for the response!,2,2021-01-11 11:51:44
giui45w,t1_giugju7,"This is awesome information, thank you. What are your thoughts on Cleaver Leaves? I’m asking because I am looking for warrants and they seem to be the only cannabis stock with warrants but I can’t find much information about them.",2,2021-01-11 13:52:02
gitxmbj,t1_gitwbd3,[deleted],2,2021-01-11 10:38:42
gityumf,t1_gitwbd3,My broker has it as AdvisorShares Pure Cannabis ETF (YOLO) - this the one?,2,2021-01-11 10:49:03
giu9nj9,t1_giu8e0c,Aside from offices it’s hard to say given state by state could differ. At this point I’m banking on the merger driving my APHA stock into Tilray (which is trading at a higher price) and a bit of the hype when it passes. I would imagine states would want to pick local companies and it’s hard to know which US play is positioned to capitalize the most,2,2021-01-11 12:23:46
giudkoy,t1_giucyth,"Your speculating on major plays big US companies could make, when two of the biggest have announced their direction already. Marlboro into CRON and Corona into CGC. That's a major tobacco player and major alcohol player. 

You can't expect CRON to eventually lean more into daily users, whereas I imagine Constellation will do everything it can to be a social play. You can't go to a bar and not see Corona and you won't go into any kind of lounge without seeing Biosteel.",2,2021-01-11 13:01:18
gitl3nn,t1_giteeej,Cresco also has a good footprint in PA. Good product too,4,2021-01-11 08:57:36
gitg5f8,t1_giteeej,"not sure why our comments are getting downvoted lol  


Thanks for the insight! I am a big believer in US cannabis being a quickly emerging market worth jumping into asap, but I disagree with you about Canadian stocks being value traps. The MSOS equivalent in Canada HMMJ has done super well for me this year and though I do agree there are some massive stinkers out there, the upside is definitely there also",-1,2021-01-11 08:17:09
gitvnxt,t1_gitq5bj,Looks like I am doubling my position!,1,2021-01-11 10:22:27
giucmz7,t1_giuc80g,"Awesome. I had a lot of GTBIF that I bought around $10-11 and sold recently to get into Cresco since it seems to not have had the same type of run up but similar metrics and growth. 

I know it’s a little bit different model but I haven’t been able to poke a hole in why it shouldn’t move in a similar fashion to the other MSOs, so my thought was to play the idea that it should catch up to the others. 

I guess we will see.

My main concern with this sector has been the inconsistency in governance and internal controls, which leads to some companies absolutely blowing up. So, assuming none of us can find reasons why they are doing some funky accounting or in noncompliance with regulations I’m planning to stick with it.",3,2021-01-11 12:51:38
gits4y4,t1_gitkflx,"The counter argument here is that the limited license environment has allowed a few truly talented operators to flourish. They may not have achieved the best economies of scale in their build out but they they had vastly reduced competition (who's gonna rebuild their entire infrastructure in every state?!). Therefore, they don't have the oversupply issues that are currently plaguing the business environment in Canada. 

If you buy the analyst predictions (and we should all take them with a grain of salt), many lay out arguments for huge upside even without federal decriminalization/legalization and this is because new states keep opening up, and the legislative environment is expected to get better and better.

I still think banking reform (e.g. SAFE) is more important than federal legalization in the short term (and infinitely more achievable!)",3,2021-01-11 09:54:21
gitrqxb,t1_githzzy,Great write up. They were added to MSOS this past week in fact.,3,2021-01-11 09:51:41
giuoqyp,t1_giuog5n,"Anything more than a month out is considered LEAPS in this sub. btw they do have options expiring in Dec 21, but they have terrible bid/ask spreads.",3,2021-01-11 15:16:54
giyeyue,t1_gixruh4,We'll see what it looks like in a year or two,2,2021-01-12 10:16:12
glwxzrc,t1_gixruh4,"$GTII been on a tear, nice pick thanks again for the info!",2,2021-02-04 05:58:43
gitkk0f,t1_gite2ru,I get your point. I just think in the long term a lot of these companies will go under.,2,2021-01-11 08:53:01
giw5t5i,t1_giuooqm,"good point. i still remain bearish about pure bud purchases, but edibles and weed products in general are definitely a hit with consumers and boomers",1,2021-01-11 23:53:59
giws8uz,t1_giu3ogm,i get the concern on IIPR but i think it's over-exaggerated. you should look more into GRWG because it's ran from 3 buck to 54.. if that doesn't get your attention im not sure what will. any pick and shovel play is always worth a look imo.,1,2021-01-12 02:26:25
gitmffi,t1_gitm2ih,"Thanks! I generally just want to bring awareness and I notice that the only stocks from the cannabis world that get any play here are TLRY, ACB and APHA. 

If you buy the bull thesis there is a bunch more to explore, best of luck!",10,2021-01-11 09:09:09
giu7mu7,t1_gitm2ih,"APHA seems to be the r/weedstocks fave. They just bought Sweetwater Brewing in Georgia which is a pretty interesting approach to US exposure and the cannabis beverage play. They also will be merging with Tilray (already established meme) who has a partnership with Anheuser Busch, which is also has got to have some more synergies with the beverages",2,2021-01-11 12:05:39
giwnvgk,t1_giuyd6l,"ACB is a meme and is horribly managed. Just a head’s up. They had to 8:1 reverse split to stay listed in early 2020. They’ve been dogshit for years now.

I’ve been trading Mary Jane since 2016.",3,2021-01-12 01:53:43
giw4tcq,t1_giuhpfx,Thanks,1,2021-01-11 23:47:27
gitrhbb,t1_gitjuwz,"For those just starting to look into these things, what this says is Trulieve sells as much cannabis in Florida as all other competitors COMBINED -- roughly %50 market share and constantly opening up new dispensaries. That's unheard of in these state breakdowns. If they can replicate some of that success in the other states or if Florida goes recreational in additional to medical -- hot damn",10,2021-01-11 09:49:47
giuzom3,t1_giuu5wb,"There are a couple of studies that show recreational weed availability lowers wholesale meth consumption by over 50%.  People like to get bent.  Getting bent on something that gives you the munchies and then make you fall asleep is way better for Florida Man than physiologically addictive uppers.  Sure, he'll find some way to screw it up, but [he won't be eating people's faces](https://www.clickorlando.com/news/2019/03/29/florida-man-in-face-eating-attack-believed-he-was-half-man-half-dog-doctor-says/).",2,2021-01-11 17:31:46
givk2da,t1_giv9pyb,wish they offered leaps :(,3,2021-01-11 21:07:52
giu4xkn,t1_giu476z,"From what I've read, the MORE act will be a hard sell in the near term. It doesn't have the same bipartisan support that other legislation has (e.g. SAFE and possibly STATES act). 

Let's say SAFE or repeal of 280e happen before a triggering event, which I feel is likely, then the American companies get to further growth and build their boats while canopy watches from the sidelines. 

The devil will be in the specifics of the legislation -- I just think there are fewer barriers for the US companies -- they are gaining mindshare everyday.",4,2021-01-11 11:42:13
gitzs0m,t1_gitza1f,"I hear you. I kept some of my APHA position for reflex action for people going into the big names, but I'm trimming that. 

I think there's a change the Canadian LPs well do well, but to me it's just another layer of potential problems. 

There could be a whole bunch of considerations around job creation and taxes -- I don't think they will just be able to come in and flood the states with weed. They either need to acquire (limited licenses seem like they would be expensive AF) or establish themselves (after the MSOs already have done so). 

There is just too much regulatory risk and execution risk for me. I liked APHA because they were prudent but I'm not convinced by the sweetwater acquisition and Tilray merger. I don't they expected the senate win.",3,2021-01-11 10:56:49
giuja4k,t1_giuii64,"Leverage it into cannabis plays how? Do they have any licenses to cultivate? Or licenses for retail? What states are they looking at? 

How will they avoid paying for ""bloated cannabis"" assets in license limited states?

How are they entering in a more efficient way? How are they going to avoid limitations for state specific infrastructure? What legislation will let them get in? 

I don't see any reason they would get backing of major CPG plays over the states except for international exposure which has its own huge uncertainty. Vertical integration creates great margins. CPG plays could invest in MSOs just as assuredly and have addressable market bigger than Aphria/Tilray currently does. 

Canadian and APHA brands are different. There is basically no marketing in Canada. Aphria has a good reputation with Broken Coast and maybe some of their budget brands do well. 

Sorry, just don't see it yet.",5,2021-01-11 14:06:05
gixr94l,t1_giwwq40,"Canopy has Constellation cash and a more defined US strategy via acreage and terrascend, and the biggest always commands a premium!",1,2021-01-12 06:55:06
gitymea,t1_gitybg5,"OTC stocks are technically listed as other stocks are a formal exchange, but you still might be able to buy them, and the whole buying process is similar to other stocks on exchanges. 

It all comes down to what your broker offers. If you can't find the OTC stocks in your online account try giving your broker a call. Some are able to put orders in for you.",3,2021-01-11 10:47:11
giu3hqb,t1_giu3co8,"It's been funny watching both sides of this transaction argue over who got a better deal. 

AYR seems promising, don't have a direct position right now",1,2021-01-11 11:29:42
giu2jch,t1_giu2ali,Tend to agree. This is an additional risk for the Canadian operators. Maybe some canopy lobbying money can get them in but the narrative will be for american jobs and taxes in light of the pandemic .,4,2021-01-11 11:21:22
giuitvo,t1_giu2ali,Except Canopy is a US coming with STZ soon. APHA/TIL moving headquarters to US. These are going to be American companies soon whether you like it or not. Full stop.,2,2021-01-11 14:00:35
giujqne,t1_giuiqr1,"Doesn't even have to last. Everyday the established American are boosting sales, snapping up land and locations, gaining mind share, establishing brands. 

Who knows if they will choose to protect their markets with upcoming legislation. 

Its another unknown, and Aphria and Tilray have basically nothing that the established US players couldn't get.",1,2021-01-11 14:11:43
gitfinc,t1_gitd9pf,"I don't see the pathway yet. 

Sweetwater is somewhat nice in it's own right, it seems well regarded, but it doesn't have a true nationwide footprint and, to my knowledge, it doesn't sold any of necessary cannabis related licenses. To me it's not the Ace I want to see right now. Beverages have not taken off as product segment. 

I think the value of the merger is in (1) International opportunity (e.g. Europe), (2) Possible pharma connections through Tilray, (3) Better investor exposure (APHA always seemed to struggle)",5,2021-01-11 08:12:01
giui0ll,t1_gitd9pf,Nah this guy is absolutely wrong. Add in the InBev connection and there is a ton of potential with them both internationally and within the USA. Let’s also consider a market cap of less than all of the companies OP is pushing.,2,2021-01-11 13:50:53
gity2tu,t1_gitxmbj,Ahh sorry friends Hope your broker has some good news for you.,2,2021-01-11 10:42:39
giu080q,t1_gityumf,"Nope that's not it. Although YOLO does have some US holdings (including the big four at decent weights) it also has exposure to Canadian companies. The $MSO ETF is a pure american cannabis ETF.  


YOLO Holdings: [https://advisorshares.com/etfs/yolo/#yolo](https://advisorshares.com/etfs/yolo/#yolo) (click Holdings tab)  
MSOS Holdings: [https://advisorshares.com/etfs/msos/](https://advisorshares.com/etfs/msos/) (click Holdings tab)",3,2021-01-11 11:00:38
giu9ugs,t1_giu9nj9,"Totally agree and that would be my short term thesis for buying APHA too. I would think TLRY especially will catch the hype wave and hopefully APHA will equalize. I was watching for this to play out last week, but they were not moving in step which I found strange...",2,2021-01-11 12:25:24
giue153,t1_giudkoy,"I'm saying I don't see a world in which the top 4 MSOs (if they continue to perform and compete well) don't get a major deal given the disruption in so many industries big US companies.

I'm more uncomfortable with any uncertainty around them getting a deal,  then with the uncertainty around when and how CRON/WEED will be able to enter the market and be able to efficiently compete",1,2021-01-11 13:06:11
gitm02p,t1_gitl3nn,"Excited about Cresco. It doesn't feel like they've quite had their day yet. Many argue that investors haven't come to appreciate their wholesale strategy, which differentiates them from other Tier 1. 

I think they have great footing in the emerging markets and I like their branding and products. They also have some reasonable warrants for leverage",3,2021-01-11 09:05:24
gith7k1,t1_gitg5f8,"Fair point. 

I think many have been getting confused on just how and where these companies operate though. CNBC frequently displays Canadian tickers while providing analysis on American catalysts like tax revenue, legislative changes etc. 

LPs have opportunities but US Cannabis is at the center of the perfect storm in my opinion.",3,2021-01-11 08:25:47
gitsppn,t1_gitrqxb,Yes! Meant to go back and correct this. They were added to MSOs and are gaining some buzz. I'm watching this one closely... if I see some execution or they really start to gain impressive traction in Cali then I'll be one of the first jumping in.,3,2021-01-11 09:58:48
glx52qr,t1_glwxzrc,Love to see it!,2,2021-02-04 06:51:02
gitlumx,t1_gitkk0f,"Very reasonable concern. 

The lesson I took from Canada is that no company magically turns into an execution monster. I like the big four because they are established operators. They have had to pay crazy taxes and have had to build separate infrastructure in each state -- and despite that they are growing like hell. They were forged in fire basically and some didn't make it (e.g. MedMen, Ianthus). Now that prospects are actually looking up like access to banking (SAFE act) and repeal of 280e (much lower taxes) it's just an accelerant for their growth. 

This is why I'm mainly sticking to the Tier 1 operators even though there is arguments for the Tier 2.",1,2021-01-11 09:04:06
gixrkrq,t1_giws8uz,"Could be, I’m not super interested in the accessory plays. Just a personal preference thing",1,2021-01-12 06:57:43
gitmphw,t1_gitmffi,I not only buy the bull thesis but self confirm daily. Only been riding APHA but eager to expand horizons and just pick up some shares to ride over the next few years. Or leaps if available on the ones you mentioned. Thanks again.,4,2021-01-11 09:11:34
giu7m8v,t1_gitmffi,Yo what is your take on sndl?,4,2021-01-11 12:05:30
giuhnw7,t1_gitmffi,I mean APHA is a top notch play for the international market. Anybody who thinks otherwise is delusional. I think you’re in trouble if you only think MSOs with no big connections and benefiting off of overly restrictive regulations and limited licenses are going to succeed in the long run. Go with the big money - that’s why I’m sticking with CGC APHA/TIL and CRON.,1,2021-01-11 13:46:40
giwmryo,t1_giu7mu7,"Just be aware that the true draw here is THC beverages. They’ve got a lot to do to prove that the beverage market can stand up to the inhalation or edible markets as those two are well established in cannabis culture. 

My current positions:

- TLRY 2023 12c LEAPs
- 200 CRON shares and CCs against
- 120 CURLF shares 
- 200 MJ shares with CCs against 
- 300 MSOS shares (sold some to capture that last rise, I usually have 400+)

I have been rebalancing out of Canadian weed and more into US weed for just over a year now. CRON and TLRY (thanks to the APHA merger) are the only ex-US I’m long on at this time. 

I believe MSOS is the easiest buy, CURLF is my bet to win in the US, Altria owns something like 45% of CRON and I trust that billion+ investment to turn into American sales somehow, APHA/TLRY is worth an investment as I do believe beverages will have a market but it will take longer (that being said, APHA flower is pretty great for cheap-tier and I think with their acquisitions and mergers that they’ll make it across the border as well, they also have in-roads to EU and Middle East sales, no?). 

It’s going to be a big next couple years for US weed. A LOT of milestones coming up. Here’s to legalization in 2022 (2024+ is more realistic imo)! 🤞🍻",2,2021-01-12 01:45:33
giuii18,t1_gitrhbb,"Medmen in CA sounds similar but they burn money, I think because of the rapid expansion?",1,2021-01-11 13:56:36
giu5ign,t1_giu4xkn,"I agree that SAFE and STATES have a higher probability short-term than the MORE act to pass and it puts the LPs in a bad spot if decriminalization is delayed with banking available to the MSOs... but that also means Acreage and Terrascend now have financing options to help them grow as well (without the need for money from STZ/CGC).

Acreage literally can’t build out Florida because they don’t have any money.",2,2021-01-11 11:47:14
giuky9y,t1_giuja4k,"Yeah you’ve asked quite a bit of questions there. It sounds like you think nothing will change in the US. I’m investing based on the notion licenses will no longer be limited. Cannabis to cross states eventually. 

CPG companies investing into brick and mortar is a risk, especially at the valuations the MSOs have. You also play into my point with aphria - their brands are doing excellent without any marketing. The quality and value are there. Imagine what they could do with marketing ? 

Anyways again, it sounds like you’re banking in strict regulations - that’s ok. I myself think they will change in huge favour to new entrants, whether that be LPs or other companies waiting to spin into cannabis.",2,2021-01-11 14:26:53
glev32b,t1_gitymea,"Hello, another complete n00b here. I have had Robinhood since before this whole fiasco but I cannot find any of the stocks you recommended on there. Do not have a broker nor do I know how to get one. Do you have any idea how I CAN buy those stocks, then?",1,2021-01-31 05:56:15
giu30sa,t1_giu2jch,💯,2,2021-01-11 11:25:31
giunagw,t1_giuitvo,CGC is best positioned out of the Canadian growrers with Acreage but that's probably it.. I can envision US putting a tariff on importing weed which would make their own operators more competitive/successful in the market,2,2021-01-11 14:57:16
giukmgd,t1_giujqne,"If it doesn’t last it’ll crush into their margins, and they’ll have to focus on quality, which I hear is an issue with certain MSOs. I could be wrong, but I don’t think LPs are interested in retail locations. It’s about getting your product on the shelves. Similar to Crescos approach. You can’t protect markets Im not sure what you’re getting at? LPs won’t be importing product. If you hve operations set up in the US (aka you’ve created jobs and are contributing to taxes) the protectionism has already been accomplished. This narrative around the US blocking out companies is hilarious and wrong.",2,2021-01-11 14:22:44
giuevfk,t1_giue153,"Regardless, pot stocks are the place to be for 2021. However, great DD. I'm gonna spend like 1k on $YOLO calls. $MSOS is a little high, and if I'm gonna waste 1k, I might as well have enough leverage to get my dick hard.",2,2021-01-11 13:15:14
giubyjg,t1_gitsppn,Great game plan. I’m expecting some acquisition announcements right after the SPAC merger.,2,2021-01-11 12:44:49
gitu0c1,t1_gitlumx,"California is a perfect example of what I am saying. We have way too much cannabis than our market can absorb. Not just flower either.  It’s literally everywhere, for free.",2,2021-01-11 10:09:11
giu7vgd,t1_giu7m8v,"Not very educated on it, but not much of a fan. Canadian only right? Do they have a US strategy? What do you like about htem. 

I feel like craft cannabis still needs to prove itself -- I see some trends in Canada toward value/budget weed that would concern me.",3,2021-01-11 12:07:41
giul4kk,t1_giu7m8v,I'm going in.,2,2021-01-11 14:29:07
giw9dhw,t1_giu7m8v,Up 9% this morning!,1,2021-01-12 00:17:33
giuipkb,t1_giuii18,My view on Medmen is they bought super expensive prime locations in a landgrab and then just succumbed to the costs after hurting shareholder confidence with a bunch of scandals,5,2021-01-11 13:59:07
giu63kp,t1_giu5ign,"I've had a few nights staring into the void thinking about if I want Canopy again. I can see the argument, and if it hits it seems big, but I just cant bring myself there. If I had more capital I probably would. I think they will read the hype waves for the near future (if nothing else).",1,2021-01-11 11:52:25
giuljj4,t1_giuky9y,"I think Aphria's best hope is that they just ride general weedstock excitement and that they are listed in big exchanges -- I don't think there is anything particularly special about their positioning beyond that. 

My time horizon is probably up to two years, trying to catch the euphoria from uplisting and equity deals. I think that happens before limited licenses and oversupply becomes an issue. 

I agree we mainly just differ on how the regulatory/legistlative landscape plays out. If I had more money I'm probably try to play both. I do have a position in APHA it's quite small though",3,2021-01-11 14:34:24
givne9l,t1_giunagw,Weed is not going to be imported from Canada in big quantities. Successful LPs will set up shop in the US.,1,2021-01-11 21:37:36
giul1pd,t1_giukmgd,"I haven't seen any indications that those licenses will be opened up yet.

How do you see LPs getting the product onto shelves? Cultivated in state or something else? Genuinely curious as these are the details I don't get. 

I think there is justification for that narrative, but its hard to know without details of legislation that would allow their entry.",3,2021-01-11 14:28:05
giufic7,t1_giuevfk,"If I've helped convince just one person to irresponsibly invest their money in a fund called YOLO of all things, then I feel like I've done by job.",2,2021-01-11 13:22:13
gituuyc,t1_gitu0c1,"Oversupply is a risk, and it's been seen in other places ( [Oregon](https://www.vice.com/en/article/ywag8j/oregon-has-way-too-much-legal-weed-this-is-where-its-going) as well as [Canada](https://grizzle.com/canada-cannabis-oversupply-endgame/))

California has been a bit of the wild west I think. From what I understand, there was basically no will to combat the illicit market. Apparently they still sold about [$3.8 billion](https://www.fool.com/investing/2020/01/25/the-10-top-selling-cannabis-states-in-2020.aspx) in Cannabis in 2020. To be honest, the competition in California is what makes me shy of choosing a company like Subversive Capital (big in Cali) and makes me relatively underweight Cresco (acquired Origin House in Cali) although I still like em. 

One day I'd like to a deeper dive to understand the market there better. I know it's like the holy grail for branding.",2,2021-01-11 10:16:12
giu80ve,t1_giu7vgd,I've been seeing them posted about lot lately. I don't know much actually but hype as def gone up and they are debt free as of December 21 or 22 it was. And super cheap per share.,3,2021-01-11 12:09:01
giujfcv,t1_giuipkb,They’re also massively overpriced for the most part,2,2021-01-11 14:07:50
giu6rf3,t1_giu63kp,"I feel there’s going to be a basket of winners in the ride up and then consolidation/M&A to 3-4 giants in the proceeding 10-15 years. 

I bought Canopy because a Fortune 500 company bought them believing they would be one of the few winners.

As well as an entire range of celebs/major sport athletes who also have a vested interest in CGC, who, probably have their own DD teams.",3,2021-01-11 11:58:05
givn7co,t1_giuljj4,We agree on that. Playing the hype and euphoria is absolutely the best way to play this. I really hope we both make a ton of money on our respective horses.,2,2021-01-11 21:35:56
givoday,t1_givne9l,I tend to agree which supports US operators winning since they will have a big first mover advantage whileTilray will essentially have to start up a whole new operation in the US,1,2021-01-11 21:45:45
giufnd0,t1_giufic7,"I feel like the gain porn post with the title ""You retards couldn't pick a ticker to $YOLO if it was right in front of you"" would be gold. Fuck it.",2,2021-01-11 13:23:48
gitwy86,t1_gituuyc,"I lived in Humboldt County for a long time. Lots of folks there still love the states that it’s not legal in. Great Customers. Price has gone from 4-5k a lb in the nineties to 500 a lb now, if you’re lucky.  The numbers just don’t add up for the legal market.",2,2021-01-11 10:33:11
giu87o3,t1_giu6rf3,I think it's a fair assessment. Constellation does seem like they are in for the long haul so I doubt they let canopy become irrelevant. And if they get into the US and start tossing around some muscle it's gonna be wild,2,2021-01-11 12:10:45
givrvun,t1_givn7co,Hells yes! Good luck!,1,2021-01-11 22:14:12
giuh9r8,t1_giufnd0,Oh hell yes,2,2021-01-11 13:42:04
