comment_id,comment_parent_id,comment_body,comment_score,created_utc
gi4qt44,t3_kqmym1,"If you ever feel like a fucktard, i sold BNGO at 0.69 to buy PLTR",184,2021-01-05 09:21:12
gi4q0ja,t3_kqmym1,Bought 1000 shares today my G.,25,2021-01-05 09:14:25
gi5cra5,t3_kqmym1,they announced they are looking at the autism gene. any chance they find us?,14,2021-01-05 12:35:04
gi4qqls,t3_kqmym1,"So after going up 2000%, it’s a good time to get in?

Where was this post back when it was trading at like .30???",46,2021-01-05 09:20:36
gi4r9oz,t3_kqmym1,Damn I wish it have options. I will load puts on this shit. All the chart shows it about to drop,27,2021-01-05 09:25:07
gi4rub2,t3_kqmym1,"Well they did study and research autism. 
Been I'm since .70",13,2021-01-05 09:29:58
gi7vaog,t3_kqmym1,"Update: 1/5/2021

It was a rough day boyz. But we expected a pullback off 500% gains its to be expected. Market also recovered today so I'm sure big institutions pulled out to rotate into other sectors. Today I bought the dip @4.7 and sold at 5.5. I want to make this clear: I still have my initial 1,500 shares bought at 2.5 dollars. But I am doing swing trading to hedge down the risk. I've now successfully swing traded 3,162. This means that those 1,500 shares now cost me about 1,500 instead of 4,700. If you want to trade volatility and momentum of this stock consider swing trading.",3,2021-01-06 04:20:06
gi4t2hk,t3_kqmym1,It could go up it could go down but I can’t get into a stock that’s up 560% this week,11,2021-01-05 09:40:22
gi521dk,t3_kqmym1,"Forget BNGO, ZOM is next.",15,2021-01-05 10:56:37
gi4qyf1,t3_kqmym1,I have been holding since last October. 1000 shares at 1.02. I am a very happy man right now.,4,2021-01-05 09:22:29
gi4t241,t3_kqmym1,Well it’s got a better chance than $GME.,7,2021-01-05 09:40:17
gi4w5ab,t3_kqmym1,"Lol as I read your DD I knew you were referencing Deadnsyde. Bought in at $1, sold today at $6.70. I'll take my profits and watch.",2,2021-01-05 10:06:25
gi5ltqt,t3_kqmym1,"""super saiyan gains"" All I needed, I'm in",2,2021-01-05 14:16:35
gi61m5l,t3_kqmym1,Gone.  Gone parabolic.,2,2021-01-05 18:25:07
gi82vrt,t3_kqmym1,how long is it gonna take them to do this FDA stuff?,2,2021-01-06 05:08:39
gi6llbi,t3_kqmym1,"This thread did not age well, please someone post their loss porn who bought calls yesterday",3,2021-01-05 22:42:54
gi545nf,t3_kqmym1,Does ARKG have BNGO?,1,2021-01-05 11:15:10
gi5mzk1,t3_kqmym1,"i made .50 a share on it the last pumo and dump, didnt like the action though so im staying away.  besides, i hate owning shares of stuff",1,2021-01-05 14:31:43
gi78uo7,t3_kqmym1,"I bought at 6$ today and its now at 4,88$.
What",1,2021-01-06 01:47:50
gi7p8ns,t3_kqmym1,What is the warrant ratio and strike price?,1,2021-01-06 03:45:05
gi4tvy1,t3_kqmym1,"Proof that Vanguard didn’t just buy it for Total Stock Market because it’s a stock...

Solid pump and dump post 💯",0,2021-01-05 09:47:22
gi5namh,t3_kqmym1,Jesus fucking Christ can I watch a single YouTube video without the worlds most annoying Jew sitting in a rented car talking about 6000% gains a single time back in ‘98.,0,2021-01-05 14:35:47
gi4qts4,t3_kqmym1,[deleted],-5,2021-01-05 09:21:22
gi4uzzj,t3_kqmym1,You don't know why Cathy bought the other stock. You can't just make the false equivalence. You got lucky and it's pumping. That's really it.,-4,2021-01-05 09:56:45
gi4udej,t3_kqmym1,BAGHOLDERS.  This trade was soooooo last week.  Yawn,-6,2021-01-05 09:51:31
gi4qx7c,t1_gi4qt44,Oh you belong here son,100,2021-01-05 09:22:11
gi4sa99,t1_gi4qt44,damn it felt like a cold shower reading that i'm sorry for your loss,8,2021-01-05 09:33:42
gi5l7w3,t1_gi4qt44,"I bought BNGO at like 94 cents last July and just sold at 1 dollar just to get back to a little above even.

I am feeling your pain right now.",7,2021-01-05 14:08:58
gi4sefj,t1_gi4qt44,Buy back at 4.20 is the way,10,2021-01-05 09:34:41
gi5y9x5,t1_gi4qt44,Lol are you me?,3,2021-01-05 17:27:57
gi6ecd3,t1_gi4qt44,Welcome to the flock.,2,2021-01-05 21:30:28
gi86vox,t1_gi4qt44,I see no problem with this,1,2021-01-06 05:34:33
gi8eej0,t1_gi4qt44,Dad?,1,2021-01-06 06:23:21
gi4qp8w,t1_gi4q0ja,Diamonds hands til at least 20$. May the warm tendies welcome us into 2021.,16,2021-01-05 09:20:17
gi52ks9,t1_gi4q0ja,"My plan is to hold my 2500 shares i got at ~2.5 until 20-30 dollars or more depends on momentum and news, unless they dont get FDA approval. While at the same time day trading with about 10K and taking small daily profits. It helps hedge against possible downside and makes the stock less risky if I have covered my initial cost basis.",4,2021-01-05 11:01:14
gi7dkdd,t1_gi4q0ja,Please comment on how that is going,1,2021-01-06 02:22:45
gi5fpva,t1_gi5cra5,Its obviously too late for all of us.,8,2021-01-05 13:05:41
gi4qzv8,t1_gi4qqls,"Nobody does any DD on 30 cent stocks until it's run at least 500% lol all those youtubers that introduce stocks and do ""DD"" are the same.",22,2021-01-05 09:22:50
gi4qyaz,t1_gi4qqls,"Like i and many of us said, rules of WSB didnt let us post about this stock bc market cap was under 1B and post was immediately deleted. But if you do your own DD and believe in the company and what it has going for it, 6 anything under 10 i believe is still a great entry.",9,2021-01-05 09:22:28
gi4roxu,t1_gi4qqls,[removed],9,2021-01-05 09:28:42
gi5g638,t1_gi4r9oz,short squeezes for four straight days,4,2021-01-05 13:10:34
gi4rks4,t1_gi4r9oz,ill remind you in 6 months how sadly you will be mistaken.,-1,2021-01-05 09:27:43
gi5r5sq,t1_gi4rub2,Where did you first hear about this,2,2021-01-05 15:31:41
gi8abxg,t1_gi7vaog,"Rough day? Bought in back at .80, sold at 6.80. Bought back in at 4.7 as well. Holding. 

Swing trades on this stock are easy. Buy under 4.80, sell over 5.30.

Obviously it was gonna dip today. This stock is going over $10, and my bet is that it will be before Feb. 

Get in now or miss bingo game on the night sun",3,2021-01-06 05:56:55
gi52dqu,t1_gi4t2hk,"That makes a lot of sense. BNGO doesn't have much of a cash runway (~12 months), so a share offering seems likely. Any dilution could be a good entry point if the overall upward trend holds.

Keep an eye on the FDA approval and institutional purchases. I have a feeling that if approved we'll see much more aggressive institutional buy-in.",4,2021-01-05 10:59:35
gi4uv0n,t1_gi4t2hk,Someone probly said this when it was up 200% pull back is possible but long term its still cheap,2,2021-01-05 09:55:36
gi5qanq,t1_gi521dk,ZOM?,2,2021-01-05 15:18:32
gi6bj9y,t1_gi521dk,"No idea who you are or what this is, but I just bought in.",2,2021-01-05 20:56:31
gi4rhpa,t1_gi4qyf1,Diamond Hands.,4,2021-01-05 09:27:01
gi53vvj,t1_gi4qyf1,Just bought 1000 shares myself today at 6.37. Was waiting on it to drop to 4.30 at open but it never dropped to 4.30. Can’t win them all right?,3,2021-01-05 11:12:45
gi5r7ee,t1_gi4qyf1,Where did you first hear about this I’m curious,1,2021-01-05 15:32:23
gi50c6f,t1_gi4w5ab,"I got in around the same time he did, but yes that man is #LightskinBuffett",3,2021-01-05 10:42:05
gi55ah0,t1_gi545nf,"No, they have shown interest though. There is high speculation they will enter once FDA approval is gained or before.",2,2021-01-05 11:25:23
gi7e2bk,t1_gi78uo7,Congrats you've been pump and dumped,4,2021-01-06 02:26:28
gi4u85n,t1_gi4tvy1,"it could be argued that WSB pumped PLTR, GME, Tesla, and institutions dumped it which has led to more sad boyz divorced and uneven forearms in 2020.",6,2021-01-05 09:50:17
gi4rga1,t1_gi4qts4,"options not released yet. But even if there were options, gains from shares would be better since you could buy many more shares for the same price of 1 option.",5,2021-01-05 09:26:41
gi4vw98,t1_gi4uzzj,“Genomics are the next tesla” our lady said it herself and PACB is ArkG’s biggest holding at 6.74%. It is true luck is involved but fortune favors the bold and scared money dont make money! Let me know if you have anymore retarded comments.,6,2021-01-05 10:04:17
gi53yxw,t1_gi4uzzj,Spoken like someone that hasn't done any research on the company or why they are booming.,1,2021-01-05 11:13:30
gi5gcc4,t1_gi4udej,500% gain bag holder from avging up checking in,6,2021-01-05 13:12:26
gi4sxkq,t1_gi4sa99,"thank you, can’t buy a lamborghini with your condolences tho x)",7,2021-01-05 09:39:14
gi4soob,t1_gi4sefj,"If it drops i will, 
sadly it’ll probably just continue until $20 something making it even sadder for me xD",9,2021-01-05 09:37:07
gi50f0l,t1_gi4sefj,It’s not touchin’ 4.20 again. Maybe 7.10 if you get in before the gap up tomorrow,1,2021-01-05 10:42:47
gi5212k,t1_gi4qp8w,Yes may the tendies bless us all...,3,2021-01-05 10:56:33
gi534sx,t1_gi52ks9,"Lucky you, I’m shy just 4K to day trade. Slowly but surely building it up.",3,2021-01-05 11:06:05
gi7me16,t1_gi7dkdd,Down almost a stack. I never had any luck with pharmaceutical stocks.,1,2021-01-06 03:27:56
gi4zrz3,t1_gi4qzv8,Sad but true. But we're on the spectrum,5,2021-01-05 10:37:13
gi54iby,t1_gi4roxu,This is your only warning not to do that.,12,2021-01-05 11:18:20
gi4tv15,t1_gi4roxu,"Why do you think that? That all sub $5 stocks will moon, I mean. Is there a reason?",2,2021-01-05 09:47:09
gi4rskt,t1_gi4rks4,RemindMe! 6 months,11,2021-01-05 09:29:34
gi7dnfd,t1_gi4rks4,How bout tomorrow?,1,2021-01-06 02:23:23
gi8aobh,t1_gi8abxg,This is for the paper handed autists who sold at open. (Who has reason to buy bngo bc they are doing research on autist genetics anyways). Yes big mental continues to make gains.,2,2021-01-06 05:59:07
gi52zn2,t1_gi52dqu,"This is true. Biotechs have terrible cash flows and rely solely on trials, news, and momentum. Proof of viability is key. Latest example Moderna, was only 20 dollars earlier this year and had never brought a successful drug to market until this vaccine and has now taken team 🚀to the 🌙",6,2021-01-05 11:04:50
gi4wnca,t1_gi4uv0n,I’m certain they did,3,2021-01-05 10:10:40
gi6bqv3,t1_gi6bj9y,"Is there any other way to invest? Long story short, they have Truforma releasing in March. New CEO Robert Cohen. Shares are dirt cheap. No debt. Potential 🚀🚀🚀",1,2021-01-05 20:59:21
gi5fo19,t1_gi53vvj,If you believe in the company 6 bucks is still a steal if all things fall into place the next 6 months. Be an investor not a trader when going long,2,2021-01-05 13:05:09
gi5yfse,t1_gi55ah0,Where/when have they shown interest?,1,2021-01-05 17:30:44
gi4wn85,t1_gi4vw98,"You are misunderstanding. You are making a false equivalence. That doesn't mean everything in genomics is tsla, just like not every ev is tsla. Nice try though. Learn how to think, clown.",-1,2021-01-05 10:10:39
gi4ul4t,t1_gi4soob,420.00 it is then.,6,2021-01-05 09:53:20
gi4usdn,t1_gi4soob,"Maintain conviction, only put in money you are willing to lose, only sell if tragic news comes out. No FDA APPROVAL is the only i can think of.",3,2021-01-05 09:54:59
gi5rxr2,t1_gi4soob,It’s down 14% AH. I’ll probably get in tomorrow around close,3,2021-01-05 15:43:53
gi53915,t1_gi534sx,This is the way,2,2021-01-05 11:07:08
gi56z3c,t1_gi54iby,Pussy,7,2021-01-05 11:40:34
gi6asil,t1_gi54iby,Did you flair me??? Thank you daddy 😘 ❤ 💕 💘 😻 💜  It's everything I've ever wanted. Just like I imagined it would be. Ofnsbdubftkshxhdbdnsk IM SO EXCITE VEDDY MUCH THANKS,1,2021-01-05 20:46:58
gi4zftr,t1_gi4tv15,Source: trust me bro,9,2021-01-05 10:34:20
gi4u74j,t1_gi4tv15,Momentum. Gotta go with the flow 🏄‍♂️,1,2021-01-05 09:50:02
gi57q02,t1_gi4rskt,"I will be messaging you in 6 months on [**2021-07-05 01:29:34 UTC**](http://www.wolframalpha.com/input/?i=2021-07-05%2001:29:34%20UTC%20To%20Local%20Time) to remind you of [**this link**](https://np.reddit.com/r/wallstreetbets/comments/kqmym1/bngo_going_parabolic/gi4rskt/?context=3)

[**12 OTHERS CLICKED THIS LINK**](https://np.reddit.com/message/compose/?to=RemindMeBot&subject=Reminder&message=%5Bhttps%3A%2F%2Fwww.reddit.com%2Fr%2Fwallstreetbets%2Fcomments%2Fkqmym1%2Fbngo_going_parabolic%2Fgi4rskt%2F%5D%0A%0ARemindMe%21%202021-07-05%2001%3A29%3A34%20UTC) to send a PM to also be reminded and to reduce spam.

^(Parent commenter can ) [^(delete this message to hide from others.)](https://np.reddit.com/message/compose/?to=RemindMeBot&subject=Delete%20Comment&message=Delete%21%20kqmym1)

*****

|[^(Info)](https://np.reddit.com/r/RemindMeBot/comments/e1bko7/remindmebot_info_v21/)|[^(Custom)](https://np.reddit.com/message/compose/?to=RemindMeBot&subject=Reminder&message=%5BLink%20or%20message%20inside%20square%20brackets%5D%0A%0ARemindMe%21%20Time%20period%20here)|[^(Your Reminders)](https://np.reddit.com/message/compose/?to=RemindMeBot&subject=List%20Of%20Reminders&message=MyReminders%21)|[^(Feedback)](https://np.reddit.com/message/compose/?to=Watchful1&subject=RemindMeBot%20Feedback)|
|-|-|-|-|",3,2021-01-05 11:47:27
gi8fuwo,t1_gi8aobh,"Bionano Genomics sounds like a company that makes tiny robotic bananas, and that's really all I need to go all in.",1,2021-01-06 06:32:56
gi8zz1m,t1_gi6bqv3,Today's volume was huge and it moved. Looking into this!!!,2,2021-01-06 08:56:04
gi6b64f,t1_gi5yfse,One of ark’s research investor in the biogenomics space reached out to the ceo of BNGO to talk via twitter.,1,2021-01-05 20:51:52
gi52vil,t1_gi4wn85,Stop being butthurt that you didn’t get in early. Get in now so you can ride the rocket,0,2021-01-05 11:03:49
gi4x134,t1_gi4usdn,"Only money you are willing to lose? Sir, this is WSB, i sold my granny to buy this",6,2021-01-05 10:13:57
gi4vgxs,t1_gi4u74j,This is the way.,3,2021-01-05 10:00:42
gi5334g,t1_gi52vil,It's not worth my time or money? I don't play with penny stocks.,2,2021-01-05 11:05:40
gi5vqeb,t1_gi5334g,But.... its not a penny stock...,1,2021-01-05 16:44:57
gi7e6qy,t1_gi5vqeb,It is again now,1,2021-01-06 02:27:23
