comment_id,comment_parent_id,comment_body,comment_score,created_utc
gijz7nt,t3_kt5t0n,Finally only -74 on it with 76 shares let’s go 🚀,5,2021-01-09 00:30:26
gijyf4r,t3_kt5t0n,"Nobody tell him

*I am a bot, and this action was performed automatically. Please [contact the moderators of this subreddit](/message/compose/?to=/r/wallstreetbets) if you have any questions or concerns.*",6,2021-01-09 00:24:23
gijz37f,t3_kt5t0n,This isn’t normal after market moves it’s changing price so fast some times I don’t understand.,1,2021-01-09 00:29:29
gik0hti,t3_kt5t0n,scratch- not what you're asking...,0,2021-01-09 00:40:12
gijz5wm,t3_kt5t0n,"**I am a bot and identified and tracked the following options picks within this post:**

|**Ticker**|**Strike**|**Type**|**Exp**|**Recorded Premium**|**Recorded Stock Price**|**OI**|**Volume**|
|:-|:-|:-|:-|:-|:-|:-|:-|
|**PLTR**|**$24.5**|**BUY CALL**|**2021-01-15**|**$1.83**|**$25.8801**|**4561**|**3888**

[Realtime ROI](https://www.pickmojo.com/pick/ckjohwhpjate60784ncx9qlnk) | [Track Record](https://www.pickmojo.com/user/SirRandyMarsh/) | [Bot Info](https://www.reddit.com/r/pickmojo/comments/he9ghu/options_picks_tracking_bot_information/) | Leaderboard: [Week](https://www.pickmojo.com/stocks/best-this-week-reddit), [Month](https://www.pickmojo.com/stocks/best-this-month-reddit), [All](https://www.pickmojo.com/stocks/top-reddit) | [Exit this position](https://www.pickmojo.com/reddit_redirect)

**^(*My owner is monitoring these posts, reply with feedback! You can now track comments by mentioning me!)**",1,2021-01-09 00:30:04
gijyy7b,t1_gijyf4r,Bruh you don’t know either so don’t pretend you stupid bot,5,2021-01-09 00:28:25
gik0n68,t1_gijz37f,"4 am pre-market. Low liquidity = bigger spreads. Bigger spreads = bigger jumps in spot price. 

I'm just guessing here. I don't know shit about shit.",5,2021-01-09 00:41:20
gik6rqw,t1_gik0n68,But other stocks don’t do anything like this it’s not a change every 10 minutes the prices are bouncing and moving Like normal trading sometimes.,2,2021-01-09 01:27:14
gik7itn,t1_gik6rqw,Some do some don't. Increase the sample size of the stocks you check at 4am. You'll see it does happen.,1,2021-01-09 01:32:42
gim4x0w,t1_gik7itn,There are about 40 I peak at and no stock over the last 10 years I have seen makes moves ike this like clock work at a Wierd time. Again it’s not about the amount it jumps it’s the frequency the price is changing I’m talking about.. not “wow a 19 cent jump” but wow it’s been 24.50 24.53 24.56 24.52 24.53. All in less then a minutes it’s doing that like 10-20 times that not normal.,1,2021-01-09 10:36:34
gim5997,t1_gim4x0w,agree to disagree,2,2021-01-09 10:39:28
