comment_id,comment_parent_id,comment_body,comment_score,created_utc
gihal31,t3_ksp8ed,"The buyout is at 131.50 per share, down from 135.   An option to buy at 132 does not seem to have any value.   Are these showing as having any value on your broker?  If so you should sell them ASAP.

Edit: I think this has already closed.  The options were likely adjusted and have since expired worthless",5,2021-01-08 07:11:44
gihap1l,t3_ksp8ed,"it looks like they are worthless since the merger price is under $132

>The new deal reflects a takeover price of $131.5 a share, down from $135 agreed to last November.

So you lost $125.

On TOS the ticker shows cash merger $131.50/sh on 1/7",3,2021-01-08 07:12:38
gihaadu,t3_ksp8ed,"If this was a proper broker you could settle the options by calling the options trading desk (and ordering a OTC sell Via the desk or exercise (you would get 100 shares from the merger at current rate of merged entity)

With robin hood it should theoretically be the same process",1,2021-01-08 07:09:21
gihegwc,t3_ksp8ed,I have a ton of 2023 calls I'm worried about now,1,2021-01-08 07:43:22
giha9ln,t3_ksp8ed,You’re gonna get shit on for only having $125 on options. Go to small streets bets. Wsb is for $2500 or more,-5,2021-01-08 07:09:10
gihb9ps,t1_gihap1l,"Thank you for the help.

I was really confused and I'm still not understanding why google is showing 132.40 after hours but I'm assuming that's just a bug/ glitch. Oh well, lesson learned",1,2021-01-08 07:17:16
gijn2nz,t1_gihegwc,"For TIF?  I don’t think that you do, anymore, unfortunately.",1,2021-01-08 22:52:19
gihason,t1_giha9ln,So much for free assistance,3,2021-01-08 07:13:28
gihd78o,t1_gihason,I’m just being honest with you. I didn’t know the rules the first time I posted in here and people are tough in here,-4,2021-01-08 07:32:52
gihdccl,t1_gihd78o,"You’re not wrong, I was just noting the irony of your username 😂",1,2021-01-08 07:34:00
gihdlv2,t1_gihdccl,Automated Reddit username that I never changed 😂,2,2021-01-08 07:36:13
