comment_id,comment_parent_id,comment_body,comment_score,created_utc
gianoum,t3_krgbfy,">Memes are hilarious, love that shit, but there was a time when WSB had stories like this:

What does this even mean, do you think there was some time in WSB history where we held hands and told eachother stories?

I swear, whenever someone invokes ""ORIGINAL WSB"" or something, it's always some cringey nonsense.",1,2021-01-06 20:06:51
gi9segq,t3_krgbfy,Calls on Audible.,31,2021-01-06 12:54:39
gi9q47n,t3_krgbfy,Can you post an audio recording. I can’t read that long thing,36,2021-01-06 12:34:11
gi9q7wk,t3_krgbfy,Y’all know how to read back in the days?,15,2021-01-06 12:35:06
gi9stn5,t3_krgbfy,I read the whole thing but don't quiz me on it. Thanks for the break OP from my usual lurking through DD post,11,2021-01-06 12:58:25
gi9tbj5,t3_krgbfy,Read it all. Beautiful. 12 years of middle school and I never read anything as useful as this masterpiece.,18,2021-01-06 13:02:57
gi9q1q5,t3_krgbfy,We can’t read,8,2021-01-06 12:33:34
gi9pqs5,t3_krgbfy,"Sir, this is the unemployment line.

*I am a bot, and this action was performed automatically. Please [contact the moderators of this subreddit](/message/compose/?to=/r/wallstreetbets) if you have any questions or concerns.*",4,2021-01-06 12:30:53
gi9sfuy,t3_krgbfy,Okay so all in on Tesla?,4,2021-01-06 12:54:59
gia1sm1,t3_krgbfy,"I remember reading this, there's a few marble brains here that should take 30 min away from their regularly scheduled window licking and go through the post history.",3,2021-01-06 14:33:14
gia034y,t3_krgbfy,"I read the whole thing
Tldr: buy more gme",3,2021-01-06 14:12:42
gia1fe9,t3_krgbfy,Interesting as fuck.,3,2021-01-06 14:28:40
gi9swed,t3_krgbfy,TLDR: long TSLA and NIO and buy GME shares,4,2021-01-06 12:59:07
gi9qcx2,t3_krgbfy,Eli5,2,2021-01-06 12:36:20
gi9umgs,t3_krgbfy,"Wow, that was beautiful.",2,2021-01-06 13:15:10
gi9usjg,t3_krgbfy,"Damn I enjoyed this, thx",2,2021-01-06 13:16:45
gi9v4qd,t3_krgbfy,Why did I read this. I'm never gonna figure out or have interest in trading currencies. Love the metaphors though,2,2021-01-06 13:20:05
gi9va4v,t3_krgbfy,Holy shit... Im not entirely sure why all that was said but it's certainly interesting,2,2021-01-06 13:21:33
gi9uwjo,t3_krgbfy,WSB is better than r/conspiracy nowadays,1,2021-01-06 13:17:51
gi9zne8,t3_krgbfy,Need the dude who made the History of Japan video to do this,1,2021-01-06 14:07:37
gia2ds9,t3_krgbfy,No rockets 🚀 I’m out,1,2021-01-06 14:40:39
giabmle,t3_krgbfy,WTF is this shit? The only thing WSB needs to bring back is $MU 90C,1,2021-01-06 16:53:13
giadgtd,t3_krgbfy,"\>  So for the next hundred years, as the rest of the old world warred themselves broke killing each other over land all old school like, America built new and improved machines and hoarded gold until finally, by the end of WWII, America totally owned that shit and became the pimp daddy boss-man of global money 

this literally fucked everything up.  if the US had never seceded, we'd all be living on Mars (aka New Britain) by now because the British empire would have been so ludicrously wealthy and powerful that those fgts Napoleon and Hitler would never have gotten anywhere.  RIGHT NOW god-queen Elizabeth would be informing us that scientists have achieved immortality and free anime cat girls for all",1,2021-01-06 17:23:19
giah318,t3_krgbfy,Calling /u/ibifteki. Please grace us with another incredible story time.,1,2021-01-06 18:23:38
giankrb,t3_krgbfy,this is the premium we all need. take my upvote kind sir. would give you tendies but i’m all in ICLN.,1,2021-01-06 20:05:12
gi9uo4r,t1_gi9q7wk,I made it 1/3 of the way through. I think,8,2021-01-06 13:15:37
