comment_id,comment_parent_id,comment_body,comment_score,created_utc
ghwa0a3,t3_kpcaru,">E2open allows companies to see 10 steps ahead into the future

Stopped reading there.

We got a time machine boys! Gonna refinance my wifes house and going all in! I simply cannot lose!",45,2021-01-03 11:40:37
ghwd3z0,t3_kpcaru,"DR;AI

Didn’t read; All in",28,2021-01-03 12:12:27
ghwdjbx,t3_kpcaru,does cheesecake factory uses it?,10,2021-01-03 12:16:52
ghwhvd0,t3_kpcaru,read like a classic P&D but 10mins of google searches and i like this and i like you for sharing.,9,2021-01-03 13:03:10
ghwkahs,t3_kpcaru,"OP is a retard who cannot spell ""offer"" correctly.    


I'm sold.

  
Max out the credit cards, sell everything, borrow like never before and go all in.",9,2021-01-03 13:28:44
ghw9atu,t3_kpcaru,This is a garbage b2b professional services company. You're gonna get burned hard.,17,2021-01-03 11:33:23
ghw8vir,t3_kpcaru,I skimmed through it and now I need you to give it to me straight. Does it have potential for memementum?,5,2021-01-03 11:29:02
ghwvhpv,t3_kpcaru,"I added this to my list last week and gonna buy on monday hoping It won't open with a gaap up. A good entry was made possible on thursday but i had no more free Money, i was all invested.",3,2021-01-03 14:51:42
ghwz7wx,t3_kpcaru,"Nothing to see here folks. It's literally just a supply chain software nicely packaged together. Normally companies use separate systems because of legacy or blah blah blah. The only thing you need to know is that it's' not ""revolutionary"". It's good but no PLTR.

As for the forecast capabilities you are freaking joking? IT'S SUPPLY CHAIN MANAGEMENT. All they literally do is forecast shit. Nerds have been doing it before computers were invented. Give me 2 months, access to their backend data bases and about three fifty and I can build you something similar.

The selling point here is that they'll manage the software instead of you having to hire a bunch of retards like me to maintain it. Since it's SAAS they can spread the cost out to every customer so it's cheaper to use them than run your own custom solution. 100 companies need 1 team of coding monkeys. 1 company needs 1 team of coding monkeys.

TLDR: It's not that bad but don't believe the AI/Prediction thing. It's literally shit easy. Selling point here is low maintenance, easy to use, and scale(which makes the cost lower than running your own). This will not outgrow Palantir. If you buy this you belong in /investing.",7,2021-01-03 15:20:07
ghwb11b,t3_kpcaru,Is anyone elses robinhood stuck it only shows buy not trade so I can buy FDs?????,2,2021-01-03 11:51:08
ghweqjc,t3_kpcaru,"> they use AI to predict changes in supply and demand

have to be linear regression or logistic regression right?",2,2021-01-03 12:29:18
ghxz4mj,t3_kpcaru,I looked at this earlier. They buy all their growth through acquisitions (vs grow organically). Their organic growth is not that impressive compared to the valuation the SPAC placed on it.,2,2021-01-03 20:27:20
ghy0jir,t3_kpcaru,so.... 🚀🚀🚀🚀?,2,2021-01-03 20:39:29
ghwbxrh,t3_kpcaru,ticker symbol ?,1,2021-01-03 12:00:24
ghwe2k8,t3_kpcaru,[deleted],1,2021-01-03 12:22:23
ghwfkku,t3_kpcaru,What’s ur dcf price?,1,2021-01-03 12:38:02
ghwll35,t3_kpcaru,What you think about the warrants?,1,2021-01-03 13:39:09
ghx8xm3,t3_kpcaru,So do they have an LOI or? Where’d you get your “assume q1”,1,2021-01-03 16:38:51
ghye70l,t3_kpcaru,Terrible revenue growth for a software company. No thanks.,1,2021-01-03 22:35:21
goczgfe,t3_kpcaru,"Reading the comments you got some right shit of people... I’m been in since $11.86 I bought at its literal peak. In a place where I’m questioning the stock even though I do believe it’ll grow. 
What are you thoughts since posting this 50 days ago?",1,2021-02-23 01:26:23
ghyolu1,t3_kpcaru,It looks like you did your homework. What’s the ticker so I can yolo once my GME hits. I do not have time to read and figure it out,0,2021-01-04 00:03:15
ghwam6g,t1_ghwa0a3,You didn't know Miss Cleo was artificial intelligence?,4,2021-01-03 11:46:55
ghwappy,t1_ghw9atu,Damn I should make a TLDR. Clearly you didn't bother reading and already have your mind made up. What are you basing your opinion on? And it's SaaS not b2b,-2,2021-01-03 11:47:55
ghw9mys,t1_ghw8vir,"It's a Cloud/AI service used by all our favorite tech stonks. If that doesn't have meme potential I don't know what does. 

We just need some YouTube personalities to start shilling it and we'll be on our way to Tendie Town. 

If the Zoomers fail to give it the meme energy it deserves, the Boomers will at least guarantee steady gains.",8,2021-01-03 11:36:52
ghx3mp9,t1_ghwz7wx,"Maybe Google, Microsoft, Facebook, AMD, and the other dozens of blue chip companies would like to hire you instead, since they're clearly wasting their money. 😂",0,2021-01-03 15:54:30
ghwl15n,t1_ghweqjc,Software harmonizing data does magical shit. Do I look like a fucking genius to you boneless burrito? I have 24 chromosomes and eat crayons for breakfast,2,2021-01-03 13:34:27
ghzru85,t1_ghxz4mj,"The acquisitions are up-front costs that allow for larger future organic growth.

They've been in a growth phase but this is more of a value play.",1,2021-01-04 04:57:05
ghwcq7n,t1_ghwbxrh,P-C-P-L currently but after the merge in early Q1 it will become ticker ETWO,4,2021-01-03 12:08:27
ghwg1gx,t1_ghwe2k8,Not really. E2open provides AI applications specifically for the supply chain management sector.,1,2021-01-03 12:43:02
ghwjsku,t1_ghwfkku,E2open is currently valued at significantly lower revenue and EBITDA multiples compared to peers. It also has more growth potential based on its unique services and will likely gradually gain market share. For those reasons $11 is far below its intrinsic value. IDK how to calculate DCF. I'm just a random retard on WSB bro.,4,2021-01-03 13:24:33
ghwnn22,t1_ghwll35,"Great time to buy warrants because they're announcing the merge date any moment. 

They initially said the merge would complete end of Q4 and they changed it to early Q1. I think there's a very high probability the announcement will be made sometime in January.

You'll be able to make nice returns on that spike.",2,2021-01-03 13:53:48
ghx9e48,t1_ghx8xm3,"https://www.prnewswire.com/news-releases/e2open-and-cc-neuberger-principal-holdings-i-announce-additional-175-million-fully-committed-common-stock-pipe-at-10-per-share-301197793.html

""the transaction is expected to close early in the first calendar quarter of 2021.  Management expects to provide a preliminary update of the unaudited financial results from its third fiscal quarter of 2021 in January""",3,2021-01-03 16:42:36
ghwb29p,t1_ghwam6g,"Robot, sure. But a tImE mAsHeEn?",4,2021-01-03 11:51:28
ghwpbp3,t1_ghwappy,">That’s 420% growth in 5 years, or roughly 84% a year

84% growth for 5 years would be over 2000% dumbass",18,2021-01-03 14:05:09
gi099j2,t1_ghwappy,Lmao just because its SaaS doesnt mean its not b2b. There are tonnes of SaaS b2b companies and this is one of them.,5,2021-01-04 07:11:16
ghwa79f,t1_ghw9mys,But does TSLA use it???,1,2021-01-03 11:42:36
ghx40vs,t1_ghx3mp9,"I literally said that it cost them less to use E2Open instead of coding out their own. That's one of like 2 things that you have going for you. Lol sorry I forgot half of us can't read.

# 🤷",5,2021-01-03 15:57:50
gi0aujo,t1_ghx9e48,Hey boss. What do you think are the risks with the investigation from WeissLaw? Going to buy some of this at open,1,2021-01-04 07:23:46
ghwsbwk,t1_ghwpbp3,I failed 5th grade math.,14,2021-01-03 14:26:11
ghwbid6,t1_ghwa79f,PTON does. Am I getting warmer?,3,2021-01-03 11:55:59
ghx5l8f,t1_ghx40vs,"No, it's that I find it hilarious that your huberous allows you to completely discredit their AI tech and say ITs JuSt SuPPly cHaIn ManAGeMent. AI / Automation is the future. Supply chain management benefits from its applications. E2open is capitalizing on that fact. 🤦‍♂️",-5,2021-01-03 16:11:52
ghwcssq,t1_ghwbid6,"Peleton is dumb, if they dont release the bmx vert ramp edition, and soon, the entire company will go under",3,2021-01-03 12:09:14
ghy7t6g,t1_ghx5l8f,"5th grade math and 5th grade English as well, it’s hubris you were angling for I imagine.",13,2021-01-03 21:43:46
ghwd50s,t1_ghwcssq,PTON puts it is,2,2021-01-03 12:12:46
ghwdosa,t1_ghwd50s,Until the bmx edition comes out. Then flip and do a barspin 360 tailwhip,5,2021-01-03 12:18:27
