comment_id,comment_parent_id,comment_body,comment_score,created_utc
gj35gaw,t3_kwa8ee,South Korean zombie flicks are pretty lit.,61,2021-01-13 14:04:48
gj36qr5,t3_kwa8ee,Netflix should buy pornhub 🚀🚀🚀🚀🚀,39,2021-01-13 14:21:46
gjwkqzu,t3_kwa8ee,Literally just went up $60 after hours,10,2021-01-20 10:58:12
gj34e5v,t3_kwa8ee,The only reason I have Netflix is because I’m using it off of someone else’s account I would never pay for it. Netflix was great back in the day but now it’s such shit and the Netflix originals are such a joke.,30,2021-01-13 13:51:32
gj34cie,t3_kwa8ee,Oh lord does their content blow,45,2021-01-13 13:50:59
gj34je8,t3_kwa8ee,"> the next blockbuster video

soon the circle will be complete...",20,2021-01-13 13:53:17
gj347ad,t3_kwa8ee,Netflix sucks. Not enough new (or old) content. I like documentaries and they seem to add about 1 per year. I’m canceling next time it’s due.,29,2021-01-13 13:49:11
gj3814h,t3_kwa8ee,Ok read few lines and you mention prime video is a competitor ? Have you ever checked out prime video ? It’s trash . It has sub growth because of amazon prime growth . Not because of prime video .,35,2021-01-13 14:39:18
gj3h74m,t3_kwa8ee,"Netflix has a surprisingly good anime selection, that should be all WSB needs",7,2021-01-13 17:02:27
gj35ub5,t3_kwa8ee,"Netflix made chaos monkey to stress test its systems. I’m not betting against a company that builds its own chaos monkey as a challenge and beats it.

Chaos monkey.",12,2021-01-13 14:09:51
gj529wd,t3_kwa8ee,Bet on Netflix management to pivot appropriately.  This is a company that used to send DVDs in the mail.,6,2021-01-14 02:46:14
gj34rqk,t3_kwa8ee,[deleted],20,2021-01-13 13:56:08
gj3tx87,t3_kwa8ee,"this literally reads exactly like the crappy motley fool articles they used to post when they were trying to get Netflix to go down 8 years ago. 'Amazon has a competitor coming out! what about hulu!'

netflix was 60$ at the time.

Never bet against Netflix in the long run

Netflix, while a very violent stock that thrashes up and down all the time in the short term. on the long run, all it does is go up. Do not be stupid

also pointing to it going down recently a little bit means literally nothing if you've been watching the stock it swings between 550 and 470 back and forth for 6 months now. Eventually it'll break that pattern and hit 600 or more and it'll find a new bottom. 

This guy did not do his homework, he wrote a long winded panic sell post.",4,2021-01-13 20:29:23
gj479sq,t3_kwa8ee,"Mhhh idk the Witcher is pretty good, season 2 coming out this year",5,2021-01-13 22:49:30
gj6u4cd,t3_kwa8ee,"I dont about you but I like the content.  
They have at least one good show every 1-2 months.

Korean, german/nordic/european shows.  
It has been concentrating on lot of indian shows/movies too which are cheaper to acquire/make but has a huge market all over the world due to immigration.",4,2021-01-14 11:12:40
gjwc5e8,t3_kwa8ee,How did your FD Put go?,5,2021-01-20 09:41:10
gj356gs,t3_kwa8ee,"https://www.investopedia.com/netflix-nflx-setting-up-for-a-major-breakout-5095267?utm_campaign=quote-yahoo&utm_source=yahoo&utm_medium=referral&yptr=yahoo

This article suggest exactly the opposite - that it may be about to start a major breakout. I'm sure one of you will be right.",8,2021-01-13 14:01:18
gj3dhnu,t3_kwa8ee,[deleted],3,2021-01-13 16:01:11
gj8r701,t3_kwa8ee,"!Remindme next Tuesday. 

Going to laugh and laugh.",3,2021-01-15 00:41:06
gj35wbh,t3_kwa8ee,Has this year not taught you anything retard? We don’t care about earnings reports and P/E ratio anymore. We are all autistic retards who eat crayons and blindly invest.,5,2021-01-13 14:10:35
gj381tw,t3_kwa8ee,"Here’s the thing, you’re betting against their original content at this point. You can buy all the puts you want but if they pump out a Netflix original with either a star, an director or a story that people want you can say goodbye to your earnings thesis. 

If they keep doing things like the Cuties movie, then your puts print. That legitimately caused them to LOSE subs on top of the abysmal revenue for that movie. 

But people in the real world are just as retarded as the people on this sub. You add tickers TSLA or PLTR to a post, people don’t give a shit about the quality, they *always* upvote. It’s even worse for Hollywood. I lived there.",5,2021-01-13 14:39:33
gj3ovrg,t3_kwa8ee,"I would argue marvel is garbage and most new star wars besides mando is bathroom trash. Netflix does suck, but so does amazon prime, I would suggest looking at youtube tv over AP. Yes YTTV does cost significantly more but you can also have multiple accounts and they have new movies and a wider,better selection of shit in general to watch.",2,2021-01-13 19:13:46
gj3psw9,t3_kwa8ee,"So, an opinion that Netflix may die a debt death is fine... But a few points:

1. A lot of your analysis seems based in the US? Netflix makes more money from international, and increasingly this is it's growth markets too. 

2. Market share is missleading, when the market grows as a whole. Yes Netflix is loosing market share, but when it's still growing strongly it matters less.

3. Netflix relying on other platforms. Firstly this has been really successful, Netflix has seen growth spikes every time it makes a deal with a platform. Secondly, a lot of these platforms have moved out of the content game, only spending directly on sports (note this is a bit of a global trend, you can easily find some exceptions). What this means is that Netflix is not competing with the platforms that carry it. Instead Netflix may evolve into something like the first channel that everyone puts on their TV platform

4. And talking of platforms... It's the new ones that should be concerning for the industry... I'm talking Roku, apple, Amazon channels.... While pay-tv wants to keep spending high, and want buy through for sports, these guys don't care, they just want the numbers... A la carte business models decrease overall spend and tend to be popular. 

Finally, I think that the old guys are undervalued. Disney as an example that you use has some great stuff... But more importantly, does more with it. Star wars is a great example... It makes a small amount of money at the cinema... And then Disney makes $$$ off toys, games and t-shirts... Disney's effecient monetisation model is its most powerful asset... Netflix is shit at this and needs to go buy a toy company.


Tldr: I back Disney long term, not sure Netflix will die, but certainly wouldn't go in long term.",2,2021-01-13 19:28:29
gj6wr7l,t3_kwa8ee,Amazon uses AWS..,2,2021-01-14 11:37:02
gj34s12,t3_kwa8ee,"Post your postions.

Put your.money where your mouth is.",5,2021-01-13 13:56:14
gj3msnl,t3_kwa8ee,"Netflix is the biggest movie studio in the world. In no universe do they go back to a 100 billion cap.

No one buys prime for video, we buy it for shipping.  Disney and HBO aren't even in the conversation, literally no one has D+ aside from star wars nerds.

Feel free to lose money tho, Netflix is soaring in international markets.",3,2021-01-13 18:39:07
gj39zcg,t3_kwa8ee,"""Disney owns every Disney movie including every Marvel and Star wars movie that's pretty much every quality movie for fucks sake.""

The fuck? This is why Netflix may succeed, because of Marvel crap saturating the market. How many goddamn spider man movies do we need? I know they're popular with the masses, but I don't think they have staying power, they're lazy bets leaning too heavily on a franchise for their success.

If Netflix can crack the formula for original content (as they produce some awful content), they have a chance. Maybe they can't. Disney/Warner hasn't set a high bar imo.",2,2021-01-13 15:07:18
gj3dr1j,t3_kwa8ee,"Netflix will be $500B by 2025 and $1T by 2030. You may talk about they not having a few shows or movies but it won't matter, they will have countless numbers of their own titles and a Netflix account will become a household must have. It's only a matter of time. Globalization will only increase and none is hearing them up for this like Netflix, though Amazon has realized this too. Netflix can have 1B accounts by 2040 and will net $100B+ in revenue every year easily. Though it will suffer a little in 2021 and 2022 because people are anxious to get out and explore the world, and won't care for Netflix as much in the short term. Just my $0.02.",2,2021-01-13 16:05:24
gj34cn1,t3_kwa8ee,Funny I was talking about this exact thing today! I’m canceling my subscription on Netflix for these exact reasons. I am also canceling cable because all the content I watch is on Discovery Plus.,2,2021-01-13 13:51:02
gj36g5p,t3_kwa8ee,[deleted],0,2021-01-13 14:17:50
gj3eq6f,t3_kwa8ee,Yeah I am buying puts,1,2021-01-13 16:21:17
gj3ld3n,t3_kwa8ee,Am I the only one who has noticed that Netflix only has like 80 movies and 20 tv shows that they just recombine and feed to you in endless lists,1,2021-01-13 18:14:13
gj3luqj,t3_kwa8ee,"They make shit stuff, but a huge majority of the subscribers are house-wives that just want trash on as background noise.  The quality of their content is meaningless to most of their subscribers.",1,2021-01-13 18:22:45
gj3n6zj,t3_kwa8ee,Continues to pump out? Those 3 titles are each a decade apart 😁,1,2021-01-13 18:45:55
gjbw9io,t3_kwa8ee,"you are fairly right about the competition part ... Amazon Prime comes with Amazon even though they have shitty originals and buy titles from literally everywhere.  
Disney+ plays on nostalgia and the pandemic boosted that nostalgia ... most families were inclined to watch disney rather than Netflix... because A) animate movies are cute and heart warming... and B) Mandalorian and nerdy shows   
not taking away the fact that Netflix is best when it comes to drama.. but horror? crime? not a chance pal. Netflix have to take their game up a notch ... Ozarks Black Mirror are great but making consistently good shows can be a challenge ...     


[https://www.purevpn.com/blog/best-streaming-service-with-great-catalog/](https://www.purevpn.com/blog/best-streaming-service-with-great-catalog/)",1,2021-01-15 18:04:30
gje4far,t3_kwa8ee,"I dont see any positions posted by anyone. You all should be banned. 

I've got a credit put spread on with 460/470 strikes with Jan 22 expiry. 

Post positions.",1,2021-01-16 06:24:26
gjeslls,t3_kwa8ee,Stonks only go up I’ll talk the other side of this,1,2021-01-16 10:00:45
gj3bh5q,t3_kwa8ee,100%. Couldnt agree more. NEtflix’s content has worsened and continues to.,1,2021-01-13 15:29:36
gj38xj2,t3_kwa8ee,"As someone who cut Netflix, HBO is so much better for way more audiences. Amazon is also picking up steam very, very fast. Disney...meh but parents will buy.
   
- Netflix was/is $12.99. When I cut it they offered the 8.99 - temporarily.       
- Netflix went too woke too much. They have very little good content for large customer groups like: boomers, families (there’s close to ZERO for both parents & young kids to watch enjoyably), midstream casual people. These are too large bases to alienate. They have good content on various sexual subjects (perhaps they wanted to be soft core pornhub - who knows...)
- Movie choices were minimal.    
- There are vastly better options today.   
  
They minimized themselves.    
    
The question is: is their stock too big to fail?   
    
Edit: OP your sources are a tad old.",0,2021-01-13 14:52:02
gj377p8,t3_kwa8ee,Netflix sucks as a product but I can’t see it going down. People have been saying this same shit about them for years it’s just gonna keep going up,0,2021-01-13 14:28:10
gj38u6i,t3_kwa8ee,"I agree 100% and have been saying this recently too. Unless Netflix starts making great original content, then I think they will fall sometime in the next 10 years. The studios are starting their own streaming services and taking their content with them. Why would I want to pay $20 a month to watch dogshit in 4K?",0,2021-01-13 14:50:42
gj3ulei,t3_kwa8ee,Netflix better come out with some good stuff soon or it’s gonna suffer.... that said they are still the standard stream service that almost everyone has access to so I’m not buying puts yet...,0,2021-01-13 20:38:18
gubl2d7,t3_kwa8ee,"I'm sorry, but IS this Steven Spielberg?",1,2021-04-13 09:12:47
gzrlznx,t3_kwa8ee,Man this is so cringe!,1,2021-05-28 23:07:51
gj3gq8v,t1_gj35gaw,Only train to Busan is good. Everything else is meh.,13,2021-01-13 16:54:35
gj3mmyh,t1_gj35gaw,Alice in Borderland could be up your alley.,7,2021-01-13 18:36:21
gj3rj0b,t1_gj35gaw,"Korean dramas are my favorite thing on Netflix these days. Crash Landing On You, Startup, Itaewon Class, I just love this weird mix of business thriller and hyper kitsch romantic comedy.",3,2021-01-13 19:55:04
gj38xft,t1_gj36qr5,Pornflix should be their next ambitious venture let’s be honest.,9,2021-01-13 14:51:59
gj38ztz,t1_gj36qr5,SPAC!!,6,2021-01-13 14:52:58
gj3r9q2,t1_gj36qr5,$TITS,3,2021-01-13 19:51:15
gj3e0gj,t1_gj34cie,Ozark is an exception. One of the best shows I’ve ever seen.,18,2021-01-13 16:09:37
gj355t4,t1_gj34je8,Blockbuster shall return to retake its place at the throne.,13,2021-01-13 14:01:03
gj3h36t,t1_gj3814h,Lol thank you for stating this. Prime video is the worst streaming service in the US. Even airplane wifi has more content to watch than prime video.,11,2021-01-13 17:00:37
gj3muwu,t1_gj3814h,"Jack Ryan was good. Then I had to cancel as I couldn't find anything else. I agree. I think the ""growing"" number of subscribers is due to the bundled Prime subscription, not Prime Video alone.",3,2021-01-13 18:40:12
gj38571,t1_gj3814h,"Prime sucks, but so does Netflix. But if they already got prime why would they keep paying for Netflix? Disney + and HBO max and AT&T are gonna fuck the market share and amazon is gonna pull people away",4,2021-01-13 14:40:52
gj3pv9n,t1_gj3814h,">Have you ever checked out prime video ? It’s trash . I

It was.... There's a lot of money gone in in the last few years...",1,2021-01-13 19:29:32
gj3760g,t1_gj35ub5,"Let’s be honest here Chaos Monkey has been more Turmoil Monkey than Chaos Monkey as of late, he settled down, got married to some silverback he fuckin hates, had a couple of chimps and just pretty much went autopilot yearning for retirement and ultimately death. But man was he wild back in his single days 

Whew 😅",8,2021-01-13 14:27:30
gj3hf6n,t1_gj35ub5,This,1,2021-01-13 17:06:13
gj35k2k,t1_gj34rqk,"Stranger Things was a huge success. Umbrella Academy. Ozark. All on hold at the moment but people are waiting for new seasons. 

Queens Gambit was great and may attract a new type of viewer. They also have some shows about and for older people. 

They have picked up some great shows from other places. Like $chitts Creek and How I Met Your Mother. Also have Greys Anatomy which is very popular.

Their menus are easier to navigate and the price is good.",6,2021-01-13 14:06:11
gj3pz33,t1_gj34rqk,"While I think Netflix will grow long term in terms of rev, I also think it's overvalued, when it's competitors have effectively worked out how to do 'internet tv'.

Why buy netflix when Disney can do the same, but make more money doing so?",1,2021-01-13 19:31:12
gj38uno,t1_gj356gs,Considering Netflix owns a shitload of its own originals. Netflix ain’t going anywhere this DD is purely anecdotal. “Disney has best movies”... Disney plus sucks imo. I’ve owned it since it came out. (Girlfriend enjoys princess movies and shit),9,2021-01-13 14:50:54
gj69tk4,t1_gj3dhnu,FAAGG,2,2021-01-14 08:16:21
gj8r9bq,t1_gj8r701,"I will be messaging you in 4 days on [**2021-01-19 00:00:00 UTC**](http://www.wolframalpha.com/input/?i=2021-01-19%2000:00:00%20UTC%20To%20Local%20Time) to remind you of [**this link**](https://np.reddit.com/r/wallstreetbets/comments/kwa8ee/the_demise_of_netflix_is_inevitable_and_why/gj8r701/?context=3)

[**CLICK THIS LINK**](https://np.reddit.com/message/compose/?to=RemindMeBot&subject=Reminder&message=%5Bhttps%3A%2F%2Fwww.reddit.com%2Fr%2Fwallstreetbets%2Fcomments%2Fkwa8ee%2Fthe_demise_of_netflix_is_inevitable_and_why%2Fgj8r701%2F%5D%0A%0ARemindMe%21%202021-01-19%2000%3A00%3A00%20UTC) to send a PM to also be reminded and to reduce spam.

^(Parent commenter can ) [^(delete this message to hide from others.)](https://np.reddit.com/message/compose/?to=RemindMeBot&subject=Delete%20Comment&message=Delete%21%20kwa8ee)

*****

|[^(Info)](https://np.reddit.com/r/RemindMeBot/comments/e1bko7/remindmebot_info_v21/)|[^(Custom)](https://np.reddit.com/message/compose/?to=RemindMeBot&subject=Reminder&message=%5BLink%20or%20message%20inside%20square%20brackets%5D%0A%0ARemindMe%21%20Time%20period%20here)|[^(Your Reminders)](https://np.reddit.com/message/compose/?to=RemindMeBot&subject=List%20Of%20Reminders&message=MyReminders%21)|[^(Feedback)](https://np.reddit.com/message/compose/?to=Watchful1&subject=RemindMeBot%20Feedback)|
|-|-|-|-|",1,2021-01-15 00:41:34
gje3qsh,t1_gj8r701,So you saying nflx up?,1,2021-01-16 06:18:42
gj34uft,t1_gj34s12,Haven’t decided yet. Will buy a FD put next week for earnings,-3,2021-01-13 13:57:05
gj39bzn,t1_gj34cn1,Fucking nerd,6,2021-01-13 14:57:49
gj3vlmk,t1_gj36g5p,"I actually agree with this because they have a whole category they think I’m interested in “women who rule the screen”. Like I gaf about that?! They really only make soso movies and too much content is crap.

They should join with pornhub and update the category.

Side note though, I’ve said before that Netflix is making serious mistakes with their subscription model, and Disney is already trying to get out of it by charging extra for movies like Mulan. They should stick to producing tv shows and work on running most networks out of business but instead they decided to directly compete with Disney. Seems their only plan so far is to spew out crap until something sticks.",1,2021-01-13 20:51:10
gj3ftss,t1_gj36g5p,Why are you so butt-hurt?,-3,2021-01-13 16:39:41
gj3hvja,t1_gj3gq8v,Try Sweet Home. You will be surprised,6,2021-01-13 17:14:07
gj3tsxq,t1_gj3gq8v,Yes Sweet Home and Kingdom,3,2021-01-13 20:27:47
gjgs1t5,t1_gj3r9q2,This CAN go tits up,2,2021-01-16 23:10:25
gj3frm2,t1_gj3e0gj,"I liked tiger king a lot tbh, but honestly, their original content is dumpster grade.",11,2021-01-13 16:38:41
gj389mq,t1_gj38571,"Prime video is a non factor .. Disney is mainly kids content with few adult shows here and there . Hbo max is decent . But Netflix’s catalogue is diverse , everything from Sjw shit to horror to kids show",8,2021-01-13 14:42:35
gj38wlb,t1_gj35k2k,The Witcher and the last kingdom are great as well,11,2021-01-13 14:51:40
gj38yew,t1_gj35k2k,Narcos too,4,2021-01-13 14:52:24
gjwkvrt,t1_gj35k2k,BoJack Horseman ftw,1,2021-01-20 10:59:24
gj39f1b,t1_gj38uno,[removed],1,2021-01-13 14:59:03
gj386he,t1_gj34uft,"☝️I agree, gotta wait for theta gang to make the puts cheeper",1,2021-01-13 14:41:22
gj3q224,t1_gj3ftss,"Because he's weak, stupid and always needs help from women XD",2,2021-01-13 19:32:29
gj3iuia,t1_gj3frm2,Feels like it’s getting worse every year too,8,2021-01-13 17:30:45
gj3gnje,t1_gj389mq,"> Disney is mainly kids content with few adult shows here and there

Do you even know what Disney is?",-1,2021-01-13 16:53:20
gj3vyq1,t1_gj38wlb,Do not put the Witcher in the same category as the last kingdom. Witcher is shit tier.,0,2021-01-13 20:55:38
gj39jde,t1_gj39f1b,I think competition is good for Netflix. I don’t think Netflix will ever be finished. We will see :). Not buying calls but I wouldn’t risk buying buying puts,3,2021-01-13 15:00:48
gj8reph,t1_gj39f1b,Netflix does not cancel their shows more or less than other networks. They basically all have the same rates.,1,2021-01-15 00:42:43
gn1mpfg,t1_gj39f1b,"This comment was removed because automod thinks it mentions a stock with a market cap below $1B. We don't allow such stocks on WSB due to their potential for pump and dumps. 

If this was a mistake, check your inbox for more information on how to get your post approved! Sorry for the inconvenience and we'll fix it right away!


*I am a bot, and this action was performed automatically. Please [contact the moderators of this subreddit](/message/compose/?to=/r/wallstreetbets) if you have any questions or concerns.*",1,2021-02-12 18:19:18
gj3nacf,t1_gj3gnje,"Yes, pixar, marvel, star wars, nat geo and disney originals. Now tell me this is not mainly for kids...",3,2021-01-13 18:47:31
gj3xf1e,t1_gj3gnje,“Mainly” is the key word here . I did explore Disney’s catalogue there was nothing much to watch which  I haven’t already watched (the content for adults ),1,2021-01-13 21:13:12
gj3qx5b,t1_gj3nacf,"And 20th century fox.

Sixth Sense, Unbreakable, Apocalypto, Gone in 60 seconds, Enemy of the State, Armageddon, Starship Troopers, Air Force One, Con Air, Face Off, The Rock, Die Hard, Alien, The Martian, Fight Club

https://www.comedycentral.co.uk/news/35-films-you-had-no-idea-were-disney-movies


Yep, only childrens movies here.",-2,2021-01-13 19:45:56
gj3yvx4,t1_gj3qx5b,"20th century fox isn't on disneyplus in my country. And I don't think they are on disneyplus in many countries due to their contract with HBO that will end in 2022.

So yes, mostly children movies here.",3,2021-01-13 21:29:33
