comment_id,comment_parent_id,comment_body,comment_score,created_utc
gj11sj1,t3_kvy2mg,slowly catchin up 👀,12,2021-01-13 03:03:48
gj11vsa,t3_kvy2mg,What’s the point of this?,31,2021-01-13 03:04:31
gj15pdx,t3_kvy2mg,Do you guys think I should hold my knock out certificate on Nio 1:5 during the week?,3,2021-01-13 03:33:23
gj1p395,t3_kvy2mg,So nio gonna get pumped and then a stock split will happen and it'll get pumped and then ceo will say price too high and then it'll pulp again...okkk I'm all in,3,2021-01-13 06:00:47
gj12qi8,t3_kvy2mg,Not that interesting. What’s the take away OP?,3,2021-01-13 03:11:00
gj1na90,t3_kvy2mg,Is there a google trends equivalent for China?,1,2021-01-13 05:47:04
gj17jl9,t3_kvy2mg,Lmaoo wth do you derive from this,1,2021-01-13 03:47:21
gj1bhyx,t3_kvy2mg,Should've used the stock signs,1,2021-01-13 04:17:29
gj12ti4,t3_kvy2mg,Post deleted in 3... 2...,0,2021-01-13 03:11:37
gj1d0vu,t1_gj11vsa,[deleted],18,2021-01-13 04:29:11
gj1458r,t1_gj12ti4,Waiting on one... hurry up.,1,2021-01-13 03:21:42
gj61sve,t1_gj1d0vu,China doesn’t have google you autist,5,2021-01-14 07:10:02
