comment_id,comment_parent_id,comment_body,comment_score,created_utc
gj6nncq,t3_kwvu0d,"Unless there is a huge overall market correction Zoom is not going to pre-pandemic levels. Work will always be more virtual, and for the foreseeable future Zoom will be a big part of that.

Evidence:

• I'm a management consultant and we already plan to cut travel. Paying for a Zoom account to save tens of thousands in flights a year? Yes please.

• Most doctors and patients love virtual care, and a significant amount of the medical space will continue on virtually forever. Zoom is a major player in this space.

• Lots of companies have announced permanent work from home arrangements. That's ""work from Zoom""

It might be overvalued, but you would be fucking insane to put your money in this right now when there are so many better plays.",45,2021-01-14 10:14:43
gj6n92g,t3_kwvu0d,"No tldr, for that reason, I’m out",11,2021-01-14 10:11:18
gj6mx7h,t3_kwvu0d,Sounds gay.,11,2021-01-14 10:08:28
gj6y203,t3_kwvu0d,I will never ever understand how zoom is worth $100B,4,2021-01-14 11:49:18
gj6ohjw,t3_kwvu0d,"Dumbest shit ever, cathie is buying zoom in TWO of the ARK funds.

I'll sell you the puts because you're betting against cathie, dumb af",6,2021-01-14 10:22:07
gj6nxya,t3_kwvu0d,"I disagree. Many many companies will continue to use Zoom and remain mostly virtual after the pandemic. JPM is one major example that I can think of. I totally agree that ZOOM is going to fall in value but it will be for less than a month and wont fall too much. I think its earnings will continue to be stable or higher, even after the pandemic.",3,2021-01-14 10:17:17
gj74eya,t3_kwvu0d,"This DD is good. Puts are definitely the move for Zoom. I work in telehealth right now and we have hundreds of people switching out of Zoom in the medical field because of poor connection issues, not as easy to use on the patients end (yes i know but it’s true), and the biggest one they are not HIPAA compliant. That accounts for 100% of medical organizations switching out of Zoom once the regulations on billing and medical coding go back to pre-Covid standards. Not to mention, healthcare organizations will approve boatloads of grants for practices and hospitals to go after HIPAA compliant/more applicable telehealth platforms.",3,2021-01-14 12:52:11
gj79vdp,t3_kwvu0d,"Agree. There are 170+ unified communication orgs out there competing against zoom while also providing telephony, chat functionality and other products that zoom does not offer (zoom phone is failing customers as a newly launched product from what I can see). Zoom only does video. Post pandemic, they’ll go back to being the back up QB in the market while bigger Communication companies come in and fuck their gf.",3,2021-01-14 13:53:46
gj6mxno,t3_kwvu0d,I agree,2,2021-01-14 10:08:34
gj6pyui,t3_kwvu0d,"I have worked at home since 2013, majority of my company works from home and did pre COVID. We are 13,000+.

We use Zoom for Chat and video/conference calls exclusively, I would guess there are quite a few business.",2,2021-01-14 10:35:13
gj6ncp1,t3_kwvu0d,[deleted],1,2021-01-14 10:12:08
gj6noa5,t3_kwvu0d,"When you say lost cash on hand, are you taking into account they spent for CapEx?",1,2021-01-14 10:14:56
gj6obgw,t3_kwvu0d,"After you're done sniffing glue, I invite you to humor the thought that Zoom + COVID changed the way a lot of business is conducted. How many bags do companies save when they no longer need to pay out the ass to cover travel expenses, business lunches, rent on office space? Just because ZM capitalized because of COVID doesn't overshadow the fact that it helped unearthed another way for corporate America to reallocate those boomer expenses to prepare for the future of the work space",1,2021-01-14 10:20:36
gj6tjpf,t3_kwvu0d,I think you're right OP. But I'm a poor teacher so my opinion doesn't matter here.,1,2021-01-14 11:07:20
gj73395,t3_kwvu0d,I did ABNB and DASH puts too and they didn’t work :(,1,2021-01-14 12:38:28
gj7bfga,t3_kwvu0d,Yeah dude gotta disagree with this one. Zoom was a tech company that ACTUALLY MADE MONEY before the pandemic. This is terrible idea,1,2021-01-14 14:13:20
gj7dwm5,t3_kwvu0d,What if they get added to S&P 500?,1,2021-01-14 14:46:35
gj8g2a6,t3_kwvu0d,[removed],1,2021-01-14 23:15:53
gj70q2l,t3_kwvu0d,"Ark funds are betting against you.  Bought 4 times in Dec and over $144M yesterday.  Zm had a good day yesterday and ok day today.  I see it going back over $400 in the next 30 to 60 days before ER. It just bounced off resistance yesterday and went up.

You may be right for this to play out as a drop at ER early March but not now.

Tldr - Calls now. Already in, bought more yesterday.",0,2021-01-14 12:14:57
gj6phdh,t1_gj6nncq,You're definitely right. Plus stonks go up,5,2021-01-14 10:30:55
gj6odfy,t1_gj6nncq,"You clearly did not read my full DD, as I never made the valuation that Zoom would fall to its pre-pandemic levels. This time last year, Zoom was valued at around $76 a share while I predict that Zoom will eventually be worth around $150 a share by this time next year, almost a 100% increase. 

Furthermore, I included the fact that Zoom will still hold relevancy in certain sectors as to why Zoom would never drop down below triple digits for any reasonable amount of time. 

As it relates to doctors, I think you’re wrong. Virtually all therapists are using a service called “Theranest” due to the fact that it is specifically for confidential meetings. Meetings are not allowed to be recorded, only two people can be on at a time, and it is made to use less overall bandwidth in order to be more accessible. I predict that as distrust over large tech companies increases, we will see platforms like theranest pop up for MD’s as well.",-2,2021-01-14 10:21:06
gj6nhzj,t1_gj6n92g,added a TLDR just for you my friend,3,2021-01-14 10:13:26
gj6n38q,t1_gj6mx7h,Not gay if you have your socks on,15,2021-01-14 10:09:54
gj6pl7k,t1_gj6ohjw,Til she dumps right before earnings like OP suggests.,5,2021-01-14 10:31:51
gj6qjl7,t1_gj6pyui,"That’s all well and good however your company which is 13000 strong is certainly not indicative of a vast majority of businesses in the country. While there are some businesses who are going to rethink their model, I believe that we will see more offices reconvening than many here on WSB do",1,2021-01-14 10:40:23
gj6nmfs,t1_gj6ncp1,A bear is only gay if they get fucked in the ass so as long as the number in your stock portfolio goes up you’re just a boring straight bear,1,2021-01-14 10:14:30
gj6phwv,t1_gj6obgw,"My DD actually includes this, it’s clear you did not read it in full.",1,2021-01-14 10:31:03
gwd26qh,t1_gj6obgw,"Not only were you wrong, but also I have been right every step of the way.",1,2021-04-30 07:50:16
gj6tmrn,t1_gj6tjpf,It’s a tough play to swing unless you have a decent nest egg to play around with that won’t destroy your financial future if the play doesn’t work oht,1,2021-01-14 11:08:07
gj88129,t1_gj7dwm5,That certainly boosts their short term upside but the fact of the matter is they will have issues maintaining their current cash flow within a years time,1,2021-01-14 22:06:43
gj8m0nw,t1_gj8g2a6,"Why would it not?

Less users = Less revenue. It seems too simple an explanation but this is straight facts.

Zoom will always be used and will certainly be used more post-pandemic than it was pre-pandemic but it will NOT be used at the same rate as it is currently being used, mid-pandemic. 

My prediction of $150 post pandemic (this time next year) is still a near 100% increase from their pre-pandemic stock price, around $76 (this time last year). I never suggested Zoom would crash, go bankrupt, or anything like that. They are STILL going to observe a near 100% growth in 2 years which is incredibly fast, by my prediction.",1,2021-01-15 00:02:02
gj75o09,t1_gj70q2l,"As stated in the DD, ZM has a ton of short term upside with a lot of long term downside. 

It makes sense Ark funds are buying into ZM, it’s currently on a discount compared to where it will peak, but I promise you the dump it before the end of April.",1,2021-01-14 13:05:40
gj7734t,t1_gj6odfy,"No, Docs using Zoom",2,2021-01-14 13:21:18
gj6we1f,t1_gj6odfy,"Nope. Psych doc here. 90% of colleagues I know use Zoom.

I'm not saying your DD is wrong but wanted to add that nugget. Anecdotal as it may be.",4,2021-01-14 11:33:37
gj6n66r,t1_gj6n38q,This man fucks.,11,2021-01-14 10:10:36
gj6pvah,t1_gj6n38q,What branch did u serve in,2,2021-01-14 10:34:21
gj6qhob,t1_gj6pl7k,"If the timeline wasnt so long and the collateral for a put credit spread wasnt 1k I would literally bet against the AUG 220P position.

Zm is on my watchlist so maybe I'll remember this post in August lmao

Imo it's literally just a question of who do you think is smarter with their money, cathie or OP, a random guy from the innernet",1,2021-01-14 10:39:54
gj6u3pp,t1_gj6tmrn,We use zoom for hours a day for school but once we're in person there it goes from tens of millions of computers and phones overnight. Google Meets is also superior IMO so I don't see Zoom being nearly as valuable as it is now. Q3 earnings is going to obliterate their share price.,1,2021-01-14 11:12:30
gj779u7,t1_gj75o09,We all want actionable intel.  This doesn't help a ton.  Should go up short term and drop on ER so call until Ear run up and then switch to puts?,1,2021-01-14 13:23:24
gj88gar,t1_gj7734t,"Zoom is not HIPAA compliant and doctors will be using one which is developed to be sometime soon, in the same way therapists have begun using Theranest which IS HIPAA compliant.",2,2021-01-14 22:10:44
gj6qzc9,t1_gj6qhob,"As stated in my DD which you clearly did not read in full, Zoom has a lot of short term upside and a metric fuck ton of long term downside. It makes sense that Cathie (or anyone for that matter) would be loading up on Zoom stocks if the plan is to dump at the top right before it crashes as a result of dwindling case numbers and easing of restrictions. 

If you genuinely believe that Cathie is loading up on Zoom at its current stock price for a long term play, I’d call into question your understanding of the stock market in general.",2,2021-01-14 10:44:18
gjannlz,t1_gj779u7,"In my DD I advise playing stocks until Q1 Earnings, selling at the top, then buying puts.",1,2021-01-15 09:24:45
gjmpc0g,t1_gj88gar,you are hugely  wrong imo. Be careful,1,2021-01-18 02:25:35
gj6tttg,t1_gj6qzc9,"Not gonna lie bro I read your post history and I dont think you should be putting over half your net worth into this, I apologize if our conversation before this has been unfriendly but seriously, you're young and placing over half your savings on these bets... please dont.

What's ironic is that you have another post saying how you got criticized for a DD which proved to be true and you second guessed your position and lost out on thousands of dollars in return.

Now this is a real dilemma huh, I'm trying to genuinely convince you to not do this, but you've listened to other people in the past and got burned and now you're salty, so you're even less inclined to listen to me. I get it. But dude, youre literally posting on the investing sub looking for 7% return per year and now you come here guns blazing with expensive ass long dated puts looking for a 40% drop in ZM.

Please, just dont do this. Go for that 7% return with dividend stocks or ETFs bro, what happened to that? Why are you trying to chase the high of being right? Okay your CCL DD was right and you couldve made bank. Let it go, breathe. Go back to that 7% return per year your future self will thank you.

I cant stress this enough. Have a conversation with me before you place this trade. This place is for laughs and not to be taken seriously, you might be chasing a high or looking for jaw dropping returns... I get it. I really wish you the best. Talk soon",4,2021-01-14 11:09:56
gjb8m3a,t1_gjannlz,Sorry missed it. You didn't spell that out.  In fact you said if you have shares or calls SELL THEM.  You didn't say sell them after the run up into earnings.,1,2021-01-15 12:35:34
gw8vo09,t1_gjmpc0g,if you've ever done an online Dr. appointment none of them use zoom,1,2021-04-29 09:41:02
gw9sw4j,t1_gw8vo09,I am not in the us. What do they use? You saying zoom is not going to dominate?,1,2021-04-29 15:37:30
gwbory6,t1_gw9sw4j,"They use all sorts of different video communications, but they don't use Zoom at all because it's not HIPAA compliant. No doctors in the US use Zoom.",1,2021-04-30 02:00:03
