comment_id,comment_parent_id,comment_body,comment_score,created_utc
gj82392,t3_kx52ui,"From my understanding, yesterday GME wasn't the result of a squeeze at all. It hasn't even begun. Yesterday was just actual buying by new long positions.",23,2021-01-14 21:04:04
gj81iet,t3_kx52ui,So buy GME?,29,2021-01-14 20:57:07
gj81np4,t3_kx52ui,Who knew GME could make an autist wet,12,2021-01-14 20:58:54
gj81qbw,t3_kx52ui,"> The [STOCK](https://ibb.co/y8XVnd7) Is up another 20% in pre-market right now as the short squeeze keeps increasing the pressure on the bears. 

Buy GME, pressure the bears  🚀🚀🚀",13,2021-01-14 20:59:47
gj821j1,t3_kx52ui,Always read these with my Nth cup of coffee for the night/mornight (never know which one it is for me) and a hit from the bong.,11,2021-01-14 21:03:30
gj86bgg,t3_kx52ui,baba is basically risk-free money,11,2021-01-14 21:50:06
gj82lv1,t3_kx52ui,BABA is launching 🚀🚀🚀,10,2021-01-14 21:10:08
gj81isd,t3_kx52ui,"Salivating over that GME premarket  
 
Tendies for all !",10,2021-01-14 20:57:15
gj829dw,t3_kx52ui,"When is it safe to buy GME, soon as market opens?",9,2021-01-14 21:06:05
gj84rn9,t3_kx52ui,Baba to the moon ?,8,2021-01-14 21:34:06
gj81kdt,t3_kx52ui,Buy plug it’ll push to 100,7,2021-01-14 20:57:48
gj81bmv,t3_kx52ui,[deleted],10,2021-01-14 20:54:52
gj8197d,t3_kx52ui,"Sir, this is the unemployment line.

*I am a bot, and this action was performed automatically. Please [contact the moderators of this subreddit](/message/compose/?to=/r/wallstreetbets) if you have any questions or concerns.*",5,2021-01-14 20:54:02
gj81klq,t3_kx52ui,"tl;dr

GME 🚀🚀🚀🚀🚀🚀🚀🚀🚀🚀🚀",8,2021-01-14 20:57:52
gj82ott,t3_kx52ui,Squeeze the juice outta that GME,3,2021-01-14 21:11:06
gj82swy,t3_kx52ui,No rockets no tdlr im too retarded for this post,3,2021-01-14 21:12:23
gj83j9o,t3_kx52ui,great analysis - i look forward to reading your analysis everyone morning! thanks!!,3,2021-01-14 21:20:38
gj8411c,t3_kx52ui,If Biden announces capital gains tax is the market fucked?,2,2021-01-14 21:26:05
gj879zf,t3_kx52ui,Remember when palantir was all we talked about in wsb? I do 😢,1,2021-01-14 21:59:25
gj8k7jc,t3_kx52ui,$MAC ALL IN !!🚀🚀🚀🚀🚀🚀🚀,1,2021-01-14 23:48:13
gj82aj3,t1_gj82392,[deleted],10,2021-01-14 21:06:28
gj81r8y,t1_gj81iet,[deleted],13,2021-01-14 21:00:04
gj839xm,t1_gj81iet,@je_veux_sentir Hell yeah! 🚀🚀🚀,1,2021-01-14 21:17:45
gj83ibu,t1_gj81iet,yes and yes and yes,1,2021-01-14 21:20:21
gj82erl,t1_gj81np4,Their goal since opening day isn't it?,5,2021-01-14 21:07:50
gj82vm2,t1_gj81qbw,"keeps bouncing between $36 and $40 in like split seconds. maybe im just tripping, but what's up with that",5,2021-01-14 21:13:15
gj836f4,t1_gj81kdt,"Id go with ITMPF instead. They have something that plug is missing. Them Electrolysers. 

 [ITM Power PLC Announces Sale to Linde of World's Largest PEM Electrolyser - MarketWatch](https://www.marketwatch.com/press-release/itm-power-plc-announces-sale-to-linde-of-worlds-largest-pem-electrolyser-2021-01-13) 

Already started take off yesterday, but earnings report is Jan 21. And they are extremely undervalued at the moment. ITM also trades on the london exchange for 400+ a share. Sub 10 here.

Plug, FCEL and LIN where missing the most important thing in their plan, and ITM is going to sell it all to them.",1,2021-01-14 21:16:40
gj8ahml,t1_gj81kdt,"I sold 1,000 shares under $4 last year. FML.",1,2021-01-14 22:29:25
gj86b54,t1_gj81bmv,"I'm hype on AMD, don't believe in Target, considering Kohls (KSS) instead.

Wouldn't touch Baba with Jack Ma's re-education time frame. Fuck Chinese investing",2,2021-01-14 21:50:01
gj84hwi,t1_gj82swy,[deleted],3,2021-01-14 21:31:10
gj84ils,t1_gj83j9o,Appreciate it!,1,2021-01-14 21:31:23
gjfclo3,t1_gj879zf,PLTR will go when it wants to 🥲,1,2021-01-16 13:22:15
gj82oj1,t1_gj82aj3,"This is the most probable scenario. But if they got pressured to cover at 30, they sure will be at 40. Squeeze continues today I guess",6,2021-01-14 21:11:00
gj81wrs,t1_gj81r8y,"I have 10,000 shares ready to fly!! Been accumulating for a few days now.",15,2021-01-14 21:01:54
gj845ja,t1_gj82vm2,getting ready to explode at open,3,2021-01-14 21:27:26
gj83f2k,t1_gj82vm2,"testing new outbreak.. probably $50 this evening, euro market does a great job, but US/international WSB gme gang must hold or buy 💎🤚🏻🚀🚀🚀",2,2021-01-14 21:19:20
gj845sx,t1_gj82vm2,was happening for me too,1,2021-01-14 21:27:31
gj8kkk5,t1_gj86b54,"Don’t believe in Target, but believe in Kohls? I’ll take that bet.",1,2021-01-14 23:51:01
gj8ijbq,t1_gj84hwi,I stopped reading at the 3rd letter do yu expect me to search into the comments lol,1,2021-01-14 23:35:14
gj83lm5,t1_gj82oj1,"if you look at 1/15 25p, there are still 22k or so open for melvin holdings. so it was both long investors and some short positions being closed.",2,2021-01-14 21:21:20
gj83x5t,t1_gj83f2k,"I like it. I'm europoor, can't trade premarket though",1,2021-01-14 21:24:53
