comment_id,comment_parent_id,comment_body,comment_score,created_utc
gj2hjat,t3_kw6444,Just buy ARK etf’s and let someone else do all the thinking for you.,13,2021-01-13 10:05:20
gj2fusf,t3_kw6444,Shares only? Ban,15,2021-01-13 09:50:16
gj2fvpl,t3_kw6444,The Porn industry is looking good to get into. steel? Lexington steel.,6,2021-01-13 09:50:29
gj2gugy,t3_kw6444,"Nio, xpev. Apple and amd. Arkk and arkg are also your best bet. Crsr.",5,2021-01-13 09:59:11
gj2gn7n,t3_kw6444,GME PLTR and MT are all good,3,2021-01-13 09:57:23
gj2gcfl,t3_kw6444,"You’re not retarded enough for this sub. But if you really want to know, follow the 🚀",3,2021-01-13 09:54:42
gj2guv7,t3_kw6444,What’s going on here? Where am I? Offload all that you mentioned and buy any ticker seen in this sub with a 🚀next to it,3,2021-01-13 09:59:16
gj2kmw1,t3_kw6444,"Bruh, buy GME! Look at the DD. This thing is going to $50 end of year🚀🚀🚀😎",3,2021-01-13 10:32:48
gj2mcse,t3_kw6444,GOEV - first thing tomorrow morning. They're gonna blast off.,3,2021-01-13 10:47:55
gj2gus3,t3_kw6444,Plug. Can’t stop won’t stop,6,2021-01-13 09:59:15
gj2r4fe,t3_kw6444,GME,2,2021-01-13 11:31:09
gj2fnhh,t3_kw6444,GTFO!,2,2021-01-13 09:48:29
gj2gbve,t3_kw6444,This is a casino,2,2021-01-13 09:54:34
gj2gc74,t3_kw6444,"The market is still going up like cray.  You can’t expect the same returns you got from March to now forever, lol.",1,2021-01-13 09:54:38
gj2ihyf,t3_kw6444,"Depends on what level of risk you’re looking for. If you feel like rolling the dice, I’m long PSTH and CCIV.",1,2021-01-13 10:13:51
gj2o608,t3_kw6444,Small caps with lots of volume,1,2021-01-13 11:03:56
gj2pyla,t3_kw6444,GOEV,1,2021-01-13 11:20:17
gj2srmv,t3_kw6444,"Sell OTM calls on your shares, two weeks out, check them every couple days and close or move further out as necessary if you're interested in keeping the shares. If you get assigned and want your shares back, sell ITM or ATM puts.
  
  Easy way to make money without much thought or involvement.",1,2021-01-13 11:46:49
gj2v3c5,t3_kw6444,"Look at $coty and $kmb, both trade at huge discount and names that fly under the radar. FDX also off 20% from recent highs and I think creates a good buying opportunity. Personally I’ve been loading into ERX, 2x levered oil ETF with plenty of upside",1,2021-01-13 12:09:22
gj31xzj,t3_kw6444,"Repeat after me:

This is not an investment advice sub.

If you want gambling advice, we're here for you.  If you want  ""young growth stocks"" go to r/investing.",1,2021-01-13 13:21:58
gj2fpgd,t3_kw6444,Go home,0,2021-01-13 09:48:58
gj2i6e1,t1_gj2hjat,Thanks....real interested in this now.,4,2021-01-13 10:11:00
gj2nts8,t1_gj2fusf,"I can only get shares, even if I did have a brokerage account I’d get no fucking sleep. I live in NZ. Holding 70 game shares averaging 16 🚀🚀🚀",2,2021-01-13 11:00:56
gj2g017,t1_gj2fusf,Let's change that.,-5,2021-01-13 09:51:34
gj2jjpg,t1_gj2fvpl,Which porn stocks are you taking about?,1,2021-01-13 10:23:14
gj2lns5,t1_gj2fvpl,Ohhhhhhhhhhhhh.......,1,2021-01-13 10:41:47
gj2gwl5,t1_gj2gugy,But honestly ark funds are my favorite amazing fast growth,1,2021-01-13 09:59:42
gj2grl5,t1_gj2gn7n,I read WSB everyday.  What is the reason for GME and PLTR obsession?,3,2021-01-13 09:58:29
gj2q4ye,t1_gj2guv7,"Basically. It’s not rocket science. 🚀

Oh wait no yeah it might be",0,2021-01-13 11:21:54
gj6pfnr,t1_gj2kmw1,Wtf??????????   57% gain the day after you said this....?????????  How? What?,1,2021-01-14 10:30:31
gj6pcfe,t1_gj2mcse,How tf did you know this?,1,2021-01-14 10:29:43
gj2fu8d,t1_gj2fnhh,Yea for real...so what do you think?,1,2021-01-13 09:50:08
gj2gmcn,t1_gj2gc74,"I'm not...but some of these stocks have reached what I would deem to be their intrinsic value, based on my discounted cash flow analysis.  So looking for a little higher risk now.",2,2021-01-13 09:57:10
gj2ft24,t1_gj2fpgd,I am.,2,2021-01-13 09:49:49
gj2z3br,t1_gj2i6e1,ARKQ ARKK ARKW,2,2021-01-13 12:50:01
gj2hri2,t1_gj2g017,"Well, for your initiation, buy 5k of Tesla otm 15Jan calls. Then post the results after you sell. You get more after that.",5,2021-01-13 10:07:23
gj2m5wv,t1_gj2jjpg,$MT - they make this amazing series starring Steel Daddy Vito.,9,2021-01-13 10:46:12
gj2hewq,t1_gj2gwl5,Holy f. Never even heard of these before...,1,2021-01-13 10:04:13
gj2h3dm,t1_gj2grl5,Bagholders,7,2021-01-13 10:01:23
gj2h0u8,t1_gj2grl5,Fat stacks. If you read every day u know,8,2021-01-13 10:00:45
gj2hjgb,t1_gj2grl5,"GME if you believe in the short squeeze and Cohen. PLTR is a high potential play especially with the upcoming Demo day and it just got a price target increase, it's just been a continuous stream of good news.",3,2021-01-13 10:05:22
gj2h162,t1_gj2grl5,The United power 🚀 makes us reach moon faster,1,2021-01-13 10:00:50
gj2ih36,t1_gj2grl5,COHEN,1,2021-01-13 10:13:38
gj76qaj,t1_gj6pfnr,"You asked for a tip and you got one. Sometimes you gotta slow down to smell the roses.

I still think we are going to $50 by end of year. A large buyer made an 11 million bet that we got to $40 by end of week. It might still make sense to jump in, but that is up to you 🚀🚀🚀😎",1,2021-01-14 13:17:19
gj2iph7,t1_gj2gmcn,Just use your fancy analysis to pick your next stock then ? Why would you trust it to sell but not buy?,3,2021-01-13 10:15:43
gj2j2ne,t1_gj2hri2,LOL!,-4,2021-01-13 10:19:03
gj2jcb5,t1_gj2hewq,Ban,3,2021-01-13 10:21:26
gj2j022,t1_gj2iph7,"Too many variables on projecting cash flows of young, higher risk, growth stocks with huge potential versus an established company with a proven track record....notice the companies I picked?",2,2021-01-13 10:18:23
gj2jown,t1_gj2j2ne,...lol?,3,2021-01-13 10:24:29
gj2leu6,t1_gj2j022,Cash flows? Track record? Wtf are you talking about,3,2021-01-13 10:39:37
gj2j7yz,t1_gj2j022,Asking too much of WSB.  Your question is more for r/stocks,1,2021-01-13 10:20:21
gj2kiu3,t1_gj2jown,KK wait...5000 OTM 1/15 calls?  How much is that?  I think I still need to get a margin acct.,-1,2021-01-13 10:31:48
gj2mtu5,t1_gj2leu6,"Lol.  They aren't relevant...hence I need WSB insight.  Autist, retarded or whatever.",3,2021-01-13 10:52:06
gj2lccj,t1_gj2kiu3,"No, $5k worth.",3,2021-01-13 10:39:02
gj2lsbw,t1_gj2lccj,Well that's a lot more reasonable.  But I'll need more time to setup.option trading I think.,1,2021-01-13 10:42:54
