comment_id,comment_parent_id,comment_body,comment_score,created_utc
giodmbg,t3_ktw3qn,"Nothing new,  Oct 7, 2020 3:16pm CDT",43,2021-01-10 02:17:01
giofsoa,t3_ktw3qn,"Fuck outta here with this shit, how about they fucking break up the ISP monopolies? I can go on another site and do the same shit I do on these sites just as easily, yet I’m literally stuck with Spectrum or Comcast as the sole internet provider depending on where I live. Right energy, wrong fucking focus.",51,2021-01-10 02:34:47
giohva5,t3_ktw3qn,[deleted],11,2021-01-10 02:51:13
gioj4jt,t3_ktw3qn,"Nothing significant will come of this, except political fundraising from both sides of the issue. 

Not worth basing investment decisions on.",6,2021-01-10 03:01:06
gip6f5l,t3_ktw3qn,If y’all think a bunch of neoliberal dems are gonna crush stock market tendies you’re out of touch.,4,2021-01-10 06:08:51
giojmdl,t3_ktw3qn,"They break these companies up, they will 🚀🚀🚀",3,2021-01-10 03:04:56
giohznm,t3_ktw3qn,This is all that AOC and that hill billy Kamala's doing,3,2021-01-10 02:52:08
gip2txw,t3_ktw3qn,Just politicians trying to find raise. Buy the dip.,1,2021-01-10 05:38:46
giqcpel,t3_ktw3qn,aint shit going to happen. they are aligned with the dems and do their censorship dirty work. its a done deal now,1,2021-01-10 12:22:03
gir0344,t3_ktw3qn,"Split into what, AmaBook, FaceApp, GooZon, and Giggle?",1,2021-01-10 17:31:01
gir91s2,t3_ktw3qn,Monopolies are priced in. Buy,1,2021-01-10 20:02:51
giwwurv,t3_ktw3qn,Everyone here still bullish? With all the shit unfolding and the censorship from big tech? Might just buy more Facebook puts,1,2021-01-12 03:00:51
gioovwr,t3_ktw3qn,"There are numerous social media networks and Apple is like 4th in market share for phones, this is just politicians being politicians",1,2021-01-10 03:46:24
gioe7f3,t1_giodmbg,"Just a reminder that Dems now have somewhat of the power to have large chunks of these companies spun off.

Also to note multiple Republicans signed on to direct further actions in the new house and senate.",7,2021-01-10 02:21:49
gioqyl8,t1_giofsoa,"those stupid monopolies are cities and states’ fault, multiple cities hace created their on networks and just make internet another utility",10,2021-01-10 04:03:25
gipn3gv,t1_giofsoa,"If you live in the United States in a urban or suburban area, competition will be coming very soon with 5g.",1,2021-01-10 08:31:21
gioikln,t1_giohva5,"Ok, they know what laws are passed before hand and currently are allowed to trade on that information. 

They’ll just sell their positions and pick the one they want to win and buy back in for pennies on the dollar.",9,2021-01-10 02:56:44
gip3w1j,t1_giojmdl,[deleted],1,2021-01-10 05:47:41
giopg5y,t1_gioovwr,I pretty sure apple being investigated for its App Store and how it relates to developers being restricted in favor of Apple.,4,2021-01-10 03:50:57
gios966,t1_gioe7f3,Oh u gay bear,9,2021-01-10 04:13:58
giop602,t1_gioe7f3,that won't come until after they pass trillions in stimulus. just ride the wave for now,3,2021-01-10 03:48:39
gipk1uu,t1_gioqyl8,"Decades ago the local ISP/phone company discovered some legal loophole to not being deemed a monopoly (while effectively being a monopoly).  

Prices for Cable Inet have been expensive.  Around 60 dollars a month for a 15 Mpbs connection.  And the only option in town.

Last year the Power company decided to run their own fiber and startup their own ISP.  Low and behold now the Cable company has suddenly decided to remove the data caps from our accounts and double our bandwidth at no additional charge.

Funny how that works...",9,2021-01-10 08:04:58
gioxsob,t1_gioqyl8,Many states have laws barring cities from doing this.,4,2021-01-10 04:58:32
gippkgt,t1_gipn3gv,[deleted],1,2021-01-10 08:52:17
gipkvl8,t1_gioikln,"If it were that easy, one could just watch what companies that ~~elitists~~ politicians buy and sell and make a ton.",1,2021-01-10 08:12:18
gipg3wi,t1_gip3w1j,Sum of the parts of each section of the business,1,2021-01-10 07:30:27
gip8iwz,t1_gios966,"I ride trends, I don’t subscribe to bull/bear bullshit. Just putting out pertinent information for my fellow retards, who made it past a 1st grade reading level.

Do with it what you will, I’m still counting gorging on TSLA tendies from last week.",6,2021-01-10 06:26:05
gipz05x,t1_gippkgt,"T-Mobile is rolling out 5g at a record pace. They recently released their 5g home internet solution.

 [Unlimited High-Speed In-Home Internet Services from T-Mobile (t-mobile.com)](https://www.t-mobile.com/isp)",3,2021-01-10 10:16:15
gir918h,t1_gipkvl8,"You can lol https://senatestockwatcher.com/

When you see a huge spike in the alount of senators and one specific move. Its pretty much a lock.",3,2021-01-10 20:02:36
gipl85h,t1_gipkvl8,Problem is you find out what they trade on long after they’ve been placed. Most likely to late to follow any movements in whatever stock.,3,2021-01-10 08:15:17
giq3mz9,t1_gip8iwz,Just search up how long the Microsoft lawsuit went. The sc is stacked to red right now too.,1,2021-01-10 10:58:06
gipyc8r,t1_gipl85h,Then it's very similar to most DD in this sub.,3,2021-01-10 10:10:20
