comment_id,comment_parent_id,comment_body,comment_score,created_utc
gj8mps6,t3_kx8ivs,"A lot of words... no pictures, no rockets.... for that reason.... I’m out..",162,2021-01-15 00:07:23
gj8mvz0,t3_kx8ivs,The next NIO is called NIO,82,2021-01-15 00:08:42
gj8ml6i,t3_kx8ivs,I thought we were still riding PLTR?,50,2021-01-15 00:06:23
gj8n888,t3_kx8ivs,PLTR getting hammered today when all other small caps are rising. It's not even at ATH. Tells you there are shorters at work here. Time to get in is when a stock is unloved. IV cheap as hell. $45 after earnings release is likely. Buy now!,28,2021-01-15 00:11:17
gj8npf0,t3_kx8ivs,$SPCE,7,2021-01-15 00:14:58
gj8mxdd,t3_kx8ivs,I’ve been all in,4,2021-01-15 00:09:00
gj8nn39,t3_kx8ivs,Remind me when their options aren't complete dogshit,5,2021-01-15 00:14:27
gj8mnnc,t3_kx8ivs,Im all in.,3,2021-01-15 00:06:56
gj8nq83,t3_kx8ivs,Im trying to find the next nio but its hard,3,2021-01-15 00:15:08
gj8rat1,t3_kx8ivs,Positions or stfu,3,2021-01-15 00:41:54
gj91mwq,t3_kx8ivs,"PLTR goes lower than 25 before it's run up?  I think it's got some decent support at these levels, plus mad ppl starting to yolo on it in the last several days.",2,2021-01-15 01:57:16
gjgu3ru,t3_kx8ivs,Still nio boss. Nio is another 20xer from this price,2,2021-01-16 23:25:30
gj8nrge,t3_kx8ivs,I’m in,1,2021-01-15 00:15:24
gj8og6q,t3_kx8ivs,Ok but how many rockets????,1,2021-01-15 00:20:37
gj8qx9n,t3_kx8ivs,"Price to short higher than ever with not many available. Means shorting is over, after profit taking this will continue to 🚀 short squeeze didn't even start yet
https://iborrowdesk.com/report/GME",1,2021-01-15 00:39:07
gj8wult,t3_kx8ivs,Can you put the makeup in your EV and make it go?,1,2021-01-15 01:22:15
gj91tan,t3_kx8ivs,Check out TANH. It just rallied today. Good ass ev company that is supremely undervalued.,1,2021-01-15 01:58:34
gj9gn0h,t3_kx8ivs,I’m in with Li Auto... anyway this YSG looks interesting to me. Just added to watchlist,1,2021-01-15 03:50:26
gj8sfnl,t3_kx8ivs,">My friends in mainland china

And for that reason I’m out along with the lack of rockets 🚀🚀🚀",-3,2021-01-15 00:50:16
gm64o5f,t1_gj8mps6,"will reconsider if OP edits in Rockets and Diamond Hands.

&#x200B;

until then i don't give a fuck   even if YSG is pumping 15%  a session",1,2021-02-06 06:39:11
gj8nsu5,t1_gj8mvz0,Its actually called Lucid Motors,34,2021-01-15 00:15:41
gj8pc1q,t1_gj8mvz0,This is the correct dd,2,2021-01-15 00:27:17
gj8otls,t1_gj8mvz0,I hope so cause I bought NIO today 🚀🚀🚀🚀🚀,4,2021-01-15 00:23:24
gjgu57z,t1_gj8mvz0,Correct answer,1,2021-01-16 23:25:48
gj8mzvh,t1_gj8mvz0,It’s called Idex,-3,2021-01-15 00:09:31
gj8mrsf,t1_gj8ml6i,we are,28,2021-01-15 00:07:49
gj8n2bh,t1_gj8ml6i,Riding unless we break down out of this wedge,11,2021-01-15 00:10:03
gj8o420,t1_gj8n888,"https://twitter.com/PUGStockMarket/status/1349739732893396992?s=20

I mainly use TA to gauge sentiment and to time my entry and exit. We are at the cheap level right now due to shorters. It's not going lower for the time being unless something fundamental change. Buy 3mo options or longer. Watch for fireworks after earnings. 

Btw not my TA. Just someone I follow.",4,2021-01-15 00:18:03
gj8odn8,t1_gj8n888,I have 1/29 calls I'm still riding. With calls getting cheaper I'm trying to figure out if I want to buy more 1/29 calls or buy some 2/12 calls.,1,2021-01-15 00:20:06
gj8rtdd,t1_gj8n888,"Ah yes, the elusive low, triple digit IV",1,2021-01-15 00:45:43
gj8nzyz,t1_gj8nn39,"Agreed. Just checked after I saw your comment, fuck that.",3,2021-01-15 00:17:10
gj8w5z3,t1_gj8nsu5,"NIO went from $3B to $100B market cap.

Lucid is currently sitting around $40B. That shit isn’t going to $1.3T anytime soon.

NIO was a special beast. Lucid is not the next NIO. At most it goes up by 50% to $60B but I think even that’s a stretch given that the company doesn’t have any cars on the road.

Next possible NIO is SPCE or GOEV because they’re still under $10B in market cap. Still not as robust as NIO but closest you’ll get to NIO.",13,2021-01-15 01:17:18
gj8upkq,t1_gj8nsu5,Is there any news of when Churchill and all that would occur? Debating if I should do some clals,4,2021-01-15 01:06:44
gj8va2m,t1_gj8nsu5,"They’re not public yet, right? Bet that shit fire",3,2021-01-15 01:10:53
gjb3k23,t1_gj8nsu5,IKR! They’re coming release in Q2 and potential (fingers crossed) merger with Churchill Capital. This bad boy should 🚀,1,2021-01-15 11:46:50
gj8p4fs,t1_gj8otls,"Do not sell a single share below $250, U HAEAR ME 

TO da M♡♡♡♡♡N 🚀🚀🚀🚀🚀",5,2021-01-15 00:25:41
gj8u58s,t1_gj8otls,Sit on NIO. It's a good egg. Later it 🚀🚀🚀,2,2021-01-15 01:02:36
gj8o1hn,t1_gj8n2bh,I’ve been thinking about hopping in 😵,4,2021-01-15 00:17:30
gj8pc34,t1_gj8o420,"So, it‘ll dip the next days around $23 a last time at bottom and after that, rocket starts till earnings?",1,2021-01-15 00:27:17
gj8wv8n,t1_gj8o420,I’m new and have a dumb question - why should I buy options instead of shares? So far all my trading has been in shares.,1,2021-01-15 01:22:22
gj8ous1,t1_gj8odn8,"Of the two options definitely 2/12. You have to understand, most moves like GME and PLTR occur with a catalyst. 2/12 will be after earnings and demo day. To avoid theta crush, go with options 1mo longer than target date. I would play either Mar or Apr options for PLTR if you are just squatting. Go with Leaps (one year and out) if you are an investor.",6,2021-01-15 00:23:38
gj8wxdi,t1_gj8w5z3,"Youre right, sounds like Lucid is the next TSLA",0,2021-01-15 01:22:49
gj8pxao,t1_gj8p4fs,I sold at $5 last year,3,2021-01-15 00:31:39
gj9fc3r,t1_gj8p4fs,"I just bought today too. Late to the game .... but $250? Is that just the inner autist talking, or are we really thinking it'll hit that?",1,2021-01-15 03:40:30
gj8ph5a,t1_gj8p4fs,In WSB we trust 🚀🚀🚀🚀🚀🚀,1,2021-01-15 00:28:19
gj8r67c,t1_gj8o1hn,the wedge is strong!,1,2021-01-15 00:40:56
gj8pjde,t1_gj8pc34,TA just shows you where the potential support and resistance are. It's not a palantir or a crystal ball.,4,2021-01-15 00:28:46
gj8znb9,t1_gj8wv8n,"Leverage. Hypothetically if an option cost $1 and have a strike of 25. Every $ above 26 is gain. If a stock went from 25 to 50, you only make 100% return $25 capital for $25 profit. An option will return 25x. $24 profit for $1 outlay.",2,2021-01-15 01:42:47
gj8urq8,t1_gj8ous1,"I thought the IV crush caused options contacts to be more expensive near a catalyst date. Why buy calls for pltr a month past the earnings announcement when contracts are 2x as expensive? I'm legitimately asking, I'm just starting to learn options trading. Luckily I chose to get in on 1/15 gme calls Monday so I have plenty of free tendies to burn while I learn.",2,2021-01-15 01:07:11
gj8pmj0,t1_gj8ous1,"30 $35c 2/19’s reporting for duty 👍🏼

edit: open interest on these puppies is over 45k",1,2021-01-15 00:29:25
gj8xyr1,t1_gj8wxdi,Highly doubt that,4,2021-01-15 01:30:24
gj8udf0,t1_gj8pxao,f,1,2021-01-15 01:04:15
gj9qgol,t1_gj8pxao,I feel your same pain dude,1,2021-01-15 04:58:58
gj8pq4z,t1_gj8pjde,"Sure, but the last weeks it follows the TA very well.",2,2021-01-15 00:30:10
gj9hh6x,t1_gj8znb9,But what happens if the stock goes down to for instance 10 dollars? Do you lose 15 times as much money?,1,2021-01-15 03:56:49
gj8zozx,t1_gj8urq8,"He mentioned theta crush, which is like IV crush except because of losing value to low volatility it loses value due to a short timeframe to execute the contract. Therefore if PLTR doesn't start riding up hard post-catalyst your short-dated options will start losing value since IV isn't making up for theta. Since PLTR is moving quite slowly right now it is risky to make short plays since we don't really know when it will start taking off. To avoid theta crush buy long-dated options.

That said this retard has 1/22 27C and 2/19 31C. I should've gotten leaps.",3,2021-01-15 01:43:08
gj8q6uj,t1_gj8pmj0,Is it worth it. Do we really see these printing?,1,2021-01-15 00:33:38
gjgubr9,t1_gj8xyr1,He sounds deLucional,1,2021-01-16 23:27:08
gj8pyq6,t1_gj8pq4z,"And you know what they say. Past performance is no guarantee of future performance. 

When a stock follows TA too well, it's only one thing happening. Algos.",3,2021-01-15 00:31:57
gjb2t2a,t1_gj9hh6x,The answer is no and I highly recommend spending just 10 mins of your day searching for a YouTube vid to explain call and put options. Tons of info out there.,1,2021-01-15 11:39:57
gj9249c,t1_gj8zozx,You mean to tell me that every call i buy into isn't going to behave like gme and rocket 50% in 1 day? But that makes sense thanks for the response.,1,2021-01-15 02:00:48
gj8rczc,t1_gj8q6uj,Why the fuck would i hold 30 contracts for something i dont think will show profit?,5,2021-01-15 00:42:21
gj8q59t,t1_gj8pyq6,That means here? Wait for the dip to approx $23 and see what Happens?,1,2021-01-15 00:33:18
gj97ra4,t1_gj9249c,"Personally I believe PLTR is slated to break out soon, with the demo day as the catalyst. Looking at charts I think I see a pennant forming along with a decrease in volume, which may indicate a pause before a breakout. On top of this I believe they are severely undervalued considering the potential of their products, and with lockup period coming to an end soon they will want to do something to drive up the price before they can start selling. Although it is a gamble, if their demo day is hype we might see a breakout soon.",1,2021-01-15 02:43:10
gj8rike,t1_gj8rczc,Idk I’m fucking retarded thank you for doubling on my stupidity lmao,8,2021-01-15 00:43:31
gj996i7,t1_gj97ra4,I was banking on demo day too. But I'm going to go 70% of my call money for pltr a year out and 30% in 2/19 calls.,1,2021-01-15 02:53:50
gj8rqce,t1_gj8rike,I think we will be pushing ATHs running up to ER report. Thats really all i need.,2,2021-01-15 00:45:05
