comment_id,comment_parent_id,comment_body,comment_score,created_utc
gi5x6r3,t3_kqul9y,I'm in. All of my life savings or just half?,11,2021-01-05 17:09:30
gi5xv0x,t3_kqul9y,Options chain sucks because I can't afford it,9,2021-01-05 17:20:50
gi5y0jc,t3_kqul9y,"I think you’re missing the whole allure of Sam. The reason they’ve been going up isn’t from their beer or twisted tea. It is because they have cornered a large portion of a niche market that every millennial seems to have jumped on. Seltzers... Truly is taking over the seltzer world, so much so that even if they sold 0 Sam Adam’s and twisted tea their seltzer revenue would overwhelm any losses. Add in the fact that this is a pandemic and people will be buying weed and alcohol like there’s no tomorrow, and you have the perfect ingredients for a heady stock that can go up or drop dramatically(personally, I think it’ll slowly go down as people become poorer as the pandemic drags on, and january-April liquor sales are pretty slow every year with a small uptick from March madness).",3,2021-01-05 17:23:28
gi606xd,t3_kqul9y,Somebody has been subbed to dumb money hehe 😉,6,2021-01-05 18:00:38
gi62w5w,t3_kqul9y,"Wait white claw ""has become the defacto drink of the alt right"" ?",5,2021-01-05 18:47:04
gi6izyn,t3_kqul9y,This is Fidget Spinners 2.0,3,2021-01-05 22:18:45
gi6083s,t3_kqul9y,At 950$ a share it might be priced in,5,2021-01-05 18:01:12
gi5xjq2,t3_kqul9y,Fuck it. I’m a buyer at a package store so I’m gonna purchase this for my place as well. New skus/placement first time buy. Lol twisted tea being put in more and more locations lol,3,2021-01-05 17:15:29
gi66287,t3_kqul9y,I’m long Sam shares. Flipped some calls last earnings which did great. Heads up to you retards if you can even afford the calls- you can drive a truck through the bid / ask spread and usually low volume,2,2021-01-05 19:38:35
gi6t8ul,t3_kqul9y,"But you can’t really drink that many super sweet teas, at least not millions to effect stock price.  You could buy a few to bring to a party for laughs, but people aren’t going to sustain a habit of drinking tons of them.",1,2021-01-05 23:48:21
gi660m9,t3_kqul9y,"Wow - that video is ridiculous. Hopefully the black dude who immediately jumped to aggravated assault was charged accordingly for it, but these days you never know.  Braining someone with a can like that is brutal.",-1,2021-01-05 19:37:53
gi6fnf4,t1_gi5x6r3,"Half your life savings in TEA, the rest in LMND.",5,2021-01-05 21:44:43
gi603z7,t1_gi5x6r3,"All in, can't go wrong.",4,2021-01-05 17:59:14
gi6022v,t1_gi5xv0x,Yeah thats a pricy one! **5X 19th Feb $1000.00 C** play is on here.,2,2021-01-05 17:58:17
gi61s2c,t1_gi5y0jc,"Twisted tea actually had declining sales a few quarters ago. 

The merger with dogfish head also help.


Puts on white claws
Leaps on Trulys",3,2021-01-05 18:27:55
gi5ze4k,t1_gi5y0jc,"While you're right about that Twisted Tea is not the reason why it HAS been going up, you're missing the point here; the meme effect WILL be the reason its gonna jump up till earnings. You can't deny that the meme factor REALLY has catched on to this one and while the most investors and Wall street, haven't seen the financial potential in this yet, this DD does. To quote myself: *""Twisted tea is going to gain market share a few quarters earlier than wall street expectations. It was already expected to grow by double digits and become the star of 2021.""*",2,2021-01-05 17:46:56
gi762cf,t1_gi606xd,Indeed,2,2021-01-06 01:27:04
gi60p48,t1_gi6083s,It was already priced 950$/share pre meme. Meme factor started not even a week ago,3,2021-01-05 18:09:14
gi603jj,t1_gi5xjq2,Fuck yeah,1,2021-01-05 17:59:01
gi6oztu,t1_gi6fnf4,"The Arnold Palmer Fund for fucking retards, brought to you by WSB.",3,2021-01-05 23:13:04
gi6tb4i,t1_gi6022v,"So you have 5/7 of the open interest? Bro, I like this company, but it is very thinly traded and there is no volume on options. You going to get murdered on the bid/ask spread even if it does moon. Shares if you want exposure. Options are a no go.",1,2021-01-05 23:48:52
gi76a07,t1_gi762cf,😏🥃🔜🍆🤠,1,2021-01-06 01:28:40
