comment_id,comment_parent_id,comment_body,comment_score,created_utc
gj2brsi,t3_kvykoh,I am a woman between 20 and 40. Can confirm I spend a lot of time on Pinterest and Etsy.,8,2021-01-13 09:13:28
gj18t5a,t3_kvykoh,Pretty sure Pinterest was listed as one of the companies that put restrictions on Trump.,3,2021-01-13 03:56:56
gj1p2ym,t3_kvykoh,200 shares checking in,3,2021-01-13 06:00:44
gj2nil0,t3_kvykoh,Love PINS!,3,2021-01-13 10:58:09
gj16uvj,t3_kvykoh,Will wait to break 75 to get in,2,2021-01-13 03:42:05
gj185kr,t3_kvykoh,Boomer shares for me chief,2,2021-01-13 03:51:59
gjdwldu,t3_kvykoh,All in on ETSY... yolo’ing earnings... 100k into March calls 190 calls ... shitting bricks lol,2,2021-01-16 05:19:32
gj171rz,t3_kvykoh,Those are too expensive best I can do is $80 weeklys,1,2021-01-13 03:43:34
gj1sk18,t3_kvykoh,I sold covered call for them at $100c Feb 26. Should I be worried my shares get called away? I like to keep the shares because I prefer not having to pay tax (yet).,1,2021-01-13 06:27:56
gj74rwe,t3_kvykoh,Went in yesterday around the breakout and down a bit today. What's up with the random driling today?,1,2021-01-14 12:56:01
gjf7or0,t3_kvykoh,"ahhh the old Pinterest, got in at 35 bucks ... sold at 70... had a good run. I Don’t believe the company though ! Their financials not good",1,2021-01-16 12:27:18
gj18ia5,t1_gj16uvj,"Makes sense, although I’d expect it to gap above 75 in premarket before going on its run so have your alerts and be ready.",1,2021-01-13 03:54:38
gj1uesm,t1_gj1sk18,"I can only anticipate a stocks moves a few weeks in advance. More than a month out is too murky for me, especially with a catalyst like earnings in the middle. Not an expert in selling options but I would say to watch where the price ends up before earnings. If it gets up to 90+ before earnings I would be worried that a post earning pop/run would put them in the money. If it gets to 100+ before earnings then if earnings just meet (high) expectations it could result in a selloff by the time expiration comes around. If it stays below 90 you could risk holding through earnings and decide afterwards to close the option if they beat expectations and there’s a pop or hold if the meet or miss expectations.

You could also maybe turn it into a spread and buy a call at 85c or 90c to cover your call if it goes in the money and make a little bit too. Or roll it up to something like 110.",1,2021-01-13 06:42:56
gj75k8y,t1_gj74rwe,"Probably cooling off after the big run yesterday, plus a lot of resistance at the all time high. Might take a day or two to build up the strength to break through. It actually got an analyst upgrade to $90 today (exactly the same target I gave yesterday), so hopefully that’ll help. This adds evidence to the thesis. Now that big money took their positions the past couple of days they’re going to start pumping it with price target upgrades and a drip drip drip of rumors and speculation leading up to earnings to generate hype.

Look for it to open and close a daily candle above 74/75, preferably with a retest then we’ll be off to the races.",2,2021-01-14 13:04:32
gj195ex,t1_gj18ia5,Likely possible but I'll wait,1,2021-01-13 03:59:31
gj1vk91,t1_gj1uesm,"Oh great idea turning it into a spread. 
Can you look into FVRR and UPWK? Solid companies that benefit from COVID and both are up ~10% today. Earning is coming up in a couple weeks. Do you think it will continue to run? Is it too late to buy some calls?",1,2021-01-13 06:52:17
gjf9g0y,t1_gj75k8y,Market keeps selling off. Got LEAPs but I've noticed it always pumps up in the morning and sells off after. It did break 75 though.,1,2021-01-16 12:46:08
gj1xkgn,t1_gj1vk91,"I don’t know about fundamentally since I don’t know much about the internals of those companies, I just know what Fiverr does. Just technically, I think it’s too late for Fiverr. It’s overbought and running into a resistance trend line that it’s crashed every time it’s hit since March, not to mention the fact that it’s straight up parabolic. Maybe safe to own shares given that you never know when the bubble will pop but would not jump into calls.

On the other hand UPWK looks like it’s just starting it’s run. If earnings are coming up and you believe they will do well and there will be hype in anticipation I would feel safe jumping in. Seems like it will go to 50 maybe even 55. It just got an analyst upgrade to 48, which matches the technicals.",2,2021-01-13 07:08:58
gj1y1oc,t1_gj1xkgn,Awesome. Thank you,1,2021-01-13 07:12:59
