comment_id,comment_parent_id,comment_body,comment_score,created_utc
gj6l10a,t3_kwvjnl,Calls on IRS for next year due to all the GME gains today.,27,2021-01-14 09:52:05
gj6lr49,t3_kwvjnl,"I'll just pay for the taxes of these gains with my next big gains, duh.",26,2021-01-14 09:58:20
gj6md1m,t3_kwvjnl,"Better to just play the markets with it all year and set it aside year end. If you wind up blowing it all, you won't have to pay any taxes at all! Win win.",9,2021-01-14 10:03:35
gj6ls50,t3_kwvjnl,A lot of people on this sub are going to want to check on estimated taxes after this squeeze.,6,2021-01-14 09:58:35
gj6m46q,t3_kwvjnl,"Good advice! Thankfully, I'm holding GME in my ROTH IRA. Too bad I can't touch it for 25 years...",8,2021-01-14 10:01:27
gj6lkug,t3_kwvjnl,"i have my April calls in a TFSA  
what are taxes???",2,2021-01-14 09:56:50
gj6mipl,t3_kwvjnl,You do know they will give it all back. Hooray owe nothing on taxes,2,2021-01-14 10:04:56
gj6papz,t3_kwvjnl,Too late to go in? Thinking bout a 40C yolo expiring this week fuck it,2,2021-01-14 10:29:18
gj6off3,t3_kwvjnl,"Next rocket 🚀 , PLTR",1,2021-01-14 10:21:35
gj6qr4j,t3_kwvjnl,"If you’re 20-something YOLOing. 

Do it in a TFSA or ROTH. 

If you don’t know what either is? Sell 3 shares no more, get your ass to an accountant and pay them $100 to explain. 

This play is easily your first 100bagger.",1,2021-01-14 10:42:16
gj6r542,t3_kwvjnl,"You didn’t even miss the astronauts boarding the rocket, let alone the trip to the moon.",1,2021-01-14 10:45:42
gj6r9rs,t3_kwvjnl,"Momma was the gambler in the family. 

She'd be proud, except for all the jerkin' to GME porn all day.",1,2021-01-14 10:46:53
gj6roed,t3_kwvjnl,Ha I’m trading in a fucking Roth like a true degenerate. No taxes for me.,1,2021-01-14 10:50:28
gj6sw1g,t3_kwvjnl,"Uncle Sam? Not for me, no capital gainz tax baby!",1,2021-01-14 11:01:18
gj6pn3d,t1_gj6ls50,They're really not too bad ... around 22% for most of us. Just put it to the side at the end of the year.,1,2021-01-14 10:32:20
gj6ojwf,t1_gj6m46q,[deleted],2,2021-01-14 10:22:43
gj6nqf9,t1_gj6lkug,You can options w/ TFSA? TD won’t let me. Who do you use?,1,2021-01-14 10:15:27
gj6ritf,t1_gj6qr4j,"Fuck that, can’t use margin in a Roth.",1,2021-01-14 10:49:08
gj6p1t2,t1_gj6ojwf,I'm planning on 25 years of untaxed yolos. I'm going to spend my 60s in a space ship 🚀 or a cardboard box 📦.,5,2021-01-14 10:27:06
gj6tqi3,t1_gj6nqf9,"All of the banks should allow you to trade options in a TFSA. The options that don't involve margin are all qualified investments in a TFSA. They're just not going to have it enabled by default and you have to apply for it separately. I use Scotiabank and I had to mail in an application ([https://www.scotiabank.com/itrade/en/files/12/03/etca\_options.pdf](https://www.scotiabank.com/itrade/en/files/12/03/etca_options.pdf)).

I'm not sure what the process for TD would be, but they should be able to inform you on the process if you call them.

Probably best to go with Interactive Brokers since afaik they're the only Canadian broker that doesn't charge fees if you get assigned on covered calls. Also very reasonable commission fees, it would be $2-$3 per trade compared to $20-$30 with one of the Canadian bank (since everyone else charges something crazy like $9.99 flat rate + $1/contract typically). I haven't switched over yet because I don't want to lock up my account for a transfer while I'm holding GME calls.

Interactive Brokers nicely summarizes what options are qualified in a TFSA in this page ([https://www.interactivebrokers.ca/en/index.php?f=13406&p=tfsa](https://www.interactivebrokers.ca/en/index.php?f=13406&p=tfsa))",1,2021-01-14 11:09:05
gj6x0wy,t1_gj6tqi3,"Thanks for the info. I’ll definitely will be calling TD. I’m guessing it’s probably just not enabled my account then.  
Interactive brokers looks very promising. The commissions fee alone are worth switching. Thanks for the tip",1,2021-01-14 11:39:35
