comment_id,comment_parent_id,comment_body,comment_score,created_utc
ghs59k5,t3_kon4gq,Pintrest is the herpes of google image search,36,2021-01-02 09:22:03
ghs34xz,t3_kon4gq,"Federal investigations will stop when tech pays politicians the proper toll. 

Apple will sell the data they’re blocking others from gathering. The data won’t stop being collected. 

Calls on Apple I guess.",15,2021-01-02 09:01:57
ghs6e5a,t3_kon4gq,"Pinterest already went to the moon this year, did it not?",4,2021-01-02 09:32:32
ght3hcd,t3_kon4gq,"The advertising bubble makes the EV bubble look rational in comparison. Proctor and Gamble cut about 200 million from it's online advertising budget a couple of years ago, and had no subsequent decline in revenue. Once the other big corporations wake up to the shitty ROI they are getting for these FB and GOOG ads, there will be an ugly bed pooping.",2,2021-01-02 15:16:58
ghs2e2m,t3_kon4gq,"Tldr, any OTM calls on PINS for February",2,2021-01-02 08:54:50
ghsfsa1,t3_kon4gq,How much did you make on those 11/6 43? Also in advertising. Wish I would have loaded into magnite but thought SpotX would not suck. Ttd way overpriced. Great tech but too expensive to make much.,2,2021-01-02 10:57:31
ghtumqt,t3_kon4gq,Don’t forget PUBM for exposure to programmatic advertising.  Programmatic ad dollars are rising quickly.,1,2021-01-02 22:33:02
gkawvnl,t3_kon4gq," [Digital marketing](https://virrgotech.com/digital-marketing/) is a component of marketing that is usually relevant to digital platforms, mediums, and channels such as search engines, social media platforms, discussion forums, and so on. There are various digital marketing techniques one may consider, including the following:

* Search Engine Optimization.
* Search Engine Marketing.
* Social Media Marketing.
* Email Marketing.
* Content Marketing.",1,2021-01-23 13:32:45
ghs3i1x,t3_kon4gq,Who the fuck is Tim Cook,1,2021-01-02 09:05:26
ghvnv3o,t1_ghs59k5,Hahaha this is truth,2,2021-01-03 08:11:46
ghsg53l,t1_ghs59k5,"Yeah, fuck Pinterest. Their search results are beyond useless.",2,2021-01-02 11:00:46
ghs3ik7,t1_ghs34xz,"Why would Apple sell the data if they can creat their own search product to do the same thing? I’m more bullish on Google tbh, but I just don’t like the way Facebook is run from the top.",3,2021-01-02 09:05:34
ghs3nck,t1_ghs34xz,"Also Facebook is illegally scraping data from people’s phones, so they will be fine for now. But when they get caught maybe they will actually get hit with something real",2,2021-01-02 09:06:51
ghsbx8c,t1_ghs6e5a,"It did cause it’s crushing it on revenue. It changed the way it does ads and it works way better, so they’re making way more money",2,2021-01-02 10:23:24
ghsbxlj,t1_ghs6e5a,There’s room to go up,2,2021-01-02 10:23:30
ght3zvc,t1_ght3hcd,We’ve dealt with P&G before. I think you’re misunderstanding which channels they are pulling their spend from. They likely pulled brand/tv/radio and other high funnel advertising out and didn’t see negative effects cause well  they’re fuckin P&G haha their brand is set,1,2021-01-02 15:24:49
ghs2lzz,t1_ghs2e2m,Just don’t do the 5th,2,2021-01-02 08:56:55
ghsgh8h,t1_ghsfsa1,"I got in magnite too late too, but the company sounds interesting. I wanted to look into it more for some of my clients",1,2021-01-02 11:03:52
ghuegog,t1_ghtumqt,"I don’t work with programmatic and I’m pretty novice at high funnel channels, but I’ve definitely noticed we’ve moved more and more employee resources to those areas. Good point.",1,2021-01-03 01:39:39
gkax0y2,t1_gkawvnl,Um ok,1,2021-01-23 13:33:38
ghsipyg,t1_ghs3i1x,Tim Apple,4,2021-01-02 11:25:02
ghwh7cw,t1_ght3zvc,"They definitely cut their online advertising budget. I learned about it from this very interesting Freakonomics podcast. 

https://freakonomics.com/podcast/advertising-part-2/

But, your point is well-taken. A mature company with an established brand can do this, but fledgling companies have to advertise get their name out.",2,2021-01-03 12:55:46
