comment_id,comment_parent_id,comment_body,comment_score,created_utc
git9o8y,t3_kupqsg,Not even trying with that username 😂😂😂,20,2021-01-11 07:24:03
git9qrg,t3_kupqsg,"Just going to leave this here for the OGs

https://www.reddit.com/r/wallstreetbets/comments/c75d5x/type_yy_into_google/?utm_source=share&utm_medium=ios_app&utm_name=iossmf",5,2021-01-11 07:24:37
git9j4y,t3_kupqsg,Smells like desperation in this thread,9,2021-01-11 07:22:53
gita2xt,t3_kupqsg,Get fucked gay bear,4,2021-01-11 07:27:27
gitbsf0,t3_kupqsg,Positions?,3,2021-01-11 07:41:25
gitejf8,t3_kupqsg,positions or get reported,2,2021-01-11 08:03:55
git9pt7,t3_kupqsg,????,1,2021-01-11 07:24:24
gitcdlw,t3_kupqsg,Doesn’t this company have a buyout offer at a static price?,1,2021-01-11 07:46:17
giteqzj,t3_kupqsg,Long 825k (10k shares),1,2021-01-11 08:05:39
gitaiwj,t1_git9o8y,It’s called satire.,-5,2021-01-11 07:31:09
gitahzr,t1_git9qrg,Nice.,3,2021-01-11 07:30:56
git9u5h,t1_git9j4y,"Don’t buy the stock then, doesn’t make any difference to me",1,2021-01-11 07:25:25
gitan91,t1_gita2xt,All bears are Gay,3,2021-01-11 07:32:09
gitau53,t1_gita2xt,I have a lot of respect for Carson. But this was definitively a hit job. He’s no longer short,-1,2021-01-11 07:33:45
gitcs14,t1_gitcdlw,The buyout offer is for their Joyy asset which at current stock price means you get the remaining asset Bigo Live which is growing at 130% for free. Bigo Live is basically the Only Fans of Asia. Domiciled in Singapore so you don’t have China de-listing risk anymore either.,3,2021-01-11 07:49:30
gitg6a2,t1_giteqzj,sure ya are.,3,2021-01-11 08:17:20
gitf0w3,t1_gitcs14,So what positions are you in?,1,2021-01-11 08:07:59
gitf5la,t1_gitf0w3,Long common stock,1,2021-01-11 08:09:03
gitfb9s,t1_gitf5la,"I want 10 baggers though. Tip to you, TTD $850’s for 1/15 and if they can open up 1.5% from where they closed Friday $900’s. You’ll thank me later",1,2021-01-11 08:10:21
gitfk0x,t1_gitfb9s,"That’s gambling, no thanks",1,2021-01-11 08:12:20
gitfqt0,t1_gitfk0x,"Set reminder for 5 days, you’re gonna kick yourself. $SNOW $325’s netted a 8x return on a day basis. $GS was almost 10 times return in 2 days. I just gave you the next free one.",1,2021-01-11 08:13:52
gitfsgm,t1_gitfqt0,Not my jam. Good luck,1,2021-01-11 08:14:14
gitfu55,t1_gitfsgm,"You as well, you’re also gambling.. lol",1,2021-01-11 08:14:36
gitg6of,t1_gitfu55,"Totally different, if you have an edge. Predicting price movements over 1 week is not investing. Wish you luck nonetheless",1,2021-01-11 08:17:26
gitgex2,t1_gitg6of,"It’s not predicting man, it’s called TA, discounted premiums. If this hits are you going to say I’m lucky? $904 EOW on an open around $810 if not.. $855.

Edit: please set a reminder so we can check back and see how “lucky” I was",1,2021-01-11 08:19:17
gitgr9r,t1_gitg6of,"As I respect your resolve for sticking with stocks and standing by your position, I would like to point out that the sub is r/wallstreetbets, not r/wallstreetinvestments.

I appreciate the DD, anyway, but I'll probably use ticker for about a month with calls. Good luck!",1,2021-01-11 08:22:05
gitgld0,t1_gitgex2,"Famous last words. Good luck man, not my jam",1,2021-01-11 08:20:46
gitgrgs,t1_gitgld0,Lol okay bro. You’re on WSB promoting commons like any of these people care about that. We want 10 baggers.. anyways I really hope the squeeze happens for ya.,1,2021-01-11 08:22:08
gith2ja,t1_gitgrgs,I’m playing around with Reddit to see what it’s like. You don’t have to follow my posts,1,2021-01-11 08:24:37
gith7qc,t1_gith2ja,Check out /stocks more people would appreciate it there by the way. Good DD and background.. WSB just wants positions to throw their inheritance on and savings.,1,2021-01-11 08:25:49
