comment_id,comment_parent_id,comment_body,comment_score,created_utc
gj6ff8e,t3_kwuo7q,"What’re the tax implications when my wife’s boyfriend makes a giant purchase, from his business partner Gambino, for 3 silver?",21,2021-01-14 09:03:44
gj6gb2g,t3_kwuo7q,"Thanks for the information! I'll be sure to pass it along to my wife's boyfriend. 

FreetaxUSA vs Turbotax?",8,2021-01-14 09:11:31
gj6goid,t3_kwuo7q,"If my salary is 82k a year...........and let's say this GME squeeze brings me to the moon of maybe about 200k +

Technically I made 200k + 82k = 280k that year not counting other trades. Would it still all be taxed at my 82k a year rate or it would increase me based on the 282k?",9,2021-01-14 09:14:47
gj6gzf0,t3_kwuo7q,So as long as  I buy high sell low I’m good?,6,2021-01-14 09:17:21
gj6ilwe,t3_kwuo7q,I would add to this rebutting the idea that you don't owe taxes till you transfer money to your bank account. So many believe that.,4,2021-01-14 09:31:18
gj6immu,t3_kwuo7q,it’s the *no one here* with a large amount of gain / high income for me 😂☠️,2,2021-01-14 09:31:29
gj6t670,t3_kwuo7q,You also have to know that losses get washed....a bad lesson I learned trying to tax harvest. don't ask me wtf it is. look it up.,2,2021-01-14 11:03:54
gj6f54l,t3_kwuo7q,"Sir, this is the unemployment line.

*I am a bot, and this action was performed automatically. Please [contact the moderators of this subreddit](/message/compose/?to=/r/wallstreetbets) if you have any questions or concerns.*",2,2021-01-14 09:01:19
gj6feuw,t3_kwuo7q,"As your name is  /u/TaxationAttorney , I figured I'd ask: will the IRS shoot my dog if I dont pay my quarterly estimate and instead send them my penalty payment when I file my annual plus a dunkin donuts gift card for their troubles? (in all seriousness, I dont want to pay my quarterly If i can get away with it, I can make way more than the penalty by putting the taxes due into any at-NAV-spac until annual is due, I just dont want to get in trouble for it)",2,2021-01-14 09:03:39
gj6h7be,t3_kwuo7q,Which online tax service is the best/easiest to to use for our situations ?,1,2021-01-14 09:19:12
gj6ig68,t3_kwuo7q,Some real dd right here . I was literally just asking a friend about this today. Thank you for the eli5,1,2021-01-14 09:29:55
gj6jm0o,t3_kwuo7q,"OP, you represent the wholesome of this sub. I salute you!",1,2021-01-14 09:40:00
gj6lbil,t3_kwuo7q,Don't need to pay taxes if you yolo it all away before end of year.,1,2021-01-14 09:54:35
gj6lu6r,t3_kwuo7q,"Hey, appreciate the info. I already knew all this stuff, but could you explain to me wash sales. So, I stupidly bought and sold a stock a few months ago and sold for a loss but bought back the next on the same stock. Now I didn’t own the stock I only bought options on it. Being that I didn’t wait the 60 days, what happens to my losses?",1,2021-01-14 09:59:04
gj6m18q,t3_kwuo7q,"Me yolo’ing 10k at the top no problem it’s a breeze.
Me paying a professional to do taxes, nah TurboTax is just fine 😂",1,2021-01-14 10:00:45
gj6ms7g,t3_kwuo7q,[deleted],1,2021-01-14 10:07:15
gj6z6vt,t3_kwuo7q,[deleted],1,2021-01-14 12:00:03
gj71kut,t3_kwuo7q,"Thank you for the write up.

As a follow up question. When do you pay taxes? For example, if I buy a stock and sell it for 10$ profit - Am I taxed there on my buying power or when I deposit into my checking account?",1,2021-01-14 12:23:19
gj72uwj,t3_kwuo7q,"My ex gf worked for office of chief counsel. 
Can confirm, not pleasant to deal with.",1,2021-01-14 12:36:04
gj730ru,t3_kwuo7q,"If you file quarterly what about your tax rate? Is it from the previous year?  Figured in at the EOY?

All my work is 1099 income.  Most of my money comes in during Q1.  I never file quarterly but I'm getting sweet gains so IDK what to do.",1,2021-01-14 12:37:46
gj78xv6,t3_kwuo7q,Canada,1,2021-01-14 13:42:27
gj79hel,t3_kwuo7q,Thank you for making this post. I just sat and read all of it. I’m new to trading and just been making penny stock plays and lurking this sub on the side. I’ve been wondering about what to do with the taxes. I guess I could just go to H&R Block and that’s that?,1,2021-01-14 13:49:04
gj79vbm,t3_kwuo7q,Just FYI I read the whole thing. Very well written and informative. Thnx,1,2021-01-14 13:53:45
gj8w363,t3_kwuo7q,How is short term capital gains tax calculated if you are an American expat? I don't get taxed as I make less than $100k a year.,1,2021-01-15 01:16:45
gkbuj8e,t3_kwuo7q,"Okay I’m convinced cause I like to think I’ll have 📄🙌 coming soon, now how do I find a good CPA / tax attorney.",1,2021-01-23 17:17:01
gljrehc,t3_kwuo7q,"Man I don't understand. 

&#x200B;

I invest 100K. I Make 500K profit. I lose all 500K on options. 

&#x200B;

Do I owe tax on that 500K profit, and can only deduct 3000 a year until i realize the 500K loss?   


Or is it just that I don't owe any tax on that gain and Im equalized?   


But if I invest 100K, make 500K, loose 600K, I don't owe any taxes on the 500K gain, and can deduct 3K from normal income until I realize 100K in additional loss beyond gains loss.

&#x200B;

It's starting to seem to me like the smartest strategy is to take 30-40% of any gain you make, and fucking put it in savings for tax time. 

&#x200B;

Any programs recommended to make sure I'm not under or over saving / paying? I mean its so tempting to take the profit and initial capital and go bigger, but if I'm gonna be stuck with taxes on those gains still even if I lose the gain, fuck that I'm just saving 30-40% of every gain.",1,2021-02-01 09:58:24
gj6ft6y,t3_kwuo7q,"if I made 50k today then lost the 50k tmr is the IRS still going to come fuck me
edit: ok I just read ur post so they can still fuck me, shit",0,2021-01-14 09:07:09
gj6fj4g,t1_gj6ff8e,"Gattsu’s guts, Dongovan",8,2021-01-14 09:04:41
gj6gg6u,t1_gj6gb2g,That’s what I’m here for... shooters choice. IRS.gov has a bunch of different options for free file dependent on your income. Each has pros and cons depending on your unique financial background.,4,2021-01-14 09:12:46
gj6hkdz,t1_gj6gb2g,H&R Cuck,6,2021-01-14 09:22:18
gj6h2nc,t1_gj6goid,"First off if you’re not full of shit congrats! Once you get above income with tax tables, it becomes blended rates.. so in short you’ll pay marginally higher rates for each tax bracket you rise. For example, for $207,351 to the $280k you’ll pay 35% tax rate... sorry bro this is where tax planning comes in to play",8,2021-01-14 09:18:06
gj6hf2d,t1_gj6goid,282k since that was your short term income,5,2021-01-14 09:21:02
gj6xgu1,t1_gj6goid,"Also, don’t forget Estimated Tax payments to avoid a penalty %",2,2021-01-14 11:43:42
gj6h76j,t1_gj6gzf0,Infinite loss carry forward is infinite power,10,2021-01-14 09:19:10
gj6j075,t1_gj6ilwe,I cannot believe I forgot this... almost so ridiculous it slips the mind,2,2021-01-14 09:34:46
gj6q49g,t1_gj6ilwe,Is this true or just sarcasm?,1,2021-01-14 10:36:34
gj6foji,t1_gj6feuw,"The IRS loves dogs, cannot advise on the remainder",3,2021-01-14 09:06:01
gj6fthp,t1_gj6feuw,Please answer. Asking for a friend.,1,2021-01-14 09:07:13
gj6pim8,t1_gj6feuw,"There is a safe harbor to not pay estimated taxes based on your prior year's tax liability. Look it up but I think it was around 100% of the prior year amount needs to be paid in during the next year to avoid a penalty. 

If you don't make estimated payments or meet the safe harbor you'll get a small penalty + interest when you file.  If you have a job just increase your withholding there. Simple enough.",1,2021-01-14 10:31:14
gj6he8u,t1_gj6h7be,If you’re doing big numbers it’s always best to consult with a CPA or a tax attorney. As for tax prep software I don’t play favorites,2,2021-01-14 09:20:50
gj6ix3y,t1_gj6ig68,"Anytime, this is for the people. So many are hitting big only to get screwed down the road. Lmk if there’s a topic you’d like to learn more about for a next post!",3,2021-01-14 09:34:01
gj6k0aa,t1_gj6jm0o,Thank you! My end goal is to become the educational staple of this subreddit for all things tax,6,2021-01-14 09:43:27
gj6wqa4,t1_gj6lbil,No but if you yolo it all away in January you're fucked,2,2021-01-14 11:36:47
gj6mmzq,t1_gj6lu6r,"It’s a tad involved. So first off wash sale is period consists of the 30 days prior to and 30 days subsequent to the transaction. Wash sale also doesn’t matter if it is stock/stock, stock/option, or stock/etc as long as it is “substantially similar”... so in this hypo if you bought stock at X sold at a Y for a loss then bought an option within the wash sale period, you are prevented from recognizing the tax loss on the sale of the stock, even though you realized the loss.",1,2021-01-14 10:05:59
gj6mqeo,t1_gj6m18q,Hahaha this is such a common sentiment here but the tune changes when it’s an audit notice 😅,1,2021-01-14 10:06:49
gj6n9nd,t1_gj6ms7g,"Quarterly estimated tax payments are required if you expect a net tax liability of $1,000 or more in any tax year. It will vary per person, and you should consult a professional with your exact situation amigo",4,2021-01-14 10:11:26
gj832yx,t1_gj6z6vt,"Unfortunately, I cannot advise on this amigo certain rules on giving general internet information and all that. But you should contact a tax professional / financial advisor in their official capacity to discuss",1,2021-01-14 21:15:35
gj83rf9,t1_gj71kut,"This depends on the individual. For most people, they are not making enough to have a net tax liability of $1,000 or more (which is when estimated quarterly payments start). Technically you incur the tax liability as soon as the stock is sold so if you REALIZED a $10 gain you’d owe XYZ in stock. However, for those who just file April 15 the business year allows them to wait until 12/31/XX and on that date your gain and losses are sealed. Then you offset loss from gain and have your net profit or loss which is then RECOGNIZED on your taxes... the terminology is a little skewed but I’m trying to get the concepts across as easy as possible",1,2021-01-14 21:23:09
gj835r6,t1_gj72uwj,"I actually was going to be a chief counsel attorney but switched sides and now litigate against them. The IRS attorneys are fantastic, it’s the RA/ROs that are difficult to deal with",1,2021-01-14 21:16:28
gj83wau,t1_gj730ru,"Unfortunately this question is too individualized for me to comment on, you should consult with a tax attorney or CPA in their official capacity",1,2021-01-14 21:24:38
gj837fd,t1_gj78xv6,"Hello brothers and sisters to the north, unfortunately this is US tax only",1,2021-01-14 21:16:59
gj849gq,t1_gj79hel,"My pleasure. Your brokerage, e.g. Robinhood, ameritrade, fidelity, will provide you an end of the year tax statement... it should have more or less all the info you need to input yourself at HR Block. However, small errors can trigger IRS computer audits (such as forgetting to report a dividend), so always best to discuss with a tax professional",2,2021-01-14 21:28:37
gj84kx7,t1_gj79vbm,Thank you! I am a bit of a lurker so I wasn’t sure how this would go over but I wanted to do my part to give back to the community,2,2021-01-14 21:32:05
gkczy7e,t1_gkbuj8e,"Word of mouth referrals are normally best. Tax is a weird field where practitioners can be excellent or have no idea what they are talking about, and you'll be none the wiser. I'd start with asking friends, family, and/or co-workers if they have any personal referrals and, if not, begin reading reviews online. I can give you some pointers to CPAs (less expensive than tax attorneys if you are just filing returns) you are in the NY metro area. Good luck and congrats on the gains!",2,2021-01-23 20:48:55
gj6g51m,t1_gj6ft6y,"Seems you cannot read, the 50K of gain would be offset by the 50k of loss... the only catch is if the gain was on 12/31/19 and the loss was on 1/1/20 (hypothetically) the gain would be in 2019 tax year and the loss only utilized in 2020 unless you amended and used carry backs etc",7,2021-01-14 09:10:05
gj6g7dn,t1_gj6ft6y,"no they cant. if you made 50k on dec31 and lost it on jan1 though, that's a different story. losses in the same year have a net effect, unless wash sale.",3,2021-01-14 09:10:38
gj6gsgh,t1_gj6gg6u,"All the best to ya. 

[Direct Link](https://www.irs.gov/filing/e-file-options) to what I believe is the resource for anyone else interested.",3,2021-01-14 09:15:42
gj6i5gq,t1_gj6h2nc,"> sorry bro this is where tax planning comes in to play

What type of planning would have prevented / lessened this?",5,2021-01-14 09:27:21
gj72805,t1_gj6h2nc,Fuck that is high......I'm sad af😭😭😭😭,2,2021-01-14 12:29:40
gjjz6c5,t1_gj6h2nc,if i happen to create an llc ealier in the year but made the trade on my own personal trading account not the LLC account. could I still pass those gains to the llc and then deduct the shit out of like buy out my own car and office upgrades?,1,2021-01-17 15:08:16
gj6j98b,t1_gj6hf2d,F in the chat,4,2021-01-14 09:36:56
gj72bh4,t1_gj6hf2d,Wrecked....... fuck taxes😭😭😭,2,2021-01-14 12:30:39
gj72djr,t1_gj6xgu1,Can you elaborate?,1,2021-01-14 12:31:14
gj6hja4,t1_gj6h76j,Nice I’m good then. 🙏,4,2021-01-14 09:22:03
gj6r5qr,t1_gj6q49g,"Think of selling stocks like a sales tax. You owe the tax when you buy the groceries, not when you get them home and eat them. Every time you sell a stock for a gain, that is taxed, it doesn't matter if you immediately take that money and buy another stock.",3,2021-01-14 10:45:52
gj6xsrv,t1_gj6he8u,What threshold would you mark as big numbers,1,2021-01-14 11:46:51
gj6sdsf,t1_gj6ix3y,Taxes is definitely the big one considering how many people are being launched to the moon .,1,2021-01-14 10:56:45
gj6n4uh,t1_gj6mmzq,"Appreciate the response, I researching and came across this on market watch “The only good news about wash-sales is that your disallowed loss doesn’t just go up in smoke. Instead, it gets added to the basis of the replacement securities. When you sell them, your disallowed loss effectively reduces your gain or increases your loss on that transaction. Also, the holding period of the wash-sale securities is added to the holding period of the replacement securities, which increases your odds of qualifying for the favorable tax rate (15% for most folks under the current rules) on long-term capital gains.”. I didn’t fully understand it.",3,2021-01-14 10:10:17
gj789q2,t1_gj6mmzq,"Is there any clear guidance on whether two options (either both puts or both calls) on the same ticker with different expirations and different strike prices are considered ""substantially similar""?",1,2021-01-14 13:34:42
gj6nef9,t1_gj6mqeo,"I wasn’t being serious, but on the note that is a great post u created, thank u",2,2021-01-14 10:12:34
gj6xo57,t1_gj6n9nd,"So if I my Short Term Gain in a given year is say 10k and my income rate is 18%, my tax liability would be above 1000 and I would need to do quarterly tax payment?",1,2021-01-14 11:45:37
gjm77ay,t1_gj835r6,I think you made the right decision. They all seem pretty miserable.,1,2021-01-18 01:00:58
gj8xul6,t1_gj849gq,Gotcha. Thank you for taking the time to reply to me!,1,2021-01-15 01:29:33
gj6h9k8,t1_gj6g7dn,oh shit ok sorry I can't read 🤡,1,2021-01-14 09:19:42
gj6io5e,t1_gj6i5gq,A variety of stuff... strategic tax loss harvesting or diversified investments (you can have depreciable capital assets in other classes aside from equities/derivatives to offset). That’s the simple stuff with attorneys you can get crafty,6,2021-01-14 09:31:51
gj83gdy,t1_gj72805,"That’s why you should always retain a tax attorney if you’re doing big numbers, our retainers are a fraction of those tendies haha",1,2021-01-14 21:19:44
gjldcrf,t1_gjjz6c5,Short answer is no. If you had conducted a the trade through the LLC *dependent on several other variables* then it may be possible to deduct against the gain.,2,2021-01-17 22:47:00
gj74x1t,t1_gj72bh4,Having a community with a desirable quality of life is a good thing!,3,2021-01-14 12:57:34
gj7fu26,t1_gj72djr,"You have to pay the taxes you owe for the gains you made each quarter, so if you’re late they can charge you a % penalty.",2,2021-01-14 15:14:47
gj6rkwb,t1_gj6r5qr,Well fuk,2,2021-01-14 10:49:38
gj6vhxr,t1_gj6r5qr,"Wait this doesn’t seem true. If I profit $10k from selling a stock and i reinvest that $10k in another stick, I do still have to pay takes on initial $10k profit",0,2021-01-14 11:25:21
gj82n8t,t1_gj6xsrv,"Truthfully it depends on your individual comprehension of the tax laws, but I’d always recommend anyone involved in the market to use a CPA/tax attorney",1,2021-01-14 21:10:35
gj84hmp,t1_gj789q2,"I do not believe so, wash sale rules involve the purchase than sale of a security at a loss. If you bought stock x one day then again another day no wash sale, so buying (or writing) two options should not apply. Additionally, it intuitively wouldn’t make sense as many option strategies such as vertical calls / debit spreads require the sale and purchase of a call... that said, you should consult with a tax professional",1,2021-01-14 21:31:05
gj82qqs,t1_gj6xo57,"If you have no additional withholdings from your W2 job or else where, yes you should be paying quarterly estimated payments",2,2021-01-14 21:11:42
gj8mpfz,t1_gj7fu26,"Wait I can't wait until the End of the calendar year like income tax to pay it?

My plan was to take out 25% of all gains and save it for taxes  in my savings",1,2021-01-15 00:07:19
gj6vzf8,t1_gj6vhxr,"That is what I'm trying to say, yes. In my example the sales tax is the initial profit. Some people think you only pay when you deposit it in your bank account, aka taking the groceries home and eating them.",1,2021-01-14 11:29:50
gj898o4,t1_gj82qqs,"Can you help me roughly understand the process.

If I sold my Short Term assets all in may of this year, thereby putting me over the tax liability threshold for my income, would I then file my first quarterly for Q2 of 2021 before the end of Q2 '22? 

I've been filing online with those free services all my life up to this point. Would I just be doing a similar process but reporting my income and gains and losses quarterly now? How long will that continue for if at all?",1,2021-01-14 22:18:04
gj9kcsw,t1_gj8mpfz,"If you sold your GME stuff today, you'd have to pay est taxes in April for your 2021 gains alongside your regular 2020 taxes.",2,2021-01-15 04:18:54
gj74ile,t1_gj6vzf8,Agreed. Seems we are on the same page :),2,2021-01-14 12:53:16
gj9oqqk,t1_gj9kcsw,aren't you exempt if this is your first year realizing large gains and owe taxes?,2,2021-01-15 04:47:59
gja7gbh,t1_gj9kcsw,Well wtf that's crazy!!!,1,2021-01-15 07:05:09
gja7hki,t1_gj9oqqk,I really hope sooo !!,1,2021-01-15 07:05:27
