comment_id,comment_parent_id,comment_body,comment_score,created_utc
gj2nqy0,t3_kw6jnk,I think it’s time to reclaim your wife.,26,2021-01-13 11:00:14
gj2ifb3,t3_kw6jnk,"Holy fuck, this shit is so retarded that it actually kind of makes sense. Here's some rockets to help you out though 🚀🚀🚀🚀🚀🚀🚀",44,2021-01-13 10:13:12
gj2ikcg,t3_kw6jnk,[deleted],14,2021-01-13 10:14:25
gj2oc91,t3_kw6jnk,Fuck it.. premiums are low.. I’m in.,10,2021-01-13 11:05:30
gj2j6h5,t3_kw6jnk,ZNGA has been a turd everytime I've made a play on it..,8,2021-01-13 10:19:59
gj2k26g,t3_kw6jnk,Yep. I’m all in on this. 🚀🚀🚀⚡️⚡️⚡️🎮🎮🎮,6,2021-01-13 10:27:44
gj2lhgd,t3_kw6jnk,*checks Yahoo Finance Conversation thread for DD & confirmation that ZNGA will indeed 🚀*You son of a bitch...I’m in!,6,2021-01-13 10:40:15
gj2r4nf,t3_kw6jnk,I knew you were speaking my language when I read “themselfs”.,6,2021-01-13 11:31:12
gj2ifqs,t3_kw6jnk,And you didn’t think to put TLDR?,9,2021-01-13 10:13:19
gj2ohym,t3_kw6jnk,"There's 2/12 $12.50 calls for $.01.  Don't know Greeks well enough to find a reason. 

Might be display error, but...  multiple contracts doubled or more today even though stock was down .5%  

Maybe just super valuable options right now like we saw with QQQJ a couple weeks ago?  Or am I just (actually) retarded for thinking this option can make us millionaires? Of course, who would sell them?",3,2021-01-13 11:06:55
gj2t2b5,t3_kw6jnk,"$ZNGA was my free Robinhood referral stock It's actually gone up 137% since they gave it to me. Therefore, I'm in. 🚀🚀🚀",3,2021-01-13 11:49:38
gj2xc2m,t3_kw6jnk,I'll get in tomorrow... hopefully it doesn't randomly blast off,3,2021-01-13 12:31:38
gj2rd1v,t3_kw6jnk,"Fuck your long words,  im in",2,2021-01-13 11:33:24
gj5dre7,t3_kw6jnk,ZNGA GANG,2,2021-01-14 04:10:42
gj2lhcr,t3_kw6jnk,I was convinced to YOLO until the lack of rocket emoji fud me out...,2,2021-01-13 10:40:13
gj2qwco,t3_kw6jnk,I bought some 1/22 10c today because of a similar post like this earlier. Super cheap so we'll see what happens.,1,2021-01-13 11:29:00
gj3a3sp,t3_kw6jnk,"What was the sentiment of the unusual activity? Meaningless otherwise 

Squeezemetrics has an “algorithm” to determine sentiment but you need some fancier market data beyond just “big call trade”",1,2021-01-13 15:09:06
gj3hle1,t3_kw6jnk,This theory is genius you mad autist i love you and will be dumping my money in ZNGA OTM calls tomorrow at open,1,2021-01-13 17:09:12
gj3n4x0,t3_kw6jnk,I'm long TSLA and short ZNGA for 2 years now. This DD ain't good for me.,1,2021-01-13 18:44:57
gj401sj,t3_kw6jnk,"This is about to be the 10,000% gains I’ve been craving",1,2021-01-13 21:41:49
gj5gdl0,t3_kw6jnk,Zynga was my free stock when I signed up all those moons ago. I’m in.,1,2021-01-14 04:30:20
gjakwz5,t3_kw6jnk,Where the tendies OP?,1,2021-01-15 09:00:40
gj2ywj0,t3_kw6jnk,"After cashing out some GME tendies yesterday at the new high, this seems like a pretty interesting play that isn't already pumped to the moon. 

I'll hop on in the morning",-1,2021-01-13 12:47:58
gj2rsre,t1_gj2ikcg,I'll join you on this train,2,2021-01-13 11:37:34
gj2ruft,t1_gj2j6h5,It only takes one time to love it,6,2021-01-13 11:38:02
gj2irhj,t1_gj2ifqs,You’re better off not reading it,9,2021-01-13 10:16:13
gj2q59b,t1_gj2ohym,Ask is $0.69. There are no bids and Robinhood was coded by rhesus monkeys so it displays $0.01 because why not,8,2021-01-13 11:21:59
gj2u7a9,t1_gj2t2b5,[deleted],2,2021-01-13 12:00:37
gj3yquo,t1_gj2t2b5,"Same, I think we are on to some retarded free
Stock and future tendies correlation",1,2021-01-13 21:28:01
gj2ummz,t1_gj2lhcr,Here is some to change your mind 🚀🚀🚀🚀,1,2021-01-13 12:04:47
gj3buwd,t1_gj2qwco,In for 10 too because WTFN,2,2021-01-13 15:35:30
gjaqv6q,t1_gjakwz5,It says at the beginning 99% of bs.,1,2021-01-15 09:52:49
gj3hzxf,t1_gj2ywj0,You think $20 is it's ATH? Lol,1,2021-01-13 17:16:12
gj2nu1a,t1_gj2irhj,I feel dumber for reading it. But it just....might...work...,8,2021-01-13 11:01:00
gj2q9bc,t1_gj2q59b,"Nice

Makes sense thannkkssss",2,2021-01-13 11:23:00
gj402yr,t1_gj2u7a9,DID WE JUST BECOME BEST FRIENDS?!?!?!?,1,2021-01-13 21:42:09
gjc1b7c,t1_gjaqv6q,You owe me a chiken sandwich if it doesn’t close above 10,1,2021-01-15 19:28:10
gj4ea5c,t1_gj3hzxf,Well since achieving meme status here lol I’ll edit that,0,2021-01-13 23:46:44
gj55aig,t1_gj402yr,Yep!,1,2021-01-14 03:08:23
gjdv0m4,t1_gjc1b7c,"+1 chiken sandwich for me, OP.",1,2021-01-16 05:06:42
gj4ez11,t1_gj4ea5c,Yea it did not age well. My condolences for your paper hands.,1,2021-01-13 23:52:12
gj4i871,t1_gj4ez11,"I’ve held since early October, trimming some on the pumps and buying the dips son wdym 😂😂",0,2021-01-14 00:17:34
gj4opx7,t1_gj4i871,Prove it. Looks like you just lost out on big tendies and are now trying to rationalize giving away the big golden goose.,1,2021-01-14 01:06:25
gj4vfo5,t1_gj4opx7,"Check my comment history. Been shilling GME since back when the majority consensus here was against it lmao.

Don’t worry I still have a small position, and I’ll keep milking it for tendies. Mostly just ready to move on to a new meme stock once I’m done leading up to Q4 ER.",1,2021-01-14 01:55:58
