comment_id,comment_parent_id,comment_body,comment_score,created_utc
gil52og,t3_ktce7s,Would you like to buy some essential oils?,80,2021-01-09 05:39:05
gil5bjj,t3_ktce7s,This post didn’t have 🚀 so I didn’t read it 🤷🏻‍♂️,31,2021-01-09 05:41:00
gil5wr8,t3_ktce7s,"If GOOG is a ponzi scheme because all intrinsic value is based on what someone else will pay you, then so is actual money.

The value of currency is determined by the goods and services available per unit of currency. Who offer the goods and services? Other users of currency. It's a zero sum game.

r/wallstreetbets is not r/conspiracy lite",26,2021-01-09 05:45:38
gil4yot,t3_ktce7s,Why is this shit getting spammed across all the finance subreddits,28,2021-01-09 05:38:14
gil50xx,t3_ktce7s,You're dumb and don't understand how Stocks and ownership of a company work. Please research before you try to slander a company as a ponzi scheme based on a misunderstanding of how this works.,36,2021-01-09 05:38:43
gil5kdt,t3_ktce7s,"Wait, what's a dividend? I can barely even read and you're throwing words at me I can't even pronounce?",9,2021-01-09 05:42:54
gilb4il,t3_ktce7s,"I’m hoping this was a shit post, but so much of it sounds serious.

Buying a stock means you’re buying partial ownership of a company. You buy it today and your ownership is worth x, over a few years the company grows and you sell it because it’s now worth y.

Dividends are for boomers. It’s just preventing the company from growing larger so it can pay you now.",8,2021-01-09 06:27:24
gil5my2,t3_ktce7s,"ponzi schemes are different from pyramid schemes, ya goof",7,2021-01-09 05:43:27
gilc8ed,t3_ktce7s,"Yeah, the non-voting shares are bullshit, but a similar argument can be made for any stock that doesn't pay a dividend.",3,2021-01-09 06:36:24
gilchpb,t3_ktce7s,i'll buy all google shares for .002 cents then and own the ponzi Google company.,2,2021-01-09 06:38:31
gil50aw,t3_ktce7s,"I don’t know anything about what you’re just said, but google is big tech leftists company, they can do whatever they want",5,2021-01-09 05:38:34
gil53co,t3_ktce7s,So by your definition Buffet is a Ponzi scheme and Berkshire Hathaway 😁,3,2021-01-09 05:39:14
gil5755,t3_ktce7s,"**I am a bot and identified and tracked the following options picks within this post:**

|**Ticker**|**Strike**|**Type**|**Exp**|**Recorded Premium**|**Recorded Stock Price**|**OI**|**Volume**|
|:-|:-|:-|:-|:-|:-|:-|:-|
|**TSLA**|**$1000**|**BUY CALL**|**2021-02-19**|**$60.92**|**$880.02**|**4843**|**7902**

[Realtime ROI](https://www.pickmojo.com/pick/ckjosz56g15u90758a35lck3g) | [Track Record](https://www.pickmojo.com/user/anuddahshoah/) | [Bot Info](https://www.reddit.com/r/pickmojo/comments/he9ghu/options_picks_tracking_bot_information/) | Leaderboard: [Week](https://www.pickmojo.com/stocks/best-this-week-reddit), [Month](https://www.pickmojo.com/stocks/best-this-month-reddit), [All](https://www.pickmojo.com/stocks/top-reddit) | [Exit this position](https://www.pickmojo.com/reddit_redirect)

**^(*Recorded after market close, will be recorded at the next market open if the premium is within 10% margin. My owner is monitoring these posts, reply with feedback! You can now track comments by mentioning me!)**",2,2021-01-09 05:40:03
gil53qy,t3_ktce7s,Same can be said of most tech stocks. Most have a 2 level stock structure and dont pay dividends.,1,2021-01-09 05:39:19
gil5gii,t3_ktce7s,You understand google does stock buybacks right?,1,2021-01-09 05:42:04
gil62kc,t3_ktce7s,That’s why you have to invest in PLTR,1,2021-01-09 05:46:58
gil7bi7,t3_ktce7s,You're the 2nd guy posting this damn. Could I interest you in some conspiracies?,1,2021-01-09 05:56:46
gil7jkm,t3_ktce7s,Stfu,1,2021-01-09 05:58:34
gil8pli,t3_ktce7s,"GOOG goes up 1%, gay bears go on attack mode. 
Most stocks don’t have dividends and they will not even give you that $0.001.",1,2021-01-09 06:07:57
gil99fx,t3_ktce7s,Show me any stock that doesn't work this way.  Tesla is a ponsi scam also.  Go try to sell your shares or calls directly to Tesla.  They ain't buying it.,1,2021-01-09 06:12:21
gilb7hg,t3_ktce7s,"You know what, I support it. Why dont you petition the SEC and send this monologue to every investment firm in New York.",1,2021-01-09 06:28:04
gildarw,t3_ktce7s,Done much stock investigating? Most non dividend non preferred stocks are exactly the same thing. Welcome to the Casino.,1,2021-01-09 06:45:06
gilgolu,t3_ktce7s,Dungus is the new word I’ve created for this person. Perms ban please,1,2021-01-09 07:12:52
gilir9r,t3_ktce7s,This is one of the most autistic things I've ever seen.   The words youre looking for are par value...,1,2021-01-09 07:30:05
gilmor9,t3_ktce7s,GOOG holders do have liquidation preference.,1,2021-01-09 08:01:34
gilpn7y,t3_ktce7s,"Wow, so much dividend TSLA. Fuck off",1,2021-01-09 08:26:17
gim3a3e,t3_ktce7s,Yeah but almost all stocks are a Ponzi scheme.,1,2021-01-09 10:22:25
gimckex,t3_ktce7s,Yo did you know that the dollar isn’t actually worth anything either?????????,1,2021-01-09 11:43:55
gimn5tm,t3_ktce7s,This seems plausible to me but I know nothing about the stock market.,1,2021-01-09 13:28:15
gilcrxe,t3_ktce7s,You have the big dumb,0,2021-01-09 06:40:51
gilalu5,t1_gil52og,Let me tell you about shungite.,6,2021-01-09 06:23:14
gil62zc,t1_gil52og,I'll sell you some shorts I'm underwater in at my price...,3,2021-01-09 05:47:02
gil5nbz,t1_gil5bjj,$CLF 🚀 🚀  25$ EOM 300$ EOY 🚀 🚀,9,2021-01-09 05:43:32
gil54y5,t1_gil4yot,Idk we had to delete it from r/stocks too shit is annoying,18,2021-01-09 05:39:34
gil56t1,t1_gil4yot,delicious pasta,-26,2021-01-09 05:39:59
gincd30,t1_gil50xx,"Whats the point of owning stock if it doesnt provide you neither voting rights nor any share of the retained earnings? Honest question.

The way I understood is firm stock value is based on some form of net present value calculation of indefinite future dividend payments.

Found the answer: Key is that Goog for example MAY still decide to pay dividends in the future, so the price may speculate on that happening long term. Moreover do these types of stocks firms apply stocn buybacks, which functions as a form of dividend payment.",2,2021-01-09 19:48:29
gimyyhd,t1_gil5kdt,It's a bribe to get people to not sell your stock that has almost no chance of increasing in value anytime soon.,2,2021-01-09 16:03:00
gil5m2g,t1_gil53qy,Can you name the biggest 2 level structure tech stocks? Or do you have a link to a list somewhere? Curious which stocks have that structure.,1,2021-01-09 05:43:16
gil5blu,t1_gil56t1,ban,17,2021-01-09 05:41:01
gil6pfi,t1_gil5m2g,FB PLTR come to mind,1,2021-01-09 05:51:56
