comment_id,comment_parent_id,comment_body,comment_score,created_utc
gi1qcmp,t3_kq2zxg,"At this point don’t you just declare bankruptcy, leave RH holding the bag, and open a new account with a fresh start yoloing mortgage payments on the house the courts let you keep in the settlement?",204,2021-01-04 15:31:50
gi2aybs,t3_kq2zxg,"Oh hay, that’s me 😁",142,2021-01-04 21:00:15
gi1q1ol,t3_kq2zxg,Just delete the app,207,2021-01-04 15:27:17
gi1mgvk,t3_kq2zxg,"It's literally the first question they asked me:

Hey, we notice you tag and automod-vote a lot during the nighttime shift.  We'll give you a trial run at junior mod status if you answer this one skill testing question: *how many times have you been margin called by RH?*

And bam, here I am.",85,2021-01-04 14:37:25
gi1lz0m,t3_kq2zxg,Why you googled that my man??,53,2021-01-04 14:30:51
gi1p10c,t3_kq2zxg,"/u/MauiMikes help OP out

e Glad to see you're still breathing/trading!",22,2021-01-04 15:12:34
gi1lvq2,t3_kq2zxg,How do you owe robinhood? Is that margin call?,36,2021-01-04 14:29:40
gi1m6y4,t3_kq2zxg,F,10,2021-01-04 14:33:47
gi1ms9l,t3_kq2zxg,Margin is cheaper too now I heard on that app so those debt % will rise soon enough.,5,2021-01-04 14:41:34
gi2494s,t3_kq2zxg,How autistic do you have to be to get ban from WSB 😂,4,2021-01-04 19:21:24
gi1r8qv,t3_kq2zxg,His comment at the bottom gets cut off in the image on my phone but it makes this so good.,3,2021-01-04 15:45:22
gi1xbdf,t3_kq2zxg,That’s why you have a bank account in a different country where all your extra money hides,3,2021-01-04 17:24:53
gi290av,t3_kq2zxg,Free my boy u/mauimikes,3,2021-01-04 20:34:01
gi1q2u0,t3_kq2zxg,I mean.. where else would you expect this question to be asked with 180 replies?,2,2021-01-04 15:27:45
gi23xyy,t3_kq2zxg,It’s call non extradited country bro 😎 but seriously just delete the app and then download it again and use your mom’s boyfriend information!,2,2021-01-04 19:16:25
gi274ml,t3_kq2zxg,God tier post,2,2021-01-04 20:06:32
gi29lyr,t3_kq2zxg,"Hahahahah fuck it, delete the app. Forgot you ever used it, open a new margin",2,2021-01-04 20:42:23
gi2ffuq,t3_kq2zxg,One of us...,2,2021-01-04 21:54:05
gi2livz,t3_kq2zxg,"Step 1: go to college

Step 2: take out $50k in student loans

Step 3: pay off $20k debt and yolo the remaining $30k in gme.

Step 4: get ass raped by melvin and sell at a loss

Step 5: congrats, you now have $10k, you are a savvy investor. 

Incoming Billy mays ""¡BUT WAIT, THERE'S MORE!""

Bonus step: Biden pays off your student loans. It's free money",2,2021-01-04 22:55:24
gi28gh6,t3_kq2zxg,@mauimikes you good?,1,2021-01-04 20:26:12
gi2e3kv,t3_kq2zxg,I saw some glasses that make everything green for sale on Amazon.,1,2021-01-04 21:39:01
gi2gqxy,t3_kq2zxg,"Maybe Citadel, being on the opposite end of your bad trades, just pays off your tab. 

Moral of the story: only trade on RH on margin because Citadel will pay your gambling tab!",1,2021-01-04 22:08:13
gi2ki6c,t3_kq2zxg,"Just delete the app bro, why is he making it so difficult?",1,2021-01-04 22:45:53
gi20mu0,t3_kq2zxg,I think you have a problem in multiple ways here... time to dig deep and really think about the choices you are making...,0,2021-01-04 18:21:25
gi28qkk,t1_gi1qcmp,I DECLARE BANKRUPTCY,72,2021-01-04 20:30:13
gi2csml,t1_gi1qcmp,"This isnt advice but I would suspect that if you just deleted the app and closed your account then there's a decent chance they wouldn't pursue you legally beyond a few threatening emails because it would be an absolute disaster from a PR standpoint, especially since RH is under quite a bit of scrutiny at the moment.

A few ""I opened a RH account and deposited $5k thinking that was all I could lose and now they are sueing me for $20k and I'm going to lose my house"" stories in the media and they are going to be losing a lot of customers.

Still quite risky but better than bankruptcy",15,2021-01-04 21:23:32
gi2bhdr,t1_gi2aybs,He's alive bois!! 🚀🚀🚀🚀,39,2021-01-04 21:07:09
gi2bfxg,t1_gi2aybs,The legend lives,25,2021-01-04 21:06:40
gi2hfrm,t1_gi2aybs,"So what happened after, did you pay it back?",17,2021-01-04 22:15:20
gi2im2y,t1_gi2aybs,"Impossible, the guy in the image said he was banned",7,2021-01-04 22:27:25
gi2k9ye,t1_gi2aybs,The prodigal son has returned!!,9,2021-01-04 22:43:42
gi2js0c,t1_gi2aybs,"I bow to your ‘tism sir

God bless",4,2021-01-04 22:38:55
gi2lc1w,t1_gi2aybs,How's everything going mate?,3,2021-01-04 22:53:40
gi1qbxy,t1_gi1q1ol,😂😂😂 yep that’s what I did,78,2021-01-04 15:31:33
gi26wcv,t1_gi1q1ol,Lol This is genius! Repeat until you win money and keep that app,3,2021-01-04 20:02:59
gi1q2z3,t1_gi1mgvk,"I miss you, Dan.  


Pumps\_inKuwait",11,2021-01-04 15:27:49
gi1n1o0,t1_gi1lz0m,Just checking out the consequences of combining margin with stupid trades.,46,2021-01-04 14:45:03
gi2eexw,t1_gi1p10c,Yup still losing money like a boss! With TDA now since I’m perma banned on RH.,25,2021-01-04 21:42:36
gi1nyku,t1_gi1lvq2,"That, or credit spreads or other weird technical ways that I am too dumb to understand. (I don’t owe btw)",19,2021-01-04 14:57:33
gi1tba0,t1_gi1lvq2,By opening an iron spread eagle,3,2021-01-04 16:17:26
gi1vm1r,t1_gi1lvq2,Instant deposit when you don’t have the money in your bank account and lose it on FDs one of my friends did this lol,2,2021-01-04 16:55:29
gi2cl9h,t1_gi1lvq2,My guess on this situation is that RH doesn’t trade after hours and their leveraged stock/options dropped to negative before RH could pull a margin call. Margin calls stop you from going into debt to RH.,1,2021-01-04 21:21:04
gi1oeg6,t1_gi1m6y4,F,4,2021-01-04 15:03:39
gi1obwd,t1_gi1ms9l,Down to 2.5% from 5%,3,2021-01-04 15:02:41
gi28ctq,t1_gi2494s,Actually pretty smart it’s the autismo’s that do the banning,4,2021-01-04 20:24:46
gi28hl0,t1_gi2494s,We've all been there.,1,2021-01-04 20:26:40
gi2bzwl,t1_gi28qkk,You can't just say bankruptcy and expect anything to happen,24,2021-01-04 21:13:40
gi2nlln,t1_gi28qkk,When Creed Bratton gets in trouble he just transfers his debts to William Charles Schneider,4,2021-01-04 23:14:30
gi2acfx,t1_gi28qkk,Chinese was my cheap suggestion.,4,2021-01-04 20:52:16
gi2h5ph,t1_gi2csml,This is some of the dumbest shit I’ve read and I’m on wsb,70,2021-01-04 22:12:29
gi2fz7u,t1_gi2csml,"At some point, they’ll sell the debt to a company that specializes in tracking people down. Those people will hound you forever and your credit report will be terrible. Best bet is to suck it up and take out a personal loan to pay it off and move on. Declaring bankruptcy will cost more than 20k in the amount of extra interest you pay for having a shit credit score the next 30 years.",31,2021-01-04 22:00:00
gi2lm67,t1_gi2csml,"Or flip that.  The word gets out that RH wont pursue people who owe them less than say 50g, then all the sudden people start yoloing their accounts and then never paying what they owe.  Either extreme is bad and wont work so yea I'd say they 100% pursue someone owing 20k.",3,2021-01-04 22:56:15
gi2h9cx,t1_gi2csml,"I doubt it. They'll counter with ""we told you how risky this is, you knew what you were getting into"", that kind of thing. 20k is nothing but if 10,000 autists YOLO 20k like that, they're done. I doubt they can afford to just not pursue debts.",1,2021-01-04 22:13:32
gi3yfkt,t1_gi2hfrm,I paid them like $8k they called me a few times and I told them I was poor and broke af which was very true at that point. They eventually stopped calling and banned me from using RH again.,2,2021-01-05 05:24:37
gi1tmq9,t1_gi1qbxy,They have your social... do you have credit monitoring service?,36,2021-01-04 16:22:33
gi1q4vy,t1_gi1q2z3,"I don't see the chat channel on mobile anymore...  (Yes, I'm that dumb).",8,2021-01-04 15:28:36
gi1nev4,t1_gi1n1o0,"Fuck you man, you fucked up your acc rite??",24,2021-01-04 14:49:59
gi28a91,t1_gi1n1o0,"I mean, stop making stupid trades. EZ. 😌",2,2021-01-04 20:23:42
gi230q5,t1_gi1nyku,credit spreads cancel out,3,2021-01-04 19:01:36
gi2ogse,t1_gi1nyku,Sure you don't retard,1,2021-01-04 23:22:07
gi1o0km,t1_gi1nyku,Ah shit. What’s the technical way.,1,2021-01-04 14:58:19
gi21iy8,t1_gi1oeg6,F,2,2021-01-04 18:36:45
gi2cy67,t1_gi2bzwl,"I didn’t say it, I declared it",63,2021-01-04 21:25:24
gi2inok,t1_gi2h5ph,“This isnt advice but” took this from a plausible shitpost hahahahahaha,8,2021-01-04 22:27:52
gnyr0zv,t1_gi2h5ph,Fuck! He’s too fast. Leave the 20k,1,2021-02-19 11:00:18
gi2lqnl,t1_gi2fz7u,"there's also not guarantee that you just get a Chapter 7 filing rubber stamped, ""I made a high risk investment without fully understanding the total risks and now I owe $20k that I don't have in cash"", does not sound like the it would pass the means test for a valid Chapter 7 filing, and the U.S. Trustee would likely succeed in forcing you to refile a chapter 13 claim, aka restructuring. Where you still pay your creditors and your credit still gets fucked.",7,2021-01-04 22:57:25
gi2gh7r,t1_gi2fz7u,yeah thats possibly true tbh,3,2021-01-04 22:05:24
gi2ijbv,t1_gi2fz7u,"I'm not American but how often you people use the credit system? 

In my country the banks already charge more than loan sharks so we almost never use the financial system to get credit, we own the money to buy things or we just don't buy.",4,2021-01-04 22:26:39
gi2lmw2,t1_gi2fz7u,I doubt some one with a 20k debt of this type will get any kind of reasonable loan if they get one at all here. Also depending on the bankruptcy you qualify and file for you may not owe anything let alone interest and your credit will only show it for 7-10 yrs,1,2021-01-04 22:56:26
gi2le3i,t1_gi2fz7u,Chapter 13's only stay on your credit report for 7 years and Chapter 7's for 10 years max. Bankruptcy makes sense for a lot more people than you realize.,1,2021-01-04 22:54:11
gi240ry,t1_gi1tmq9,"Darknet yourself a new identity ... or, you know, buy on one darknet market and sell higher on another.",36,2021-01-04 19:17:40
gi20pkr,t1_gi1tmq9,[deleted],16,2021-01-04 18:22:46
gi1vlqa,t1_gi1tmq9,"Yeah I mean it was only $90 worth of overdraw fees for me.  I dont think it really matters, plus I tried to log back onto the account and i think they deleted it.",18,2021-01-04 16:55:21
gi1nvnx,t1_gi1nev4,"Haha, not yet.",22,2021-01-04 14:56:24
gi248eo,t1_gi230q5,Didn’t stop that one guy from sadly ending his life due to not understanding that the short leg shows as a huge loss until the long leg kicks in the next trading day.,19,2021-01-04 19:21:06
gi1o7lt,t1_gi1o0km,"Here is a video on it, guess a good number of people have been hit on it.

https://youtu.be/uImgQWZofjA",13,2021-01-04 15:01:00
gi423g9,t1_gi2lqnl,"Chapter 13 is actually better for your credit, you wind up paying part of your debt over 3-5 yrs then it falls off you credit report 7 yrs from when you filed. Chapter 7 stays on longer and creditors look at it as you did not even try to repay what you owed and are less likely to extend new credit with reasonable terms",2,2021-01-05 05:53:40
gi2ke43,t1_gi2ijbv,"Most of your life revolves around credit score- jobs, loans for house or cars, education loans, renting an apartment, and credit cards, just to name a few.",3,2021-01-04 22:44:48
gi2kajf,t1_gi2ijbv,All the time,1,2021-01-04 22:43:51
gi2o2f4,t1_gi2ijbv,"I’m seeing results for 2.5% here in the US, depends on the type of loan and your credit, also what the feds doing",1,2021-01-04 23:18:39
gi25j59,t1_gi240ry,"How much are these new identities?

Asking for the friends I introduce to RH for free stock.",19,2021-01-04 19:41:41
gi2kkwm,t1_gi20pkr,"You try, you try that shit you madafucka you, ill give you money to keep the heat on",3,2021-01-04 22:46:35
gi27vuw,t1_gi1vlqa,"$90,000


FTFY",5,2021-01-04 20:17:51
gi1yx0s,t1_gi1nvnx,"Sgsg little prevention sgsg ounce of cure

- Gamestop Cohen, 1920",4,2021-01-04 17:52:20
gi2g1mj,t1_gi248eo,"Somewhere there’s a developer telling his wife and kids a story about how the lack of rigor in the requirements spec made an hero 🦸‍♂️out of a poor kid who happened upon his odd, negative RH balance code. Can’t spell manslaughter without laughter.",3,2021-01-04 22:00:44
gi27hhi,t1_gi248eo,Yeah that's just Darwinism tbh,4,2021-01-04 20:11:54
gi1oc9n,t1_gi1o7lt,Thanks I’m dumb and used all my margin to buy PLTR and then sell CC.,3,2021-01-04 15:02:49
gi2p34w,t1_gi2ke43,Your life is to be in debt just to prove that you're able to be in more debt. Sounds ridiculous.,3,2021-01-04 23:27:33
gi28kf1,t1_gi25j59,"I'm not sure on pricing as I've not gone on there in some time. Don't just use TOR. Look into Tails OS. It fits on a 4gb thumbdrive and comes prepackaged with Tor, PGP Encryption, etc.


Unplug all of your regular hard drives and plug in said USB. Then, flash the BIOS and select Tails as the operating system that you want to boot up.



Depending on what you're doing, you might want to pick up a burner pc/laptop from a pawn shop and conduct any and all business at different locations/cities.",28,2021-01-04 20:27:46
gi25w6d,t1_gi25j59,Download TOR and look it up. Takes like 2 min. Its honestly pretty interesting what you can find there,5,2021-01-04 19:47:20
gi2lg9w,t1_gi25j59,"&#x200B;

dark ,fail

&#x200B;

100% sure markets are going to exit scam with the amount that buttcuns is rising",2,2021-01-04 22:54:45
gi26m8u,t1_gi1yx0s,This kind of wisdom is why he's on the $100 bill,2,2021-01-04 19:58:38
gi1oi7d,t1_gi1oc9n,I think I am going to restrain myself and stick to just cash trades.,7,2021-01-04 15:05:05
gi2a3oy,t1_gi28kf1,I will use this to buy 5 pack Doritos chips without my mom knowing,28,2021-01-04 20:49:01
gi29fqx,t1_gi28kf1,"Actually useful info, thanks man",7,2021-01-04 20:40:00
gi28rv5,t1_gi25w6d,its all honey pots,17,2021-01-04 20:30:45
gi2ljh5,t1_gi25w6d,Like what?,2,2021-01-04 22:55:33
gi20u2e,t1_gi1oi7d,I have margin but don’t use it. It’s good to have on day trades in case I accidentally sell the securities too quick and buy something else because the margin covers that and I don’t get penalized. But I do not use margin to make trades. Ever!,1,2021-01-04 18:24:55
gi2t3yc,t1_gi29fqx,"No worries! Make sure you know PGP like the back of your hand. If you aren't doing anything shady - Test it out between two computers. Make sure it is done 100% correctly and up to today's protocols.



It is a wild and fun place to explore. That said, please be very careful!",2,2021-01-05 00:01:29
gi28zky,t1_gi28rv5,"Research is the name of the game. Although, exit scams blow - no mitigating that risk if you participate.",5,2021-01-04 20:33:44
gi2mnxz,t1_gi2ljh5,Like some random PDFs you can buy or all kinds of cards and the services that are offered are interesting too (no its not hitmen),1,2021-01-04 23:05:59
gi2tnmy,t1_gi2ljh5,"Literally anything: Books, hitmen, drugs, seeds, insanely good coupons, passports/SS, hackers for hire, plus many forums that advocate for a positive change that no government wants to exist - conversely, forums that are depraved and whose users deserve worse fates than death, etc.",1,2021-01-05 00:06:01
gi5icvc,t1_gi28zky,As a consumer you won't get exit scammed if you only use pay when you buy sites (no uploading of funds before hand),1,2021-01-05 13:34:54
