comment_id,comment_parent_id,comment_body,comment_score,created_utc
gj8p98u,t3_kx8frn,What does this mean for the FIT call holders? Rockets or shit?,13,2021-01-15 00:26:41
gj8n684,t3_kx8frn,[deleted],7,2021-01-15 00:10:52
gj8rv64,t3_kx8frn,[deleted],5,2021-01-15 00:46:07
gj8mjv0,t3_kx8frn,Google claims to ensure privacy....,6,2021-01-15 00:06:07
gj9a6wr,t3_kx8frn,"So uh, what happens to my $8 1/15 calls? Tendie rockets or nah?",3,2021-01-15 03:01:23
gjcxhyj,t3_kx8frn,So what happens the shares? Will it auto sell? Or do I have to sell it?,2,2021-01-16 00:47:10
gj8q6zu,t3_kx8frn,Makes me wonder what’s next for Whoop. If that goes public it could be amazing.,1,2021-01-15 00:33:40
gj9kphs,t3_kx8frn,"Hey I need help, I have a couple call options on webull but shit says it's delisted tf am I supposed to do? Lol",1,2021-01-15 04:21:32
gj8smpe,t1_gj8p98u,Yes.,1,2021-01-15 00:51:41
gj8qg6t,t1_gj8n684,You should receive $7.35/share in your account.,0,2021-01-15 00:35:36
gja7v41,t1_gj9a6wr,imagine buying calls above the cash merger price,1,2021-01-15 07:08:39
gj8vbsm,t1_gj8q6zu,"Whoop is useless, my partner had it and ditched it for an Apple Watch",1,2021-01-15 01:11:15
gj9lgst,t1_gj9kphs,"Bad News bears man, if they were over 7 dollars then you're boned. They expire worthless because Fitbit is no longer a traded stock nothing to go up or down",2,2021-01-15 04:27:17
gj8u4x2,t1_gj8smpe,But seriously. What happens to options during an acquisition? Does the ticker get absorbed by the parent company and the calls become useless?,3,2021-01-15 01:02:32
gj9lk0j,t1_gj9lgst,Hahaha son of a bitch good think I only thru $120 lol,2,2021-01-15 04:27:53
gj8w04l,t1_gj8u4x2,They get recalled. If you hold a call option for $35 and the company is is bought for $50 per share you get the difference. However if you're deep OTM you're fucked.,2,2021-01-15 01:16:10
gj9lsak,t1_gj9lk0j,"I burned $300, next time somebody tells you to invest in a company wait a day haha",3,2021-01-15 04:29:24
gj8w4ac,t1_gj8w04l,50 contracts 8$ June expiration,1,2021-01-15 01:16:59
gj9lxmu,t1_gj9lsak,Lmao,2,2021-01-15 04:30:20
gj94e9h,t1_gj8w4ac,I think our contracts expire worthless if you don't have the capital to exercise,2,2021-01-15 02:17:54
gj8xsfc,t1_gj8w4ac,Well I'm no proctologist but it sounds like you're screwed because they were bought for 1.5 bn.,1,2021-01-15 01:29:08
gj97ywc,t1_gj94e9h,"They’re worthless anyways.  The deliverables and expiration were adjusted.   Nobody wants to pay $800 to exercise to receive $735.

https://infomemo.theocc.com/infomemos?number=46212&date=201912&lastModifiedDate=12%2F19%2F2019+10%3A14%3A48",1,2021-01-15 02:44:47
