comment_id,comment_parent_id,comment_body,comment_score,created_utc
gj40yyn,t3_kwgsc7,"Sir, this is the unemployment line.

*I am a bot, and this action was performed automatically. Please [contact the moderators of this subreddit](/message/compose/?to=/r/wallstreetbets) if you have any questions or concerns.*",4,2021-01-13 21:51:05
gj413np,t3_kwgsc7,[deleted],5,2021-01-13 21:52:23
gj422ou,t3_kwgsc7,GME TIME!!!,3,2021-01-13 22:01:55
gj42k91,t3_kwgsc7,Thank you sir for doing god's work.,4,2021-01-13 22:06:41
gj428e8,t3_kwgsc7,"I get all my market news and intel from;

/r/wallSTREETbets

/r/STREETsiswatchin

I'm a man of the street you could say.",1,2021-01-13 22:03:27
gj4crvb,t3_kwgsc7,"So buy PLTR 🚀🚀🚀🚀 
OK GOT IT",1,2021-01-13 23:34:35
gj6onea,t3_kwgsc7,DIS,1,2021-01-14 10:23:35
gj41ay8,t1_gj413np,Non stop 🚀,1,2021-01-13 21:54:21
gj42vsb,t1_gj42k91,No doubt! And thank you for chiming in here. Much appreciate it! :),3,2021-01-13 22:09:48
gj44bfv,t1_gj428e8,God speed retard,1,2021-01-13 22:23:09
gj42oht,t1_gj41ay8,what about GME &PLTR  🥺 👉 👈,1,2021-01-13 22:07:51
