comment_id,comment_parent_id,comment_body,comment_score,created_utc
ginw0zx,t3_ktsvlk,First word makes me not want to read the rest,62,2021-01-09 23:46:14
gio2mzv,t3_ktsvlk,Do $1810 on the HK stock exchange if you can. OTC kinda blows ass.,7,2021-01-10 00:44:29
ginz340,t3_ktsvlk,I have been buying them every dip for a while. My robot vacuum cleaner is also Xiaomi. Also they are not listed in NYSE or Nasdaq so Alibaba delisting troubles didn't affect them at all.,6,2021-01-10 00:13:44
ginw1v6,t3_ktsvlk,I'm reading this using a Xiaomi mi 9t Pro. Need to buy some,16,2021-01-09 23:46:28
ginwaqg,t3_ktsvlk,[deleted],3,2021-01-09 23:48:42
giovdn4,t3_ktsvlk,Yes,3,2021-01-10 04:38:53
ginx2du,t3_ktsvlk,🚀🚀🚀,2,2021-01-09 23:55:40
gioh9rf,t3_ktsvlk,"At a market cap of 103B, I wouldn't call it the one of the ""Most undervalued"".",2,2021-01-10 02:46:30
giow9x3,t3_ktsvlk,"Why this and not  

# XIACY ?",2,2021-01-10 04:46:14
gioxv1x,t3_ktsvlk,"Dont play OTCs, volume is always too low. Too easy to pump and dump.",2,2021-01-10 04:59:04
gipj0nw,t3_ktsvlk,"I was looking at it too, until I saw 800b market cap",2,2021-01-10 07:56:01
giq9wey,t3_ktsvlk,"I have a 2 year old Xiaomi Roborock with no mechanical problems.  They are smart, they scan the area before cleaning.

I also had an iRobot before that.  They're dumb as fuck, they are like bumper cars hitting walls.  About a year in, the sensors started to fail.  I gave up on it.

I agree.  Even though it's a Chinese company, and things aren't good right now over there, but I think their stock is going to start taking off in just a matter of time.",2,2021-01-10 11:55:55
girkbrk,t3_ktsvlk,"20.5B outstanding shares, will take a lot of purchases to bring this up substantially",2,2021-01-10 22:37:09
gjbh77g,t3_ktsvlk,This aged well,2,2021-01-15 14:11:47
gioaofl,t3_ktsvlk,After getting dicked by the pooh i aint touch no chyness shit,2,2021-01-10 01:52:43
gisthc5,t3_ktsvlk,Ticker is too long,1,2021-01-11 05:14:26
gioeu13,t3_ktsvlk,"""quality products"" 🤣🤣🤣",-6,2021-01-10 02:26:54
gio4z3v,t1_ginw0zx,Come on just here him out,15,2021-01-10 01:04:21
gioj98m,t1_ginw0zx,Their was some good information in this post. Give the guy a brake. I bet this stock moons next weak. ✈️✈️✈️,6,2021-01-10 03:02:05
giov0d0,t1_ginw0zx,"He’s coming out of the closet, that’s all, here, me out.",2,2021-01-10 04:36:05
gio07uo,t1_ginw0zx,You have to hate money.,-16,2021-01-10 00:23:35
gioo509,t1_gio2mzv,Thanks for the tip. I'm trading in europe so I don't do OTC.,2,2021-01-10 03:40:19
gio6s6u,t1_gio2mzv,Why is that? Honest question,1,2021-01-10 01:19:53
gipqf4l,t1_ginz340,As of friday information is out that BABA wont get delisted,3,2021-01-10 08:59:44
gio0c9h,t1_ginz340,"I got 1200 @2,80 avg. Bought also the last dip. It's free money!!",2,2021-01-10 00:24:39
gipjap0,t1_ginw1v6,Yooooo same,1,2021-01-10 07:58:26
ginwh5m,t1_ginw1v6,Clearly a bullish signal. Buy.,0,2021-01-09 23:50:20
gio1wc3,t1_ginw1v6,Me too🚀🚀🚀🚀,1,2021-01-10 00:38:07
ginywgn,t1_ginwaqg,"You can buy it in Europe, Trade Republic has it for sure",12,2021-01-10 00:12:06
ginwcti,t1_ginwaqg,The european ticker is 3CP,3,2021-01-09 23:49:16
gioy7d0,t1_giow9x3,I trade the european ticker so I don't have to do OTC. Just saw that you can use XIACY. Will edit my post.,3,2021-01-10 05:01:51
gip5xc7,t1_gioxv1x,That was my bad. Just saw the ticker for OTC. I use 3CP for europe.,3,2021-01-10 06:04:52
gjbhon3,t1_gjbh77g,F*cking trump,2,2021-01-15 14:17:52
gioat6f,t1_gioaofl,Just bought more nio and xiaomi.,4,2021-01-10 01:53:49
giokqu8,t1_gioeu13,"their smartphones are actually reaaalllyy good, bought 3 in a row cause price/cost ratio is unbeatable and I just bought my mom a xiaomi vaccum cleaner with integrated mopping and this shit is so intelligent and does its job perfect. plus it made a little map of the apartment and determines the best route that it cleans along on a set schedule and so one, build quality good as well.. really cant complain about xiaomi in that term i think, my phone is much sturdier than any iphone/samsung too",6,2021-01-10 03:13:48
gionuba,t1_gioeu13,Did you ever used one? They make super solid products. And they have a huuuuge market in india and asia.,2,2021-01-10 03:37:57
gioyy1w,t1_gio4z3v,Thanksnfor pointing it out. Didn't see it.🤣,3,2021-01-10 05:07:59
gioynoz,t1_gioj98m,I'm long on this one so I don't care about the downvotes. And yes 🚀 🚀 🚀 🚀 🚀,3,2021-01-10 05:05:37
giok0ie,t1_gio6s6u,[deleted],2,2021-01-10 03:08:02
gipque1,t1_gipqf4l,Link?,1,2021-01-10 09:03:28
gjbhw44,t1_gjbhon3,It is not Trump's fault. I bought some shares 2 weeks ago. I did this.,2,2021-01-15 14:20:31
gj3zhnd,t1_gionuba,What if India continues to ban Chinese apps and Mi Home is the next one?,1,2021-01-13 21:36:02
gip8ug6,t1_gioynoz,position?,1,2021-01-10 06:28:45
giop7gj,t1_giok0ie,"Yeah pretty much this. Also some brokerages get extremely asspissed if you buy OTC shares and charge fees up the wazoo.

But if you have no other option for Chinese companies, then you might as well buy their OTC shares if you really want.",1,2021-01-10 03:48:59
gjbi1sg,t1_gjbhw44,F*cking u/opinionsareuseful,3,2021-01-15 14:22:30
