comment_id,comment_parent_id,comment_body,comment_score,created_utc
h5d0s77,t3_ol9lx3,"
**User Report**| | | |
:--|:--|:--|:--
**Total Submissions**|16|**First Seen In WSB**|7 months ago
**Total Comments**|141|**Previous DD**|[x](https://www.reddit.com/r/wallstreetbets/comments/m9gpam/sumo_logic_dd/) [x](https://www.reddit.com/r/wallstreetbets/comments/ma6r5v/sumo_logic_dd/) [x](https://www.reddit.com/r/wallstreetbets/comments/m9lbr8/sumo_logic_dd/) [x](https://www.reddit.com/r/wallstreetbets/comments/m9gl6g/sumo_logic_due_diligence/) [x](https://www.reddit.com/r/wallstreetbets/comments/maf6e1/sumo_logic_dd_the_next_splk_or_ddog/) [x](https://www.reddit.com/r/wallstreetbets/comments/maev5j/sumo_logic_dd_the_next_ddog_or_splk/) 
**Account Age**|1 year|[^scan ^comment ](https://www.reddit.com/message/compose/?to=VisualMod&subject=scan_comment&message=Replace%20this%20text%20with%20a%20comment%20ID%20(which%20looks%20like%20*h26cq3k*)%20to%20have%20the%20bot%20scan%20your%20comment%20and%20correct%20your%20first%20seen%20date.)|[^scan ^submission ](https://www.reddit.com/message/compose/?to=VisualMod&subject=scan_submission&message=Replace%20this%20text%20with%20a%20submission%20ID%20(which%20looks%20like%20*h26cq3k*)%20to%20have%20the%20bot%20scan%20your%20submission%20and%20correct%20your%20first%20seen%20date.)",1,2021-07-16 12:34:53
h5dkpbm,t3_ol9lx3,"In AMAT since 35. 

The semis-equipment manufacturers are where it's at",8,2021-07-16 16:51:33
h5f3wf8,t3_ol9lx3,"I can't understand why undervalued growth stocks like Micron and Applied Materials are falling. It doesn't make any sense. I've held Micron for 7 months and they're down 15%, it makes absolutely no sense.",7,2021-07-17 01:21:18
h5d4h1s,t3_ol9lx3,Can’t wait for VSH. love the value,3,2021-07-16 13:14:41
h5d5e9n,t3_ol9lx3,Excellent post Hefe.   Good ol WSB action right here.   Let’s FUCKING GO.   400 shares of VSH @ 21.63.   Will average down if it starts to hurt with no worries in the world.    Sleeping good on this one.   Also looking at ITM calls for Jan 2022.,3,2021-07-16 13:25:04
h5emkoh,t3_ol9lx3,TSM took a dive. Why shouldn't we expect the other semi be doing the same?,3,2021-07-16 23:18:59
h5fppba,t3_ol9lx3,"Traders only need know one thing about semiconductor right now: Buy more MU puts.    
      
$75p cashed today. Next up, $70p, $65p, $60p... ¯\\\_(ツ)_/¯",3,2021-07-17 03:55:59
h5d28yp,t3_ol9lx3,"I love the semis but I fear that when the demand for chips finally begins to waver and/or the supply chain finally is able to meet demand, the markets are going to trash them. Even though chips are the meat and bones of tech, they are a commodity and commodities are CYCLICAL.",5,2021-07-16 12:50:19
h5di1uu,t3_ol9lx3,I’m really tempted to trim semis before earnings… worried anything less then blowout numbers and steady demand will turn the sector bearish,2,2021-07-16 16:12:38
h5iwp4y,t3_ol9lx3,"I'm increasingly bearish on the larger semiconductor stonks and quite bullish on the smaller cap ones. INDI is one in particular I would love to see a nasty dip on to pile into shares. My LEAPS would be sad, but thats what I get for going options heavy on a recent SPAC merge.",2,2021-07-17 23:36:27
h5kf8bp,t3_ol9lx3,I ll kill ( salad) for $ADI 171.00 next week,2,2021-07-18 07:10:42
h5ez0ua,t3_ol9lx3,"C'mon, Man! NVDA bounce for next week's after split rally will be paying off large! Who needs to wait for earnings, these guys rock! And, they will be more accessible after 7/20!",2,2021-07-17 00:46:56
h5ecn5a,t3_ol9lx3,"07/29 AIXA - [Aixtron.SE](https://Aixtron.SE)  sells tools for the cs industry.... 

at this point 56% of the epitaxial equipment market is Aixtron followed by AMEC and VEECO..

[https://research-hub.de/companies/news/AIXTRON%20SE](https://research-hub.de/companies/news/AIXTRON%20SE)

AlsterResearch recently but together this research / forecast... predicting 20-40% CAGR of the epitaxial equipment market till 2026...  

on paper the stock isn\`t cheap anymore but most analyst have way lower growth expectations...

[https://www.marketscreener.com/quote/stock/AIXTRON-SE-3975874/financials/](https://www.marketscreener.com/quote/stock/AIXTRON-SE-3975874/financials/)

compound semiconductour the magazin but aixtron on its cover for their 25ths aniversary so think it is fair to count aixtron into this sector

[https://compoundsemiconductor.net/magazine](https://compoundsemiconductor.net/magazine)

Volume 26 issue 6 , if you wanna check for yourself... 

yes i hold aixtron stock and will not sell them anytime soon.... still see a lot of upwards potential there",1,2021-07-16 22:04:40
h5hkvy5,t1_h5d0s77,AMAT is the way. Especially after this weeks sell off.,1,2021-07-17 13:52:09
h5dkybk,t1_h5dkpbm,I agree there’s a lot of promise out there! It’s why I made the list. These companies are all over the semiconductor spectrum and each have their own specific niche.,1,2021-07-16 16:55:15
h5f47lk,t1_h5f3wf8,There’s an number of answers to your question. You ready to go deep to understand them or do you want the simplified version?,2,2021-07-17 01:23:28
h5d6mem,t1_h5d5e9n,"The options on VSH are only a few cents premium above trading value for the $15 Jan 2022 calls. Simply amazing 🤣. Even if the trade turns against you, you can roll it. With a forward PE of 11 and 96% institutional investment, it’s certainly a safe play. And the economic conditions support a bullish thesis too. Truly a hidden play known by institutions but out of the eyes of retail..",3,2021-07-16 13:39:20
h5emvvl,t1_h5emkoh,"You should. But if they’re already trading at a value price when you consider the growth potential like VSH, you should welcome it! 

Buy in small, average down when it hurts, keep money to the side, and enjoy the boost when it becomes too irresistible to institutions.",1,2021-07-16 23:21:09
h5fs4p9,t1_h5emkoh,"Yup. TSM tanked 10% overnight, and is down 17% from its peak a few months ago. MU has also tanked hard since their ER. They're down 20% from their peak. Semis are shit investment as long as China continues to shit on the world economy.",0,2021-07-17 04:13:56
h5d2hdj,t1_h5d28yp,"100% agree. But with such back orders and an ever expanding market for semiconductors for everything from cars, to AC units, to ear pods, to freaking toaster ovens, you’re going to see increased demand and a lot of acquisitions and expansions/reinvestment. It’s not just the high end semiconductor market benefitting. Many of the high end companies like INTC, NVDA, AMD, & TSM are drawing all the attention right now when there are much better plays out there not tracked by retail.

This list is to help folks track semiconductor earnings to gauge where the market is and hopefully therefore provide some insight into where they’re going. There’s so many different angles to play here and this should provide some insight.",12,2021-07-16 12:52:48
h5digr2,t1_h5di1uu,Totally possible. But if we get a solid pullback there will be dip opportunities. Kinda the reason I like VSH. It already dipped amid the course of normal trading. If it dips any further the value will be simply irresistible given their growth. In fact it’s sitting so hard on support that it dipped much less than the general semiconductor sector yesterday. I’m kind of hoping it dips some more as it’s effected by ETF exposure. I like the value. Damn forward PE is 11 🤣,2,2021-07-16 16:18:43
h5fpyde,t1_h5di1uu,MU's already bearish. Hard down trend for 4 months now.,1,2021-07-17 03:57:47
h5gnrkd,t1_h5ez0ua,NVDA going to the mid 600s running up to split I my prediction.,1,2021-07-17 08:26:04
h5f6j51,t1_h5f47lk,Speak plz,3,2021-07-17 01:39:34
h5d6sw0,t1_h5d6mem,How do you roll a option that has gone against you ?   Sell for a loss and just go further out in time ?!,3,2021-07-16 13:41:31
h5d3ziu,t1_h5d2hdj,You have a follower 😉,2,2021-07-16 13:09:14
h5d6ool,t1_h5d2hdj,Any chance they could get bought out ?,2,2021-07-16 13:40:06
h5diwac,t1_h5digr2,"Yea, I briefly looked into them after I saw this post. It seems like they have good growth, but are unpopular with institutional investors. It hasn’t really found solid footing since the 90’s. Still, the numbers do look damn tempting",2,2021-07-16 16:25:03
h5o6crh,t1_h5gnrkd,"If you are correct, that means it will be 150 at split. So, in your opinion, is 200 in the realm of possibilities by Friday? Hehe",1,2021-07-19 04:17:14
h5f74es,t1_h5f6j51,"Sure, you want the long drawn out version or the simple version? I can allocate hours to this topic",1,2021-07-17 01:43:36
h5d6yl7,t1_h5d6sw0,"Precisely, that or just exercise the calls and hold.  Trading at a few cents above fair price you won’t lose much with the opportunity to gain it back. And it isn’t going to $15 unless the bottom falls out of the market so the $15 strike will always be in the money at a fraction of the cost of 100 shares.",3,2021-07-16 13:43:24
h5d6tdx,t1_h5d6ool,It would take a rather large company to do it. They are a multi billion $$ company out of PA with worldwide customers. But there’s always a chance.,2,2021-07-16 13:41:40
h5dj85i,t1_h5diwac,"They have 96% institutional investment. I’d say it’s wildly popular among institutions and unknown to retail. 96.56% is owned by by insiders and institutions. I’m expecting a lot of haggling for that remaining 3.44% and given both the technicals and fundamentals, presents an excellent set up..",1,2021-07-16 16:29:55
h5f796m,t1_h5f74es,Long,2,2021-07-17 01:44:31
h5d70jf,t1_h5d6yl7,Copy that.  Thanks Hefe,2,2021-07-16 13:44:03
h5d6z29,t1_h5d6tdx,Heard,2,2021-07-16 13:43:33
h5f8n5x,t1_h5f796m,"Ok, first I will cover the basics of trading. If you have billions of $$ and you want to get in a ticker quick, how do you do it? Well if you go in all at once you’ll pump the price so what do you do? Well of the company is trading at $100.00 and you think you’re going to pump the price to $105.00 …. You sell $105.00 puts or buy cheap $105.00 calls and THEN you pump the stock! Then once you pumped some bullish momentum into the company you buy back your puts for 15% of what you sold them for or sell your calls for a 80% increase in price. Then as the stock continues to pump and you want to get rid of billions in shares do you just dump them all at once? Hell no, too much selling pressure. Rather you sell calls and dump them, … or you buy puts and dump them. Then buy back your calls for a fraction of the price or sell your puts for a huge profit. This is how institutions operate, they don’t care about your long position or which way this company trades. They’re going to make their money no matter which way the stock goes. Institutions can also go short and long at the same time. Which helps a lot if they know they’re about to swing the price with billions of dollars. 

Next let’s address these companies.",11,2021-07-17 01:54:09
h5f9h35,t1_h5f796m,"OK, what happened to MU can be read about here.

https://moongangcapital.com/2021/02/10/why-great-companies-can-dump-on-solid-earnings/

I think MU is an excellent set up for a starter position. Still like VSH better though.",5,2021-07-17 02:00:00
h5fu7d2,t1_h5f9h35,"Dude, if that article is you, you're doxxing yourself, and you should put the financial disclaimer in or just above your site's footer so that it's on every page, not just your home page. Cheers.",2,2021-07-17 04:29:26
h5fuclj,t1_h5fu7d2,It is 🤣. Doxing?,3,2021-07-17 04:30:32
h5fv7nq,t1_h5fuclj,Cool. Solid article and site.,2,2021-07-17 04:37:00
h5fvdoo,t1_h5fv7nq,"Eh, it’s old, I don’t really have the time to keep it up. But it’s good for a reference for complicated issues that I don’t feel like explaining over and over.",1,2021-07-17 04:38:14
