comment_id,comment_parent_id,comment_body,comment_score,created_utc
ghuyag8,t3_kp4zpq,Too expensive for my broke ass,2,2021-01-03 04:28:39
ghuy4m1,t3_kp4zpq,"""A friend of me...""",4,2021-01-03 04:27:16
ghuydui,t3_kp4zpq,Umm TSMC is *already* producing **3**nm circuits to Apple. In volume.,1,2021-01-03 04:29:25
ghuyc2w,t3_kp4zpq,Do you know that your post is market manipulation?,-2,2021-01-03 04:29:01
ghuyn45,t1_ghuy4m1,Do the Irish generally give sound advice?,3,2021-01-03 04:31:30
ghuyg0z,t1_ghuy4m1,Well you don’t have to believe me. Just watch it moon.,0,2021-01-03 04:29:54
ghuyhlj,t1_ghuy4m1,"Maybe he’s not a native speaker, mcfly",-1,2021-01-03 04:30:16
ghuyl9x,t1_ghuydui,Isn’t it 5nm??,1,2021-01-03 04:31:06
ghuyvb2,t1_ghuyc2w,"What do you mean, am I going against the rules?",2,2021-01-03 04:33:24
ghuyjg7,t1_ghuyc2w,Shhh don’t tell him,-1,2021-01-03 04:30:41
ghzhdmm,t1_ghuyg0z,Oh no im sold,2,2021-01-04 03:37:38
ghuzkgg,t1_ghuyl9x,"True. But also the 3nm in the future. 

https://appleinsider.com/articles/20/06/09/tsmc-on-schedule-for-3nm-apple-a16-iphone-and-ipad-chip-in-2022

But also, who cares about 7nm then?",1,2021-01-03 04:39:21
ghv0bhp,t1_ghuzkgg,You don’t get the point do you?,1,2021-01-03 04:45:44
ghv0gjj,t1_ghv0bhp,That you’re not Wayne Gretzky?,1,2021-01-03 04:46:55
