comment_id,comment_parent_id,comment_body,comment_score,created_utc
hlvsrby,t3_r11fbn,"
**User Report**| | | |
:--|:--|:--|:--
**Total Submissions**|15|**First Seen In WSB**|1 year ago
**Total Comments**|442|**Previous DD**|
**Account Age**|8 years|[^scan ^comment ](https://www.reddit.com/message/compose/?to=VisualMod&subject=scan_comment&message=Replace%20this%20text%20with%20a%20comment%20ID%20(which%20looks%20like%20*h26cq3k*)%20to%20have%20the%20bot%20scan%20your%20comment%20and%20correct%20your%20first%20seen%20date.)|[^scan ^submission ](https://www.reddit.com/message/compose/?to=VisualMod&subject=scan_submission&message=Replace%20this%20text%20with%20a%20submission%20ID%20(which%20looks%20like%20*h26cq3k*)%20to%20have%20the%20bot%20scan%20your%20submission%20and%20correct%20your%20first%20seen%20date.)
**Vote Spam (NEW)**|[Click to Vote](https://www.reddit.com/message/compose/?to=VisualMod&subject=vote_spam&message=r11fbn)|**Vote Approve (NEW)**|[Click to Vote](https://www.reddit.com/message/compose/?to=VisualMod&subject=vote_approve&message=r11fbn)",1,2021-11-24 17:38:10
hlvswbt,t3_r11fbn,Maybe if you've been living under a rock.,43,2021-11-24 17:40:08
hlvy5yp,t3_r11fbn,ASML is priced to perfection,6,2021-11-24 18:52:49
hlvx4ur,t3_r11fbn,"Ok, CNBC just confirms it will dip further.",3,2021-11-24 18:38:58
hlx3ucy,t3_r11fbn,Little known? Never heard of? LOL,3,2021-11-25 00:49:12
hlvt10b,t3_r11fbn,ASML is basically the precursor when it comes to chips and micro tech.,6,2021-11-24 17:42:00
hrabdw4,t3_r11fbn,"Fire at their factory
https://www.newscientist.com/article/2303316-fire-at-vital-tech-factory-could-worsen-global-computer-chip-shortage/",1,2022-01-05 08:24:00
hlvsq0q,t3_r11fbn,"News posts **must be market moving** and contain **new** information. Please avoid editorializing the title. 

If your post doesn't meet the requirements above, please delete the thread before a mod sees it.

*I am a bot, and this action was performed automatically. Please [contact the moderators of this subreddit](/message/compose/?to=/r/wallstreetbets) if you have any questions or concerns.*",-1,2021-11-24 17:37:39
hlvt539,t1_hlvswbt,😂,5,2021-11-24 17:43:37
hlvwhul,t1_hlvswbt,![img](emote|t5_2th52|4276),3,2021-11-24 18:30:24
hrap83u,t1_hrabdw4,"At their Berlin factory, which has been bought only since last year. This factory exists solely to produce the bend mirror components.

Probably won’t be a huge burden on the supply chain.",1,2022-01-05 10:00:05
