comment_id,comment_parent_id,comment_body,comment_score,created_utc
gnggy3r,t3_ljvege,"Screenshots of your positions must show equity or gains/losses of more than $2,500 or $10,000 USD for options or stocks respectively. 

We don't just want a % change chart. Tell us what you traded, when, for how much, and why!

*I am a bot, and this action was performed automatically. Please [contact the moderators of this subreddit](/message/compose/?to=/r/wallstreetbets) if you have any questions or concerns.*",1,2021-02-15 03:31:02
