comment_id,comment_parent_id,comment_body,comment_score,created_utc
h582on3,t3_okijjp,"
**User Report**| | | |
:--|:--|:--|:--
**Total Submissions**|16|**First Seen In WSB**|1 week ago
**Total Comments**|4|**Previous DD**|[x](https://www.reddit.com/r/wallstreetbets/comments/ocer2v/mmat/) 
**Account Age**|1 month|[^scan ^comment ](https://www.reddit.com/message/compose/?to=VisualMod&subject=scan_comment&message=Replace%20this%20text%20with%20a%20comment%20ID%20(which%20looks%20like%20*h26cq3k*)%20to%20have%20the%20bot%20scan%20your%20comment%20and%20correct%20your%20first%20seen%20date.)|[^scan ^submission ](https://www.reddit.com/message/compose/?to=VisualMod&subject=scan_submission&message=Replace%20this%20text%20with%20a%20submission%20ID%20(which%20looks%20like%20*h26cq3k*)%20to%20have%20the%20bot%20scan%20your%20submission%20and%20correct%20your%20first%20seen%20date.)",1,2021-07-15 09:33:44
