comment_id,comment_parent_id,comment_body,comment_score,created_utc
h3osmlf,t3_obndyg,"
**User Report**| | | |
:--|:--|:--|:--
**Total Submissions**|4|**First Seen In WSB**|4 years ago
**Total Comments**|11|**Previous DD**|
**Account Age**|8 years|[^scan ^comment ](https://www.reddit.com/message/compose/?to=VisualMod&subject=scan_comment&message=Replace%20this%20text%20with%20a%20comment%20ID%20(which%20looks%20like%20*h26cq3k*)%20to%20have%20the%20bot%20scan%20your%20comment%20and%20correct%20your%20first%20seen%20date.)|[^scan ^submission ](https://www.reddit.com/message/compose/?to=VisualMod&subject=scan_submission&message=Replace%20this%20text%20with%20a%20submission%20ID%20(which%20looks%20like%20*h26cq3k*)%20to%20have%20the%20bot%20scan%20your%20submission%20and%20correct%20your%20first%20seen%20date.)",1,2021-07-01 22:49:16
h3oyjux,t3_obndyg,MU slammed into resistance... There was a heavy weight of sell at 85 orders that drove the stock down... It'll recover.,17,2021-07-01 23:36:37
h3pr700,t3_obndyg,"Superb DD. $MU to the MUoon. 

Don’t buy weekly CALLS. Buy the stock. Buy LEAP CALLS. 

YOLO MU. WSB has Micron correct. Load up the truck if you haven’t already. 

My initial price was at $48. But I will load up until it hits the MUoon. 

One of the only stocks you can make say Moon with its ticker. That’s not an accident.",12,2021-07-02 03:01:57
h3ov24f,t3_obndyg,People love companies that lose money at earnings right now.,34,2021-07-01 23:07:04
h3prc77,t3_obndyg,"The gold nugget in this post is ASML.

EUV is the current future in Semi, and ASML is the only game in town.",9,2021-07-02 03:03:00
h3ou05d,t3_obndyg,Was in on MU at 45 and bought up to 70.  I agree if it keeps dropping I’m adding more,6,2021-07-01 22:59:22
h3oyb5f,t3_obndyg,[deleted],8,2021-07-01 23:34:49
h3qfetr,t3_obndyg,My 90 calls are expiring next Friday. I'M getting super worried that MU won't rebound by then.,3,2021-07-02 05:58:27
h3qus7w,t3_obndyg,"OP, thoughts on my 90c expiring tomorrow LOL",2,2021-07-02 08:04:47
h3phpr2,t3_obndyg,MU is pissing me off.  This ticker has been trolling me for months now.,1,2021-07-02 01:53:54
h3r3pom,t3_obndyg,"They were upgraded before the ER same way than ORCL . Market has lost its logic and is about emotion with unrealistic expectations and tend to punish people doing great and reward the thrill of the moment . This where it comes a retard is laughing all the way to the bank while the Savvy crashes against the wall .
Disclaimer: I own small position of MU 350 shares ..",1,2021-07-02 09:22:39
h3q8ilt,t3_obndyg,"Nah, I can wait at least mid 70s to buy",1,2021-07-02 05:06:55
h3rexl8,t3_obndyg,so buy leaps in a few days?,1,2021-07-02 11:02:08
h3p2pqb,t1_h3oyjux,Exactly.,4,2021-07-02 00:07:29
h3qotyn,t1_h3qfetr,I mean... I would be worried about a 90C,2,2021-07-02 07:13:54
h3qwotz,t1_h3qus7w,sorry my guy...,2,2021-07-02 08:21:30
h3qoyut,t1_h3qotyn,Do you think it will rebound by $85 by next Friday ?,2,2021-07-02 07:15:01
h3qy62o,t1_h3qwotz,"Don't say sorry till that bell rings. Other than that, have faith for me, maybe we'll see a surge....",4,2021-07-02 08:34:31
h3qqe58,t1_h3qoyut,"seems way more likely than 90 by next friday but still hate it. 

I really hate short term options on Micron.

leveraging yourself and having to go on a clock vs just being patient with the stock.",3,2021-07-02 07:27:01
