comment_id,comment_parent_id,comment_body,comment_score,created_utc
hhh2y7r,t3_qcokqf,"
**User Report**| | | |
:--|:--|:--|:--
**Total Submissions**|28|**First Seen In WSB**|8 months ago
**Total Comments**|125|**Previous DD**|[x](https://www.reddit.com/r/wallstreetbets/comments/q4pecy/bux_zero_is_giving_away_free_shares/) 
**Account Age**|8 months|[^scan ^comment ](https://www.reddit.com/message/compose/?to=VisualMod&subject=scan_comment&message=Replace%20this%20text%20with%20a%20comment%20ID%20(which%20looks%20like%20*h26cq3k*)%20to%20have%20the%20bot%20scan%20your%20comment%20and%20correct%20your%20first%20seen%20date.)|[^scan ^submission ](https://www.reddit.com/message/compose/?to=VisualMod&subject=scan_submission&message=Replace%20this%20text%20with%20a%20submission%20ID%20(which%20looks%20like%20*h26cq3k*)%20to%20have%20the%20bot%20scan%20your%20submission%20and%20correct%20your%20first%20seen%20date.)
**Vote Spam (NEW)**|[Click to Vote](https://www.reddit.com/message/compose/?to=VisualMod&subject=vote_spam&message=qcokqf)|**Vote Approve (NEW)**|[Click to Vote](https://www.reddit.com/message/compose/?to=VisualMod&subject=vote_approve&message=qcokqf)",1,2021-10-21 18:16:20
hhh3asz,t3_qcokqf,If you didn’t know this was a buy you’ve been living under a fucking rock.,9,2021-10-21 18:21:18
hhh2wxj,t3_qcokqf,"News posts **must be market moving** and contain **new** information. Please avoid editorializing the title. 

If your post doesn't meet the requirements above, please delete the thread before a mod sees it.

*I am a bot, and this action was performed automatically. Please [contact the moderators of this subreddit](/message/compose/?to=/r/wallstreetbets) if you have any questions or concerns.*",2,2021-10-21 18:15:48
hhhgoy5,t3_qcokqf,Now it’s time to sell!,1,2021-10-21 20:48:22
hhlgle2,t3_qcokqf,few understand,1,2021-10-22 16:08:52
hhh3dw3,t1_hhh3asz,🤣,2,2021-10-21 18:22:31
hhh5asl,t1_hhh3asz,Tell UBS that. They lowered their target price today and have ASML on neutral.,2,2021-10-21 18:47:54
hhhgvvg,t1_hhhgoy5,next month's dividend,1,2021-10-21 20:50:05
hhhgzwo,t1_hhhgvvg,Oh I see then maybe not!,2,2021-10-21 20:51:04
