comment_id,comment_parent_id,comment_body,comment_score,created_utc
gjqd2aq,t3_kzx1b8,"DD Rating

Rockets: Check

Big words: Check

Pictures: Nope

Sounds like a good company: Check

Good Technicals: Check

&#x200B;

Overall rating: 4/5

4/5 = 5/4 

80% = x8

8+5/4=9.25

9.25 / 2 = 4.625

ASML Current price 527.44

527.44 x  4.625 =  2439.41 

EOY $2439.41",38,2021-01-19 00:26:26
gjq9kng,t3_kzx1b8,It s a great company but i think they ll have delivery problems if massive orders keep coming in,5,2021-01-18 23:56:16
gjroa4j,t3_kzx1b8,"Edit: Forgot a shoutout to OP for his informative and concise breakdown of ASML’s current situation. Good job!

ASML has such a solid foothold on their market position, and EUV is only going to deepen and strengthen that position.

For sub 10nm processes EUV is a major differentiating technology, its so critical. There was a report last year that TSMC owned 50% of the active EUV systems worldwide... just let that sink in...

TSMC is absolutely slaying the sub 10nm game. Apple, AMD, Nvidia, Qualcomm, Broadcom... Most of the major fabless players have some TSMC production ongoing. There’s even reports of Intel exploring use of TSMC as an alternative supply source for their CPUs, likely because of the 10th gen CPU supply shortages and Intels struggle to successfully transition past 14nm node.

TLDR: Increased reliance on TSMC for sub 10nm nodes = reliance on EUV = massive revenue for ASML",5,2021-01-19 06:53:34
gjqcazk,t3_kzx1b8,"Wait for reports this Wednesday?

([https://www.beleggersagenda.eu/aandelen/asml/](https://www.beleggersagenda.eu/aandelen/asml/))",2,2021-01-19 00:19:57
gjqn9m3,t3_kzx1b8,"I have some insider info! 

&#x200B;

My grandma lives in the [beautiful and great](https://en.wikipedia.org/wiki/Veldhoven) city where the company is, and she says it's a great investment.",2,2021-01-19 01:49:40
gjrx3p3,t3_kzx1b8,In since 300 🚀,2,2021-01-19 08:12:21
gjsjky2,t3_kzx1b8,I bought 1/2022 $600/620 leaps a month ago that are up 150%. Added more on Friday.,2,2021-01-19 11:31:43
gju86j4,t3_kzx1b8,"I completely agree with your assesment. To get an understanding of their moat, ASML is currently the only manufacturer of EUV lithography machines in the whole world and the R&D process to develop this technology has been ongoing since the late 1990s. They even received large investments from TSMC and Samsung in order to fund this research. 

Most importantly, there are currently no other competitors researching this field, as the technological and comparative advantage of ASML is too great to make it profitable. This all happens in a growing industry, which profits from a lot of 'megatrends' such as high performance computing, autonomous driving, 5G smartphones and cryptocurrency mining. 

It is by far the safest bet with the largest moat in my portfolio, however the price has somewhat caught up to the value of the company.",2,2021-01-19 23:42:32
gjuafph,t3_kzx1b8,"been in ASML or as I like to call it, ass to mouth life, since march 2020

&#x200B;

made many tendies, and will make me more as this thing has no competition and huge demand. and like it does something to do with 5g too, which is really hot right now",2,2021-01-20 00:00:22
gjwetfz,t3_kzx1b8,"This is a very good link to watch if you all want to know what ASML does.


https://youtu.be/f0gMdGrVteI",2,2021-01-20 10:05:00
gjt9y1q,t3_kzx1b8,Unless it's r/investing this shit already had it's run... come back around the middle of the year... when it will pull back to ~460... OP can make a remindme set for June.... and spit in my face if I was wrong,1,2021-01-19 16:49:21
gjq90qy,t3_kzx1b8,[deleted],1,2021-01-18 23:51:25
gjqf7rq,t3_kzx1b8,"Lmao youre late, it broke out like 2 months ago",1,2021-01-19 00:44:36
gjsejq5,t3_kzx1b8,Wtf is a Euro?,1,2021-01-19 10:47:40
gk1papy,t3_kzx1b8,"I agree with you and my only regret is not buying more of them years ago. 

I'm actually confused as to why WSB is not talking about them more. But that is probably because it is a rather boring grow instead of an emotional rollercoaster without the potential to lose it all. 

Did you also factor in the share buyback they are doing?",1,2021-01-21 17:56:09
gks2448,t3_kzx1b8,Do you know what the difference is between the ASML and ASMLF tickers?,1,2021-01-26 10:09:40
gjqph7x,t1_gjqd2aq,When can you start?,12,2021-01-19 02:07:23
gjqvl8l,t1_gjqd2aq,Brilliant,7,2021-01-19 02:56:37
gjqisy8,t1_gjq9kng,ASML is used to a 2 year delivery backlog. This is their bread and butter,4,2021-01-19 01:14:00
gkrqxdc,t1_gjqn9m3,"I’m an employee and find it to be the best company I have ever worked for. 10 years on and  I’m learning every day. And yes, the Netherlands and the Dutch are great 😉",2,2021-01-26 08:31:15
gkl9jj3,t1_gjqn9m3,I love the netherlands and the people there!,1,2021-01-25 00:03:02
gkl99t3,t1_gjt9y1q,Look at the last 5 Years. The run is more a marathon with no end.,3,2021-01-25 00:01:55
h1lvqjy,t1_gjt9y1q,"Hi, can I spit in your face now?",2,2021-06-13 18:07:20
gjqiw1k,t1_gjq90qy,People are more than welcome to do what asml does. The problem is that everyone in the world who knows how works at asml,3,2021-01-19 01:14:43
gjqnpoe,t1_gjq90qy,I did my PhD in a lab where most of the research was funded by ASML. Should have bought back then (2010-2014) for 45$ but I was a broke PhD student.,7,2021-01-19 01:53:15
gjsp3bo,t1_gjq90qy,"The patents don't really matter for ASML since these are complex machines and the patents don't really give you the know-how to copy their shit.  Also, I interviewed with ASML a few years back and I remember looking at their patents as thinking they were trash quality so I don't know they put too much value on them.",2,2021-01-19 12:23:11
gk1os6n,t1_gjqf7rq,My only regret is not buying more back in spring.,1,2021-01-21 17:47:16
gjsgmlg,t1_gjsejq5,monopoly money.,2,2021-01-19 11:05:27
gk1wav8,t1_gk1papy,[deleted],1,2021-01-21 19:49:59
h2oww9m,t1_h1lvqjy,"do it, deserved anyways.",2,2021-06-23 04:26:36
gkl9v78,t1_gjsgmlg,Look at $/€ seems the $ became the monopoly money.,1,2021-01-25 00:04:15
gk22k44,t1_gk1wav8,"ASML earned me more than I got from actually working the last couple of days. Wish I bought more when they were <300 but I think I'll still buy some more next week when my salary comes in. 

The units shipped and stuff, it really doesn't matter. They are the key to advancing the semiconductor industry, without them we'll be stuck where we are for the next 2 decades. Even if they decided to take a year to chill and gamble in a casino, what is the world going to do besides wait? nothing. I think it is one of the most future proof investments you can make. 

oh the sharebuyback, I think they paused it for some reason but I forgot why. But they either already slowly started doing that or are going to buy back again soon",2,2021-01-21 21:11:44
