comment_id,comment_parent_id,comment_body,comment_score,created_utc
hnud1fw,t3_rcgdo8,"News posts **must be market moving** and contain **new** information. Please avoid editorializing the title. 

If your post doesn't meet the requirements above, please delete the thread before a mod sees it.

*I am a bot, and this action was performed automatically. Please [contact the moderators of this subreddit](/message/compose/?to=/r/wallstreetbets) if you have any questions or concerns.*",1,2021-12-09 20:10:15
hnud1gv,t3_rcgdo8,"Reddit Inc. has banned Seeking Alpha articles sitewide.

To get around this, please repost your comment/thread with the link removed, and the relevant parts of the article copy and pasted. 

*I am a bot, and this action was performed automatically. Please [contact the moderators of this subreddit](/message/compose/?to=/r/wallstreetbets) if you have any questions or concerns.*",1,2021-12-09 20:10:16
hnud2up,t3_rcgdo8,"I am a bot from /r/wallstreetbets. Your submission was removed. News should be a screenshot or link to a news story, can't be a text post.",1,2021-12-09 20:10:42
