comment_id,comment_parent_id,comment_body,comment_score,created_utc
hhcfmao,t3_qbxos4,"
**User Report**| | | |
:--|:--|:--|:--
**Total Submissions**|27|**First Seen In WSB**|8 months ago
**Total Comments**|122|**Previous DD**|[x](https://www.reddit.com/r/wallstreetbets/comments/q4pecy/bux_zero_is_giving_away_free_shares/) 
**Account Age**|8 months|[^scan ^comment ](https://www.reddit.com/message/compose/?to=VisualMod&subject=scan_comment&message=Replace%20this%20text%20with%20a%20comment%20ID%20(which%20looks%20like%20*h26cq3k*)%20to%20have%20the%20bot%20scan%20your%20comment%20and%20correct%20your%20first%20seen%20date.)|[^scan ^submission ](https://www.reddit.com/message/compose/?to=VisualMod&subject=scan_submission&message=Replace%20this%20text%20with%20a%20submission%20ID%20(which%20looks%20like%20*h26cq3k*)%20to%20have%20the%20bot%20scan%20your%20submission%20and%20correct%20your%20first%20seen%20date.)
**Vote Spam (NEW)**|[Click to Vote](https://www.reddit.com/message/compose/?to=VisualMod&subject=vote_spam&message=qbxos4)|**Vote Approve (NEW)**|[Click to Vote](https://www.reddit.com/message/compose/?to=VisualMod&subject=vote_approve&message=qbxos4)",1,2021-10-20 18:23:45
hhcg4mf,t3_qbxos4,What I'm curious about is why the stock is down almost 2% at the moment on the Amsterdam exchange.,6,2021-10-20 18:30:42
hhg0upq,t3_qbxos4,"If you wanna get into the industry but at a better price, klic is looking pretty nice, high growth yet a pe ratio of just 13 and expected to drop to like 9 (with no price change) after the next earnings release.",2,2021-10-21 10:34:01
hhcfko6,t3_qbxos4,"News posts **must be market moving** and contain **new** information. Please avoid editorializing the title. 

If your post doesn't meet the requirements above, please delete the thread before a mod sees it.

*I am a bot, and this action was performed automatically. Please [contact the moderators of this subreddit](/message/compose/?to=/r/wallstreetbets) if you have any questions or concerns.*",1,2021-10-20 18:23:08
hhci1vu,t1_hhcg4mf,[deleted],7,2021-10-20 18:55:37
hhcn8nz,t1_hhci1vu,With TSMC building 10 factories in the next few years I’m comfortable that ASML will grow just fine. Long $SMH.,6,2021-10-20 19:54:13
hheo4c6,t1_hhci1vu,You obviously didnt pay attention. They announced struggles because of world issues (raw material prices). Also they ASML is really expensive currently. Amazing growth is budgeted in the stock. Anything less will set it lower. Simple as that.,3,2021-10-21 04:31:53
