comment_id,comment_parent_id,comment_body,comment_score,created_utc
hhc3soz,t3_qbvbi6,"
**User Report**| | | |
:--|:--|:--|:--
**Total Submissions**|1|**First Seen In WSB**|16 seconds ago
**Total Comments**|0|**Previous DD**|
**Account Age**|1 year|[^scan ^comment ](https://www.reddit.com/message/compose/?to=VisualMod&subject=scan_comment&message=Replace%20this%20text%20with%20a%20comment%20ID%20(which%20looks%20like%20*h26cq3k*)%20to%20have%20the%20bot%20scan%20your%20comment%20and%20correct%20your%20first%20seen%20date.)|[^scan ^submission ](https://www.reddit.com/message/compose/?to=VisualMod&subject=scan_submission&message=Replace%20this%20text%20with%20a%20submission%20ID%20(which%20looks%20like%20*h26cq3k*)%20to%20have%20the%20bot%20scan%20your%20submission%20and%20correct%20your%20first%20seen%20date.)
**Vote Spam (NEW)**|[Click to Vote](https://www.reddit.com/message/compose/?to=VisualMod&subject=vote_spam&message=qbvbi6)|**Vote Approve (NEW)**|[Click to Vote](https://www.reddit.com/message/compose/?to=VisualMod&subject=vote_approve&message=qbvbi6)",1,2021-10-20 15:26:22
hhc3x50,t3_qbvbi6,Do your own DD you lazy slug,11,2021-10-20 15:28:08
hhc43wb,t3_qbvbi6,Buy tesla stock I’ve heard they make car batteries,8,2021-10-20 15:30:48
hhc4cbg,t3_qbvbi6,GME,5,2021-10-20 15:34:02
hhc579q,t3_qbvbi6,BBBY and DOLE,2,2021-10-20 15:46:34
hhc5qv7,t3_qbvbi6,BlackBerry. GameStop. Oil.,2,2021-10-20 15:54:43
hhc4veu,t3_qbvbi6,AMD is solid,1,2021-10-20 15:41:37
hhc5y87,t3_qbvbi6,Wish,1,2021-10-20 15:57:51
hhc7b0w,t3_qbvbi6," Nice try, SEC guy",1,2021-10-20 16:18:55
hhc46om,t3_qbvbi6,MVIS,0,2021-10-20 15:31:52
hhc4lx5,t3_qbvbi6,Tsm,0,2021-10-20 15:37:50
hhc4vpl,t3_qbvbi6,"Buy TSLA they make space rockets, seriously though NVDa, tsmc, amd, intc,Mu",0,2021-10-20 15:41:44
hhc83k5,t1_hhc3x50,Asking is DD too,1,2021-10-20 16:31:07
hhd3tjf,t1_hhc83k5,No it’s not you fucking retard,0,2021-10-20 22:14:57
