comment_id,comment_parent_id,comment_body,comment_score,created_utc
gnlus14,t3_lktzoi,Too many manufacturers rely on them for their fabless business model now. I definitely believe in them as a company.,54,2021-02-16 11:12:39
gnlwvkp,t3_lktzoi,I was staring at 2022 $200 calls. Maybe not too crazy... Or is it just crazy enough...,31,2021-02-16 11:32:00
gnnv044,t3_lktzoi,"I’m late to this party but I wanted to add some info since I’m a reformed semiconductor engineer. TSM should be a buy and hold even though it’s at ATHs right now. They have the best yielding production methods (translation: chips go BRRR) and they deliver on time. Their biggest competitor as a foundry in terms of scale and production is Samsung. One edge Samsung has had is that they have a large fab in the US, however this edge will soon be gone; TSMC is building a production facility in the beautifully arid southwest. They’re already poaching top talent from other fabs. In the near future, many of their chips will be made in the US which means more incentives for both TSMC and their customers. 

TL;DR bullish af, get it while it’s hot. 
My positions: 180c 7/16, shares. 

This is not financial advice, I am not an expert (at anything), I just like the stock.",14,2021-02-17 00:46:37
gnmaloi,t3_lktzoi,"Tsm’s product is just stellar. They are like the Foxconn of chip making. Samsung could give them a run if they get better, but I think TSM just cannot currently be beat. They are heavily relied on and booked up for a while. They are expanding here and I believe Japan. I also grabbed ON as well the other day and I may look at other domestic players. I think anything semi conductor should do well. 

I also would not sleep on Intel. They already have several foundries here and one was just competed this past year. You can feel however you want about how Intel has done business over the years, but I could see them being targeted and benefiting from subsides. I also see them turning it around and doing well in the future.",15,2021-02-16 13:52:30
gnm4azp,t3_lktzoi,Team solo mid,39,2021-02-16 12:43:37
gnn3ugv,t3_lktzoi,[deleted],12,2021-02-16 20:53:47
gnlt1rr,t3_lktzoi,"Have some leaps on TSM, also bullish",26,2021-02-16 10:56:56
gnmi9cz,t3_lktzoi,"Fabrication companies in the world right now(afaik):

TSM

Global Foundries

Intel

Samsung

Micron(?)

TSM supplies Apple, Nvidia, AMD, and others with chips.  They have the best node process currently, moving down to 5nm.

I wish I had bought them sooner.  Don't currently hold shares, but am looking to jump in.",12,2021-02-16 15:34:17
gnm33gg,t3_lktzoi,"Already jumped in Tuesday, 3 calls with a strike price of 140 and expiration of 4/16 due to their earnings announcement. Babies gonna print just like my AMAT calls have been doing.",10,2021-02-16 12:31:29
gnm3jj9,t3_lktzoi,Yes and yes,6,2021-02-16 12:35:54
gnmg26f,t3_lktzoi,Check out ON first. Better pricing.,8,2021-02-16 15:03:24
gnltmr4,t3_lktzoi,"I’ll go back in below 120. Lil expensive for me today, but I’ve been playing tsm all year with good success. ATM 1-2 week out calls have done good, consistent printing and sometimes a nice surprise.",18,2021-02-16 11:02:16
gnm72wr,t3_lktzoi,"I'd say it's still a buy, no reason, just going off of a hunch.",5,2021-02-16 13:13:02
gnmamk8,t3_lktzoi,"buy them, and buy Broadcom (AVGO).

TSM is in an incredible position right now.",6,2021-02-16 13:52:47
gnn0rg7,t3_lktzoi,"I own TSM and it is going to keep crushing. Such a dominant player in its space. Has more product demand than it can meet. 

TSM 🚀🚀🚀",5,2021-02-16 20:16:47
gnmlx71,t3_lktzoi,"Depends on what you are after.

I think TSM is a buy because they (along with Samsung) currently have an absolute lock on the smallest manufacturing processes. This is super important for high powered electronics like CPUs or GPUs or mobile phones. They don't however, focus very much any more on other semiconductor markets. Simply put, the very small nanometer processes that we use for CPUs and GPUs are really hard to make. They have high (relative) failure rates, and take more time to complete. Because of this TSM can't really make both the super in demand and very expensive stuff, like they do for AMD and Nvidia, as well as the less intense but lower margin stuff like auto-manufacturing robot parts. So, its the best performance product semiconductor stock, but not the best sales volume semiconductor stock. 

That said, I love TSM, and I think theyre going to be even bigger than they already are. I think they're headed to be a company like what Samsung is now, a Massive corp with many hands in many pots, not just semiconductors. Also, the huge lock they have on the small nanometer processes puts them in a bracket where really only Samsung competes with them, and with the shortage, they're clearly primed to expand.

TL;DR I'm long TSM, but I think they are going to be a slow grow for a while. I think other semiconductor stocks focused on sales volume and less intense fab processes will do better for the short term. I'm personally long both $TSM (stocks) and $ON (calls) [\(my $ON DD\)](https://www.reddit.com/r/wallstreetbets/comments/lhvcqm/im_on_for_on/).",4,2021-02-16 16:28:54
gnnpj0j,t3_lktzoi,"TSM's product is so essential, and their processes so far ahead, that I believe you could pretty much always buy them at market and come out ahead eventually. Especially if you're not looking at short term, That's not to say that there aren't better opportunities out there, but I believe it's as safe a place to park money for gains as any",4,2021-02-17 00:05:55
gnp4snk,t3_lktzoi,Everyone uses TSM. I have leaps in their company,5,2021-02-17 06:24:46
gnm67f2,t3_lktzoi,Look at UMC and HIMX too. The hole Taiwan semiconductor market is interesting. AMD and NVIDIA CEO are Taiwanese so there is a strong connection.,7,2021-02-16 13:03:35
gnm3aay,t3_lktzoi,"TER

I followed Cathie, got in 2 weeks again.

> ""Teradyne tests nearly 50% of all semiconductors worldwide...""",6,2021-02-16 12:33:22
gnmci30,t3_lktzoi,"Very safe bet long term, every big player is begging them for more supplies.",3,2021-02-16 14:15:52
gnmexfe,t3_lktzoi,"I’ve been adding since 120...

No reason to buy AMD or any other chip Co over TSM. It’s a win win for them right now (imo). Just need the market to not wake up and realize the economy is awful and it will keep pumping",3,2021-02-16 14:47:53
gnmmpta,t3_lktzoi,AMAT gang over here sending love to TSM longs,3,2021-02-16 16:41:09
gnmoj9b,t3_lktzoi,"TSM is a long play, as long as china doesn't invade Taiwan it's a good hold. Just buy some, everyone should have some imo. Pays div, reinvest. Good hold. 7nm gogo's.",3,2021-02-16 17:09:39
gnmhwnp,t3_lktzoi,"I'm torn here. 

TSM is a great company, but I think ultimately American handouts for semiconductor boost is going to go to American-owned companies like Intel, NVDA and AMD.",4,2021-02-16 15:29:16
gnm2u1j,t3_lktzoi,[removed],2,2021-02-16 12:28:57
gnm9cgi,t3_lktzoi,Holding 3/19 $135 calls since it was trading around $128. Up 120%. Would love to see it hit $150 this week 😂😂😂,3,2021-02-16 13:38:03
gnm6ker,t3_lktzoi,"Thoughts on how TSM might be affected by Biden's upcoming EO related to semiconductors? If the admin makes any moves like tax incentives or funding for domestic US manufacturing (those are pretty long term IMO) , it would benefit AMAT, MU, ON, etc.  I think short term it probably wouldn't impact TSM much with the supply but if there's any sign of incentives (i.e. TSM's Arizona facility), it could be a nice catalyst.

Related quote from the Biden press briefing last week, ""..the executive order the President will sign in the coming weeks to undertake a comprehensive review of supply chains for critical goods.  The review will be focused on identifying the immediate actions we can take, from improving the physical production of those items in the U.S., to working with allies to develop a coordinated response to the weaknesses and bottlenecks that are hurting American workers..”",2,2021-02-16 13:07:26
gnmc9x7,t3_lktzoi,dunno but next big dip on soxl gonna make that bread,1,2021-02-16 14:12:57
gnnl006,t3_lktzoi,"Since Gen G beat them in the qualifiers I definitely wouldn’t recommend this buy. WARDELL has to play out of his mind to get this team off their feet, especially on the ascent match. — GEN G looks WAY better as a team right now, but TSM is definitely more of a nostalgia buy imo",1,2021-02-16 23:31:18
gnvhf35,t3_lktzoi,Adding since $79. Even TSLA uses chips right ? 🚀🚀🚀🚀🚀,1,2021-02-18 19:05:52
gnlx06w,t3_lktzoi,I remember when people used to get banned talking about shares. Wish they still did smdh,-10,2021-02-16 11:33:12
gnlzq1j,t3_lktzoi,You lost me at 138,-1,2021-02-16 11:58:39
gnpga88,t3_lktzoi,In my opinion TSM isn’t a buy at 138 but GME is. Has TSM ever seen over 200 or 300?  I didn’t think so. Pretty sure you should just go hang out in the investing chat room on Reddit,-1,2021-02-17 07:58:26
gnmem99,t1_gnlwvkp,"Price target seems too low. Extremely bullish on TSM. 
Lam (LRCX) was mentioned as well and will see same catalysts as will applied materials (earnings this week! )",9,2021-02-16 14:43:41
gnmlrhg,t1_gnmaloi,"I'm long on both chips maker, since shortage is so great.",5,2021-02-16 16:26:28
gnom7os,t1_gnmaloi,"When I see TSM building fabs in USA; they are the domestic player. Its a natl. security issue

  
\>  but I could see them being targeted and benefiting from subsides.   
Agree completely; but I still dont see them taking off. Its a good play, but there are better ons out there",4,2021-02-17 04:06:45
gnon5my,t1_gnm4azp,Team Solo Mid looking hot last weekend.  Look like this is a no brainer investment to me.,4,2021-02-17 04:14:00
gnn6op8,t1_gnn3ugv,Lmao.  You sound like me the other day.  7.50P UMC 7/16 @ .60,5,2021-02-16 21:24:57
gnmoewo,t1_gnmi9cz,"UMC, another Taiwanese foundary and the third largest behind Samsung.",4,2021-02-16 17:07:45
gv1qbd3,t1_gnm33gg,This aged well,1,2021-04-19 12:44:08
hunl3zj,t1_gnm33gg,How's it doing now?,1,2022-01-29 08:06:07
gnmowj5,t1_gnmg26f,What’s ur position rn?,3,2021-02-16 17:15:35
gnltuq9,t1_gnltmr4,You buying or selling those calls? I am guessing buying atm calls? Why atm and not just slightly otm?,12,2021-02-16 11:04:15
gnml8l7,t1_gnltmr4,"Buying, and I usually do ATM on most of my options plays for added insurance and less risk. Been burned way too many times on OTM.",2,2021-02-16 16:18:27
gnn9o4r,t1_gnm67f2,HIMX <3,2,2021-02-16 21:54:37
gnmirhp,t1_gnmhwnp,"Nvidia and AMD don't make their own chips, they can't.  It takes many years and literally billions of dollars to build the needed infrastructure.  Only TSM and Samsung can.  Next closest is probably Intel.  You really think Intel is going to make AMDs chips, even if they catch up to TSM process?  The impetus for american semiconductor production is to stop all the auto manufacturers from halting production, once that is solved moving more advanced semiconductor production here will be slower going if not forgotten.",9,2021-02-16 15:41:30
gnomp3a,t1_gnmhwnp,"For the handout market, Intel by a wide margin.  


But I think the global market is too big. Global demand is going to far outstrip domestic giveaways",1,2021-02-17 04:10:28
gnm3581,t1_gnm2u1j,"Reddit Inc. has banned Seeking Alpha articles because their payout model strongly encourages spam. 

To get around this, please repost your comment/thread with the link removed. 

You may wish to copy and paste the full article if it adds necessary context to your post. If so, please include the link with a space in the domain (e.g. ""seek ingalpha.com/..."")

We apologize for any inconvenience this may have caused.

*I am a bot, and this action was performed automatically. Please [contact the moderators of this subreddit](/message/compose/?to=/r/wallstreetbets) if you have any questions or concerns.*",3,2021-02-16 12:31:59
gnmbfjs,t1_gnm6ker,Biden’s administration just had a meeting with TSM asking them to provide more automotive chips,3,2021-02-16 14:02:29
gnmjlul,t1_gnm6ker,"Chips made for auto manufacturers are much lower profit margin and generally made on much older processes.  That's about the only thing they can move domestic short term imo and probably what Biden is most concerned with anyway due to the production halts. I doubt it affects TSM badly at all, they will have a US foundry soon and would prefer making the amd/apple/nvidia chips instead.  Possibly a boon for any US semiconductor manufacturers who have spare capacity, not sure who is available to step up.",1,2021-02-16 15:53:46
gnlxcnk,t1_gnlx06w,[deleted],1,2021-02-16 11:36:23
gnmiul2,t1_gnlx06w,Leaps are great too!,1,2021-02-16 15:42:44
gnn0ze8,t1_gnlx06w,people are talking about buying calls too tho,1,2021-02-16 20:19:36
gnm4hsa,t1_gnlx06w,[deleted],-1,2021-02-16 12:45:36
gnpk39q,t1_gnpga88,"Has TSM ever dropped from 200 or 300, I didn't think so. But GME has. Not sure if you trying to make money or lose money. . . TSM makes you money, GME on the other hand. 3.4Billion small cap. GME isn't anything without the high quality gaming consoles to play them. So as long as your in with GME you should expect TSM to make gains too. Up 82% on my TSM since Sept, Isn't that good?",2,2021-02-17 08:30:52
gnov631,t1_gnmem99,What do you mean the strike is too low? I was looking at those earlier... Seem too good to be true.,2,2021-02-17 05:12:54
gv1qevg,t1_gv1qbd3,fml lol,1,2021-04-19 12:45:18
gnnft5k,t1_gnmowj5,15 calls with strike 50 exp 7/16/21 and long  250 shares,6,2021-02-16 22:49:20
gnmiz41,t1_gnmirhp,"> literally billions of dollars to build the needed infrastructure

These companies are lobbying the US government for money to build cutting edge foundries in the United States. 

I'm kind of trying to figure out whether to buy ASML or LAM. If you know anything about these companies I'd love to hear your thoughts. What I don't understand here is do they both make the same tools or different tools?",2,2021-02-16 15:44:30
gnn66m7,t1_gnmjlul,[removed],1,2021-02-16 21:19:40
gnlxjjd,t1_gnlxcnk,[deleted],-5,2021-02-16 11:38:06
gnm4hsw,t1_gnm4hsa,"Eat my dongus you fuckin nerd.

*I am a bot, and this action was performed automatically. Please [contact the moderators of this subreddit](/message/compose/?to=/r/wallstreetbets) if you have any questions or concerns.*",1,2021-02-16 12:45:36
gnpsmvr,t1_gnpk39q,It’s not really that good to be honest. GME up 800% since September.,0,2021-02-17 09:44:34
gnmm8vv,t1_gnmiz41,"I mean they both work closely with TSM and seem poised for a great year.  From what I've read ASML seems to have a stronger lead in their particular expertise. LRCX seems a bit more volatile.  That said TSM is cheaper and with more volume and has a little name recognition among normal people.  Personally I think I will stick with just TSM, and maybe get exposure to the others in PSI/SMH.",2,2021-02-16 16:33:53
gnn66n2,t1_gnn66m7,"This comment was removed because automod thinks it mentions a stock with a market cap below $1B. We don't allow such stocks on WSB due to their potential for pump and dumps. 

If this was a mistake, check your inbox for more information on how to get your post approved! Sorry for the inconvenience and we'll fix it right away!


*I am a bot, and this action was performed automatically. Please [contact the moderators of this subreddit](/message/compose/?to=/r/wallstreetbets) if you have any questions or concerns.*",1,2021-02-16 21:19:40
gnm2mi3,t1_gnlxjjd,"Who gives a fuck what he talks about as long as it's making profit, chill with your shitty hive mindset",5,2021-02-16 12:26:55
gnptnos,t1_gnpsmvr,not saying there isn't money that has been already made in GME but I am investing in the future so not as concerned where a stock price has came from as I am with where it is going. The need for TSM products is much greater with much less risk.,1,2021-02-17 09:53:23
