comment_id,comment_parent_id,comment_body,comment_score,created_utc
gimjmgs,t3_ktjfsq,"How much is this college course? Will reading this give me 3 credits?

ps. thx Learned a lot.",66,2021-01-09 12:51:27
gimjpod,t3_ktjfsq,Read every word. Great write up.,24,2021-01-09 12:52:21
gintnjv,t3_ktjfsq,Gamma squeeze is all over the market. Options are driving stock prices for meme stocks. What’s happening at market right now is that **stocks prices are now a derivative of a derivative of stocks.**,18,2021-01-09 23:23:54
gimeot5,t3_ktjfsq,Who did you write this for?,11,2021-01-09 12:03:42
gimowx7,t3_ktjfsq,"Great write up, one really interesting thing you mentioned really stood out to me:

>You guys are like people who watch tech reviews to buy a smartphone.

Does this mean that there's people out there that don't do that?",11,2021-01-09 13:47:28
gimehsr,t3_ktjfsq,"Sir, this is the unemployment line.

*I am a bot, and this action was performed automatically. Please [contact the moderators of this subreddit](/message/compose/?to=/r/wallstreetbets) if you have any questions or concerns.*",8,2021-01-09 12:01:50
gimyw5k,t3_ktjfsq,"Awesome post, and bookmarked. Long as it was, it got to all its points very efficiently. If you wrote more threads like this, I'd read them.",8,2021-01-09 16:02:01
gimentf,t3_ktjfsq,[deleted],21,2021-01-09 12:03:26
gimh9va,t3_ktjfsq,FED is starting to send mixed messages about unlimited QE. What do you think?,5,2021-01-09 12:28:24
gimu1ae,t3_ktjfsq,My dude just wrote me a txt book. Thank you! I will dive in once I learn how to read!,6,2021-01-09 14:50:53
gimgntd,t3_ktjfsq,You sound like that var sep guy.,4,2021-01-09 12:22:30
gin5zek,t3_ktjfsq,Instructions unclear. Yolo’d all my money on $TSLA puts,4,2021-01-09 18:00:35
gimqsil,t3_ktjfsq,"Are you sure this is how passive funds work? My understanding is that they have ownership targets for various sectors / stocks. If any stock runs up it will be out of range (they will have too much) and they will sell it, not buy more. 

For example, consider a 1M fund that has a 5% target ownership for AMSL. If AMSL is trading at 500 they will own 100 shares. If AMSL runs up to 700 bc/ hedge funds/retail investors like it the AMSL ownership for the passive fund will be out of range at almost 7%. This would trigger the algorithms to SELL ~30 shares.",3,2021-01-09 14:09:27
gimss6r,t3_ktjfsq,Gamma squeeze,3,2021-01-09 14:34:25
gio05zo,t3_ktjfsq,Essentially unlimited liquidity + inflationary pressure + almost 0% interest = SPY 12/31/2021 $475c absolutely printing in 10 months.,3,2021-01-10 00:23:08
gipdm4u,t3_ktjfsq,"I enjoyed reading your post, most of it made sense but I'm not sure if I learned anything.. oh well ¯\\\_(ツ)\_/¯",3,2021-01-10 07:08:52
gimwmtk,t3_ktjfsq,"Very insightful reading. Thank you OP.

P.s. The moon is actually being pulled.",2,2021-01-09 15:27:33
gimxun2,t3_ktjfsq,"Awesome educational piece. Short, informative, and direct. Please post more about various other market topics",2,2021-01-09 15:45:51
gine8ba,t3_ktjfsq,Good read brotha,2,2021-01-09 20:18:04
gio0dkz,t3_ktjfsq,"Do you see PLTR doing the same thing, jumping around demo day?",2,2021-01-10 00:24:58
gio25nr,t3_ktjfsq,So stonks will keep going up this year?,2,2021-01-10 00:40:23
gioiqpb,t3_ktjfsq,"This sub is for retards only. Take your 150+ IQ elsewhere, thank you.",1,2021-01-10 02:58:04
giok0r9,t3_ktjfsq,I guess a lot of colleges are teaching econ 101 in winter because this is the 12th post where some dipshit college kid thinks he solved the economy,1,2021-01-10 03:08:05
giuqno7,t3_ktjfsq,""" I know my explanations are not exhaustive and there are many angles I haven't covered ""

yes and also just plain wrong",1,2021-01-11 15:39:56
gio1aex,t3_ktjfsq,"Why use many words when few good

TLDR ASML calls got it",1,2021-01-10 00:32:51
ginmvzt,t1_gimjmgs,Sure bud. Post it on your linkedin,10,2021-01-09 22:13:28
gio1pwt,t1_gintnjv,This is low key a great take.,3,2021-01-10 00:36:35
gioicyo,t1_gintnjv,"It feels like I’m about to understand something... “I like money!” ... “aaand, it’s gone.”",2,2021-01-10 02:55:01
gimer9v,t1_gimeot5,For anyone interested and myself.😂 You know everyone's screaming bubble.,38,2021-01-09 12:04:21
ging41v,t1_gimowx7,"My mother doesn’t watch any tech reviews, but she buys an iphone like clockwork every 2 years. Granted it’s probably because of her age.",2,2021-01-09 20:46:12
ginn1fv,t1_gimowx7,"I dont care so much about phones. But for a laptop/pc, sure",2,2021-01-09 22:15:13
ging9q7,t1_gimyw5k,Thanks fellow redditor! Will try!,3,2021-01-09 20:48:29
gimjhx5,t1_gimentf,Tesla already has a base on the moon. Tesla owns the moon currently.,9,2021-01-09 12:50:10
gimijgj,t1_gimh9va,"Unlimited QE was never intended to be unlimited. It was a make-believe attempt to stabilise the market. And the markets stabilised.

Now if they slowly stop it, no one would bat an eye really because the original purpose has been served.
You can feel it if you look at VIX or any of the market sentiment indicators. Fed is not going to do quantitative tightening or raise interest, that's enough for the market to keep going as it is with lower returns.",11,2021-01-09 12:40:42
gimug23,t1_gimgntd,xD. I haven’t seen him for a while.,2,2021-01-09 14:56:25
gimslcr,t1_gimqsil,"So many types of funds and ETFs. Yes your description of ETFs also applies. I should have better clarified that.
A practical case of a fund limitation here would be ARKK(which is not passive, but whatever).
If Tesla or any other stock goes above 10% they would become net seller. But if it’s below that they would be net buyer to accommodate for the newer ETF investors or people who pore in money periodically in the fund.",4,2021-01-09 14:31:56
ging6s8,t1_gimxun2,"Thanks a lot!😙
Will try.",2,2021-01-09 20:47:18
gio2r15,t1_gio0dkz,"If I had that powerful of a crystal ball, I would literally become a billionaire within a year or two.

Jokes aside, I think Palantir shills are trying to hype up a non-event here. You can already find what Palantir does in their YouTube channel/their blogs/websites. I don't think any significantly new information would be revealed.

On the other hand, if they reveal a big new contract. This could immediately create a violent move to the upside.",2,2021-01-10 00:45:26
giuqqpj,t1_giuqno7,Like?,1,2021-01-11 15:40:52
gimexul,t1_gimer9v,You gotta put a TLDR man. Either that or go publish this in a journal 😂,17,2021-01-09 12:06:04
gimfauc,t1_gimer9v,Thank you for this info man. Good read.,11,2021-01-09 12:09:27
gimgiko,t1_gimer9v,"Good to know. Thanks for the info. What's your take on the bubble or ""crash""",6,2021-01-09 12:21:05
gkb76nz,t1_gimer9v,Appreciate your time and energy to share this for us retards,1,2021-01-23 14:42:31
gioekzw,t1_ging9q7,"This post is blessed. Thank you man, this is why the internet is such a beautiful thing!",2,2021-01-10 02:24:53
gin8rzz,t1_gimjhx5,"Next stop Mars colonies, then to check the miners in the belt. No damn miners taking breaks on Elon’s watch!",4,2021-01-09 18:48:50
gingx88,t1_gimjhx5,The moon’s just a pit stop to get to Mars,2,2021-01-09 20:57:51
gimjpft,t1_gimijgj,"If they stop buying up assets, liquidity is gonna take a hit eh? More money has to keep entering the market for the market to keep going higher. Sure it can rotate between sectors and individual tickers, but do you think the inflow of money into the stock market will continue at this pace?",3,2021-01-09 12:52:17
ginv43u,t1_gimslcr,"How detached can the price of an etf be from the assets it holds? For eg retail start buying ARK etfs at market price, but that money is going to previous holders instead of the fund managers, so how do they make sure the price stays attached to assets",2,2021-01-09 23:37:47
gio931w,t1_gio2r15,TLDR: in other words it's only going up! 🚀🚀🚀,1,2021-01-10 01:39:25
gimhnsd,t1_gimgiko,"I wouldn’t call the entire market is in a bubble. The market is being propped up by fundamental forces like low interest rate, unbelievable government spending and subsidies, QE etc. And inflation is also [coming.](https://www.lynalden.com/money-printing/)

And there are still some stocks that are cheap. So, maybe until 2023-24 we won't see any crash, just corrections.

However, there are some sectors and stocks that are obvious bubble stocks. Snowflake, Peloton, some SPACs etc. And they will probably crash before we know it.

If however, interest rates rise for any reason whatsoever, then we will probably see a instantaneous correction and value destruction.",9,2021-01-09 12:32:09
gimmq0o,t1_gimjpft,"It will, because they aren't stopping asset purchases.

*""The Fed is buying at least $120 billion a month, split between a minimum $80 billion in Treasurys and $40 billion in mortgage-backed securities.""*

Fed Vice Chairman [said Friday (today)](https://www.cnbc.com/2021/01/08/clarida-says-fed-bond-purchases-to-keep-pace-through-the-rest-of-the-year.html) that the Fed will keep up this pace *through the end of 2021*.

Add on a few additional $100B's from other central banks and you arrive at *massive* liquidity.

The equity market has what it needs to continue chugging higher into the foreseeable future.",5,2021-01-09 13:23:40
gimohbv,t1_gimjpft,"They are not gonna immediately stop asset purchases. They want market to stop being on a shaky ground and suppress volatility.
If the market comes into its own footings, liquidity will come from our domestic investors and international investors.

The inflow will not continue. It will almost certainly slow down. That's why almost everyone who is not a shill is saying that we are headed towards a decade of lower return. But that won't crash the market. As long as money keeps coming from one way or another, the market will keep on humming.

S&P 500 stocks have already paid the highest amount of money in dividends in 2020 to investors. With inflation coming, it wouldn’t be unreasonable to assume that stocks are going to continue to climb for at least 3 or 4 more years.",6,2021-01-09 13:42:35
ginxn9p,t1_ginv43u,"If the ETF is liquid and transparent(following an index or something like that) enough, it cannot remain detached for long. Active participants like HFT will arbitrage away the differences. [More info about ETF arbitrage.](https://www.investopedia.com/articles/investing/032615/how-etf-arbitrage-works.asp)

Do remember though that mis-pricings  constantly gets created and constantly gets arbitraged away.",2,2021-01-10 00:00:50
gimhx14,t1_gimhnsd,Heard. Thank you. Maybe I'll actually make some money in 2021,6,2021-01-09 12:34:37
gin8uk1,t1_gimhnsd,When puts on PTON? I 🌈🐻’d once and PTON burns hot,2,2021-01-09 18:50:03
ginj2nm,t1_gimhnsd,What would be a good play for rising interest rates? And would it happen before the rate increase? I could see the fed coming out with guidance saying they might raise rates and some stocks taking a dump before it actually happened.,2,2021-01-09 21:27:18
gimphe2,t1_gimohbv,"That sounds like a good grasp on things. What are your thoughts on covid and deflation it's causing? Once covid is reeled in and things start to open back up, you think we'll see a big spike in inflation? Also, they're propping up the stock market, but what good is it doing for the actual economy? Lol does trickle down strategy actually work?",3,2021-01-09 13:53:59
ginzft1,t1_ginj2nm,"As far as I can tell, almost all stocks will get hammered in the short run. Banks and insurance companies are supposed to benefit.
But the profits of trading desks of big banks immediately gets evaporated(although they are supposed to be able to predict this kinds of events). And insurance companies have many holdings that also get hammered when interest rates rises.

But in the long run financials will benefit.

The companies that will benefit the most are companies with low debt burden. But market prices them in such a way that they also get beat down(in fact they get the most beaten down because they become extremely overvalued). After all, if almost all the companies in S&P 500 is getting gunned down, yours will too.

And the dangerous and complex mechanisms we have developed for volatility suppression eventually come to mock us.

Even if you hold foreign stocks, you would still feel it. After all, margin call and risk management in one market will also lead to sell off in foreign markets to cover the positions in the domestic market.

You can check out the sell-off of 2018 to get a practical sense of this whole ordeal. Granted, what happened in 2018 doesn’t exactly apply in the future.",2,2021-01-10 00:16:49
gio1eok,t1_gimphe2,"Covid deflationary pressure is due to dollar velocity faceplanting, see [here](https://fred.stlouisfed.org/series/M2V). The FED “printed” I think like $4T end of Q2 2020 and their balance sheet ballooned. The liquidity programs calmed down, but the unwinding of the FEDs gigantic balance sheet never really happened after 2008. See FED balance sheet over time. So when the world opens again, if they don’t front run increases in interest rates (they won’t) we get $4T of inflation straight to the face, assuming velocity recovers quickly and to bear pre pandemic levels. Propping up the stock market is doing essentially nothing for the economy, except maybe realtors whose clients work at Tesla. That’s because giving money to the rich indirectly by lowering rates and via bank liquidity means they invest it. Stimulus checks are spent immediately and that money has real velocity. Hypothetical bottom up stimulus approach: you buy tendies, grocery store pays suppliers and employees, employees buy shit, suppliers buy shit and pay employees, they buy more shit. That’s some proper monetary velocity right there. You should trust me too, I failed CFA Level II.",3,2021-01-10 00:33:53
gio5nbc,t1_gimphe2,"1.
[If you read this extremely long article, you would realise why inflation is certainly coming and why 2008-2009 crisis response was completely different than this time around.](https://www.lynalden.com/fraying-petrodollar-system/)
Deflation won't be an issue. Government is doing a shit ton of deficit financing(modern monetary theorists are winning) and deflation would wreak havoc on our capability to pay down our debt.

The scale of this deficit financing would almost certainly lead to inflation. Velocity of money has also risen slightly. Fed itself is warning of inflation and has taken the stance that they are ready to accept inflation higher than 2% if the mean is 2%.

People are expecting even more stimulus==more deficit financing.

Also, we are having historic supply shortages in almost all products(unbelievable to think, but it is what it is).

2.

Also, the fed or the government is not really directly propping up the stock market. This is just the result of their actions. They are not directly buying stocks. People are.

Fed action to stabilise the bond market, government spending, low interest rate etc are creating excess liquidity and is indirectly leading to stocks being more attractive than any other investment source. 

Numerous fancy investment vehicles(that must not be named) are crossing one after another record. This points to the possibility that institutional and retail investors are running out of places to invest their money.",3,2021-01-10 01:10:01
gio2qry,t1_gio1eok,"I agree. They're buying up corporate bonds, etc. but this money is mostly not going to make it to employees. Companies should take this money to R&D, and try to raise their revenue to raise their stock prices and increase wages, but most of them are too busy raising their ticker prices through buybacks which do nothing for fundamentals and paying the management. I'm thinking the bottom up approach is better also, but with a lot of money spending avenues stopped due to lock up, maybe they aren't sure how effective it will be?

Only way I'm seeing to survive financially in the looming inflation is like everyone on this sub. Yolo everything to hit it big so I can raise my net worth before this mega inflation hits. If my dollar is going to be worth less, I need to have way more of it and fast lol",3,2021-01-10 00:45:22
gioubws,t1_gio5nbc,I've watched a few of her interviews and they're great. I've been trying to learn more about macroeconomics(?) to get a better grasp of the big picture. Thanks for the discussion/explanation.,1,2021-01-10 04:30:33
