comment_id,comment_parent_id,comment_body,comment_score,created_utc
hhii8z3,t3_qcwp82,"
**User Report**| | | |
:--|:--|:--|:--
**Total Submissions**|2|**First Seen In WSB**|2 months ago
**Total Comments**|2|**Previous DD**|
**Account Age**|3 years|[^scan ^comment ](https://www.reddit.com/message/compose/?to=VisualMod&subject=scan_comment&message=Replace%20this%20text%20with%20a%20comment%20ID%20(which%20looks%20like%20*h26cq3k*)%20to%20have%20the%20bot%20scan%20your%20comment%20and%20correct%20your%20first%20seen%20date.)|[^scan ^submission ](https://www.reddit.com/message/compose/?to=VisualMod&subject=scan_submission&message=Replace%20this%20text%20with%20a%20submission%20ID%20(which%20looks%20like%20*h26cq3k*)%20to%20have%20the%20bot%20scan%20your%20submission%20and%20correct%20your%20first%20seen%20date.)
**Vote Spam (NEW)**|[Click to Vote](https://www.reddit.com/message/compose/?to=VisualMod&subject=vote_spam&message=qcwp82)|**Vote Approve (NEW)**|[Click to Vote](https://www.reddit.com/message/compose/?to=VisualMod&subject=vote_approve&message=qcwp82)",1,2021-10-22 01:20:00
hhiiiky,t3_qcwp82,"Broh, How do you lose money on ASML",13,2021-10-22 01:21:46
hhjnw5d,t3_qcwp82,"No bueno, on to the next one",2,2021-10-22 06:04:43
hhiwe9m,t3_qcwp82,"ASML is European right, only U.S stonks moon!",2,2021-10-22 02:55:22
hhmjxd0,t3_qcwp82,Guh,1,2021-10-22 22:47:08
hhij0oc,t1_hhiiiky,Lol how he doing that the stock going up 🤭,3,2021-10-22 01:25:06
hhijdfp,t1_hhiiiky,Try blackberry,2,2021-10-22 01:27:28
hhjkg12,t1_hhiwe9m,ASML is the European TESLA,6,2021-10-22 05:39:34
hhij463,t1_hhij0oc,"Not enough for that strike, apparently",2,2021-10-22 01:25:46
hhijaks,t1_hhij463,Ah oke bad luck for him,2,2021-10-22 01:26:57
