comment_id,comment_parent_id,comment_body,comment_score,created_utc
h3lmevj,t3_ob5fjq,"
**User Report**| | | |
:--|:--|:--|:--
**Total Submissions**|3|**First Seen In WSB**|4 years ago
**Total Comments**|3|**Previous DD**|
**Account Age**|8 years|[^scan ^comment ](https://www.reddit.com/message/compose/?to=VisualMod&subject=scan_comment&message=Replace%20this%20text%20with%20a%20comment%20ID%20(which%20looks%20like%20*h26cq3k*)%20to%20have%20the%20bot%20scan%20your%20comment%20and%20correct%20your%20first%20seen%20date.)|[^scan ^submission ](https://www.reddit.com/message/compose/?to=VisualMod&subject=scan_submission&message=Replace%20this%20text%20with%20a%20submission%20ID%20(which%20looks%20like%20*h26cq3k*)%20to%20have%20the%20bot%20scan%20your%20submission%20and%20correct%20your%20first%20seen%20date.)",1,2021-07-01 04:08:40
h3ln8nu,t3_ob5fjq,"LET'S FUCKING GO, they absolutely smashed EPS, Rev, and guidance estimates. That's big fucking money. I was in for 1200 shares, and now im taking an investing break like a goddamn king after this lol. Excited to see it smash $90 tomorrow (just my prediction), then I'll take my profits and rest easy.

Micron Technology (MU) reported 3rd Quarter May 2021 earnings of $1.88 per share. The consensus earnings estimate was $1.72 per share on revenue of $7.2 billion. The Earnings Whisper number was $1.78 per share.

The company said it expects fourth quarter earnings of $2.20 to $2.40 per share on revenue of $8.00 billion to $8.40 billion. The current consensus earnings estimate is $2.02 per share on revenue of $7.85 billion for the quarter ending August 31, 2021.

“Micron set multiple market and product revenue records in our third quarter and achieved the largest sequential earnings improvement in our history,” said Micron Technology President and CEO Sanjay Mehrotra. “Our industry-leading 1a DRAM and 176-layer NAND now represent a meaningful portion of our production, and Micron is in the best position ever to capitalize on the long-term demand trends across the data center, intelligent edge and user devices.”

\[insert rocket emojis x100 here\]

EDIT: Looks like the market disagrees! MU also said it was selling off one of its plants, and I think that has investors scared about their ability to continue as they have, despite MU's raising of next quarter's guidance. Only about 100K volume in AH though. We'll see what happens tomorrow morning.",18,2021-07-01 04:14:39
h3lmoe1,t3_ob5fjq,[deleted],13,2021-07-01 04:10:35
h3lnq0s,t3_ob5fjq,[deleted],9,2021-07-01 04:18:09
h3loarn,t3_ob5fjq,"god knows what is going on in AH. First a dump and then some buys to end up nearly flat with with closing price. 

Nice to hear they lined up ASML for EUV tech in the pipeline. Wonder if they will be able to use their knowhow from DUV (at 14nm) to EUV to maintain technological advantage. 

Guidance has gone up and margin as expected has shot up from 40.5% to 46%. 

I read this all as fantastic news but I guess we find out tomorrow.",4,2021-07-01 04:22:09
h3lssvj,t3_ob5fjq,Why are they holding so much cash. Wonder if they are planning an acquisition?,2,2021-07-01 04:54:47
h3lz5gr,t3_ob5fjq,Fuck it send in some 90calls anyways,2,2021-07-01 05:42:59
h3lqxqx,t3_ob5fjq,Bought it when it was at mid price today. Yaya. Like what I heard after hour today.,3,2021-07-01 04:41:14
h3m676r,t3_ob5fjq,Long to the $MUoon!! I have YOLOd this. Apes love chips!,1,2021-07-01 06:39:09
h3m8fhh,t1_h3ln8nu,"You sound bullish on the company, why are you thinking of selling?",2,2021-07-01 06:57:24
h3lumqm,t1_h3ln8nu,"$90 by friday? 

Highly unlikely.",1,2021-07-01 05:08:20
h3lrzlu,t1_h3lnq0s,Good God that is a lot of people from one city working for the same company.,2,2021-07-01 04:48:52
h3ltehr,t1_h3lnq0s,"This is not correct. Micron employs 40K people globally, most of which are not in Boise. And the SE Idaho metro area is closer to 750K people.",2,2021-07-01 04:59:08
h3lscg5,t1_h3loarn,"I'm so anxious about this. I had some calls expiring on 7/2 that I decided to let ride despite time already eating into them at the beginning of the week. Still have expiries on 7/9, 7/16 and 9/17 though. God I hope holding was the right decision.",3,2021-07-01 04:51:26
h3ly81c,t1_h3lssvj,"They sold their Lehi, Utah plant to Texas Instruments. Most likely will reinvest that in new tech",3,2021-07-01 05:35:46
h3lrhm2,t1_h3lqxqx,Do you like the price after hours?,2,2021-07-01 04:45:15
h3lsyax,t1_h3lrzlu,"That's because he's wrong. Micron employs 40k people globally, the majority of which do not work in Boise. Also Boise may be around 240K but the metropolitan area it exists in is closer to 750K.",1,2021-07-01 04:55:53
h3ltyys,t1_h3ltehr,You are correct my friend. I was just using the capital pop as a general reference. This company is very valuable to that area of Idaho.,1,2021-07-01 05:03:22
h3ol3en,t1_h3lscg5,Rip,3,2021-07-01 21:51:29
h3lsq6m,t1_h3lrhm2,I'm not but we still have three hours left tonight.,2,2021-07-01 04:54:15
h3lrnl8,t1_h3lrhm2,"It doesn't matter, I bought shares and not option so I am anticipating going up to $90.",3,2021-07-01 04:46:27
h3ouxxb,t1_h3ol3en,Indeed,1,2021-07-01 23:06:14
