comment_id,comment_parent_id,comment_body,comment_score,created_utc
hgdrwgm,t3_q6s1t2,"
**User Report**| | | |
:--|:--|:--|:--
**Total Submissions**|24|**First Seen In WSB**|8 months ago
**Total Comments**|111|**Previous DD**|[x](https://www.reddit.com/r/wallstreetbets/comments/q4pecy/bux_zero_is_giving_away_free_shares/) 
**Account Age**|8 months|[^scan ^comment ](https://www.reddit.com/message/compose/?to=VisualMod&subject=scan_comment&message=Replace%20this%20text%20with%20a%20comment%20ID%20(which%20looks%20like%20*h26cq3k*)%20to%20have%20the%20bot%20scan%20your%20comment%20and%20correct%20your%20first%20seen%20date.)|[^scan ^submission ](https://www.reddit.com/message/compose/?to=VisualMod&subject=scan_submission&message=Replace%20this%20text%20with%20a%20submission%20ID%20(which%20looks%20like%20*h26cq3k*)%20to%20have%20the%20bot%20scan%20your%20submission%20and%20correct%20your%20first%20seen%20date.)
**Vote Spam (NEW)**|[Click to Vote](https://www.reddit.com/message/compose/?to=VisualMod&subject=vote_spam&message=q6s1t2)|**Vote Approve (NEW)**|[Click to Vote](https://www.reddit.com/message/compose/?to=VisualMod&subject=vote_approve&message=q6s1t2)",1,2021-10-13 02:07:52
hgdtc2d,t3_q6s1t2,Analyst trying to pump stock….. could also be worth $200B,2,2021-10-13 02:17:52
hgdtoiy,t3_q6s1t2,"I hope so, that shit has been tanking.",2,2021-10-13 02:20:14
hgdrshi,t3_q6s1t2,"News posts **must be market moving** and contain **new** information. Please avoid editorializing the title. 

If your post doesn't meet the requirements above, please delete the thread before a mod sees it.

*I am a bot, and this action was performed automatically. Please [contact the moderators of this subreddit](/message/compose/?to=/r/wallstreetbets) if you have any questions or concerns.*",1,2021-10-13 02:07:07
