comment_id,comment_parent_id,comment_body,comment_score,created_utc
h1a28ym,t3_nwnysp,"Nice write up man. What would you consider to be the downsides right now for $AMAT and semis in general? Other than what Cramer thinks.

A good DD should account for a bear thesis as well.",6,2021-06-10 21:46:53
h1a3pyd,t3_nwnysp,"Problem with semi-conductor is chip shortage was priced in back in April. It might prove fruitful for some small gains once Q3/Q4 and '22 quarters start coming in. However, there is a lot of uncertainty around double buys by chip consumers creating some false demand on the foundries.",4,2021-06-10 21:58:09
h1a2ekv,t3_nwnysp,You lost me when you mentioned Cramer. Wish you all the best with $AMAT. Wouldn’t be surprised if I regret not looking closer at it.,2,2021-06-10 21:48:06
h1a527y,t3_nwnysp,I agree. Check out UMC to … super cheap options.,1,2021-06-10 22:08:11
h1a6v5s,t3_nwnysp,If you’re just getting into AMAT you missed the curve. Been holding since 45$.,1,2021-06-10 22:21:33
h1a2h34,t1_h1a28ym,"If data centre and gaming industry demand drops due to people no longer working from home, it could affect these stocks.",3,2021-06-10 21:48:39
h1aaudr,t1_h1a28ym,Bear thesis on semiconductors: If we dont war with china there isnt one. Is that retarded enough?,2,2021-06-10 22:50:00
h1e3rxb,t1_h1a28ym,"An important point is this kind of brewing 'semiconductor cold war' between most of the world and China. It potentially effects TSMC, international relations and the entire semiconducter industry in a huge way.

TSMC is basically unrivaled in the semiconductor space. They've developed their tech and factory for the last 30 years to get it where it is today, and it's really the one single place on earth with the tech and capacity to produce the semiconductors needed to meet the world's demand.

If China took drastic action to try and bring Taiwain back into China as one unified nation, it would have a monumental effect on everything. Some suggest China could invade Taiwain, if they did it could completely destabilise the world. If successful, China would dominate and control the semiconductor industry, the supply of chips would be drastically effected in the short term. We rely on semiconductor chips for almost everything these days, from smartphones and cars, to military technology and transport. Even your coffee machine probably uses one.

While TSMC is the single player right now, countries such as China and the US are positioning themselves to reduce the risk and reliance on 1 company, by investing billions into their own semiconductor industries. Both China and the US have put aside tens of billions to futher their semiconductor tech, but this will take years, maybe decades for them to catch up to TSMC.

So I guess it comes down to how aggressive you think China will be in regards to Taiwain and TSMC, and how aggressive the US and rest of the world are in their response.

Little bit 'doomsday', i'll admit, but it's definitly a consideration to make when investing in the semiconductor industry.",2,2021-06-11 19:33:37
h1a33mo,t1_h1a2ekv,Word! He bugging out!  Cramer said gme and amc were bad stocks.,1,2021-06-10 21:53:26
h1a7nbv,t1_h1a527y,It’s cheap but pretty sure the window has passed. Upside is .10 per share div. downside is it’s basically at target price and has mixed buy/hold analysis.,1,2021-06-10 22:27:13
h9k6bqi,t1_h1a6v5s,oh so puts it is.,2,2021-08-20 01:57:38
h1a33y0,t1_h1a2h34,"That's true.

What about the shortage(s) in the auto industry, and the spillover to other industries too? Drought in Taiwain? 

Idk if these directly impact $AMAT but know it's a problem in the industry. 

On your write ups, I'd consider dedicating a few points to possible downside risks.",3,2021-06-10 21:53:30
h1e8kg4,t1_h1e3rxb,"This is the kind of comment I was looking for to help balance OPs argument for AMAT.

Agreed with the China issue, TSMC is dominant in that space and is facing absorption, should China go that route. 

Good point and I don't think it's out of the scope of reality.",2,2021-06-11 20:24:28
h9krw7u,t1_h9k6bqi,Buy at 128 sell at 144,1,2021-08-20 04:25:44
