comment_id,comment_parent_id,comment_body,comment_score,created_utc
gqcok7x,t3_m1bokv,"Sir, this is a catnip lounge.

*I am a bot, and this action was performed automatically. Please [contact the moderators of this subreddit](/message/compose/?to=/r/wallstreetbets) if you have any questions or concerns.*",1,2021-03-10 01:37:36
gqcp1j4,t3_m1bokv,"I am a bot from /r/wallstreetbets. You submitted one or more banned tickers: FST.

Message /u/zjz if they're above 1.25 billion-ish market cap and not related to crypto/pennies/OTC/SPACs.",1,2021-03-10 01:41:07
gqcrjj3,t3_m1bokv,"First two holdings are cash equivalents.

They use those to manage inflows/outflows.",1,2021-03-10 01:59:14
