comment_id,comment_parent_id,comment_body,comment_score,created_utc
hgqnzdw,t3_q8p8tq,"
**User Report**| | | |
:--|:--|:--|:--
**Total Submissions**|8|**First Seen In WSB**|2 weeks ago
**Total Comments**|1|**Previous DD**|[x](https://www.reddit.com/r/wallstreetbets/comments/q8p8tq/most_anticipated_earnings_releases_for_the_week/) 
**Account Age**|1 year|[^scan ^comment ](https://www.reddit.com/message/compose/?to=VisualMod&subject=scan_comment&message=Replace%20this%20text%20with%20a%20comment%20ID%20(which%20looks%20like%20*h26cq3k*)%20to%20have%20the%20bot%20scan%20your%20comment%20and%20correct%20your%20first%20seen%20date.)|[^scan ^submission ](https://www.reddit.com/message/compose/?to=VisualMod&subject=scan_submission&message=Replace%20this%20text%20with%20a%20submission%20ID%20(which%20looks%20like%20*h26cq3k*)%20to%20have%20the%20bot%20scan%20your%20submission%20and%20correct%20your%20first%20seen%20date.)
**Vote Spam (NEW)**|[Click to Vote](https://www.reddit.com/message/compose/?to=VisualMod&subject=vote_spam&message=q8p8tq)|**Vote Approve (NEW)**|[Click to Vote](https://www.reddit.com/message/compose/?to=VisualMod&subject=vote_approve&message=q8p8tq)
    
Hey /u/08u3a1o, **positions or ban.** Reply to this with a screenshot of your entry/exit.",1,2021-10-15 22:10:03
hgqxgrb,t3_q8p8tq,"$CLF, LG GOING TO DROP THE MIC.",14,2021-10-15 23:17:37
hgr59oc,t3_q8p8tq,CLF will kill it guaranteed.,10,2021-10-16 00:10:50
hgr9lty,t3_q8p8tq,"Netflix cuz squid game numbers.

VFC cuz 1) chart. 2) vans sales are through the roof thanks to squid game.",5,2021-10-16 00:40:40
hgqo9b1,t3_q8p8tq,Tesla earnings? Tesla puts.,9,2021-10-15 22:12:09
hgqo4dn,t3_q8p8tq,"Good job, here is my handshake award",3,2021-10-15 22:11:06
hgqo75b,t3_q8p8tq,Banks have been good so far.  Interesting to see how tech and other big names do.,3,2021-10-15 22:11:42
hgqs7zu,t3_q8p8tq,"Considering $AA printed heavily, do you think $FCX will follow suit?",3,2021-10-15 22:40:46
hgt3zxj,t3_q8p8tq,CROX to the moon?,3,2021-10-16 08:59:32
hgrxe6g,t3_q8p8tq,anyone else think weekly earning reports are kind of useless? The real pump is getting in a month before the earnings and selling for a profit before then. After earning reports are just gambling.,6,2021-10-16 03:23:29
hgsktck,t3_q8p8tq,Netflix going to $700 you heard it here first,2,2021-10-16 06:17:50
hgt4e1j,t3_q8p8tq,wish i had money to sell TSLA puts (cash secured puts),0,2021-10-16 09:03:03
hgqwxd7,t3_q8p8tq,I’m thinking of $HAL. Oil is up,1,2021-10-15 23:13:49
hgse0a1,t3_q8p8tq,Come on HCA!,1,2021-10-16 05:24:22
hgsl0k8,t3_q8p8tq,$SI calls are free money everybody,1,2021-10-16 06:19:28
hgtdkmj,t3_q8p8tq,ACI Calls,1,2021-10-16 10:25:54
hgv7v3z,t3_q8p8tq,This is why we were green this week. Choppy waters may return after earnings season ends.,1,2021-10-16 23:04:33
hgvumv0,t3_q8p8tq,KMI will be interesting as it will give an insight into energy,1,2021-10-17 01:51:38
hgqow1w,t1_hgqo9b1,No Tesla has absolutely crushed this quarter,13,2021-10-15 22:16:55
hgqogky,t1_hgqo9b1,> Tesla is a company that makes electric cars. They are expected to report earnings on Wednesday after the bell.,7,2021-10-15 22:13:42
hgqoc00,t1_hgqo75b,[removed],3,2021-10-15 22:12:43
hgwlwva,t1_hgqs7zu,"With the sustained elevated average copper prices we have seen and the future increasing requirements, I cannot see how $FCX wouldn't crush it.  The amount of copper that is going to be needed in the ICE to EV transformation is huge.  China has a crazy amount of copper reserves that they can dump into the market to quasi-cap prices (and net themselves so good $ gains) but the long-term use just seems amazing.",1,2021-10-17 05:07:46
hgsctoj,t1_hgrxe6g,Investors seem to like them.,2,2021-10-16 05:15:17
hgslmcc,t1_hgsktck,place a ban bet if ur so confident,4,2021-10-16 06:24:20
hgt0tz3,t1_hgsktck,In your dreams 😂😂😂 watch it fly butterfly 860-900 range after earnings announcement,1,2021-10-16 08:31:46
hgty39l,t1_hgsl0k8,Oh man...SI,1,2021-10-16 14:02:17
hgsc1vm,t1_hgqow1w,"Priced in. Hence the move from 700-840. Cybertruck will likely be delayed again. Toss-up imo. Sell atm straddle, me thinks.",6,2021-10-16 05:09:21
hgtia9n,t1_hgsc1vm,"Straddle should work perfectly imo as well.
And prior to m-w should be shorts or puts imo.
Although I know what everyone is going to say here about puts or trying to short Tesla.",1,2021-10-16 11:09:46
