comment_id,comment_parent_id,comment_body,comment_score,created_utc
hbcrao7,t3_pgotqi,"
**User Report**| | | |
:--|:--|:--|:--
**Total Submissions**|4|**First Seen In WSB**|5 months ago
**Total Comments**|5|**Previous DD**|[x](https://www.reddit.com/r/wallstreetbets/comments/pgoqo4/asml_monopoly_tendies/) [x](https://www.reddit.com/r/wallstreetbets/comments/pgotqi/asml_monopoly_tendies/) 
**Account Age**|8 months|[^scan ^comment ](https://www.reddit.com/message/compose/?to=VisualMod&subject=scan_comment&message=Replace%20this%20text%20with%20a%20comment%20ID%20(which%20looks%20like%20*h26cq3k*)%20to%20have%20the%20bot%20scan%20your%20comment%20and%20correct%20your%20first%20seen%20date.)|[^scan ^submission ](https://www.reddit.com/message/compose/?to=VisualMod&subject=scan_submission&message=Replace%20this%20text%20with%20a%20submission%20ID%20(which%20looks%20like%20*h26cq3k*)%20to%20have%20the%20bot%20scan%20your%20submission%20and%20correct%20your%20first%20seen%20date.)
    
Hey /u/lnoteg, **positions or ban.** Reply to this with a screenshot of your entry/exit.",1,2021-09-03 03:26:15
hbcrsot,t3_pgotqi,The growth has been insane for this company.,2,2021-09-03 03:29:33
hbcszlv,t1_hbcrsot,"Seriously and I don't see it slowing down, gonna be a 4 digit stock in no time",1,2021-09-03 03:37:28
