comment_id,comment_parent_id,comment_body,comment_score,created_utc
hahvx0g,t3_pcchyc,"Reddit Inc. has banned Seeking Alpha articles sitewide. It's not us as moderators, pinky promise.

To get around this, please repost your comment/thread with the link removed, and the relevant parts of the article copy and pasted. 

You may wish to also include the link with a space in the domain (e.g. ""seek ingalpha.com/..."") so that readers can investigate and come to their own conclusion.

We apologize for any inconvenience this may have caused.

*I am a bot, and this action was performed automatically. Please [contact the moderators of this subreddit](/message/compose/?to=/r/wallstreetbets) if you have any questions or concerns.*",1,2021-08-27 08:44:19
hahw1rh,t3_pcchyc,I'm a bot from /r/wallstreetbets.                      You submitted a spam domain 'whalewisdom.com' and your submission was removed.,1,2021-08-27 08:45:22
hahwef9,t3_pcchyc,"I memba back when MU was sub $20, if only I’d bought moar.",1,2021-08-27 08:48:05
