comment_id,comment_parent_id,comment_body,comment_score,created_utc
hahxwzk,t3_pccqus,"
**User Report**| | | |
:--|:--|:--|:--
**Total Submissions**|8|**First Seen In WSB**|3 months ago
**Total Comments**|25|**Previous DD**|[x](https://www.reddit.com/r/wallstreetbets/comments/osbr7k/micron_will_eventually_rally_5080_upside_potential/) [x](https://www.reddit.com/r/wallstreetbets/comments/pcchyc/mu_the_most_undervalued_semi_stock_has_2030/) [x](https://www.reddit.com/r/wallstreetbets/comments/p2qjxz/my_second_micronmu_dd_with_its_great_entry_for/) [x](https://www.reddit.com/r/wallstreetbets/comments/pccn95/mu_the_most_undervalued_semi_stock_has_2030/) [x](https://www.reddit.com/r/wallstreetbets/comments/pccqus/mu_the_most_undervalued_semi_stock_has_2030/) [x](https://www.reddit.com/r/wallstreetbets/comments/o4qdcj/micron_dd_easiest_and_briefest_explanation_for/) [x](https://www.reddit.com/r/wallstreetbets/comments/naev28/regional_health_properties_rhe_will_soar_tomorrow/) 
**Account Age**|4 months|[^scan ^comment ](https://www.reddit.com/message/compose/?to=VisualMod&subject=scan_comment&message=Replace%20this%20text%20with%20a%20comment%20ID%20(which%20looks%20like%20*h26cq3k*)%20to%20have%20the%20bot%20scan%20your%20comment%20and%20correct%20your%20first%20seen%20date.)|[^scan ^submission ](https://www.reddit.com/message/compose/?to=VisualMod&subject=scan_submission&message=Replace%20this%20text%20with%20a%20submission%20ID%20(which%20looks%20like%20*h26cq3k*)%20to%20have%20the%20bot%20scan%20your%20submission%20and%20correct%20your%20first%20seen%20date.)",1,2021-08-27 09:00:03
hahyo3a,t3_pccqus,"For all you 2020/2021 fucks, MU was the meme stock Dejour around here for a long time 2018/2019.",82,2021-08-27 09:05:58
haiteux,t3_pccqus,This stock is always cheap. For like 20 years running. Because it’s MU. Good luck tho,26,2021-08-27 13:28:50
haib7uv,t3_pccqus,MU gang represent.,17,2021-08-27 10:44:58
haid03f,t3_pccqus,"Earnings report should flip sentiment back to being positive. Their products are cyclical, but one of their largest segments goes into autos, which will need them for awhile. Demand is strong and cash is solid, so much so that the board will be participating in “opportunistic buybacks”, on top of the recent dividend issuance. People here don’t know as much as they like to think. As you stated, big money is still long on this one…and the Morgan Stanley puts will not be printing.

All of that being said, it is still MU. So who fucking knows.",16,2021-08-27 10:59:33
hai43na,t3_pccqus,Only long time WSB members know how this plays out,49,2021-08-27 09:49:12
hai1idx,t3_pccqus,"I love the DD posts that look really thorough and well done because I don't even have to read any of it, I just buy puts and profit.  Thanks in advance!",38,2021-08-27 09:28:37
hai09qb,t3_pccqus,But do they sell used videogames?,32,2021-08-27 09:18:47
haijojz,t3_pccqus,"Been there and lost money on MU, you’re like 3 years late.",5,2021-08-27 11:56:45
halurqe,t3_pccqus,90c back on the menu!!!,5,2021-08-28 05:17:41
hanifbb,t3_pccqus,You had me at the moment you described RSI wrong. I'm in.,5,2021-08-28 14:04:53
haks8l9,t3_pccqus,Marty??,4,2021-08-28 00:52:16
hai57jb,t3_pccqus,"I've been in MU since 2017. I think your time frame is too aggressive. Micron is still too cyclical

  
Based on current market sentiment, and with it's current price of $72, I would estimate 20-30% upside potential in 6\~9 months, 70-100% upside potential in 1.5\~2 years as possibilities.",11,2021-08-27 09:57:53
haiarzb,t3_pccqus,"did some call spreads recently. bought $72.5, wrote $77.5 expiring 12/17. $2.08 premium each - should work out",3,2021-08-27 10:41:23
hajcnzb,t3_pccqus,"Thanks for the DD. I am a big fan since some month only, bought the dip after earnings drop. Even here in Germany $MU got a very very strong buy recommendation by the main media due to its superlow price range and huge upwards potential.",3,2021-08-27 17:50:24
hak8j6d,t3_pccqus,"You ever hear the tragedy of MU, the lost continent? I thought not. It is a Sith legend.",3,2021-08-27 22:41:13
hai0k03,t3_pccqus,Value of company inflated due to chip shortage demands imo. Once those demands are met people won’t value the company as much.,6,2021-08-27 09:21:01
haico7u,t3_pccqus,So we’re just going to ignore that one fucking analyst said there isn’t a dram shortage and micron tanked because of it…It’s all bullshit,2,2021-08-27 10:56:48
haj7nj7,t3_pccqus,Be careful getting calls if you’re value investing into micron. Your calls can expire before valuations adjust to upside. LEAPs work better here,2,2021-08-27 16:38:18
hak56zb,t3_pccqus,No,2,2021-08-27 22:18:19
hakgmoh,t3_pccqus,I loaded up on shares yesterday since the P/E is so attractive relative to others in the space.,2,2021-08-27 23:35:51
hai5ay5,t3_pccqus,"Your thesis is good,  but your timing is wrong.  Memory chips are cyclical,  and it's on the backside of the peak right now.  MU is a great company,  and they took a hit after recent ER because of heavy capex investment.  Sit on this,  wait for the price to reach a trough,  and in the meantime their capex investment starts to produce results.  I'd say 12-18 months from now is buying time.",4,2021-08-27 09:58:38
hajkl13,t3_pccqus,"> ...experienced apes know that you never buy overvalued stocks...    
      
Experienced apes know to not buy MU.      
     
No sentiment had changed. It's still in it's downward channel on its way to sub $50. China shit on MU, Trump shit on MU, and now Biden is shitting on MU.     
     
Tldr: OP button mashes the Grindr app.",2,2021-08-27 19:27:06
hahzxkf,t3_pccqus,MU is heavily dependent on price of Bitcoin. So….,-8,2021-08-27 09:16:04
haiwm7f,t3_pccqus,no freaking way... the semi is running out of gas.  everybody under the sun has been buying semi stocks for the last 12 months and the run will be over soon.,1,2021-08-27 14:06:09
hajbq3t,t3_pccqus,Nah,1,2021-08-27 17:37:23
hak0t94,t3_pccqus,Run.,1,2021-08-27 21:47:06
hakb9rt,t3_pccqus,So basically this is bad for MU,1,2021-08-27 22:59:43
hakbjca,t3_pccqus,two resistence level have been taken: $72.80 and 73.28 ! Since then it skyrockets like never before. Finally the beast has been unleashed.[$MU today](https://imgur.com/a/JiUBzDr),1,2021-08-27 23:01:32
hanmmjp,t3_pccqus,Your history suggests you dont stfu about MU over the long period its been dying,1,2021-08-28 15:00:04
has5mhz,t3_pccqus,Marty?,1,2021-08-29 16:24:27
hckvt5y,t3_pccqus,No,1,2021-09-13 00:37:42
hla1uum,t3_pccqus,And just like that you are on to something,1,2021-11-20 01:34:32
hlfm5eh,t3_pccqus,earnings 12/20,1,2021-11-21 05:41:37
hai2ec2,t3_pccqus,U talk like a hedge dung shill,-4,2021-08-27 09:35:42
hai48wl,t1_hahyo3a,The good ol' MU August 90C days. Never Forget,30,2021-08-27 09:50:19
hajqbu8,t1_hahyo3a,A graveyard of OG wsbs just got ptsd from this post,15,2021-08-27 20:23:19
haiprfj,t1_hahyo3a,GOD please dont remind me. PTSD from that shit.,9,2021-08-27 12:52:28
hakohft,t1_hahyo3a,Shiiitttt don't forget Sue Bae days,7,2021-08-28 00:27:29
halfiz7,t1_hahyo3a,Are you a crusader kings player ?  I've never heard de jour used in everyday convo,5,2021-08-28 03:30:25
hajl944,t1_haiteux,That's not true. I was on the wild ride back in 2000. It was expensive AF for about a month....twenty years ago.,8,2021-08-27 19:34:08
has5ozq,t1_haib7uv,You're assuming the MU $90C crew is still alive,5,2021-08-29 16:25:27
hfmq7rq,t1_haid03f,Hahah.. Earnings report did NOT flip sentiment to positive.  Guidance in 1Q is fucked because they are pricing in struggles that end consumers are having and Wall St. analysts apparently didn't.,1,2021-10-07 01:58:55
haizy9e,t1_hai43na,"Squidward-MU

Patrick/Spongebob-AMD/NVDA",8,2021-08-27 14:49:28
hak02p6,t1_hai43na,I’ve seen this movie before,3,2021-08-27 21:41:49
haks157,t1_hai1idx,Wow brutal,6,2021-08-28 00:50:55
hasa4o7,t1_hai1idx,"RemindMe! One month. 

I’ve always lurked here and wanted to do that but I’m starting with this one.",6,2021-08-29 17:31:15
hajl0bv,t1_hai09qb,"They're in video games, movie theaters, and cyber trucks.        
     
...and still somehow one of the shittiest stocks available.",6,2021-08-27 19:31:36
haicv2f,t1_haiarzb,"Like this risk/reward a lot. I had 75/80-- and closed the 80 leg on the dip. Maybe I shouldn't have, but still feeling good.",3,2021-08-27 10:58:22
hakux10,t1_haiarzb,Spreads are definitely the way to go with MU. This stock doesn't follow fundamentals at all and getting theta banged is not fun.,1,2021-08-28 01:09:55
hakr6y9,t1_hajcnzb,"Three years is like three WSB generations, plenty of time for us to forget the pain.",3,2021-08-28 00:45:24
hbhipfl,t1_hajcnzb,I continue to be optimistic.. $74 seems to be unbreakeable for the moment. Next week is another week…,2,2021-09-04 03:56:10
hajwwde,t1_hajcnzb,In some minutes we will if the positive trend continues 👏🏻👏🏻🍆🚀,1,2021-08-27 21:17:59
hai5hfa,t1_hai48wl,What's old is new again.  I lost a shitton on most recent ER with 90c's,13,2021-08-27 10:00:02
hals37e,t1_halfiz7,Your ears are welcome.,3,2021-08-28 04:58:12
hfmzbr7,t1_hfmq7rq,💀💀,1,2021-10-07 03:05:00
hasa6el,t1_hasa4o7,"I will be messaging you in 1 month on [**2021-09-29 09:31:15 UTC**](http://www.wolframalpha.com/input/?i=2021-09-29%2009:31:15%20UTC%20To%20Local%20Time) to remind you of [**this link**](https://www.reddit.com/r/wallstreetbets/comments/pccqus/mu_the_most_undervalued_semi_stock_has_2030/hasa4o7/?context=3)

[**CLICK THIS LINK**](https://www.reddit.com/message/compose/?to=RemindMeBot&subject=Reminder&message=%5Bhttps%3A%2F%2Fwww.reddit.com%2Fr%2Fwallstreetbets%2Fcomments%2Fpccqus%2Fmu_the_most_undervalued_semi_stock_has_2030%2Fhasa4o7%2F%5D%0A%0ARemindMe%21%202021-09-29%2009%3A31%3A15%20UTC) to send a PM to also be reminded and to reduce spam.

^(Parent commenter can ) [^(delete this message to hide from others.)](https://www.reddit.com/message/compose/?to=RemindMeBot&subject=Delete%20Comment&message=Delete%21%20pccqus)

*****

|[^(Info)](https://www.reddit.com/r/RemindMeBot/comments/e1bko7/remindmebot_info_v21/)|[^(Custom)](https://www.reddit.com/message/compose/?to=RemindMeBot&subject=Reminder&message=%5BLink%20or%20message%20inside%20square%20brackets%5D%0A%0ARemindMe%21%20Time%20period%20here)|[^(Your Reminders)](https://www.reddit.com/message/compose/?to=RemindMeBot&subject=List%20Of%20Reminders&message=MyReminders%21)|[^(Feedback)](https://www.reddit.com/message/compose/?to=Watchful1&subject=RemindMeBot%20Feedback)|
|-|-|-|-|",2,2021-08-29 17:32:01
hakr0t4,t1_hajl0bv,Weren't they started or bought by am Idaho potato farmer at some point?  So calls on potatoes futures or however those ones work.,1,2021-08-28 00:44:16
