comment_id,comment_parent_id,comment_body,comment_score,created_utc
herryrd,t3_py4ojg,"News posts **must be market moving** and contain **new** information. Please avoid editorializing the title. 

If your post doesn't meet the requirements above, please delete the thread before a mod sees it.

*I am a bot, and this action was performed automatically. Please [contact the moderators of this subreddit](/message/compose/?to=/r/wallstreetbets) if you have any questions or concerns.*",1,2021-09-30 05:04:49
hers1dm,t3_py4ojg,"I am a bot from /r/wallstreetbets. Your submission was removed. News should be a screenshot or link to a news story, can't be a text post.",1,2021-09-30 05:05:19
