comment_id,comment_parent_id,comment_body,comment_score,created_utc
gjomq9z,t3_kzlxmu,"up vote - I'll take a look into this.

3/19/2021 $450 strike for ADBE currently trading at 28.35 x 28.80

Pin this so we can see how autistic you are",20,2021-01-18 11:28:04
gjomr1s,t3_kzlxmu,I'm voting just because we need more posts other than GME its getting a bit much,18,2021-01-18 11:28:17
gjomr7v,t3_kzlxmu,[deleted],11,2021-01-18 11:28:20
gjopjdw,t3_kzlxmu,"I see why you suggest this with a strong support line on its current price. However, it might be better to look for a reversal from its downtrend before making this play. Especially if you’re looking for a play in March.

Scenario 1: buy option a bounce from downtrend occurs - option becomes profitable or
 Buy option a bounce from downtrend doesn’t occur - option loses value

Scenario 2: wait to buy option a bounce occurs- bounce occurs option gains value but not as much as scenario 1 or Wait to buy option a bounce does not occur, keep lost value from option in scenario 1...bounce occurs enter position.",4,2021-01-18 11:55:52
gjomng9,t3_kzlxmu,"Cool, was going to get a position in Adobe too but wasn't sure if I wanted commons",3,2021-01-18 11:27:17
gjorkuf,t3_kzlxmu,I like swing plays like this. I’ll probably enter a position Thursday.,2,2021-01-18 12:16:40
gjoofkw,t3_kzlxmu,this is shit,0,2021-01-18 11:44:49
gjoowmk,t1_gjomq9z,"Post history should speak for itself. 

Again though, and where most people go wrong with my posts, I’m not telling you to hold till new highs, or hold till expiration. How long you want to hold once you pass that profit threshold is purely up to you.",5,2021-01-18 11:49:36
gjzdkec,t1_gjomq9z,"Hope next time you get involved bud, this one paid quick.",2,2021-01-21 04:15:51
gjoq34w,t1_gjomq9z,"Lol ain't no one here buying this crap, stick to GME and BB guys",1,2021-01-18 12:01:28
gjone7u,t1_gjomr7v,Peanut?,4,2021-01-18 11:34:33
gjor5eo,t1_gjopjdw,"Absolutely. 

As discussed in the post, it could continue to fall. Those flatline periods typically last about two weeks to a month with Adobe, which is why I’m confident with March. 

You’re spot on though, good to see someone looking at my post like it’s not the Ten Commandments.",3,2021-01-18 12:12:16
gjot4mt,t1_gjorkuf,"Yeah I’m not against waiting longer, think a mid March EXP is safe though given what I’ve been seeing.",2,2021-01-18 12:32:53
gjopd7m,t1_gjoofkw,"People say this about all my posts, but anyone that understands option fundamentals and coefficients knows why it’s a strong play. 

It’s why you and all the others are always wrong.",4,2021-01-18 11:54:09
gjopmr7,t1_gjoowmk,Per your post history you called out various losers over the past few months. CRM/BABA... etc. I'd rather buy GME LOL,1,2021-01-18 11:56:51
gjzp6aj,t1_gjzdkec,Nice move- I’d sell the move,1,2021-01-21 05:41:09
gjoqcdz,t1_gjoq34w,Squeeze in some $BBBY ;-),1,2021-01-18 12:04:04
gjontwu,t1_gjone7u,ryan cohen tweeted a nut emoji and now GME goes to 6942.00 Tuesday,5,2021-01-18 11:38:47
gjoo2rs,t1_gjone7u,Ohh yeah that sweet sweet 🥜,3,2021-01-18 11:41:15
gjoqrem,t1_gjopmr7,"Glad you said this, because it’s exactly what I’m talking about man. I’m not betting on a stock, I’m betting on an option. Look at my post dates, and listen to what I’m telling you. 

I said buy CRM near open on 12/2. From it’s low on that date, it rose 15 points. 

I said buy BABA on either 11/17 or 11/18, it proceeded to rise 30 points. 

This is why I don’t provide sell dates. Because I’m not here to baby you, and tell you when to stop being greedy. Everyone that listened had the opportunity to take profit. I’m telling you that the position will be green, whether you want to continue to hold isn’t my problem. You don’t trade options like their stock, because they aren’t.",13,2021-01-18 12:08:16
gjzwml0,t1_gjzp6aj,"Lol, thanks for the advice, always good to get recommendations from a guy that trades options on meme stocks like GME, and has no idea what he’s doing.",2,2021-01-21 06:38:29
gjorden,t1_gjoqrem,too many words,1,2021-01-18 12:14:30
gk00tfh,t1_gjzwml0,Yeah your right take that $500 gain and roll it - ya goon,1,2021-01-21 07:12:53
gk05owu,t1_gjzwml0,Yur stupid thread was removed too yur broke lmao. My house is paid off in cash. I’ll buy out ur mom,1,2021-01-21 07:53:47
gjosusg,t1_gjorden,That’s what I thought hahahah,5,2021-01-18 12:29:58
gk0517b,t1_gk00tfh,"You live in a world of weeklies on garbage, the shit you say makes that so obvious. It’s a March expiration, why don’t you look at the stock’s average high and lows? It doesn’t matter if the stock goes down tomorrow, or for another month. A rudimentary analysis clearly shows a logical sell point is at 485-500, and that it will hit it’s previous high typically between every three weeks to a month. 

There is no rolling, there’s just logic. I also put a minimum of 10k on all my posted option positions. I made more money today then you make in a month, guaranteed. But hey don’t take my word for it; Finance and investment is just a hobby, I do advanced mechanics for a living. 

Keep your dumbass off my posts.",4,2021-01-21 07:48:10
gk06uax,t1_gk05owu,"I don’t give a shit if your piece of shit house was paid off in cash? I could buy ten of whatever home you live in idiot. 

You’re so fucking dumb you think doing mechanics and being a mechanic are the same thing. I calculate overburden pressures for variable concrete and form work systems. I’m a certified civil engineer and project manager. My job involves making sure the bridges and overpasses you drive on can withstand variable dead and live loads, weather, earthquakes for the next 100 years, and make sure my company meets those requirements for as cheap as possible and without delay.",3,2021-01-21 08:03:37
gk05ld1,t1_gk0517b,You’ll be broke in a week ya dumb mechanic,2,2021-01-21 07:52:59
gq2brea,t1_gk0517b,This made me laugh so hard. I was just analyzing this trade I couldn't afford back in Feb on ToS thinkBack. The context for this comment thread has me cackling. Cheers!,1,2021-03-07 12:01:59
gk0754c,t1_gk06uax,So basically u live in ur grandmas basement and get upset when u only make $500 on ur overpriced calls that will expire worthless? Lol rat,1,2021-01-21 08:06:12
gk08r1d,t1_gk06uax,An algorithm does ur job and calculations - you are an office worker - ur not changing the world - better max out that 401k that’s ur only chance at survival ya rat,1,2021-01-21 08:20:08
gk08l6v,t1_gk0754c,"Yeah I’m sure someone that can’t even spell or use grammar knows a lot about being a PM or a CE. 
Well they pay me about $5,000 a week to be a button pusher. Damn I wish the robots were an actual reality, then I could just manage people on projects instead of doing advanced three-dimensional physics and analytics all day to make sure nobody dies during or after the construction process. 

You can keep trying, but people like me can’t be offended by people like you.",4,2021-01-21 08:18:43
gk09eg2,t1_gk08r1d,"Actually every construction project has extremely different variables. Location, altitude, soil composition, weather, traffic, pedestrians, other trades, you name it man the list goes on and on, and I must meet the schedule. There is absolutely no algorithm that can take in these variables the way I can see them walking on the site, there’s resources that can speed it up, but it all has to be vertically integrated for the specific project.",2,2021-01-21 08:25:41
gk09j8e,t1_gk09eg2,"Dude ur too serious lol - I’m literally a millionaire, and honestly don’t give a fk about ur rat race job - sucker - I’ll enjoy my free time on this earth while u trade ur time for paper money - fool",1,2021-01-21 08:26:47
gk0dbnc,t1_gk09j8e,"You’re not though, unless it’s inherited, otherwise you wouldn’t be buying weekly GME calls and thinking it’s normal to only purchase one call.",3,2021-01-21 08:59:05
gk0dt8e,t1_gk0dbnc,Yeah it’s inherited & gained cause my family isn’t retarded Democrats like yours,1,2021-01-21 09:03:21
gk0gvon,t1_gk0dt8e,This is easily one of the most pathetic and uneducated things I’ve read in a while hahaha.,6,2021-01-21 09:29:42
gk0hukh,t1_gk0gvon,Have fun at work tomorrow you scrub,1,2021-01-21 09:37:59
gk52yi1,t1_gk0gvon,nice .49% gain on ADBE today boss man. My stock only went up 7.61% $BBBY - youll be a wrench turning mechanic forever ya rat,1,2021-01-22 12:03:38
gk9e1ke,t1_gk52yi1,"In terms of real value with options (Value on 0 DTE): 1 point=$100. 

Percentage change on the stock value means nothing, that’s why it’s called trading on derivative. I know you’re an uneducated idiot who lives off his dad’s hard work, and calls it being a republican, but come on man you got nothing else to learn about? Also access to the internet? Why not learn the basics? 

Your stock price would of had to increase by about 37% from Wednesday to reciprocate the real value gained from Adobe since the same day. Like I said before, we aren’t trading stock, we’re trading options. 

Since this is the last response I’m ever gracing you with; I hope you made good money today man, but just be careful riding the bandwagon on the OTM call option- short busts this sub loves. I’d recommend learning how to protect your positions, or just buy ITM so you don’t lose your ass. You can lose 75% of all your gains in one down day if you’re buying OTM. Use your head and don’t waste your pops money.",6,2021-01-23 07:50:15
