comment_id,comment_parent_id,comment_body,comment_score,created_utc
hosc9pv,t3_rhshws,"
**User Report**| | | |
:--|:--|:--|:--
**Total Submissions**|2|**First Seen In WSB**|9 months ago
**Total Comments**|1|**Previous DD**|
**Account Age**|3 years|[^scan ^comment ](https://www.reddit.com/message/compose/?to=VisualMod&subject=scan_comment&message=Replace%20this%20text%20with%20a%20comment%20ID%20(which%20looks%20like%20*h26cq3k*)%20to%20have%20the%20bot%20scan%20your%20comment%20and%20correct%20your%20first%20seen%20date.)|[^scan ^submission ](https://www.reddit.com/message/compose/?to=VisualMod&subject=scan_submission&message=Replace%20this%20text%20with%20a%20submission%20ID%20(which%20looks%20like%20*h26cq3k*)%20to%20have%20the%20bot%20scan%20your%20submission%20and%20correct%20your%20first%20seen%20date.)
**Vote Spam (NEW)**|[Click to Vote](https://www.reddit.com/message/compose/?to=VisualMod&subject=vote_spam&message=rhshws)|**Vote Approve (NEW)**|[Click to Vote](https://www.reddit.com/message/compose/?to=VisualMod&subject=vote_approve&message=rhshws)",1,2021-12-16 23:01:47
hose808,t3_rhshws,itll prob come up by then,4,2021-12-16 23:15:22
hosskg5,t3_rhshws,I will never understand Adobe. They unstabe as shit but they have almost a monopoly Market.,4,2021-12-17 00:50:21
hosov7v,t3_rhshws,Damn ate up your gains too I got fucked in QCOM calls in 10 seconds 2.5k gone,3,2021-12-17 00:26:25
hoscici,t3_rhshws,Yum,2,2021-12-16 23:03:29
hose5xv,t3_rhshws,You and me both,2,2021-12-16 23:14:58
hosqefa,t3_rhshws,Go boy get owned,2,2021-12-17 00:36:27
hosqpqm,t3_rhshws,"Tough miss, sorry to hear brother.",2,2021-12-17 00:38:32
hotlniz,t3_rhshws,![img](emote|t5_2th52|4266)![img](emote|t5_2th52|4267),2,2021-12-17 03:58:53
hotq9i4,t3_rhshws,"I see what the problem is, you bought Adobe",2,2021-12-17 04:28:50
houpzzr,t3_rhshws,"Damn, been wanting to play Adobe for a while. Did a quick call in and out this morning when it dumped. Sorry for you lose, now go behind the Wendy dumpster.",2,2021-12-17 08:37:35
hote3t2,t3_rhshws,One of the worse options plays. Congrats.,1,2021-12-17 03:09:19
howydmi,t3_rhshws,The next ORCL they said.,1,2021-12-17 21:28:05
houlko6,t1_hose808,"If you believe that then buy in, those are a 50 bagger if the top leg finishes ITM, just sayin",2,2021-12-17 08:03:54
hotlyoj,t1_hosov7v,I feel for you. I was in the money for 12/17 at close yesterday too.,1,2021-12-17 04:00:53
hotm1ul,t1_hote3t2,Why are you saying it was the worst option plays?,1,2021-12-17 04:01:28
howvs0c,t1_houlko6,"im deff buying shares at this discount

possibly options for next week. depends on mood",1,2021-12-17 21:06:01
