comment_id,comment_parent_id,comment_body,comment_score,created_utc
hf4e5df,t3_pzzq5j,"
**User Report**| | | |
:--|:--|:--|:--
**Total Submissions**|3|**First Seen In WSB**|5 months ago
**Total Comments**|390|**Previous DD**|
**Account Age**|3 years|[^scan ^comment ](https://www.reddit.com/message/compose/?to=VisualMod&subject=scan_comment&message=Replace%20this%20text%20with%20a%20comment%20ID%20(which%20looks%20like%20*h26cq3k*)%20to%20have%20the%20bot%20scan%20your%20comment%20and%20correct%20your%20first%20seen%20date.)|[^scan ^submission ](https://www.reddit.com/message/compose/?to=VisualMod&subject=scan_submission&message=Replace%20this%20text%20with%20a%20submission%20ID%20(which%20looks%20like%20*h26cq3k*)%20to%20have%20the%20bot%20scan%20your%20submission%20and%20correct%20your%20first%20seen%20date.)
**Vote Spam (NEW)**|[Click to Vote](https://www.reddit.com/message/compose/?to=VisualMod&subject=vote_spam&message=pzzq5j)|**Vote Approve (NEW)**|[Click to Vote](https://www.reddit.com/message/compose/?to=VisualMod&subject=vote_approve&message=pzzq5j)",1,2021-10-03 01:40:53
hf4wobt,t3_pzzq5j,"ZM - We're Skype, but for the pandemic.",38,2021-10-03 03:55:00
hf5dd1u,t3_pzzq5j,"PLTR - a few smart people are pretty sure they kinda know what we do, and that should be enough for you.",29,2021-10-03 05:56:04
hf4fx0o,t3_pzzq5j,BABA- Jack Ma is definitely not dead,50,2021-10-03 01:53:21
hf4pmhf,t3_pzzq5j,NKLA - gravity is the future,37,2021-10-03 03:03:46
hf4mdzv,t3_pzzq5j,PTON - You're fat because your bike doesn't require a subscription.,30,2021-10-03 02:39:59
hf58hur,t3_pzzq5j,XOM: You'll never be rid of us.,8,2021-10-03 05:20:18
hf5k2yz,t3_pzzq5j,TSLA: Wanna see a car and a sex robot make a baby?,9,2021-10-03 06:45:22
hf5grta,t3_pzzq5j,PFE: Missed your chance to sell at $50? Don't worry you'll get another one in 2037.,8,2021-10-03 06:21:04
hf5plk6,t3_pzzq5j,GOEV - If Tesla looked like a toaster,8,2021-10-03 07:26:30
hf4k22x,t3_pzzq5j,HOOD - We admit to always improving.,21,2021-10-03 02:23:14
hf572f4,t3_pzzq5j,"SDC - if we ain’t fucking up yo teeth, we fucking up your unrealized pennies",6,2021-10-03 05:09:42
hf5yfi7,t3_pzzq5j,TMC---.  Take my currency 🤣🤣🤣😂😂,7,2021-10-03 08:32:55
hf4h5w8,t3_pzzq5j,"SNDL, you get high so we don't have to.",24,2021-10-03 02:02:19
hf4jgld,t3_pzzq5j,WMT - killing small business since like forever basically.,12,2021-10-03 02:19:02
hf4hik6,t3_pzzq5j,[deleted],12,2021-10-03 02:04:54
hf5730j,t3_pzzq5j,ZOOM - Because seeing ppl in person is the problem.,5,2021-10-03 05:09:50
hf5j4hn,t3_pzzq5j,TMC- when you feel like drowning your money,4,2021-10-03 06:38:14
hf5si70,t3_pzzq5j,Wish- after ipo how low can we go,3,2021-10-03 07:48:08
hf62o3j,t3_pzzq5j,AMD - we once were a meme stock.,4,2021-10-03 09:04:45
hf5d0g2,t3_pzzq5j,VIAC - we will be worth exactly 39.98 for eternity. I dare you to buy a $40 call.,10,2021-10-03 05:53:33
hf4kql6,t3_pzzq5j,Palantir- “we totally arent dunking our balls in that gold we bought”,9,2021-10-03 02:28:06
hf4nkmz,t3_pzzq5j,Fractional share of BRKA so you can honestly say you are a Berkshire Hathaway shareholder to get the Geico discount.,8,2021-10-03 02:48:43
hf4esm0,t3_pzzq5j,"Msft, massive soft fat titties",13,2021-10-03 01:45:24
hf4vdi7,t3_pzzq5j,"CDFT - Deep down inside, you're a young boy from Bavaria too",3,2021-10-03 03:45:37
hf5ez12,t3_pzzq5j,Apple spent years with the open button for their disk drives on their keyboard. That's innovative as fuck. Throughout history we've put thinks like doorknobs on the actual doors themselves and not the opposite wall.,3,2021-10-03 06:07:52
hf60bgl,t3_pzzq5j,PLTR - our evaluation is almost as crazy as our CEO,3,2021-10-03 08:46:51
hf8htt3,t3_pzzq5j,"AMC - Only way to get free Popcorn for Life. Ooor until we file Chapter 11, bitches.",3,2021-10-03 23:33:06
hf5axpd,t3_pzzq5j,"SNDL; stock price is like buying an ounce and receiving a gram 

BB; the more partnerships we get, the lower our stock price goes",5,2021-10-03 05:38:16
hf4u37x,t3_pzzq5j,Clov - we gonna squeeze any moment now,7,2021-10-03 03:36:09
hf4g30k,t3_pzzq5j,Canopy Growth- Would you care for some mold with your weed?,5,2021-10-03 01:54:33
hf4s5a5,t3_pzzq5j,PLTR - We’re a secret CIA-funded company that likes to dump its bags on Palantards.,4,2021-10-03 03:22:06
hf67ick,t3_pzzq5j,"GME- Failing brick and mortar, not profitable, diluted shares to raise cash to “transform”, fired whole board. But hey they shorted the fuck out of it so let’s squeeze this bitch.",4,2021-10-03 09:42:43
hf55lin,t3_pzzq5j,NAT - all that oils gotta go somewhere right?,2,2021-10-03 04:59:09
hf5z2ug,t3_pzzq5j,"TQQQ: when you're too dumb/smart to get your own leverage

UVXY: the crippled idiot child who signals the apocalypse

UDOW: the stock equivalent of your grandfather on Adderall

SOXL: I may dump, I may crab, but without me you're going back to the cave",2,2021-10-03 08:37:42
hf6cxuz,t3_pzzq5j,"Tilray about to be squeezed a third time, crazy shorted again…",2,2021-10-03 10:27:19
hf6gfp9,t3_pzzq5j,TOST - The other payment processor at local restaurants that isn’t square,2,2021-10-03 10:56:20
hf6kiv4,t3_pzzq5j,"INDI - Hey your electric car needs more lasers on it, have some chips. Pew pew pew.",2,2021-10-03 11:31:14
hf8du6q,t3_pzzq5j,"MRK, 50% of the time you won’t die.",2,2021-10-03 23:03:00
hf8g68b,t3_pzzq5j,FLWS - “I’m sorry”,2,2021-10-03 23:20:35
hf9gpj6,t3_pzzq5j,PLTR - we are hemorrhaging more money every year but don't pay attention to that,2,2021-10-04 03:33:52
hf5nr1o,t3_pzzq5j,MVIS - we develop essential best in class tech that no one is interested in buying,5,2021-10-03 07:12:45
hf4em4f,t3_pzzq5j,"BLK - FED do not support us, we support FED.",3,2021-10-03 01:44:10
hf4pd6z,t3_pzzq5j,MSFT - All your base are belong to us,3,2021-10-03 03:01:52
hf4s2fz,t3_pzzq5j,"PLTR - don't ask what we do, it's classified",3,2021-10-03 03:21:33
hf5naa8,t3_pzzq5j,BBBY - Best Buy and Beyond,2,2021-10-03 07:09:16
hf4tkjb,t3_pzzq5j,TTCF - what you think - millennials with save the earth body art. Reality - prison tats and tramp stamps,-1,2021-10-03 03:32:25
hf5w66k,t3_pzzq5j,SPCE - We definitely went to space.,1,2021-10-03 08:15:52
hf5mt5d,t3_pzzq5j,GME - we sell stock to people who don’t want to buy it,-4,2021-10-03 07:05:43
hf5gn1w,t1_hf4wobt,ZM - The only subtitle you need for formula one.,8,2021-10-03 06:20:08
hf6aljo,t1_hf5dd1u,PLTR: Just sell the $25 calls and be done with it,3,2021-10-03 10:07:46
hf6em1g,t1_hf5dd1u,PLTR - The Lives of Others.,2,2021-10-03 10:41:11
hf5g73x,t1_hf4fx0o,BABA - The revenge of 40 thieves.,7,2021-10-03 06:16:53
hf5w25f,t1_hf5grta,">Implying there won't be another health crisis in 2 years, and every 2-3 years after that.

We used to judge politicians on employment and crime. Get ready for politicians getting judged on ""number affected/number dead"" ratios",1,2021-10-03 08:15:00
hf4wzsw,t1_hf4k22x,Lmao I remember that,4,2021-10-03 03:57:17
hf55swm,t1_hf4h5w8,"SNDL, balance your high with our lows",8,2021-10-03 05:00:35
hf4z7rb,t1_hf4hik6,Where no means yes also,1,2021-10-03 04:13:19
hf582nd,t1_hf5730j,Do you mean ZOOM or ZM? Because you know…https://time.com/5792310/zoom-zm-stocks-coronavirus/,2,2021-10-03 05:17:09
hf62cyz,t1_hf5d0g2,Cries in $65c for January that will never be.,1,2021-10-03 09:02:21
hf69nrx,t1_hf5d0g2,My January 45 calls are dying a slow death.,1,2021-10-03 10:00:01
hf56imq,t1_hf4kql6,"PLTR - we can do anything with data.  Except make money.  We can't actually make money with data.  But anything else, we're that guy.",11,2021-10-03 05:05:43
hf4je06,t1_hf4esm0,You are supposed to poorly describe it not just give what it means,4,2021-10-03 02:18:30
hf4x3nf,t1_hf4u37x,🤡,4,2021-10-03 03:58:03
hf4kt7b,t1_hf4g30k,SHC is a great weed play. They use irradiation to kill salmonella and mold on “herbs.”,-1,2021-10-03 02:28:38
hf8zy6i,t1_hf8du6q,Love it! ![gif](emote|free_emotes_pack|smile),1,2021-10-04 01:41:31
hf6m48t,t1_hf5w66k,SPCE - Stop reading our ticker as “spice”!,1,2021-10-03 11:45:52
hf5yh2f,t1_hf5w25f,I really hope that ratio is supposed to be the other way around,1,2021-10-03 08:33:15
hf7vt2w,t1_hf55swm,Okay lets not get too personal here,2,2021-10-03 20:31:11
hf4m4yd,t1_hf4je06,This is wsb i dont care what i should or should not do honey,18,2021-10-03 02:38:11
hf4ydo2,t1_hf4x3nf,?,-1,2021-10-03 04:07:20
hf5gmxo,t1_hf4kt7b,[deleted],1,2021-10-03 06:20:06
hf4q1yw,t1_hf4m4yd,You missed the point,-3,2021-10-03 03:06:52
hf4zwdq,t1_hf4ydo2,Wait maybe I'm a stupid head - did you mean clov will squeeze or won't squeeze?,3,2021-10-03 04:18:17
hf63p3a,t1_hf5gmxo,"Fuck you're dumb. The radiation doesn't stay on the flower, it's used to kill mold and other things. 

Radiation is light, at a certain frequency it can heat up food, disinfect, alter DNA, or provide wifi service. 

Irradiation doesn't mean that the rads are gonna linger.",1,2021-10-03 09:12:40
hf4qa79,t1_hf4q1yw,"I got it i just dont care, i will repeat myself one more time if needed. Cause you seem to miss the point that i dont care",2,2021-10-03 03:08:33
hf50bjj,t1_hf4zwdq,"Idk bro, interpret my post the way it best suits you and hit that like and subscribe button to give me free Reddit karma tendies",6,2021-10-03 04:21:12
hf4qz0u,t1_hf4qa79,  The thing is the original poster was asking to describe a company poorly but instead of doing that you described the companies name poorly. It's okay sometimes I make mistakes to. The best thing to do is just be able to admit you made a mistake. Look on in your journey of growing,-4,2021-10-03 03:13:41
hf4tupf,t1_hf4qz0u,Get off your period. Wsb is not for bitching.,3,2021-10-03 03:34:29
hf4tfjm,t1_hf4qz0u,"Again I did not make a mistake, i dont care honey.",1,2021-10-03 03:31:24
hf4vop0,t1_hf4tupf,"Lol ironic your complaining about me ""complaining"".",1,2021-10-03 03:47:53
hf4tzxi,t1_hf4tfjm,"U sir, are a gangster and a degenerate. I salute you",0,2021-10-03 03:35:30
hf4utsx,t1_hf4tfjm,"It's okay, man it's alright to make mistakes. Good luck to you",-3,2021-10-03 03:41:35
hf5bhwq,t1_hf4vop0,Ironic you're trying to sound like the smart one but don't know how to use the english language.,1,2021-10-03 05:42:27
hf5617d,t1_hf4vop0,UR,0,2021-10-03 05:02:14
hf4vovn,t1_hf4utsx,"Lol what a child, wsb is not for you",2,2021-10-03 03:47:55
hf5ml37,t1_hf5bhwq,Ironic,0,2021-10-03 07:04:02
hf4vtce,t1_hf4vovn,Ironic,0,2021-10-03 03:48:48
hf4wifu,t1_hf4vtce,Okay babe kisses,2,2021-10-03 03:53:48
