comment_id,comment_parent_id,comment_body,comment_score,created_utc
gtcy3zi,t3_mjcpfw,!wsbgold,1,2021-04-05 00:18:08
gt9gp3u,t3_mjcpfw,Could you dumb it down to a yes and no answer: is this good?,118,2021-04-04 01:17:58
gt9mxe1,t3_mjcpfw,"For civil engineering, AutoCAD is the way. For industrial engineering, SolidWorks eats their lunch. But Andrew Walker (of Rangeley Capital) is mad bullish on AutoDesk and has a lengthy discussion on YouTube about it under  Yet Another Value Channel. He's a pretty proven stock picker so there's that...",71,2021-04-04 02:10:47
gt9rlgm,t3_mjcpfw,"I like Autodesk. Long ADSK off/on since 2008 (back then stock was around $33). Currently a shareholder, no options.

**My likes:**

* TINA. There is no alternative. When building bridges, ships, skyscrapers, consumer products, the cost of a miss due to a software bug is tremendous. Skim a few hundred thousand on software licenses for a firm and expect a few million insurance premiums if your cheap software resulted in a defect that Autodesk would have caught.
* Reopening play for infrastructure. As described by OP.
* University training in the software. Companies know what they get from software and also their new hires.
* Low overhead, high margin business.
* Good acquisitions and growth into adjacent business.
* The move to subscription worked well for Autodesk.
* USA domestic company, so no software backdoors for hostile countries to harm government infrastructure.
* Ecosystem to add to the moat. eg: Shipbuilders can make a shipbuilding module for Autodesk instead of making new shipmaking software from scratch, to a guaranteed audience.
* Not a monopoly. There are alternatives that exist enough to keep antitrust woes at bay.

**Headwinds:**

* Shareholder value gets eroded by their employee option granting over the years. That's life in tech companies.
* PE ratio reflects a lot of years growth already baked into shareprice. Sort of part-and-parcel nowadays in tech growth stocks, but I'd rather take ADSK than a lower P/E unprofitable unicorn just running on hopes and dreams.",15,2021-04-04 02:49:15
gta5ebi,t3_mjcpfw,"Wow, somebody talking about Autodesk on here. I’ve made 6 figures on their stock in the past 2 years. They are going to dominate construction in the next couple decades.",15,2021-04-04 04:46:31
gt9i62u,t3_mjcpfw,Damn man. What are you a scientist? I feel even more stupid now,42,2021-04-04 01:30:49
gt9r2g4,t3_mjcpfw,"There are plenty of alternatives to Autodesk software. I work in the transportation industry, and nearly every DOT and federal agency that works in transportation use Microstation (a Bentley product) instead of Autodesk.

I do like Autodesk (a lot better than Microstation), but I don't see it exploding. There are plenty of alternatives that are just as good.",33,2021-04-04 02:44:55
gt9qdnv,t3_mjcpfw,"It is so rare I see encouragement for certifications in the same writing as bottleneck, lean, & LEED.   Hats off to you, sir.  I will look into Autodesk.

- ICU Nurse who wipes the asses of actual retards.",26,2021-04-04 02:39:19
gt9kr39,t3_mjcpfw,Love the sustainability aspect but how would inflation be affected by this? is it such a long time period that it won't matter?,8,2021-04-04 01:52:38
gt9v1c5,t3_mjcpfw,"Well, I dont know much about the stock market, since I have only been here for a few months, so I cant really talk about whether this is a good buy or not long term.

What I can tell you is that I am a post graduate german in traffic engineering (yes, that is a thing here. Basically civil engineering with the main emphasis on everything traffic related - road networks, public transportation, airport design and so on) and AutoCAD (by Autodesk) is the only software in the field that is being used even over here in Germany because every other CAD software is really lackluster for those uses.",9,2021-04-04 03:17:33
gtafulu,t3_mjcpfw,Like it. But I have to say it. Positions or ban,9,2021-04-04 06:22:40
gtbkk0a,t3_mjcpfw,Appreciate the DD. This is the type of shit that makes WSB great,8,2021-04-04 13:34:51
gt9ti4s,t3_mjcpfw,2024?! Dafuq,5,2021-04-04 03:04:56
gtaui73,t3_mjcpfw,"As a roadway engineer, I cannot stand Autodesk products. They are absolute resource hogs, and Microstation/inroads/open roads from Bentley are way more efficient to use. Many DOTs require transportation projects to be done in Microstation too

For other engineering disciplines autodesk has a pretty strong user base that prefer it over Bentley. 

Either way I don’t really see autodesk mooning. Engineering/construction companies are some of the slowest to adapt to new tech, and many times consulting firms and construction companies are trying to reduce cost and the number of licenses they need in each software",6,2021-04-04 08:47:19
gtagu4z,t3_mjcpfw,"tranquilo güey, no entiendo bolsa",5,2021-04-04 06:32:05
gtalqej,t3_mjcpfw,"This was also a motley fool recommendation.

Autodesk like many other software companies now wants a subscription fee. Can't just buy a copy and be done anymore.

Short term they have little competition I'm aware of (microstation is the only one I can think of) so would guess companies will pay their fee.

Long term if they get too greedy its possible competitors may emerge. As someone who does side work I can't afford their fees so I use something else.

Seems like a good play for now - not sure how much of the infrastructure package will actually go to infrastructure though have been hearing it's not a while lot.

Gotta feed the piggies their pork.

...back to eating crayons",5,2021-04-04 07:19:36
gtaopoj,t3_mjcpfw,"As a mechanical engineer I have used autodesk products.

If your interested in the engineering software niche, check out Dassault Systemes, they make an engineering software that is used for modeling of 3D parts. 

Another one to look at is Bentley systems. They are a smaller company but offer cheaper software then autodesk.",6,2021-04-04 07:49:11
gtas9t7,t3_mjcpfw,"Autodesk is a terrible company that creates buggy programs and overcharges for them and is universally disliked by most of their user base and constantly shits on them. 

The only reason they are successful is because their competition are even worse, looking at you Bentley and your stupid licensing systems. 

No DD; just here to say fuck AutoDesk",11,2021-04-04 08:24:45
gta30mg,t3_mjcpfw,TinkerCAD is super fun to fuck around with. You can use it for free with a school account :),3,2021-04-04 04:25:27
gtechnj,t3_mjcpfw,"I have used AutoCAD in the 90s and it's still used in construction.

The world is larger than the US, in most countries the choice is between AutoCAD and some locally produced legacy CAD software like made by the catholic school network.

There isn't much room for expansion and the competition tries to get a slice of that.

They only have to look at Cisco for inspiration: training courses and certifications.

Cisco network devices used to be the standard choice and nowadays there are plenty well established competitors. Their firewalls were ditched because of a NSA backdoor and Fortinet is nowadays the popular choice. No one uses Cisco WiFi, don't choose a course on that.

If you wonder how Cisco is still relevant, it's because everyone is still using/recognizing their training courses and certifications.

The education solution isn't just a way to expand, it can be the most important thing for long term survival.",3,2021-04-05 07:39:00
gtaa9e6,t3_mjcpfw,I don't know if I'm more impressed by your DD or your lack of emojis while making it.,3,2021-04-04 05:30:44
gt9jpod,t3_mjcpfw,"There's an art to taking complicated stuff, showing you know what you're talking about, and then simplifying it so others can understand it in a broad sense.  Systems thinking, right?  ""Knowledge"" is understanding how all the systems in the car work, like a muffler or airbags, stereo and sound dampening, etc..  ""Understanding"" is knowing how the car fits into larger systems like traffic and infrastructure and energy, etc., or macroeconomics and the stock market.

I feel like you spent a lot of time on the knowledge part of it but I have no understanding of what to do with the information.

In retard: uh so should I buy calls or puts?",9,2021-04-04 01:43:48
gt9ox97,t3_mjcpfw,"I used to use it as a student when I was interesting in 3d models and modding games.

The huge bottleneck, which I felt with autodesk software and relevant skills is that there is a massive gap between the students and the industry.

You can build your skills and be very good at it, there are companies wanting to hire such people, but the lack of proper formal acknowledgement which can be used as a filter/point of qualification for a company to hire is severely lacking. There barely are any popular universities offering degrees for this and the self taught ones have nothing but their portfolio to show for it which the companies can't possibly sit down and go through for thousands of candidates.",2,2021-04-04 02:27:04
gtarnte,t3_mjcpfw,"Autodesk is moving from Software provider to Service Provider.  They are doing this because their current market is captured and at cap. They can't expand anymore in traditional Design Software. They either have all the solutions or are outclassed by a far margin.

This is my every day all day work. 

As described in this thread they have heavy competition in Bentley. 

They are making large acquisitions in the Construction space to try and capture market vs. Procore. They are failing because the solution is inferior as is the pricing model.  They talk a lot about the big picture of all data about a building in one platform. While I agree with the vision, the execution isn't there and it's a BIG uphill battle vs. Procore. 

I'd expect them to stay even, unless the industry really takes off. And I mean REALLY.  Too many firms in the AE space owned by individuals who work teams to the ponit of burnout. Plus becoming a professional in the A/E space requires education and then certification.",2,2021-04-04 08:18:35
gtf4bxn,t3_mjcpfw,"This is about CAD Autodesk, the drafting software I used in high school for my architecture class?",2,2021-04-05 12:13:38
gtf88t3,t3_mjcpfw,"Sir, all good , but I can’t help get fucking mad when someone says post-COVID.. I mean the cases are rising though I see people getting vaccinated... fuckin mumbai went into lockdown, Brazil and parts of France as well... so wtf are we taking about re-opening here",2,2021-04-05 13:00:12
gt9qv6c,t3_mjcpfw,Well though out but isn’t the point of WSB wild risk taking for large benefit or loss?,4,2021-04-04 02:43:19
gtaa8ky,t3_mjcpfw,"I don't own Autodesk as a holder but rather as a consumer. To me Autodesk and Revit can't justify their prices. I understand the main concept behind moving to subscription. But the price is too much for the majority of small architects doing residential and small business sects. In fact most of the work done is for Revit models. But that being said the overall experience is mediocre and for a price at 2k+ it's simply not worth it for the lack of any sort of meaningful updates aside from small convenience factors. If they lowered the price, or even did dual business set ups on a permanent license and upgrade later like microsoft it'd be much easier to stomach. But they only run off subscription and do very little in terms of software updates. Thus in my eyes without a shift in the way they handle their product, they won't be able to get anywhere near the levels of a company like Microsoft. Would I short it? No. There will always be a demand considering it has an education license and is the one most people teach, but in the long term I expect a small decline in value but not by much. If they make that product turnaround, I'd expect it to rocket the fuck out.",2,2021-04-04 05:30:32
gtbb9ar,t3_mjcpfw,"This reads like a marketing agency's sales pitch, not a DD.",2,2021-04-04 11:38:43
gtcd93c,t3_mjcpfw,"As someone who worked in corporations for half a decade and received marketing, speech and presentstion trainings...

This is suspiciously close to an Autodesk commercial. DD may be relevant and well researched (obviously, since it was done in a lot of man hours), it is too much of a sale pitch rather than a WSB DD.

But idk 🤷‍♂️",2,2021-04-04 20:59:49
gt9i929,t3_mjcpfw,I skimmed thru your post and saw Gamestop.  Will buy more shares. Ape only knows buy and hodl 🙌💎🦍,0,2021-04-04 01:31:32
gt9oyfz,t3_mjcpfw,What’s education?,1,2021-04-04 02:27:22
gt9l4vo,t3_mjcpfw,I prefer real CAD platforms.,2,2021-04-04 01:55:56
gt9i7pw,t3_mjcpfw,Yeah baby take gme to the moon 🚀🚀🚀🚀,1,2021-04-04 01:31:12
gt9v7nh,t3_mjcpfw,Not very much of the infrastructure bill will be spent on actual infrastructure.,1,2021-04-04 03:19:00
gt9incp,t3_mjcpfw,[deleted],0,2021-04-04 01:34:54
gtaerb4,t3_mjcpfw,Priced in.,1,2021-04-04 06:12:16
gtbamdb,t3_mjcpfw,"Too much of write up...to simplify things Autodesk monopolizes AEC sector in North America. Every building or infrastructure project uses some kind of AutoDesk product like AutoCad, Revit, Navisworks or Infraworks. So, as the economy opens up there will be increase in use of Autodesk products.....",1,2021-04-04 11:31:46
gt9xnnh,t3_mjcpfw,"So, SPY calls?",0,2021-04-04 03:38:53
gt9mqwl,t3_mjcpfw,[removed],-11,2021-04-04 02:09:22
gtaacjm,t3_mjcpfw,"What do you want, and upvote?

Fine. Have an updoot.",1,2021-04-04 05:31:32
gtajsqq,t3_mjcpfw,"Great DD, love the detail on the industry's potential. What I'm wondering is, what makes Autodesk more attractive than their competitors? I know Procore is IPOing soon so do you expect Autodesk to completely dominate the market, and if so, why?",1,2021-04-04 07:00:32
gtanthb,t3_mjcpfw,"Labor is superfluous.  Wage labor does NOT have to go on, and federal spending is a sure sign that wage labor is being kept alive.  

Stock market/asset prices to real economy/wage labor is the disparate ratio of keeping wage labor alive to expand capital.  

No other analysis even matters.

Superfluous labor begets superfluous capital.  “Economics” is meaningless when prices diverge from values so wildly.  Everyone is just waiting for the state to subsidize everything.",1,2021-04-04 07:40:12
gtaoge9,t3_mjcpfw,Is that the schematics to the Death Star?,1,2021-04-04 07:46:34
gtb9s8j,t3_mjcpfw,"Been to their sf innovation lab. Am long as a result. 

They are focused on interconnectivity of platforms way more than other software companies. Fusion 360 will replace Solidworks in universities at some point. 
I use solidworks and powermill, but am long based around fundamental differences in software design approach. Dassault cares less about super niche technical areas while Autodesk wants to explore and better understand customers needs",1,2021-04-04 11:22:44
gtbj3i7,t3_mjcpfw,"Can we just refer to this as the ‘Government Subsidized Job Creation’ bill? It’s like what, 10% actual infrastructure?",1,2021-04-04 13:14:49
gtbjkob,t3_mjcpfw,Water quality management via Autodesk? Yeah right.,1,2021-04-04 13:21:19
gtcerhc,t3_mjcpfw,"I would say that as far as certain industries that Autodesk is used in, their products Are currently used majorly, however, there are Many people who are unsatisfied with the product and are looking for alternatives. Programs such as blender, Modo and Houdini are taking their fair share of future users from Autodesks subscriptions. As much as I say this, I would hazard a guess that Autodesk is a good medium term play but if you don't see any development in their software, the long term play (20-30 years) is a bad call (I know long term isn't WSB just a heads up). They're becoming a fossil more than they realize.",1,2021-04-04 21:16:47
gtdjjrt,t3_mjcpfw,This is way to complicated my brain is literally hurting.,1,2021-04-05 03:21:30
gtfuv1i,t3_mjcpfw,What are your positions?,1,2021-04-05 18:46:19
gtabil0,t3_mjcpfw,[removed],-8,2021-04-04 05:42:24
gtcn7rr,t3_mjcpfw,"Trash bill. They're going to put this country so bad in debt, that 10 generations from now will still deal with. Can you even call it an infrastructure bill when most of it doesn't go towards roads, bridges, you know, actual infrastructure?",-2,2021-04-04 22:42:53
gt9r6xi,t3_mjcpfw,[deleted],0,2021-04-04 02:45:55
gta6pmp,t3_mjcpfw,"Sir, this is a casino. You don't go to a casino and discuss the economics behind gambling, you go to a casino to say ""hey this game has good chances, play it.""",0,2021-04-04 04:58:19
gtad7q7,t3_mjcpfw,[deleted],0,2021-04-04 05:57:54
gtbnf3e,t3_mjcpfw,"If you have an architect or engineer friend - ask them one question: Does Autodesk Revit (or CAD if they’re still stuck in the 90s) have any competition. 

If you don’t have any engineer or architect friends, consider yourself lucky. But in this case unfortunately, you’ll need to research on Google to find one number: which software company (aside from Adobe of course) has the highest net margin? 

You could also research to see the market share % for construction and design software.",0,2021-04-04 14:16:51
gteqtjk,t3_mjcpfw,"Strike and expiry? 

There are a lot of words and updates so I'm assuming this is good *not* financial advice.",0,2021-04-05 09:54:45
gtf0cgk,t3_mjcpfw,So calls on VALE etc?,0,2021-04-05 11:29:47
gtcy4yj,t1_gtcy3zi,"Added /u/notbrokemexican as an approved submitter. Hey OP, mention any crypto, SPACs, or stocks under the market cap lower bound (1 billion) and this will be revoked.",5,2021-04-05 00:18:22
gtdei38,t1_gtcy3zi,Nani? What's this,2,2021-04-05 02:37:39
gt9gwt4,t1_gt9gp3u,yes,74,2021-04-04 01:19:50
gtaa08q,t1_gt9gp3u,When I was a small boy in Bulgaria...,17,2021-04-04 05:28:24
gtasorl,t1_gt9gp3u,This!,1,2021-04-04 08:28:56
gta7voc,t1_gt9gp3u,Yes mp materials 🚀,0,2021-04-04 05:08:58
gtdfr2o,t1_gt9gp3u,tl:dr ICLN,0,2021-04-05 02:48:31
gt9rr8g,t1_gt9mxe1,"Many state DOTs require the use of Bentley design products for road and bridge work. Bentley is currently private. Autodesk is still heavily used for private sector work but it does have healthy competition.

Edit: Bentley IPO was in September 2020.",25,2021-04-04 02:50:36
gt9nnql,t1_gt9mxe1,"I'll check it out. That's the second reccommendation on a long discussion over Autodesk. Much appreciated and there's certainly much more to be bullish about.

As for solidworks, yeah. It had a good showing in screw manufacturing while I was there. But you know... Buy American.",14,2021-04-04 02:16:41
gt9vckg,t1_gt9mxe1,"Easy to be mad bullish on something when already holding.  My big concern for those of us not holding, but looking to buy, is that the stock has already been sent to the moon, sort of like a reverse short, except its the little people (like me) who have to pay the higher price to get a little piece.  Ex. I paid $120 x8 for $AAPL (thats peanuts, but again, Im a little person here).  I saw another post with margin on run chart, displaying margin use at crazy high levels; have assets not been ran sky high to sell to the rest of us at high price?",11,2021-04-04 03:20:08
gt9ucj7,t1_gt9mxe1,"I use AutoCAD everyday, it is too expensive and taking the power away from the user, may do well for a while but a cheaper software that works better with others will take it's place at some point.  Like Google Docs against Word.",14,2021-04-04 03:11:54
gtadboz,t1_gt9mxe1,"I am a civil engineer. USACE will take on a significant portion of the design and we have a contract with Bentley Systems. Particularly we use microstation. 

BSY is the move",4,2021-04-04 05:58:55
gt9s17t,t1_gt9rlgm,"I did not go into details about software regulation and precision compliance, but it should be noted that this is one of the most critical things about the AEC software industry. Thank you for mentioning that.",7,2021-04-04 02:52:52
gt9i8jn,t1_gt9i62u,If only you knew. Mexican Joker.,48,2021-04-04 01:31:24
gt9z38c,t1_gt9r2g4,"Yep, here in Texas, Microstation is generally the go-to for any TxDOT projects. I used tons of audodesk softwares in college though, and of course autocad is very common for drawings.",12,2021-04-04 03:50:39
gtaoubq,t1_gt9r2g4,"I work for an engineering firm that does engineering for electrical utilities, we use microstation.",4,2021-04-04 07:50:27
gt9rjf1,t1_gt9r2g4,"CAD software in general will continue to grow fairly strong. This could be applied from Roblox in youth education, Unity diversifying into automanufacturing from gaming, and the example you've listed. Competition isn't necessarily a bad thing for Autodesk to have as it forces them to respond to other platforms as a general purpose AEC platform.",6,2021-04-04 02:48:47
gtajkf6,t1_gtafulu,[removed],2,2021-04-04 06:58:17
gtbko4s,t1_gtbkk0a,"Yep yep, love you all, changed my life.",6,2021-04-04 13:36:28
gt9w3r0,t1_gt9ti4s,Ok. It'll triple on tuesday.,25,2021-04-04 03:26:14
gtefxjb,t1_gtaui73,">*Either way I don’t really see autodesk mooning. Engineering/construction companies are some of the slowest to adapt to new tech, and many times consulting firms and construction companies are trying to reduce cost and the number of licenses they need in each software*

This lines up with my experience. Sure, Autodesk software is ubiquitous, but that just leads me to believe that it really *can't* grow that much bigger than it currently is. There's not many new sectors for them to break into. 

In the longer-term I feel like it's more likely for a competitor to sink fangs into ADSK's ass than for ADSK to moon. 

Software licensing fees are brutal and companies are trying to get away from being bent over the barrel. I know at some of the larger firms they're *very* slow to acquire new licenses. At smaller firms like mine we try and do anything else - we developed our own solution method rather than license ADAPT-FELT, for example. 

The US having a big infrastructure spend would be good for US-based construction companies, and decent for engineering companies, but I don't think it's more than a blip for a software company. It won't be a *bad* thing but looking at the price history of ADSK I don't think I'd like to buy in.",2,2021-04-05 08:11:48
gtam5eu,t1_gtagu4z,"No empieces wey, stoy tranquilo",2,2021-04-04 07:23:42
gtamhmj,t1_gtalqej,But motley fool sucks.,3,2021-04-04 07:27:02
gtaq1nb,t1_gtalqej,They have been subscription for ever! At least the commercial software has!,2,2021-04-04 08:02:23
gtc90lw,t1_gtalqej,"In a way smaller scale something similar...

I worked for long at a restaurant, they were full almost almost every weekend of the year.

One winter he did a small rise of prices... everything was ok.

He got greedy and did another rise of the prices... following spring. I had to look for another job after a disastrous summer.

IMHO there are a lot of companies that are understimating the ""I am starting to get nuts with you greedy bastards"" feelings of many users.

Right now, they still have the power because there are not real alternatives, but I expect a massive exodus if something realistic appears.",2,2021-04-04 20:06:40
gtapmab,t1_gtaopoj,"Yep yep, daasault is good. Solidworks does the job. I don't have experience with Bentley but ultimately for me it's a bias toward American companies",6,2021-04-04 07:58:09
gtb5ywo,t1_gtas9t7,Fuck Autodesk but I write them checks every year because no choice.,8,2021-04-04 10:43:37
gtcdo75,t1_gta30mg,It’s actually free for everyone!!  I was assigned to ADSK on a 2 year project and when Covid hit last year TinkerCad product managers ran classes for our kids stuck at home it was awesome. Great company.,3,2021-04-04 21:04:36
gtefdox,t1_gtechnj,"Yep yep, I agree 100%. You have far more industry experience than I do but we can both recognize the high barrier to entries from end-to-end here, which is where the pot of gold is over a long period of time.",2,2021-04-05 08:06:31
gtaj1qz,t1_gtaa9e6,Fuuuuck I always forget,3,2021-04-04 06:53:17
gt9sm1v,t1_gt9jpod,"He is saying Autodesk is an extremely good long term investment. Think 3+ years. While the DD is good, it doesn't really fit the narrative of wsb where you buy 20,000 weekly calls that expire the next day. Basically, OP is saying buy Autodesk and come back in 3 years to see where it goes",6,2021-04-04 02:57:35
gt9qbxm,t1_gt9ox97,"That one, although I do see that colleges are getting better about it. One of the more painful cases are mostly men in the manufacturing sector, ages 40-60, that are left behind skill-wise.",7,2021-04-04 02:38:55
gtfd7uv,t1_gtf4bxn,yep,2,2021-04-05 14:07:39
gtfd62u,t1_gtf88t3,"Well, in this case I'm taking a longer view. There will inevitably be a post-covid economics that is generally built around repairing the damage done by extended lockdowns.",1,2021-04-05 14:06:56
gt9rtlc,t1_gt9qv6c,"wsb changes over time man. Community used to be a lot different under 1M where it was discouraged to buy puts as it was seen as unamerican. 

I'm just posting DD because it helps people win in their wild risk taking.",16,2021-04-04 02:51:08
gtbgwkq,t1_gtbb9ar,Ok,1,2021-04-04 12:45:54
gtcp9lm,t1_gtcd93c,Ok,0,2021-04-04 23:01:19
gt9jv3a,t1_gt9i929,You guys crack me up,15,2021-04-04 01:45:04
gt9ohi2,t1_gt9i929,Good boy,0,2021-04-04 02:23:21
gt9q1c6,t1_gt9oyfz,Buy gme,4,2021-04-04 02:36:22
gt9lii0,t1_gt9l4vo,"Ya, usually the engineers that I worked with that talked like that tended to be pretty terrible at their jobs. Arrogance tends to go hand in hand I suppose.",23,2021-04-04 01:59:12
gtap7r7,t1_gt9l4vo,"Autocad is legit. 

I’ve used, autocad and microstation. 

I feel like autocad is more user friendly and intuitive then microstation.",1,2021-04-04 07:54:09
gt9jtne,t1_gt9i7pw,Lmao,5,2021-04-04 01:44:44
gt9jfve,t1_gt9incp,There you go buddy. Next DD I'll just write oo oo ahh ahh and post monke,13,2021-04-04 01:41:31
gtbgxvz,t1_gtbamdb,Ok,1,2021-04-04 12:46:22
gt9y9hk,t1_gt9xnnh,Buy gme,1,2021-04-04 03:43:55
gt9nhwy,t1_gt9mqwl,Already wrote about it a week ago.,3,2021-04-04 02:15:22
gt9nsc6,t1_gt9mqwl,Shut the fuck up. Either contribute something meaningful or fuck off. Stop clogging every fucking dd with gme.,6,2021-04-04 02:17:42
gtaj8we,t1_gtaacjm,Thx,1,2021-04-04 06:55:13
gtapxy8,t1_gtajsqq,"I don’t know about PROcore but, 
I do know that autodesk offers several softwares that compete across engineering services. They have Inventor, it’s used it manufacturing. They have Autocad, that’s used in construction, they have navisworks, that’s used for large 3D modeling (think factories). 

They are diversified better than any other CAD software company in my opinion. 

Also, the exposure to university level is great as well. 

I never heard of PROcore, unless they make PROe. I’ve heard of PROe, never used it.",1,2021-04-04 08:01:21
gtapjl2,t1_gtaoge9,Yea,1,2021-04-04 07:57:24
gtbk454,t1_gtbj3i7,Yeah basically.,1,2021-04-04 13:28:50
gtbjuvh,t1_gtbjkob,"Here you go pal.

https://adsknews.autodesk.com/news/autodesk-to-acquire-innovyze",2,2021-04-04 13:25:13
gtdlgz6,t1_gtdjjrt,"I know man, life is hard.",1,2021-04-05 03:38:11
gtajcog,t1_gtabil0,[removed],2,2021-04-04 06:56:14
gt9rbbq,t1_gt9r6xi,Ok,3,2021-04-04 02:46:52
gtez5yc,t1_gteqtjk,Ok,1,2021-04-05 11:17:33
gtdeolb,t1_gtdei38,"you post good stuff, so you're an approved user now.",2,2021-04-05 02:39:16
gt9gyo9,t1_gt9gwt4,Ok thanks,49,2021-04-04 01:20:17
gt9vjds,t1_gt9gwt4,ty,3,2021-04-04 03:21:44
gtafx9i,t1_gtaa08q,Yes or no?,6,2021-04-04 06:23:22
gtao4v6,t1_gtaa08q,"If you are going to filibuster, you should run for the senate! Again. Yes or no?",3,2021-04-04 07:43:21
gta17br,t1_gt9rr8g,"Bentley has delayed their IPO twice, and as of now I dont think has any future public plans.  Its something I try to keep my eye on since Bentley actually has the monopoly on infrastructure design and planning.

Edit: They went public and I missed it.",6,2021-04-04 04:09:14
gtbwsqs,t1_gt9rr8g,"Odd why states would use Bentley while in the military utilizes AutoCAD. I'm almost certain that the vast majority of Federal CE is AutoCAD. If the engineers on this side are using it, the engineers on the opposite side (contractors) are using it. Why would states not use something that the big Federal spending is going toward? 🤔",2,2021-04-04 16:49:43
gt9qx6m,t1_gt9nnql,"Solidworks is industry standard in everywhere not involving cars, marine and aerospace.",9,2021-04-04 02:43:46
gta09ao,t1_gt9ucj7,"The subscription fees are insane. They did successfully transition from a paid model to a subscription model, though. And as Andrew Walker discusses, even the firm's that sent an angry letter to AutoDesk about the direction they were heading didn't actually switch software. It's too difficult to learn a new platform and migrate all of your data. That's what investors call a moat. Currently the most popular ""cheap"" alternative is Fusion360... also owned by AutoDesk. As a SolidWorks user myself, Fusion360 is a flipped over port-a-potty of a user interface. I guess eventually someone will come along but industry trend momentum is a hard thing to change quickly.

Still, I don't plan on buying in on ADSK... ever, really.",18,2021-04-04 04:00:37
gta7hgb,t1_gt9ucj7,"Ironically my company is going in the opposite direction. We're moving away from AutoCAD towards Civil3D/Infraworks, Inventor & Revit (depending on what discipline we're in)",4,2021-04-04 05:05:19
gtj4dvf,t1_gt9s17t,I did a quick look. The stock is trading at extreme multiplies across the board already. Growth priced in?,1,2021-04-06 11:18:38
gtb5jli,t1_gt9i8jn,¿quieres saber cómo conseguí estas cicatrices?,7,2021-04-04 10:39:13
gtaj2sj,t1_gt9i8jn,"Oh no! Everyone boo Mexican Joker, kids! Boooo!",6,2021-04-04 06:53:34
gtb9u7i,t1_gtajkf6,[deleted],3,2021-04-04 11:23:19
gtagcdb,t1_gt9w3r0,now you're getting a little closer to expectations around here,9,2021-04-04 06:27:21
gtau9tf,t1_gtam5eu,porfavor perdóname,4,2021-04-04 08:44:56
gtaq9ns,t1_gtapmab,"I’m American. I know Bentley because im an enginerd that works for a design firm that uses microstation. 

Bentley doesn’t have the university exposure that autodesk and solidworks has. So that’s a down side for microstation.",3,2021-04-04 08:04:32
gtad9fs,t1_gt9sm1v,"So basically when interest rates spike this year and the value of its future earnings crumble, buy the shit out of it.",6,2021-04-04 05:58:20
gt9tzei,t1_gt9sm1v,"yeah i agree the DD is good, as i said he clearly knows his shit.  just spent a lot of time in the weeds and didn't really get to the point of, what is the actionable advice?  I don't just pretend to be a retard, and I need my DD to at least do a little bit of stock analysis, not just general commentary on the macro.",4,2021-04-04 03:08:53
gt9syae,t1_gt9qbxm,"Honestly that is my biggest fear. Seeing my dad struggle with some new features on smartphone breaks my heart honestly. And then you see how many people would be absolutely fucked with automation despite their best intentions to learn but inability to keep up.

I hope they get way way way better at education and hold workshops at several levels.",4,2021-04-04 03:00:23
gt9w55g,t1_gt9rtlc,"Very true. Being able to wait for your perfect shot and how to know when to push all the chips in the pot makes all the difference. Without naming specific stocks, it does seem like many users here go all in after the train has left the station",8,2021-04-04 03:26:34
gt9sd0o,t1_gt9lii0,This.,2,2021-04-04 02:55:33
gtcid0x,t1_gt9lii0,Lol. I’m not in the civil realm of things. I know auto cad is great for drawings but I’ve always needed a powerful 3D modeler.,1,2021-04-04 21:56:16
gt9ocpp,t1_gt9nsc6,I did GME to the moon 🚀🚀🚀🚀 your welcome 🙃,-6,2021-04-04 02:22:17
gtbpz4r,t1_gtbjuvh,"Cool, thanks",1,2021-04-04 14:56:19
gtdgfyb,t1_gtdeolb,"Sweet

Damn, I'm not sure if I can get away with my Monke DD where I was just gonna post a 5000 word essay with ape sounds and monkey images now",3,2021-04-05 02:54:28
gt9jsnl,t1_gt9gyo9,I agree with the person's assessment above,35,2021-04-04 01:44:30
gta22km,t1_gta17br,Holy shit I didn’t realize they’d gone public. Thanks for that. I’ll have to look into it more.,2,2021-04-04 04:17:04
gtcchvm,t1_gtbwsqs,"State DOT usage seems to essentially be that Bentley products support legacy files. 10+ year old design files can be opened in current software.  [This post](http://lidarmag.com/2012/10/26/why-is-microstation-the-de-facto-state-dot-cad-standard/) details how Bentley came to be the be the CAD standard.

What type of federal CE are you referring to?  I’m fairly certain that FHWA funded projects are administered by local DOTs and use the locally required design program.  I’ve also seen some dated blog posts (2012) that claim USACE uses Bentley. I can’t find recent articles about this topic and would love to learn more. 

It seems Bentley and Autodesk came to an agreement around 2008/2009 to allow their programs some level of compatibility (I believe they can open the other file type and export to the other file type but they can’t make design changes).",7,2021-04-04 20:50:54
gta2u7m,t1_gta09ao,"Every company seems to have a different reason for choosing a different software company to use.

When I was in college: Solidworks

When I was in oil: Autodesk Autocad/Inventor

When I was in aerospace: Siemens NX

For personal use, Autodesk Fusion 360 has been cheapest for me and what I use. It has its flaws, but generally I found it great for how it auto updates components relative to each other. Also cheap/free.

If I was a large company, I don’t think I’d choose Autodesk, tbh. For micro company, fusion 360 is probably competitive depending on how much you’re pulling in. But if you’re making $1MM+, the $3k licensing fee for a seat on another platform is more stomachable.",14,2021-04-04 04:23:54
gtb28r7,t1_gta09ao,"Learning a new package isn't so hard; the concepts transfer from software to software.  The real sticker is the momentum that you mentioned.  The time spent on retraining and migration is time not spent doing productive work, not to mention all the custom tools that have been written to integrate into the existing software pipeline that would also have to be rewritten.",4,2021-04-04 10:05:26
gtdmjqs,t1_gta09ao,[deleted],3,2021-04-05 03:47:30
gtbcnlq,t1_gtb5jli,What the FUCK did you just say to me?,8,2021-04-04 11:54:35
gtbh1sb,t1_gtb9u7i,Na,-7,2021-04-04 12:47:43
gtalslq,t1_gt9tzei,Yeah it's gonna be pretty hard to talk about the micro when they're dishing out a 2 trillion dollar plan.,1,2021-04-04 07:20:12
gtam12i,t1_gt9syae,"That was mostly my goal with this piece, but tbh I wrote it pretty late. It's devastating to see it in the real world. For me, it was a guy in his 50s named Joe.",3,2021-04-04 07:22:30
gtdgxg4,t1_gtdgfyb,"lol that could be a ""fun"" ""puzzle""",3,2021-04-05 02:58:42
gtabxxp,t1_gt9jsnl,"What does it mean for rates and inflation though? We don't care if people are happy and thriving, we care about stonks and maintaining mind blowing valuations!",9,2021-04-04 05:46:17
gta4yfb,t1_gt9jsnl,Perfect. I'm in.,2,2021-04-04 04:42:35
gtb9cs7,t1_gt9jsnl,Positions or ban. Jfc,-4,2021-04-04 11:18:14
gta290f,t1_gta22km,Atleast we found our next YOLO,12,2021-04-04 04:18:40
gtaw17n,t1_gta2u7m,Ding ding ding.,3,2021-04-04 09:02:55
gtclza2,t1_gtbcnlq,he is asking for spare change.,1,2021-04-04 22:31:26
gtavbcc,t1_gtalslq,"I'm offering you feedback thats not ""ape no understand buy gme""

Sorry for responding lol",2,2021-04-04 08:55:35
gtdlbxg,t1_gtdgxg4,oh yeah the post got nuked haha. Glad I got that out of my system.,1,2021-04-05 03:36:58
gtagms6,t1_gtabxxp,[deleted],27,2021-04-04 06:30:07
gtafw0n,t1_gta290f,"Yup, I've always wanted to own a Bentley.",8,2021-04-04 06:23:02
gtavs71,t1_gtavbcc,What are you sorry for? There's a section in the DD under purpose that explains why it's written a certain way. It's up to you as the understanders to apply or utilize the knowledge.,1,2021-04-04 09:00:20
gtaje2p,t1_gtagms6,Yep,12,2021-04-04 06:56:36
gtbpq1q,t1_gtagms6,I am *way* ahead of you.,3,2021-04-04 14:52:17
gtb9g8i,t1_gtafw0n,Where Lambo?,3,2021-04-04 11:19:14
