comment_id,comment_parent_id,comment_body,comment_score,created_utc
gt5wli2,t3_mionc6,What exactly is PLTR working on AWS?,44,2021-04-03 02:04:22
gt6mv8m,t3_mionc6,"Ok - so here's what this may mean for PLTR stock.

When a company announces they partner with AWS, it means 1 of 2 things:

1 - they are going to host their product on AWS. Contractually this means that they are signing up multi year contract to spend x number of $$$ for a period of time on the platform, typically called an EDP (enterprise discount program). These EDPs can be very custom, and can include free consulting, credits to offset their eventual bill, and other offers along with a certain negotiated discount off of any aws service monthly. Depending on the size of the contract this discount could well be into 20% or more off. I've seen credits easily mid 7 figures before. This contract essentially says - you will spend this much money and at the end of the term or at annual periods in the contract if you have not spent, you get a bill for the difference. And also depending on accounting rules - this contract could be considered Capex.

Minimum eligible spend to be able to get an EDP? 500k a year (used to be $1M until recently). Think about how many companies use AWS and would hit this threshold....alot. aws reps also get paid on signing EDPs, so they love them too.

2 - they are going to sell their product on the aws marketplace. The marketplace and having ISVs (which PLTR would be in this case) is relatively new, like within the last 2 years. Only recently (last few months) aws has allowed professional services - not specifically tied to a product offering on the marketplace, to also be sold. The sale process for items on the marketplace can happen several different ways: user finds it and clicks buy, ISV directs customers who come through other sales channels to buy on  AWS (I've seen some offer discounts to do so), or Marketplace specific ISV reps go and specifically sell the product to aws customers and partners (these reps make no money unless someone buys the product). Aws essentially is turning into a software and services disti (comparable distis include SHI, techdata, arrow, cdw).


Now - based on the 5 seconds I used ducksduckgo (fuck google) before I started typing this post up, my hunch is the article is referencing PLTR going the way of my #2 meaning. They would be dumb if they were also not under an EDP too though.


How are #1 and #2 related?

Let's say I'm a company who has an EDP, and I didn't know what I was doing when I made the initial commitment and I'm projecting to come up short at the end of my next EDP term. There are a couple ways to fill the gap without spinning up EC2 instances for fun - one of them is spending money on the marketplace (product, professional services). 50% of the value of these spends count against the commitment of an EDP. So, if you are projecting a 50k shortfall on your EDP term - you could spend 100k on the marketplace to cover it and avoid the 50k bill from aws (for nothing). 

That said - companies are moving alot of their transactions to the aws marketplace because of this EDP benefit. Ideally you don't suck and take into account marketplace spend in your analysis for your EDP spend, but alot of companies dont.


What does this all mean for PLTR stock?

Nothing yet. However there are some future indicators to look out for:

Job postings for Marketplace ISV positions, specifically in the ERP space.

PLTR showing up at an aws event in the future (summits or specifically reInvent)

Announcements of large companies entering agreements to buy/use PLTR who also use AWS

PLTR Announcing professional services/consulting 

PLTR professional services/consulting offers on the marketplace


If one or more of the above happen, it should increase the share value of the stock.

I write this long post as someone who pretty much doesn't own stock (fidelity just puts my money places), doesn't hold any PLTR, and used to negotiate EDPs and was employed by an early adopter of the aws marketplace.

BTW- contino is far from what I'd consider reputable in the sense of using it for any DD. Lol",49,2021-04-03 05:46:46
gt5qqzh,t3_mionc6,So wait is AWS partnership with PLTR a new deal,14,2021-04-03 01:16:17
gt73f0g,t3_mionc6,"Are you asking to buy aws(amazon) or pltr based on this?

If aws, they have 100s of software vendors on their platform and this is a drop in ocean.

If pltr, it's like selling shoes. Either you sell on amazon or Walmart or anywhere else, shoe must be good to sell not the platform. So doesn't matter for pltr 

Basically it's not a news worthy of moving stock.",12,2021-04-03 08:19:14
gt608se,t3_mionc6,"Such brilliant move by PLTR , springboard from government clients to global enterprise Via AWS .",7,2021-04-03 02:35:01
gt5qvkr,t3_mionc6,[deleted],13,2021-04-03 01:17:20
gt8z4x0,t3_mionc6,Your a piggish ape I see.,3,2021-04-03 22:42:25
gt65fo1,t3_mionc6,"Good DD other than it all being useless and not having a clue how AWS works, yes AWS is big and used by many companies. But what is the announcement about? They are just offering their solution to AWS users in an AWS optimized way, it is not becoming a core AWS service. Go to AWS Marketplace and you can find thousands of AWS optimized solutions by many companies that want you to integrate their product with your cloud solution and that are created in collaboration with AWS teams. This is like saying just because somebody posts their sudoku app on a Google/Apple store they have a a potential to make billions as app marketplaces are so widely used and bringing in so much revenue.",10,2021-04-03 03:18:35
gt9c7jx,t3_mionc6,I don't think I'll ever be able to take a company seriously that's named BBC.,2,2021-04-04 00:39:06
gtb6cyh,t3_mionc6,Why would anyone think $23 is over valued ? Look around other tech stonk,2,2021-04-04 10:47:37
gt6parm,t3_mionc6,So puts?,1,2021-04-03 06:08:13
gt5tixq,t3_mionc6,"That was a good pitch for AWS, but can't find that ticker. I guess I'll just buy AWSL, has Solar in the name.",-1,2021-04-03 01:39:09
gtce365,t3_mionc6,https://vcall.brand.edgar-online.com/displayfilinginfo.aspx?FilingID=14850837-936-8187&type=sect&TabIndex=2&companyid=668395&ppu=%252fdefault.aspx%253fcompanyid%253d668395,1,2021-04-04 21:09:15
gtcqw09,t3_mionc6,[deleted],1,2021-04-04 23:15:44
gtedspt,t3_mionc6,"It’s not like somebody is going to log into AWS one day and say “Oh, let’s buy a $100 million ERP system today!”",1,2021-04-05 07:51:27
gt6bh3a,t3_mionc6,What does PLTR actually do?,-1,2021-04-03 04:08:52
gt5wz7g,t1_gt5wli2,AWS has made PLTR software solutions available to AWS clients.,53,2021-04-03 02:07:33
gt6mv9b,t1_gt6mv8m,"Holy shit. Calm down Chad Dickens.


*I am a bot, and this action was performed automatically. Please [contact the moderators of this subreddit](/message/compose/?to=/r/wallstreetbets) if you have any questions or concerns.*",34,2021-04-03 05:46:46
gt5rbw5,t1_gt5qqzh,March 2021...,11,2021-04-03 01:21:05
gt754zt,t1_gt73f0g,"My post is about PLTR’s Business Development Pipeline.

Testing PLTR ERP software on AWS is a great prospect conversion tactic.

That’s why I only did % conversions...and not revenue.

PLTR software needs to be experienced...and PLTR clients are very sticky.

This isn’t just another vendor.

If you don’t understand PLTR’s software or moat...just grab some popcorn and sit this out.

Or, short the stonk...it’s just shoes.",8,2021-04-03 08:36:09
gt660xl,t1_gt5qvkr,You should check out SNOW LOL !!!! That piece of shit is overvalued,10,2021-04-03 03:23:25
gt70kqj,t1_gt5qvkr,Palantir Gotham demo: https://m.youtube.com/watch?v=_NeFrUCqL0k,5,2021-04-03 07:51:50
gt5s3ns,t1_gt5qvkr,How is it over valued? And which method are u using to come up with a valuation?,7,2021-04-03 01:27:27
gt5r5ky,t1_gt5qvkr,"Do you know there’s a PLTR demo day this month?

Would be interested in your perspective.",5,2021-04-03 01:19:38
gt5x7wm,t1_gt5qvkr,"The information is misleading. You can buy one PLTR module on AWS, it's not an integrated partnership. Even if your company is an AWS shop, the full suite of products aren't available. There's no simple conversion or integration.",3,2021-04-03 02:09:35
gt91rpe,t1_gt8z4x0,🦍🐷💎🖐🚀🚀🚀,2,2021-04-03 23:06:54
gtbkows,t1_gt8z4x0,"Well looky here Boss Hog...we got a Boggs challenge going on...no time to chase them meddlin Duke boys.

Drink up.

Oh, and 🐷get💰💰💰and🐗☠️",1,2021-04-04 13:36:46
gt6lt70,t1_gt65fo1,Yeah... im long PLTR too but all this means is that you can use their software on AWS...,3,2021-04-03 05:37:39
gt693it,t1_gt65fo1,"This sounds like arrogant BS.

Comparing a trusted AWS offering with a Goog/Apple app shows how little you know.

Don’t buy the stonk.

Better yet..short the stonk.",-3,2021-04-03 03:48:48
gt9soye,t1_gt9c7jx,iswydt,1,2021-04-04 02:58:14
gtd7zlx,t1_gtb6cyh,The price says nothing without the number of stocks. PLTR has a market cap twice the size of ABNB or Etsy. PLTR is not a SaaS company either.,1,2021-04-05 01:41:53
gt5u79t,t1_gt5tixq,AWS means Amazon Web Services.,11,2021-04-03 01:44:43
gtd5t06,t1_gtce365,Is this the PLTR paid off their debt filing?,1,2021-04-05 01:23:24
gtcqw0w,t1_gtcqw09,"Eat my dongus you fuckin nerd.

*I am a bot, and this action was performed automatically. Please [contact the moderators of this subreddit](/message/compose/?to=/r/wallstreetbets) if you have any questions or concerns.*",1,2021-04-04 23:15:44
gteeo85,t1_gtedspt,"This is an idiotic simplification.

Businesses will have an opportunity to test drive PLTR software.

It may take months to see the unique value of the software.

This is how business development pipelines work.

Did you notice the low conversion rates in my post?

Did you see the invitation to change the conversion rates?

PLTR doesn’t want your business.

Short the stonk.",1,2021-04-05 07:59:50
gt9jfyk,t1_gt6bh3a,"That’s classified! They could tell you, but then they would have to kill you.",1,2021-04-04 01:41:32
gt5x4jm,t1_gt5wz7g,"It’s a valued added services?

AWS native Ec2 is wildly popular . PLTR on AWS will enable it to gain global enterprise clientele 
Being on subscription it will have predictable revenue streams for PLTR too
PLTR is on the right track 

next is on PLTR  on azure ? Alibaba cloud ? Google cloud?",26,2021-04-03 02:08:48
gt729ej,t1_gt6mv9b,Good bot but good write up,16,2021-04-03 08:08:00
gt7550k,t1_gt754zt,"Eat my dongus you fuckin nerd.

*I am a bot, and this action was performed automatically. Please [contact the moderators of this subreddit](/message/compose/?to=/r/wallstreetbets) if you have any questions or concerns.*",6,2021-04-03 08:36:09
gt76i6i,t1_gt754zt,"Customers who need softwares like pltr just get it irrespective of it's on aws/azure or not. Being on a platform just makes things easy to buy especially for startups/small companies.

Its like a shoe. If I really need it I will buy it either from Amazon or nike store. I won't wait for it go on amazon and wait for prime day :)

I am long on pltr and work in tech. Either way I will enjoy my 🍿.",3,2021-04-03 08:49:46
gtc023a,t1_gt660xl,Let’s not make it a pltr vs snow thing and provide a real argument,1,2021-04-04 17:46:22
gt5vyv7,t1_gt5s3ns,[deleted],9,2021-04-03 01:59:10
gt5s6zo,t1_gt5r5ky,[deleted],2,2021-04-03 01:28:13
gt5yiny,t1_gt5x7wm,"How do you know this?

AWS wouldn’t offer PLTR if it isn’t a seamless client experience.",-1,2021-04-03 02:20:32
gt6f8nw,t1_gt693it,Sorry if it sounds arrogant but reading the topic as somebody who works with AWS daily and has gone through some of their certifications it makes me cringe badly how severely you are misinterpreting what has been announced so far and what that means for PLTR. I like PLTR and I've held it for quite some time I think they have some amazing talent with some throat cutting hiring procedures to take only the best. But that does not change the fact that they will be one of thousands of vendors to offer their product for easy integration and licensing in AWS and taking it as some major milestone and they capturing 5% of AWS customers is beyond silly,7,2021-04-03 04:40:32
gtd94an,t1_gtd7zlx,"Pltr on AWS . 


ERP-aaS",1,2021-04-05 01:51:24
gupmti7,t1_gtd7zlx,last time i checked PLTR is $40B and ABNB is $106B,1,2021-04-16 19:18:37
gt641d5,t1_gt5u79t,"what is that, internet for ants?",0,2021-04-03 03:06:56
gtd9nft,t1_gtd5t06,Haven’t had a chance to read it. Tried to post it but I’m not allowed yet. I don’t see where anybody else has acknowledged it it yet.,1,2021-04-05 01:55:56
gtefu9r,t1_gteeo85,"It’s trading like 50 times revenue and the commercial business is growing at 5% Companies already blew their load on ERP, they don’t want to buy like this anymore.

Also it’s the biggest dumbfuck argument out there. “If we just capture x% of the market we will be worth x billions. You can say that about any stock.

Based on your response I strongly suggest you check yourself emotionally. You are clearly married to the stock and will ride it to zero if you are wrong.",1,2021-04-05 08:10:55
gt5y8ka,t1_gt5x4jm,"ERP...likely expanding to other data intensive applications...Finance, Marketing, Industrial Design, Production",18,2021-04-03 02:18:10
gt8mat1,t1_gt5x4jm,Not Alibaba. PLTR doesn't work together with Chinese companies. That's one reason why I like the stock.,12,2021-04-03 20:25:56
gtahif2,t1_gt7550k,Your dongus was so delicious I gave you a “most delicious dongus” award.,3,2021-04-04 06:38:33
gt76w3f,t1_gt76i6i,Would you agree about the Biz Dev pipeline?,3,2021-04-03 08:53:35
gt614va,t1_gt5vyv7,"bruh compare PLTR to other SAAS companies, not a media conglomerate lmao.",23,2021-04-03 02:42:23
gt5xg5w,t1_gt5vyv7,Wait wait. Viac as in viacom?,8,2021-04-03 02:11:32
gt5wkj6,t1_gt5vyv7,Why would you compare two companies in two entirely different industries to prove your point?  Tech and growth companies tend to get higher valuations than a media company that has existed in some form or fashion since 1952.,20,2021-04-03 02:04:08
gt643ye,t1_gt5vyv7,"And snowflake has been consistently trading at 200x+ TTM. These numbers mean nothing. If I’m honest, Palantir should trade at a higher premium than snowflake.",6,2021-04-03 03:07:32
gtz7a3t,t1_gt5vyv7,!remind me 5 years,1,2021-04-10 05:31:37
gt5t14l,t1_gt5s6zo,I’m not sure about registering but it’s April 14,1,2021-04-03 01:35:03
gt5vqax,t1_gt5s6zo,"https://palantir.events/doubleclick

yes you need to register",1,2021-04-03 01:57:13
gt72aaf,t1_gt5s6zo,"Youtube Palantir demo day, you should find the most recent one.",1,2021-04-03 08:08:15
gt62x7o,t1_gt5yiny,"I'll add that I am bullish on PLTR for their ability to win government data science contracts consistently and their partnership with IBM. A lot of companies use IBM consultants to advise on purchasing decisions and they clearly have some secret sauce that wins over government contracts that I don't have insight to.  


I should clarify that I'm not an IBM employee either.",5,2021-04-03 02:57:23
gt62nzq,t1_gt5yiny,"I work in the industry and have seen a PLTR demo while consulting for a customer. I am not a PLTR employee so this information may not be 100% accurate. How familiar are you with AWS and their offerings? My understanding is that:

  
PLTR is an AWS partner and uses AWS hardware for Foundry, but that is still purchased directly through PLTR and not instantiable in a private AWS instance

PLTR does have an S3 based ERP offering you can stand up on AWS. That's the extent of the partnership.

If you're an existing AWS customer, there's no new change to the adoption cost for palantir for anything other than ERP.",5,2021-04-03 02:55:13
gt6jz1d,t1_gt6f8nw,I also work with as quite a bit. Came here to find someone like you speaking some sense.,5,2021-04-03 05:21:32
gt6sq49,t1_gt6f8nw,"I know business development.

This seems like a smart way to turbocharge PLTR’s Business Development Pipeline.

I don’t think this will drive revenue in 2021...but I’m still in PLTR 🐷💎🖐.",1,2021-04-03 06:39:22
gupy895,t1_gupmti7,"Apologies, my brokerage is showing the wrong numbers. You’re very much correct.",1,2021-04-16 21:13:53
gt69o4x,t1_gt641d5,"To oversimplify things, you pay to use Amazon's servers. They maintain the servers and you just worry about the software that you need to run on them. It's often cheaper than running your own data center.",0,2021-04-03 03:53:35
gtdd29m,t1_gtd9nft,"Thanks...I scanned it...just a bunch of legal/finance jargon...no clear evidence.

if PLTR really did pay-off their debt...it will be reported soon.

This would be big news because growth companies are being punished by rising US interest rates.

But...no debt...no interest rate issues.

This would make PLTR finances unique among growth companies.",1,2021-04-05 02:25:19
gtel1aq,t1_gtefu9r,"You are clueless.

PLTR is much more than ERP software.

PLTR revenue is growing at 40%+ per year for the next 5 years.

At least know the facts.

Short the stonk if you have any ballz.",1,2021-04-05 08:59:47
gt5zl4c,t1_gt5y8ka,Ic thanks,3,2021-04-03 02:29:30
gt77xuy,t1_gt5y8ka,"Before pltr , does AWS has ERP SaaS offering ?",3,2021-04-03 09:03:48
gt8nmht,t1_gt8mat1,"Ic , do u know previously does aws already has some form of ERP SaaS offering ?",2,2021-04-03 20:42:05
gtc3rl5,t1_gtahif2,[deleted],1,2021-04-04 18:48:12
gt7bz5o,t1_gt76w3f,Yes it gives pltr extra avenue to market their products.,3,2021-04-03 09:43:07
gt61rv6,t1_gt614va,"I’m all for hearing counter arguments, but that did seem like an extra smooth brained comparison.",11,2021-04-03 02:47:40
gt7lb18,t1_gt614va,"For sure bruh, just like ACN, CTSH, INFY..all of the great SaaS companies bruh.",1,2021-04-03 11:17:16
gt621p9,t1_gt614va,[deleted],-16,2021-04-03 02:49:56
gt6dl52,t1_gt5wkj6,"Palantir does exactly what snowflake does ++++ both are tech, both are growth. Why shouldn’t they be compared?

Edit: I’m slightly retarded disregard this.",4,2021-04-03 04:26:29
gt69dzh,t1_gt5wkj6,"I looked at a very similar company, Glencore, which is worth £38b on £142b in revenue, so on this basis PLTR should be worth $270m and my price target is $0.15. I have bought puts accordingly.

/sarcasm",4,2021-04-03 03:51:13
gt667k3,t1_gt643ye,"PLTR was DPO so wallstreet is spreading hate and FUD meanwhile SNOW is okay at this valuation? Such bullshit and that's why I am long on PLTR, it's about time for it to explode to the moon .",11,2021-04-03 03:24:55
gtz7bnc,t1_gtz7a3t,"I will be messaging you in 5 years on [**2026-04-09 21:31:37 UTC**](http://www.wolframalpha.com/input/?i=2026-04-09%2021:31:37%20UTC%20To%20Local%20Time) to remind you of [**this link**](https://www.reddit.com/r/wallstreetbets/comments/mionc6/pltr_and_aws/gtz7a3t/?context=3)

[**1 OTHERS CLICKED THIS LINK**](https://www.reddit.com/message/compose/?to=RemindMeBot&subject=Reminder&message=%5Bhttps%3A%2F%2Fwww.reddit.com%2Fr%2Fwallstreetbets%2Fcomments%2Fmionc6%2Fpltr_and_aws%2Fgtz7a3t%2F%5D%0A%0ARemindMe%21%202026-04-09%2021%3A31%3A37%20UTC) to send a PM to also be reminded and to reduce spam.

^(Parent commenter can ) [^(delete this message to hide from others.)](https://www.reddit.com/message/compose/?to=RemindMeBot&subject=Delete%20Comment&message=Delete%21%20mionc6)

*****

|[^(Info)](https://www.reddit.com/r/RemindMeBot/comments/e1bko7/remindmebot_info_v21/)|[^(Custom)](https://www.reddit.com/message/compose/?to=RemindMeBot&subject=Reminder&message=%5BLink%20or%20message%20inside%20square%20brackets%5D%0A%0ARemindMe%21%20Time%20period%20here)|[^(Your Reminders)](https://www.reddit.com/message/compose/?to=RemindMeBot&subject=List%20Of%20Reminders&message=MyReminders%21)|[^(Feedback)](https://www.reddit.com/message/compose/?to=Watchful1&subject=RemindMeBot%20Feedback)|
|-|-|-|-|",1,2021-04-10 05:31:57
gt6s4vs,t1_gt62nzq,"You may work in the industry and have AWS insights.

But, this is about a Business Development pipeline.

I know business development...and this is exactly how you turn prospects into long-term clients.",1,2021-04-03 06:33:58
gt6g1m9,t1_gt69o4x,u talk good for an ant,0,2021-04-03 04:47:22
gtdhq32,t1_gtdd29m,I’m reading it now. Did they take out a loan?,1,2021-04-05 03:05:37
gtfz9wa,t1_gt77xuy,"Yes there are several including the giant in the sector SAP. I see this as non-news for pltr and aws.

Your point on ec2 is accurate, but there's no incentive here to buy PLTR for people already on aws.",2,2021-04-05 19:43:00
gtc3rli,t1_gtc3rl5,"Eat my dongus you fuckin nerd.

*I am a bot, and this action was performed automatically. Please [contact the moderators of this subreddit](/message/compose/?to=/r/wallstreetbets) if you have any questions or concerns.*",2,2021-04-04 18:48:13
gtcr4vh,t1_gtc3rl5,"It had hints of fudge and salty milk...not sticky...a bit slimy. 

And, Automod just invited you to taste the Dongus.

Lemme know what you think.",2,2021-04-04 23:17:54
gt63l4k,t1_gt621p9,Wow you're right! VIAC and PLTR have been very volatile recently therefore they must deserve to trade at exactly the same revenue multiples. Margins they earn and expected CAGR be damned!,13,2021-04-03 03:03:05
gt64nb9,t1_gt621p9,"""a little bit""",3,2021-04-03 03:12:02
gt71xbk,t1_gt6dl52,🤣,4,2021-04-03 08:04:42
gt7jb0t,t1_gt69dzh,"I used to be that retarded too, it gets better. Not much but you will be less retarded one day.",3,2021-04-03 10:56:13
gt68o1t,t1_gt667k3,Considering Palantir is a monopoly and trading at 40x TTM. While any college dropout can do what snowflake does and it’s trading at a mind numbing 220x TTM I would assume [Wyckoff’s thesis is true for Palantir ](https://financialpost.com/investing/the-secret-trading-strategy-from-the-1930s-that-hedge-funders-dont-want-you-to-know-about),12,2021-04-03 03:45:14
gt68gvb,t1_gt667k3,"💯

Wall St definitely hates any company that doesn’t pay tribute.",2,2021-04-03 03:43:32
gtdia2y,t1_gtdhq32,"I heard PLTR paid off their existing debt...around $450M...and that increased their credit line.

Kinda like paying off credit cards and they increase your credit limit.",1,2021-04-05 03:10:28
gtd5b7p,t1_gtc3rli,"Let’s keep this going...just like Beetlejuice...say DONGUS 3X and Automod appears...

DONGUS
DONGUS
DONGUS",1,2021-04-05 01:19:10
gtcr4w8,t1_gtcr4vh,"Eat my dongus you fuckin nerd.

*I am a bot, and this action was performed automatically. Please [contact the moderators of this subreddit](/message/compose/?to=/r/wallstreetbets) if you have any questions or concerns.*",2,2021-04-04 23:17:55
gt714d3,t1_gt68o1t,"Thanks for sharing that. I understood that concept in principle but that article really spells it out.

So you're proposing we're being played down between 27 and 21. Eventually it'll jump up (too high) and down to some level above 27 while they play both sides.

I'll be on the lookout, thanks",2,2021-04-03 07:56:56
gt952m3,t1_gt68o1t,How is Palantir a monopoly?,2,2021-04-03 23:36:20
gtdimm6,t1_gtdia2y,Ok gotcha.,1,2021-04-05 03:13:30
gtct0ca,t1_gtcr4w8,"Let’s keep this going...just like Beetlejuice...say DONGUS 3X and Automod appears...

DONGUS
DONGUS
DONGUS",1,2021-04-04 23:34:16
gt72xaj,t1_gt714d3,"Once accumulation is finished, which can take months. Good way to check if this is Wyckoff’s thesis at work is to check institutional ownership. Last I checked there was some decent buying going on with Palantir I think the Canada pension fund took some profits, which I don’t blame them for but the vast majority was buying. I don’t check Palantir often since my time horizon is long but when I do skim through Palantir news and updates everything seems fine to me so I don’t dig any deeper. Just keep an eye on institutional ownership when they update the numbers.",4,2021-04-03 08:14:29
gt9c7ea,t1_gt952m3,"They sell a unique product. More of a unicorn than a monopoly, really.",1,2021-04-04 00:39:04
gta82iv,t1_gt9c7ea,"Idk if they even have that unique of a product. Microsoft has literally the same functionality with Dayaverse and Dynamics 365. I think palantir had the hype + niche with gov contracts, but idk I’m holding just to see how far the speculation can go",1,2021-04-04 05:10:41
