comment_id,comment_parent_id,comment_body,comment_score,created_utc
hn30dw1,t3_r82xhj,"Your submission was removed from /r/wallstreetbets due to being too short. All text submissions must be at least 100 characters long.

*I am a bot, and this action was performed automatically. Please [contact the moderators of this subreddit](/message/compose/?to=/r/wallstreetbets) if you have any questions or concerns.*",1,2021-12-04 00:27:12
hn30hj4,t3_r82xhj,I am a bot from /r/wallstreetbets. Your submission was removed because was too short. Please make it a comment if it's not worth expounding on.,1,2021-12-04 00:27:52
