comment_id,comment_parent_id,comment_body,comment_score,created_utc
hjmbqwr,t3_qodllu,"
**User Report**| | | |
:--|:--|:--|:--
**Total Submissions**|44|**First Seen In WSB**|10 months ago
**Total Comments**|522|**Previous DD**|[x](https://www.reddit.com/r/wallstreetbets/comments/kmvfcb/pinterest_dd_you_are_not_the_customer_yet_pins/) [x](https://www.reddit.com/r/wallstreetbets/comments/mb585a/sigh_understanding_gamestop_ryan_cohen_customer/) [x](https://www.reddit.com/r/wallstreetbets/comments/msq9jg/understanding_roblox_gamings_role_in_education/) [x](https://www.reddit.com/r/wallstreetbets/comments/lomhgb/an_essay_on_pinterest/) [x](https://www.reddit.com/r/wallstreetbets/comments/m6n9vd/understanding_social_media_networks_pinterest_the/) [x](https://www.reddit.com/r/wallstreetbets/comments/mjcpfw/understanding_the_infrastructure_bill_the_federal/) [x](https://www.reddit.com/r/wallstreetbets/comments/lgopua/pins_pinterest_the_real_facebook_vs_apple_play/) [x](https://www.reddit.com/r/wallstreetbets/comments/qfsboo/investing_my_income_into_roblox_facebook_earnings/) [x](https://www.reddit.com/r/wallstreetbets/comments/m50k8j/understanding_fintech_square_jayz_and_the_future/) [x](https://www.reddit.com/r/wallstreetbets/comments/mejezz/understanding_mexicanamerican_trade_the_usmca_and/) [x](https://www.reddit.com/r/wallstreetbets/comments/m8jd87/understanding_social_networks_pinterests_idea/) [x](https://www.reddit.com/r/wallstreetbets/comments/m5alzf/understanding_your_wife_pinterest_the_idea_search/) [x](https://www.reddit.com/r/wallstreetbets/comments/m5b3wi/understanding_pinterest_the_search_engine_for/) [x](https://www.reddit.com/r/wallstreetbets/comments/n2obgn/understanding_serverless_fastly_softwaredefined/) [x](https://www.reddit.com/r/wallstreetbets/comments/qodfr7/understanding_the_infrastructure_bill_why/) [x](https://www.reddit.com/r/wallstreetbets/comments/qodllu/infrastructure_bill_dd_why_autodesk_is_a_big/) 
**Account Age**|1 year|[^scan ^comment ](https://www.reddit.com/message/compose/?to=VisualMod&subject=scan_comment&message=Replace%20this%20text%20with%20a%20comment%20ID%20(which%20looks%20like%20*h26cq3k*)%20to%20have%20the%20bot%20scan%20your%20comment%20and%20correct%20your%20first%20seen%20date.)|[^scan ^submission ](https://www.reddit.com/message/compose/?to=VisualMod&subject=scan_submission&message=Replace%20this%20text%20with%20a%20submission%20ID%20(which%20looks%20like%20*h26cq3k*)%20to%20have%20the%20bot%20scan%20your%20submission%20and%20correct%20your%20first%20seen%20date.)
**Vote Spam (NEW)**|[Click to Vote](https://www.reddit.com/message/compose/?to=VisualMod&subject=vote_spam&message=qodllu)|**Vote Approve (NEW)**|[Click to Vote](https://www.reddit.com/message/compose/?to=VisualMod&subject=vote_approve&message=qodllu)
    
Hey /u/notbrokemexican, **positions or ban.** Reply to this with a screenshot of your entry/exit.",1,2021-11-07 08:57:16
hjmfys2,t3_qodllu,"So, here is the thing

Microstation is the defacto platform in most states and almost exclusively in the north east when it comes to roads and bridges and tunnels.  Autodesk has the market in land development and architecture.  It's an engineering preference thing as much as a time to learn and get efficient at using the product.

Autodesk is far and away a better product.  And it doesn't matter as your clients are used to microstation have thier standards set in microstation and demand the files be submitted In microstation.  The folks in charge are boomers and they like what they like.  Sure some states will run autodesk for roads.... But amtrak and all of the east coast and west coast transit agencies don't and niether do thier consulants.  So autodesk is a clear winner but not alone and likely in second place for what the infa bill provides.  

So I agree, but I'm not nearly as bullish",13,2021-11-07 09:31:00
hjp2ki7,t3_qodllu,Auto desk has it down when it comes to their CAD/CAM software and makes it much easier and cheaper for cnc hobbyist to get into it without having to spend thousands on MasterCam,3,2021-11-08 01:21:19
hjmjeiy,t3_qodllu,Autodesk makes the best drafting product for sure but there are a lot of competitors and a lot of the time it just matters what software was used before,5,2021-11-07 09:58:42
hjsho16,t3_qodllu,"Autodesk is also the most heavily pirated software around the globe and with US companies outsourcing most of design and engineering to Romania and India only keep a licensed engineer and surveyor to proof, markup and stamp their drawings. And believe me no one I say no one in Romania or India is using a licensed version.  

Most of the design team in US has been reared to bare skeleton structure. 

I don't see much happening with autodesk. Its better to invest in materials that will directly get impacted by the bill.",1,2021-11-08 19:11:33
hjmimtw,t3_qodllu,Ape TLDR : Are we Buying ?,-1,2021-11-07 09:52:26
hjotqb3,t3_qodllu,"Autodesk good, but not quite make-my-peepee-maker-tingle good",1,2021-11-08 00:23:06
hjuzmbd,t3_qodllu,Currently using Fusion360 as we speak. Bullish af,1,2021-11-09 06:22:20
hjmcgwy,t3_qodllu,"More like unaffordable desk, and bots control several of the option prices desk.",0,2021-11-07 09:03:01
hjsmedx,t1_hjmfys2,"Yeah Bentley systems is a good focused play. I'm excited for Autodesk's focus on interop personally, with Roblox in particular.",1,2021-11-08 20:09:02
hjsl3vx,t1_hjsho16,"I mentioned that pirated software is a supply problem. I think you're looking at Autodesk in too small of a scope.

They're changing their billing structure completely and have offered different pricing models to make their software more accessible.

It pays to make your software more accessible to increase your chances with software developer support.",0,2021-11-08 19:54:07
hjnja3b,t1_hjmimtw,"No lol.


It's a shit stock with no real benefits.

Go jump into solar or steel ans renewable lol.",2,2021-11-07 16:43:22
hjmnbli,t1_hjmimtw,Yep,0,2021-11-07 10:30:58
hjnq210,t1_hjmimtw,"Yeah dude. It’s the next “GME”. That’s what 11 million people are here for. Buy an iron condor while you’re at it to hedge your calls.

We all serve you so you can hit a buy button on Robinhood.   

If you missed out, I heard $wish was going to moon soon too. You might want to put half your portfolio into that plus margin and trade way OTM calls as well",0,2021-11-07 18:26:52
hk9en5n,t1_hjotqb3,Yeah,1,2021-11-12 06:44:06
hk9eoax,t1_hjmcgwy,Haha yeah it's tough,1,2021-11-12 06:44:20
