comment_id,comment_parent_id,comment_body,comment_score,created_utc
guuwc2t,t3_msq9jg,So what op is saying is that video games...nvm I honestly didn’t read any of it.,51,2021-04-17 22:56:20
guwdqez,t3_msq9jg,Pelosi bought it and Pelosi never loses. Federal RBLX education bill coming in <6 months.,19,2021-04-18 04:44:02
guugdf2,t3_msq9jg,"Don't forget their yearly losses, more liabilities to assets, and their market cap being twice as high as Take-Two Interactive",70,2021-04-17 21:17:01
guum1d9,t3_msq9jg,[deleted],53,2021-04-17 21:57:39
guv4a60,t3_msq9jg,"My man has a half decent average minus GME, but picks are pretty safe [https://www.markovchained.com/profiles/view/reddit:notbrokemexican](https://www.markovchained.com/profiles/view/reddit:notbrokemexican)",11,2021-04-17 23:40:25
guuksic,t3_msq9jg,"Super interesting. Do you have a background in child education? I’ve never seen the STEAM acronym before but it really nails what I’ve been seeing play out in education/workforce/human capital debates - particularly in developing countries and places like China and Singapore, where there’s an abundance of STEM geniuses but a gap in innovation. Kids need to learn creativity along with their STEM. Video games are the training ground where that happens. I don’t know why schools keep trying to shoehorn art into STEM-leaning curriculums. Video game developers already have that figured out to the point where it’s entirely holistic.

My 5 year old is already using Whatsapp, playing Roblox and Minecraft and stuff (and trying to crack my Xbox account password, haha). He’s  light years beyond me - I just lack the neural plasticity as an adult to jump in and keep up. It’s pretty amazing what kids can pick up from playing video games. I guess I was the same way but never really thought about it at the time. I don’t see the reason parents still hold back their kids from too much “screen time” as long as it’s active learning and not passive. Play is a child’s work, as my mom says (she’s a child edu specialist).",9,2021-04-17 21:50:16
guuhel5,t3_msq9jg,[deleted],31,2021-04-17 21:26:36
guvjh93,t3_msq9jg,[deleted],6,2021-04-18 01:13:40
guugrav,t3_msq9jg,"So did you YOLO or what?

Edit: I should probably also thank you for taking the time to write this all out. I actually did read it end-to-end.",14,2021-04-17 21:20:49
guug5bk,t3_msq9jg,"Great information! 
But will it rip, or slowly double over the next year? It’s resistance at $78 I feel because some insiders are dumping their shares at that price",5,2021-04-17 21:14:39
guw93dk,t3_msq9jg,Don’t forget roblox can also be a direct marketing tool to kids eyes.  Very valuable market.  Before Xmas lil nas x did a virtual concert in roblox that was a huge deal.  That type of virtual marketing can be another income flow for the company.,4,2021-04-18 04:16:36
guwtohi,t3_msq9jg,"My kids and every other kid they know at school, are addicted to Roblox. It's exploding in the sense of kids time spent, we're ok with it as parents as there's some educational content there.",4,2021-04-18 07:01:10
guz4i6w,t3_msq9jg,"I work for a school in Asia where Roblox is insanely popular and a lot of my students spend money in the game religiously. These kids have a stellar education and are also learning how to code from 6 years old.

If any place in the world would be clamoring to use Roblox as an educational tool then it would be here, but it just won't happen. It's a nice bit of padding to talk up the educational benefits of the game but in all honesty I don't think that'll amount to any additional interest or value in the stock. 

Gaming just isn't used in the classroom like that, at any level, and change happens very slowly in education. Steam Pedagogy is a non-starter I'm afraid, at least for the foreseeable.

I'm not saying this stock won't do well. I'm just saying it won't be for that reason.",3,2021-04-18 23:11:15
guukflb,t3_msq9jg,So puts then?,8,2021-04-17 21:48:03
guurrr2,t3_msq9jg,The curse of the WSB DD. Puts.,8,2021-04-17 22:30:42
guuwvcs,t3_msq9jg,"So, Do we buy calls or not ?",3,2021-04-17 22:59:18
guvj20m,t3_msq9jg,"Just sold my share in Roblox, for the ONLY profit in my entire portfolio 🤷🏾‍♀️",3,2021-04-18 01:10:07
gv0kxua,t3_msq9jg,"Roblox is the only game/app that my 12, now 13 yo, daughter truly got addicted to, and I mean that in a bad, bad way. IMO p2w is f’ing lame but for her was like crack. Anecdotally I’m hearing the same from other parents. I gotta think parents’ willingness to spend cash on f’ing Robucks is gonna hit a wall sooner or later. First time ever unauthorized charges showed up on our cards (linked to ApplePay) from Jan to mid March. Never had spend problems with her before Roblox. 

Thankfully I was able to get refunds for those charges and literally bought 2 GME with the refunds, for real.  

She also blew whatever cash she had in her CashApp account. The only thing she didn’t do was sell her 2 AMC and she bought via CashApp on her 2nd attempt on that day when trading was halted, god bless WSB for teaching her to hold (seriously I’m not making that up)

As for the educational component of Roblox with schools I’m skeptical. But I’m also very biased so will watch with interest. 

All that said I was still seriously considering RBLX dpo long at 40-45 but it was way overvalued IMO and at this point I’m not touching it. 

Ahh, thanks for letting me rant. I feel much better now. :-)",3,2021-04-19 06:13:27
guuyziq,t3_msq9jg,[deleted],9,2021-04-17 23:11:12
guv1ia4,t3_msq9jg,"I dropped Roblox on to my kids tablets to see what they made of it.

It's awful.

Unless you want to start buying half finished attempts at games. Their free content is abysmal. There's no hook.
All I could see as a gaming dad was pay to win/ skip grind.
From a product view you'd need a new hire in the company that can lead an in-house content creation team to regularly show people what can be done.

Then I could see the company bouncing.

It's a brilliant idea but jumping to a product/market maturity model too soon.",9,2021-04-17 23:25:06
guul971,t3_msq9jg,"Badass post, thanks mate",2,2021-04-17 21:52:56
guv8teg,t3_msq9jg,Great Post!,2,2021-04-18 00:06:15
guvvdt5,t3_msq9jg,This is fantastic. Thank you!,2,2021-04-18 02:45:54
guw5zvc,t3_msq9jg,I bought when it opened at $70 but I hate Roblox compared to Minecraft.,2,2021-04-18 03:59:34
gux7w4h,t3_msq9jg,Reading this makes my brain hurt.,2,2021-04-18 09:13:10
guzitkz,t3_msq9jg,My DD on this was; I have 4 kids under the age of 13.,2,2021-04-19 01:07:05
gv5hka4,t3_msq9jg,Epic DD thanks dude.,2,2021-04-20 09:21:40
guulftt,t3_msq9jg,[removed],6,2021-04-17 21:54:04
guwpsoe,t3_msq9jg,[deleted],3,2021-04-18 06:27:18
guufts3,t3_msq9jg,[deleted],3,2021-04-17 21:11:27
guupbal,t3_msq9jg,I'm probably gonna be bored at work. Just commenting so I can read it later,1,2021-04-17 22:16:44
guwse10,t3_msq9jg,"I played Roblox 13 years ago, and now my wife's boyfriend's 10 year old is playing Roblox. There's no money in it. It's fun, but it's all... Free fun. Most players don't dive into the educational blah blah, and it's only income source is robux for(e)skins. It's not going anywhere. 

EA, TakeTwo, Epic Games, etc... Publishing is where the money is in games.",1,2021-04-18 06:49:59
guuql5e,t3_msq9jg,Ape read too many words with too little positions.,0,2021-04-17 22:23:58
guvcr9w,t3_msq9jg,I tried playing Roblox and I don't think I'm on enough Ritalin for this game.,1,2021-04-18 00:29:08
guveks7,t3_msq9jg,I don't know any of this I just buy what I don't understand,1,2021-04-18 00:39:23
guvowje,t3_msq9jg,"I agree with this and agree with the premise—just not at this price.

There can be great companies that are valued too highly.",1,2021-04-18 01:57:30
guvvo95,t3_msq9jg,wait are there already roblox bagholderes?,1,2021-04-18 02:48:17
guw876v,t3_msq9jg,Nice DD! Heavily considering picking up either roblux or pins next still undecided,1,2021-04-18 04:11:38
guwjdnd,t3_msq9jg,"lot of words..im in.  i was already in, but now im going for more",1,2021-04-18 05:31:53
gux6ow0,t3_msq9jg,"Have been looking for more investment opportunities and this is a pretty solid case for it.

My question is, why is the market cap already so high? Has all of what you mentioned been priced in? Or just IPO hype?",1,2021-04-18 09:01:35
guyv76l,t3_msq9jg,Next year there’s going to be another game to take the attention of kids away. Fortnite came and left. Smart move on roblox to go public....,1,2021-04-18 21:49:48
gv11rih,t3_msq9jg,Commenting to read later.,1,2021-04-19 08:38:44
gv1459q,t3_msq9jg,"P and D. Careful, lads.",0,2021-04-19 09:00:09
gv63aq5,t3_msq9jg,"Dude, their valuation in February 2020 was 4 billion do you really think the past year 10x’d their value? Lol, this is not worth more than Epic Games (who literally owns Fornite, Unreal Engine and Epic Store) or Unity. The best metaverse play is Tencent, especially if you are smart enough to find a way to buy it at a 20% discount - you apes can figure that out.",0,2021-04-20 12:49:17
guvt05u,t1_guuwc2t,Attaboy,13,2021-04-18 02:26:44
guwelcd,t1_guwdqez,Lmfao the real DD is always in the comments.,18,2021-04-18 04:51:10
guvc4nd,t1_guugdf2,"Right, that's the thing. This shit isn't worth all of fuck EA and TakeTwo. It's just not. Sure, kids like it, but that's it. I was down to go all in at IPO, but the thing went straight to 80. Even in a crazy hype bubble, it's worth MAYBE 50",36,2021-04-18 00:25:31
gzavskp,t1_guugdf2,Still haven't forgot.,2,2021-05-25 02:36:40
guvyc2w,t1_guugdf2,Ok. I won't.,1,2021-04-18 03:09:54
guvr432,t1_guum1d9,100 July 16 calls,15,2021-04-18 02:11:24
guwd22y,t1_guv4a60,Aww no Square DD included rip. That was my favorite.,2,2021-04-18 04:38:41
guw4v58,t1_guv4a60,What site is this?,1,2021-04-18 03:53:08
guvwnfh,t1_guuksic,"I do. My life project is to build a learning platform where student engagement results in building schools - which is why Roblox is an incredible subject of interest for me. I am totally enthralled about education models that succeed at scale.

I studied computer science as a means to breath into the edtech sector and plan to continue my education in economics (masters) and education philosophy (phd)",7,2021-04-18 02:56:30
guyr81r,t1_guuksic,"We have a steam room at my school but it’s not interested with video games , more music based.

(Am a teacher )",2,2021-04-18 21:09:53
gv2896b,t1_guuksic,">  I’ve never seen the STEAM  
  
I never understood that acronym. The whole point in the ""STEM"" acronym is that it encompasses the non-arts in one, short word. It's like artists got all butt hurt that they weren't included, made a stink about it, and forced their way in.",0,2021-04-19 16:56:28
guvsaxu,t1_guuhel5,"120c in 2023 if you want to make money


120c in July if you want to lose money

Y'all are too hard to satisfy 


https://www.reddit.com/r/wallstreetbets/comments/mjcpfw/understanding_the_infrastructure_bill_the_federal/gtcy3zi?utm_medium=android_app&utm_source=share&context=3",5,2021-04-18 02:20:45
guwd3j7,t1_guvjh93,🚀,3,2021-04-18 04:38:55
guvr9py,t1_guugrav,It's my largest holding and plan for it to be my largest holding over the next 5 years.,9,2021-04-18 02:12:35
guvsh7m,t1_guug5bk,Latter.,3,2021-04-18 02:22:13
guwdguc,t1_guw93dk,This subject is lightly mentioned in the DD. I forgot to add an image as it was an important point in there engagement based payouts models. Thank you for highlighting this.,1,2021-04-18 04:41:45
guwur7q,t1_guwtohi,"Yep. People expect a slowdown when schools fully re-open, but I expect it to be a catalyst given that students will be talking about the game with their peers.",5,2021-04-18 07:11:03
guvyg8c,t1_guukflb,Nah,1,2021-04-18 03:10:47
guvt0v4,t1_guuwvcs,Yeah,5,2021-04-18 02:26:54
guvzmmo,t1_guvj20m,Get back in there champ.,2,2021-04-18 03:19:35
gv15o77,t1_gv0kxua,"I used to have a similar problem in 2005 when I was 10 years old. It's tricky and it's worthwhile talking to her about it from an understanding perspective. 

Think about what it means to be a child right? There isn't that much to look forward to except maybe sports, music, and games. Your daughter is showing a huge engagement in something that is unchecked and it could be converted to something more useful. By the time I was 12, I was hacking the game and got banned and lost all my cosmetic goods.

The game was called maplestory, which I posted an image of here. Interestingly enough, one of Roblox's most popular games is a Maplestory inspired game (they use the same music and art styles)

I'm 27 now and a software engineer in Fintech. My parents were never too involved in my education besides saying that I needed to complete it and feeling compelled to as a first.generation student.",4,2021-04-19 09:14:16
guvp06x,t1_guuyziq,Same but im gonna rub it all over with a 2 inch pole once it dumps.,5,2021-04-18 01:58:22
guvpn6w,t1_guv1ia4,"Depends on what games they actually play. They probably picked shitters. See; you’re forgetting that roblox is almost purely user generated content. So you’re bound to get some poorly made games made by people who either didn’t know what they’re doing or didn’t care to know.

For instance, [im sure you wouldn’t call this a half finished pay to win skip grind](https://m.youtube.com/watch?v=w3w3AgtAzXA). 

Id spend a few hours on the site yourself tbh there are definitely some surprisingly well fleshed out games on the platform.",4,2021-04-18 02:02:47
guvw7uz,t1_guv1ia4,"p2w is money dummy.. theyre gonna make bank imo..

edit: obligatory this is not financial advice. I just like the stock.",2,2021-04-18 02:52:48
guvp18t,t1_guv1ia4,"Roblox is the only gaming i dont support for my 6 years old.

He can play COD if he want and i will not bat an eyes but fuck roblox. 

I understand why kids love it and its why i find it toxic. 

I'll buy him VBUCK card before i let him spent my money on Roblox and god know VBUCK piss me off too. 

Marketing to young childrens in the digital age is something that make my blood boil and it seems to be a huge money maker. 

Whole industries is build on retarted parent ( like myself ) paying thousands a year so that our childrens that have been conditionned by FOMO marketing campaign harrass us into submission every single day a new trinkets get add to a marketplace.",2,2021-04-18 01:58:39
guvz4gr,t1_guv1ia4,That means you're early to the rodeo.,0,2021-04-18 03:15:48
guvdlrn,t1_guulftt,"He has been posting good DDs for a month now for different industries.

What sort of nonsense is this?",2,2021-04-18 00:33:59
guwri4y,t1_guwpsoe,[deleted],2,2021-04-18 06:42:11
guvsz3t,t1_guufts3,"Nah, I just like the stock.",1,2021-04-18 02:26:29
guvt29b,t1_guveks7,Atta boy!,1,2021-04-18 02:27:13
guvt4dm,t1_guvowje,I think it's a 100B company and the next Nintendo tbh.,2,2021-04-18 02:27:42
guvwfau,t1_guvvo95,Yeah,1,2021-04-18 02:54:34
guwa6gq,t1_guw876v,Porque no los dos?,2,2021-04-18 04:22:38
guwk72g,t1_guwjdnd,DEEper,1,2021-04-18 05:39:05
guxe5x3,t1_gux6ow0,ipo and covid hype.,1,2021-04-18 10:14:42
gv1267j,t1_gv11rih,Nice. Tbh I need to do a little bit of revising. I wrote this late into the night and some parts feel kinda tricky to read or repetitive. Im like 7/10 happy with it.,1,2021-04-19 08:42:22
gv14pzf,t1_gv1459q,Ya I don't actually care if people buy it or not. Just offering perspective on my main holdings.,1,2021-04-19 09:05:24
gv1wlls,t1_guvc4nd,"It absolutely is - talk to any parent of young kids, they are all buying ""Robux""

Plus the value of RBLX is in their developer ecosystem - they have basically created the ""paid mods"" arrangement Valve tried (and failed) to create years ago and the thing is already loaded to the gills with MTX.

Remember a company's stock price reflects the market's assessment of the net present value of **future** cash flows - this is the reason people are paying obscene prices for SPACs with no income or merger announced yet, for TSLA, for GME **after** it starts to look like the company is going to transform under RC (but not before).

People will pay a premium for growth right now and RBLX, with their fanbase of MTX-loving kids and budding developer community, is absolutely a growth prospect.",4,2021-04-19 14:04:29
guvw0hz,t1_guvc4nd,yeah ok,0,2021-04-18 02:51:07
guxi0rm,t1_guvc4nd,You're comparing an open system to a closed system.,-6,2021-04-18 10:52:28
gxtqhxm,t1_guvc4nd,Sooooo....,1,2021-05-12 14:32:19
guw43ie,t1_guvr432,"What’s your strike?
And thanks for writing this man once I seen the RuneScape shoutout I had to read it in its entirety. Very well thought out and you are thinking outside the box which is required in today’s world to be ahead of the game, no pun intended. What you describe seems very plausible, but does seem to require a slow and gradual shifting of the education system. While also understanding the current education system (androgen of learning or whatever you called it) is there for a reason, without getting too conspiratorial. I think this might take years, quite a few but in 5-10 years I could see the company being valued at 100+ and much beyond depending on how many people adopt it.",9,2021-04-18 03:48:41
guxi2ji,t1_guwd22y,Included now.,2,2021-04-18 10:52:58
guz1bld,t1_guvwnfh,"> student engagement results in building schools

i dont really get what this means?

also, maybe kahoot would interest you aswell",2,2021-04-18 22:44:12
gvf7dh9,t1_guyr81r,Yeah music and usage of things like Sketchup are more typical in current classroom environments,1,2021-04-22 16:03:44
gvf71ud,t1_gv2896b,"That's a very immature way of looking at it, given that you live in a time where many engineering skills intersect with the arts. To name a few:

Autodesk, engineering architecture and construction
Ableton, audio engineering
React, web and mobile development


The list goes on. Segregating the studies is a huge disservice to STEM and any scientist or engineer worth their salt values creativity and critical thinking when it comes to producing solutions.",1,2021-04-22 15:58:28
guvwfqu,t1_guvsh7m,"yep, I bought RBLX longterm.",7,2021-04-18 02:54:41
hlmifgy,t1_guwur7q,You are the minority who got this right! Congrats,1,2021-11-22 18:43:18
gv17c62,t1_guvyg8c,Mine are up 80% in like 4 days :),1,2021-04-19 09:29:33
gv186ke,t1_gv15o77,"Fascinating, thanks!!",1,2021-04-19 09:37:21
guvrlxs,t1_guvp06x,https://tsal-eszuskq0bptlfh8awbb.stackpathdns.com/wp-content/uploads/beans/images/Waiting-Memes-52918-2978a33.jpg,2,2021-04-18 02:15:07
guvwi82,t1_guvpn6w,"A good point well made.
I'm no expert at any of this. Jack of all trades, master of none kinda person.
As a parent and a gamer I can see why they're struggling and can't see where the product can go to underpin the DD.",1,2021-04-18 02:55:16
gux7056,t1_guvpn6w,This game kinda looks like shit?,0,2021-04-18 09:04:20
guvwv2a,t1_guvw7uz,Think the market has reacted against that. EA have been burned hard. Roblox is too late to the party.,1,2021-04-18 02:58:18
guvud0z,t1_guvp18t,This is a strong bias that you hold that isn't reflective of reality.,2,2021-04-18 02:37:57
guvn8rl,t1_guvdlrn,"DD are so hot right now and private companies hired marketing firm that reach out to redditors so that redditors with influence can post DD that would paint private companies in favorable light on the internet. 

Roblox hire a marketing firm , marketing firm hired redditor ,redditor post positive DD's on reddit.",2,2021-04-18 01:43:56
guvsksq,t1_guvdlrn,Not sure what he said. I had to go to sleep lol,1,2021-04-18 02:23:05
gvaoub7,t1_guwri4y,"By the way, click my profile. ![gif](emote|free_emotes_pack|grin)",1,2021-04-21 14:27:05
guwum6h,t1_guwri4y,Ok,-2,2021-04-18 07:09:46
guvtn32,t1_guvt4dm,"Maybe in time, *maybe* but its no where near that right now not even the 47b it’s worth rn when it can’t even turn a profit yet. Nintendo isn’t even worth 100B rn.

Nintendo has mountains of cash on hand, insane brand recognition, and is incredibly profitable yet is not even worth double roblox’s mkt cap and isn’t even worth 100b itself? Hard to justify Roblox’s current valuation with that in mind.",1,2021-04-18 02:32:06
guwazsk,t1_guwa6gq,No mucho dinero haha,2,2021-04-18 04:27:14
gv15z7f,t1_gv14pzf,I don’t care if you care. I was talking to people reading your shit.,0,2021-04-19 09:17:05
gvwmtzf,t1_gv1wlls,I have 2 kids. Its all my kids want to do... I even play Roblox with them. And kids grow up... and still play roblox. There are games that are fun for teens. Some that are okay for adults too (but this is definitely an area where they need to grow). Many kids continue to play into their 20s. Why? Its about community. They have friends on there.,4,2021-04-26 15:29:20
guw6e3j,t1_guw43ie,"I'm piling into 120 calls in 2023 with daily DCA but wsb hates making money. On that note, I agree that education is slow. Incentives change the nature of that, especially as the digital native age group continues to enter the teaching markets year over year.

I also write about adult centered education and design skills in an Autodesk DD that's related to the efforts pushed by the current government and it's plans for infrastructure. Roblox is also a benefactor of such policies.",3,2021-04-18 04:01:43
guxi5e9,t1_guxi2ji,"Oh damn, you run the site? That's pretty cool tbh. I thought you were just linking it",3,2021-04-18 10:53:46
guzbkxj,t1_guz1bld,"It's based on an engagement payout system similar to what Roblox does. User subscribes whether it's school sanctioned or not, and the engagement and interactions will pro-rate that subscription and send it to another school.",2,2021-04-19 00:09:07
guwm2mp,t1_guvwfqu,Me too. If it dips a lot again I'm going to buy some more. I had faith in Roblox before it even went public.,5,2021-04-18 05:54:55
gv17oqd,t1_gv17c62,That's good! Congrats,2,2021-04-19 09:32:49
guwpvcw,t1_guvrlxs,this feels like DFV back in 2019 lmao. I might have to trust you on this one lol,2,2021-04-18 06:27:53
guvzeha,t1_guvwi82,You can find just about anything on Roblox. It is slowly forming it's identity in the same way that organizations like Take Two formed an identity with GTA or Nintendo with games like Kart.,5,2021-04-18 03:17:53
guw096w,t1_guvwi82,"Im of the opposite mind actually im not sure why they aren’t turning a profit and was surprised when that was revealed. 

I dont see any issues with their core product at all and they have an absolutely **massive** playerbase with 164 million *monthly* users.

Surprisingly too they have more older users than one would expect with only 64% of their users being less than 16 and a surprising 14% being 25 and over.

The product is definitely attracting the repetitive player-base needed to be a winner, if I were to guess there’s just either a management problem or they’re still in a huge growth period, the latter of which is fine and justifies their losses.

I think long term RBLX is going to be a winner, but its not worth buying at current prices. Personally im waiting for a better purchasing price.",2,2021-04-18 03:24:01
guvxd8f,t1_guvwi82,"Btw I'm a megathread retard just trying to share a valid opinion about something else. I get gaming, I get business, I have no fucking idea about stocks. (Apart form all the squeeze mechanism basica stuff)

Someone says due for a resurgence, I say there needs to be a fundamental change in the product.",1,2021-04-18 03:02:19
gux76qw,t1_gux7056,"Depends on preferences.

If you only play games that are 10/10 graphics pc busters then sure.

Personally i like the cartoony aesthetic and the gameplay is smooth and solid with a clear cut progression system. 

For a free game this is very solid. Its effectively a budget COD or BF.",1,2021-04-18 09:06:08
guw8rzd,t1_guvwv2a,"I don't think you understand the Roblox model is the thing. It's a long-term play. 

&#x200B;

Not financial advice, just my opinion.",2,2021-04-18 04:14:51
guvsxxy,t1_guvn8rl,"Ya nah man Im just a Mexican guy that likes to write. I work in Fintech as a software engineer and work on education projects on my own.


Kinda flattering though",5,2021-04-18 02:26:12
guvu3yu,t1_guvtn32,Conservative companies reflect a conservative output.,0,2021-04-18 02:36:02
gv163hc,t1_gv15z7f,"Uhhh, ok. I'll block you so you aren't so displeased in the future. Thanks for stopping by.",0,2021-04-19 09:18:11
gvxs5z8,t1_gvwmtzf,Yup some games excel at creating social experiences/social spaces - those games tend to have longevity. Rblx is one of those. Whole generation of kids will grow up with this being the thing they get nostalgic for.,1,2021-04-26 23:18:05
guwb29q,t1_guw6e3j,"They just wanna see fintech and PLTR yolos, I don’t blame em I love that shit too. It is clear you’re also balls deep into this and not just some opportunity you stumbled upon. I have read very few DDs that really capture the bubble of whatever sector or industry the DD is about. Again quite a few things need to happen for this to go where you believe it’s going. I akin it to mindfulness and meditation (tell me if I’m wrong). It’s growing in popularity and has clear and measurable benefits. It should continue to grow and penetrate many industries if not create one of its own, but it may still be met with some resistance because it’s new and seemingly ephemeral. In a lot of ways, it’s success is dependent on the general public being and remaining genuinely interested in new and obscure methods that enrich lives and not regressing to the status quo. The trajectory looks good but history tells us otherwise. It’s a crude example that I’m too lazy to expand on, but hopefully you kinda get the idea of the bearish case. Either way on a personal level, I hope what you see comes true because that could be a game changer. Rooting for your calls and may buy a single LEAP to say I was a part of it. Will look into your auto desk DD as well. Please don’t let these retards discourage you from posting, they’re simple savages (love them dearly). Keep up the good work I’ll be keeping my eye out.

Edit spelling",4,2021-04-18 04:27:37
guxidr9,t1_guxi5e9,Yeah but anyone can make a profile for anyone!,2,2021-04-18 10:56:09
guwues3,t1_guwpvcw,Yeah. Tbh I've been investing in GME since may. Got pics to prove it but I'm too lazy to log into my account on my phone. That shit was so obvious at 300M market cap.,1,2021-04-18 07:07:51
guw55o1,t1_guvzeha,"You are mentioning some HUGE names there.
To my mind Roblox is Minecraft on steroids. 

They are  monetising the mod scene. (Which Minecraft has done)

The companies you mention had amazing core games that sit at the heart of the franchise. I'm an OG gamer and can't see it.",2,2021-04-18 03:54:47
guwda2t,t1_guw096w,They burn an enormous amount of profit on their developer platform.,1,2021-04-18 04:40:05
guwe0qe,t1_guw8rzd,"Doing my own DD on a games company. As close to my comfort zone as I'm going to get.
I thought I had NVidia nailed but then they blew there entire wad on a 7bn acquisition. Out of fucking nowhere.

You've given me food for thought.
I'm setting up a UK ISA so this could be one to put in the pot.",1,2021-04-18 04:46:29
guvucfm,t1_guvu3yu,"That doesn’t even make sense lol. 

Nor does it justify any of what I just said.

Company has potential and i definitely like it but esp with how volatile its trading and looking at other IPO’s of late like PLTR I think it would be bad in the short term to buy at this price even if it works out in the long term. Good chance it sees a drop and better buy in price.",2,2021-04-18 02:37:49
guwinrn,t1_guw55o1,"Roblox is amazing, my daughter convinced me to try it since one of her schoolfriends also plays with her dad. It's a lot of fun, some of it is really simple and remind you of older flash tower defence games (but they are awesome) there are tycoon games my daughter made me try one, the only reason I didn't start buying Robux after 15 minutes was that it kept giving an error when I was at the choose method of payment screen.

&#x200B;

I'm usually a total war gamer and a mount&blade and football manager gamer. But Roblox has some really fun stuff. And yes it's also immensely popular with kids her entire school and all the kids at her programming class (one of her hobbies) are very much into it. When she turned 10 she was allowed to have a sleepover party with friends and they all slept in the living room. At one point around 4 AM my wife went downstairs because she heard something. They had turned my pc on, and my daughter's pc and where playing Roblox on it and then 3 other girls where also playing roblox on their phones.

&#x200B;

I wouldn't underestimate it. It's obviously a question how the monetization will play out. But the market share conquering is locked down if you ask this gamer dad",4,2021-04-18 05:25:41
guw5ouk,t1_guw55o1,"Yeah because they have already identified those artworks as part of their brand. GTA wasn't so clear 20 years ago. Roblox still has to formulate it's identified brand.

On that note, minecraft and roblox are one of most popular games in history and it hasn't seemed to slow down. The child market has also supported other behemoths like Disney and YouTube for example.",1,2021-04-18 03:57:51
guzyvcr,t1_guw55o1,"It’s a different kind of game from any “OG” games, it’s a sandbox. Not just in a simulation-game kind of way, but in design structure. Even more so than Minecraft.",1,2021-04-19 03:15:32
guwdydy,t1_guwda2t,"Thats def a negative to consider then if they’re burning so much they’re reporting net losses. 

I dont exactly see them rolling back the payout rates either they’ll lose a good chunk of talent that way that’s drawing their userbase.",2,2021-04-18 04:45:56
guwrgxe,t1_guwe0qe,"again, not financial advice, but they have a weirdly massive following that reminds me of Minecraft in the early days among other things. I personally hope it dips so I can buy more, so if it tanks short-term I'm happy.",2,2021-04-18 06:41:53
guy254g,t1_guwrgxe,"Regular content creators is an important metric.
Time spent per released 'game'
Average play time.

The child market is milking parents, I'm a bit opposed to that. Like the nag aisles in supermarkets.

It's on my list and I'm looking for a dip. Still need to research the long term though.",2,2021-04-18 14:55:21
