comment_id,comment_parent_id,comment_body,comment_score,created_utc
hot0bdo,t3_rhvsg3,"
**User Report**| | | |
:--|:--|:--|:--
**Total Submissions**|7|**First Seen In WSB**|11 months ago
**Total Comments**|91|**Previous DD**|
**Account Age**|6 years|[^scan ^comment ](https://www.reddit.com/message/compose/?to=VisualMod&subject=scan_comment&message=Replace%20this%20text%20with%20a%20comment%20ID%20(which%20looks%20like%20*h26cq3k*)%20to%20have%20the%20bot%20scan%20your%20comment%20and%20correct%20your%20first%20seen%20date.)|[^scan ^submission ](https://www.reddit.com/message/compose/?to=VisualMod&subject=scan_submission&message=Replace%20this%20text%20with%20a%20submission%20ID%20(which%20looks%20like%20*h26cq3k*)%20to%20have%20the%20bot%20scan%20your%20submission%20and%20correct%20your%20first%20seen%20date.)
**Vote Spam (NEW)**|[Click to Vote](https://www.reddit.com/message/compose/?to=VisualMod&subject=vote_spam&message=rhvsg3)|**Vote Approve (NEW)**|[Click to Vote](https://www.reddit.com/message/compose/?to=VisualMod&subject=vote_approve&message=rhvsg3)",1,2021-12-17 01:39:49
hotwxb5,t3_rhvsg3,Aaaaaand it's gone. Just. Like. That.,27,2021-12-17 05:12:11
hotymm6,t3_rhvsg3,This aged bad,10,2021-12-17 05:23:07
hou93oy,t3_rhvsg3,I can already imagine how hard I'll cum to the FDX loss porn this weekend 💦💦💦🤣🤣🤣,6,2021-12-17 06:33:29
hotwdto,t3_rhvsg3,OP you held?,4,2021-12-17 05:08:37
hotq09h,t3_rhvsg3,"Fuck this means my puts will expire worthless if you retards are buying puts too

Edit: I fucking knew it. If I had day trades left I'd have switched to calls. Always inverse WSB",3,2021-12-17 04:27:05
hotds4w,t3_rhvsg3,"I bought 20 $210's and idk if it was you or someone else, but someone was talking about lotto moves and I said why not. Up a decent amount. Hoping it rugs it's ass off in the next hour or so, so that I can unload. But realistically I think I may have missed it.",2,2021-12-17 03:07:09
hotxzvq,t3_rhvsg3,Thank you for your donation,2,2021-12-17 05:19:05
hotyc1j,t3_rhvsg3,Lmao,2,2021-12-17 05:21:15
hou020b,t3_rhvsg3,Guh,2,2021-12-17 05:32:33
hou0jrj,t3_rhvsg3,Better luck next time.,2,2021-12-17 05:35:49
hou29zx,t3_rhvsg3,"And this is the main reason I don't play earnings, especially with naked calls or puts.",2,2021-12-17 05:47:06
hou58hm,t3_rhvsg3,OUCH,2,2021-12-17 06:06:58
hot0jhw,t3_rhvsg3,Good enough to screenshot good enough to sell mate,3,2021-12-17 01:41:14
hou7by0,t3_rhvsg3,"Still holding on to this one... +800%. ADBE is going to cliffdive into close Friday methinks. Institutions unwinding/rebalancing growth software stocks.

 https://imgur.com/6oXf4on.jpg",1,2021-12-17 06:21:14
hota2qq,t3_rhvsg3,"210?  Don't you think that's a bit much, even if they drop 10% like last earnings, those puts will still get IV crushed to worthlessness, I wouldn't touch anything below 235.",0,2021-12-17 02:43:03
hotdeoe,t3_rhvsg3,Get it!,1,2021-12-17 03:04:42
hotkf6n,t3_rhvsg3,Got a 240 put option myself. Im up quite a bit but Idk if it'll be worth holding through er,1,2021-12-17 03:50:47
hou2kul,t3_rhvsg3,god. the 12/31 235/240 put spread saved a major portion of my otherwise naked ass.,1,2021-12-17 05:49:05
hou36hl,t3_rhvsg3,The bad news is your horse lost… it didn’t even run in the right direction. .,1,2021-12-17 05:53:05
houi80h,t3_rhvsg3,you later tonight for money: O<==3,1,2021-12-17 07:38:57
houm4bd,t3_rhvsg3,Why are you retards buying puts/calls that expire tmrw. WTF?,1,2021-12-17 08:07:59
hov1j1a,t3_rhvsg3,6k is not a yolo. Delete this.,1,2021-12-17 10:03:45
hovc1cq,t3_rhvsg3,I’ll be sure to post losses lol,1,2021-12-17 11:22:30
hp1uiz0,t3_rhvsg3,Sorry OP. Looks like you bought my puts.,1,2021-12-18 22:34:23
houl0sz,t1_hotwxb5,Can still sell with money. Maybe $500-$1k regroup,1,2021-12-17 07:59:50
hov77uy,t1_hotwdto,Loss porn incoming!,7,2021-12-17 10:46:15
hotkzuq,t1_hotds4w,I would unload those for whatever you can get for them by days end.  Come tomorrow if that doesnt plunge 15% you are proper fucked from IV crush.,1,2021-12-17 03:54:32
hot1um9,t1_hot0jhw,"Yeah but the loss porn will be good enough to screenshot too, think about the people on the sub who want to see that.

I’ve done extensive DD: https://youtu.be/7WO8K11eo4Y",8,2021-12-17 01:49:30
hotl4ym,t1_hota2qq,I just ran spreads on it.  Ain't gonna be good enough to screenshot but for roughly 30 bucks a contract and a 5% range of profit I'll take it.,2,2021-12-17 03:55:28
hotq64n,t1_hotkf6n,"I bought small amounts that I'm going to hold because I want it to go big 

I have other calls and other puts. All smaller positions $150 average. If one of them rips it's all worth it",1,2021-12-17 04:28:12
hotpl89,t1_hotkzuq,"I unloaded 15 @.70 for +50% and then it proceeded to go to 1.06, sold another 3. Holding 2 for the yolo and a 235 put.",2,2021-12-17 04:24:21
hot4j05,t1_hot1um9,Fuck selling. Good enough to screenshot good enough to hold and lose it alllllll,1,2021-12-17 02:06:51
hou8yyl,t1_hot1um9,Goodnight sweet prince.,1,2021-12-17 06:32:34
hotlo85,t1_hotl4ym,"Same, I think spreads are the play here since IV is getting extremely high and anything other than falling off a cliff will end in crush.",2,2021-12-17 03:59:00
hoto0fd,t1_hotlo85,Yeah that was my thinking in that it's not gonna be another docusign or Adobe it's not a covid stock but it's also glaringly obvious the logistics industry has been a disaster for the last half of this year.  I'm thinking around a 5-7% dip.,1,2021-12-17 04:14:09
