comment_id,comment_parent_id,comment_body,comment_score,created_utc
h6u7saa,t3_otbyvn,"
**User Report**| | | |
:--|:--|:--|:--
**Total Submissions**|10|**First Seen In WSB**|6 months ago
**Total Comments**|12|**Previous DD**|[x](https://www.reddit.com/r/wallstreetbets/comments/otbw1m/appl_lcid_car_partnership_connections/) [x](https://www.reddit.com/r/wallstreetbets/comments/otbyvn/appl_lcid_car_partnership_connections/) 
**Account Age**|7 months|[^scan ^comment ](https://www.reddit.com/message/compose/?to=VisualMod&subject=scan_comment&message=Replace%20this%20text%20with%20a%20comment%20ID%20(which%20looks%20like%20*h26cq3k*)%20to%20have%20the%20bot%20scan%20your%20comment%20and%20correct%20your%20first%20seen%20date.)|[^scan ^submission ](https://www.reddit.com/message/compose/?to=VisualMod&subject=scan_submission&message=Replace%20this%20text%20with%20a%20submission%20ID%20(which%20looks%20like%20*h26cq3k*)%20to%20have%20the%20bot%20scan%20your%20submission%20and%20correct%20your%20first%20seen%20date.)
    
Hey /u/Admirable_Ad_3602, **positions or ban.** Reply to this with a screenshot of your entry/exit.",1,2021-07-28 23:16:36
h6u97xu,t1_h6u7saa,Positions: $LCID 725 shares @ $31.50,2,2021-07-28 23:26:37
h6uan74,t1_h6u97xu,300 Shares @ $25,1,2021-07-28 23:36:33
