comment_id,comment_parent_id,comment_body,comment_score,created_utc
ha41vhy,t3_pae4xr,"
**User Report**| | | |
:--|:--|:--|:--
**Total Submissions**|3|**First Seen In WSB**|2 months ago
**Total Comments**|6|**Previous DD**|[x](https://www.reddit.com/r/wallstreetbets/comments/pae4xr/next_plays_brought_you_adbe_last_time/) [x](https://www.reddit.com/r/wallstreetbets/comments/nxtuir/dd_adobe_will_fly_before_and_after_earnings/) 
**Account Age**|8 months|[^scan ^comment ](https://www.reddit.com/message/compose/?to=VisualMod&subject=scan_comment&message=Replace%20this%20text%20with%20a%20comment%20ID%20(which%20looks%20like%20*h26cq3k*)%20to%20have%20the%20bot%20scan%20your%20comment%20and%20correct%20your%20first%20seen%20date.)|[^scan ^submission ](https://www.reddit.com/message/compose/?to=VisualMod&subject=scan_submission&message=Replace%20this%20text%20with%20a%20submission%20ID%20(which%20looks%20like%20*h26cq3k*)%20to%20have%20the%20bot%20scan%20your%20submission%20and%20correct%20your%20first%20seen%20date.)",1,2021-08-24 10:10:57
