comment_id,comment_parent_id,comment_body,comment_score,created_utc
h18rxya,t3_nweu2e,So what exactly should I take away from this information?,7,2021-06-10 12:24:18
h18rmi6,t3_nweu2e,If you guys want more content like this let me know!,9,2021-06-10 12:21:00
h18rj4t,t3_nweu2e,"**I am a bot and identified and tracked the following options picks within this post:**

|**Ticker**|**Strike**|**Type**|**Exp**|**Recorded Premium**|**Recorded Stock Price**|**OI**|**Volume**|
|:-|:-|:-|:-|:-|:-|:-|:-|
|**ADBE**|**$470**|**BUY CALL**|**2021-09-17**|**$58.75**|**$514.68**|**35**|**3038**

[Realtime ROI](https://www.pickmojo.com/pick/ckpqe70fn894j0714qlq51nao) | [Track Record](https://www.pickmojo.com/user/732pizza/) | [Bot Info](https://www.reddit.com/r/pickmojo/comments/he9ghu/options_picks_tracking_bot_information/) | Leaderboard: [Week](https://www.pickmojo.com/stocks/best-this-week-reddit), [Month](https://www.pickmojo.com/stocks/best-this-month-reddit), [All](https://www.pickmojo.com/stocks/top-reddit) | [Exit this position](https://www.pickmojo.com/reddit_redirect)

**^(*Recorded after market close, will be recorded at the next market open if the premium is within 10% margin. My owner is monitoring these posts, reply with feedback! You can now track comments by mentioning me!)**",2,2021-06-10 12:20:02
h18u4c8,t3_nweu2e,"If I had to guess what this post means, it’s that if these calls go through in the morning, then this stonk will drop a little.",1,2021-06-10 12:47:43
h18s1q5,t3_nweu2e,Why do you consider this important.,-1,2021-06-10 12:25:23
h18s2ca,t1_h18rxya,That you're too retarded to understand stonks,2,2021-06-10 12:25:34
h18rrjt,t1_h18rmi6,"Following you

Edit: where do you pull your info from and any specific criteria?",2,2021-06-10 12:22:27
h18tjd3,t1_h18rmi6,I do,1,2021-06-10 12:41:22
h18s5j2,t1_h18s2ca,Oh yeah I already knew that man lmao,7,2021-06-10 12:26:29
