comment_id,comment_parent_id,comment_body,comment_score,created_utc
hjmaoyv,t3_qodfr7,"
**User Report**| | | |
:--|:--|:--|:--
**Total Submissions**|43|**First Seen In WSB**|10 months ago
**Total Comments**|522|**Previous DD**|[x](https://www.reddit.com/r/wallstreetbets/comments/kmvfcb/pinterest_dd_you_are_not_the_customer_yet_pins/) [x](https://www.reddit.com/r/wallstreetbets/comments/mb585a/sigh_understanding_gamestop_ryan_cohen_customer/) [x](https://www.reddit.com/r/wallstreetbets/comments/msq9jg/understanding_roblox_gamings_role_in_education/) [x](https://www.reddit.com/r/wallstreetbets/comments/lomhgb/an_essay_on_pinterest/) [x](https://www.reddit.com/r/wallstreetbets/comments/m6n9vd/understanding_social_media_networks_pinterest_the/) [x](https://www.reddit.com/r/wallstreetbets/comments/mjcpfw/understanding_the_infrastructure_bill_the_federal/) [x](https://www.reddit.com/r/wallstreetbets/comments/lgopua/pins_pinterest_the_real_facebook_vs_apple_play/) [x](https://www.reddit.com/r/wallstreetbets/comments/qfsboo/investing_my_income_into_roblox_facebook_earnings/) [x](https://www.reddit.com/r/wallstreetbets/comments/m50k8j/understanding_fintech_square_jayz_and_the_future/) [x](https://www.reddit.com/r/wallstreetbets/comments/mejezz/understanding_mexicanamerican_trade_the_usmca_and/) [x](https://www.reddit.com/r/wallstreetbets/comments/m8jd87/understanding_social_networks_pinterests_idea/) [x](https://www.reddit.com/r/wallstreetbets/comments/m5alzf/understanding_your_wife_pinterest_the_idea_search/) [x](https://www.reddit.com/r/wallstreetbets/comments/m5b3wi/understanding_pinterest_the_search_engine_for/) [x](https://www.reddit.com/r/wallstreetbets/comments/n2obgn/understanding_serverless_fastly_softwaredefined/) [x](https://www.reddit.com/r/wallstreetbets/comments/qodfr7/understanding_the_infrastructure_bill_why/) 
**Account Age**|1 year|[^scan ^comment ](https://www.reddit.com/message/compose/?to=VisualMod&subject=scan_comment&message=Replace%20this%20text%20with%20a%20comment%20ID%20(which%20looks%20like%20*h26cq3k*)%20to%20have%20the%20bot%20scan%20your%20comment%20and%20correct%20your%20first%20seen%20date.)|[^scan ^submission ](https://www.reddit.com/message/compose/?to=VisualMod&subject=scan_submission&message=Replace%20this%20text%20with%20a%20submission%20ID%20(which%20looks%20like%20*h26cq3k*)%20to%20have%20the%20bot%20scan%20your%20submission%20and%20correct%20your%20first%20seen%20date.)
**Vote Spam (NEW)**|[Click to Vote](https://www.reddit.com/message/compose/?to=VisualMod&subject=vote_spam&message=qodfr7)|**Vote Approve (NEW)**|[Click to Vote](https://www.reddit.com/message/compose/?to=VisualMod&subject=vote_approve&message=qodfr7)",1,2021-11-07 08:48:56
