comment_id,comment_parent_id,comment_body,comment_score,created_utc
gwuljck,t3_n4bkzx,Run and Go to r/investing before you get bullied,5,2021-05-04 08:27:26
gwul6c7,t3_n4bkzx,"Looks for some low expense ETF/mutual funds offered through your broker with these companies included, probably a better strategy.",5,2021-05-04 08:24:31
gwuljj9,t3_n4bkzx,"Invest in life skills, silver, and ammo.",4,2021-05-04 08:27:28
gwuljmk,t3_n4bkzx,"Better off investing in a Index fund that tracks the S&P 500 as a whole to minimize risks and still guarantee steady returns.

If you want to generate more returns and transition to a more active role in the market then you will need to do some DD and actually pick stocks. The stocks you mentioned have for the most part,future value already adjusted for so they will trade sideways for most of the year.",3,2021-05-04 08:27:29
gwultql,t3_n4bkzx,"Wrong sub, move along",1,2021-05-04 08:29:46
gwum2kr,t3_n4bkzx,"I would tend to agree with what I've already seen commented, the little diversification that comes with four companies is risky, simply put. This kind of post strikes me as more of an r/investing question, but FWIW, being that you are 30, if you were to sustain 1500 per month and retire at 65, you would have around $4 million (with 10% annually compounding, in other words, the S&P 500 benchmark) My advice is to stick with a low expense index fund when looking at a 20+ year investment. Generally speaking, they will serve you better in retirement accounts than other alternatives.",1,2021-05-04 08:31:47
gwum33r,t3_n4bkzx,"I believe the prevailing answer is going to be yes.

Honestly it's not a bad bet, but it's a bad bet for your life savings IMO if you're planning on letting it ride no matter what. 

Most advice for your age would point toward a stock-heavy portfolio that gradually transitions, so you're not too far off.

I suggest finding a healthier middle ground with more than 4 companies. You don't have to diversify all the way out to the level of a mutual fund or most ETFs, but your 16 favorite companies sounds nicer.",1,2021-05-04 08:31:54
gwum741,t3_n4bkzx,lol goes into casino and asks for financial planning. should ask your wife's boyfriend if you can all in on $BURLAP.,1,2021-05-04 08:32:50
gwum7q7,t3_n4bkzx,"bro, buy Bitc*in.  I used to be a big WSBer but stocks are not going to be enough to save you unless you hit it 100x big.",1,2021-05-04 08:32:57
gwumrbj,t3_n4bkzx,"Those stocks aren’t bad options. I own all of them except NVDA which I wish I never sold. I would at least spread things over 10 stocks and monitor their earnings every quarter since things can change. Adding stocks like HD, GOOGL, FB, COST, MA, V and SCHD will diversify yourself better and still manage to beat the S&P 500.",1,2021-05-04 08:37:25
gwunndx,t3_n4bkzx,I am a bot. This Discussion does not look like it has generated enough approval to stay on /r/wallstreetbets.                                        We algorithmically cull certain submission flairs whose response is not above a certain threshold to try and keep the page clean.,1,2021-05-04 08:44:36
gwurcf2,t3_n4bkzx,I am a bot. This Discussion does not look like it has generated enough approval to stay on /r/wallstreetbets.                                        We algorithmically cull certain submission flairs whose response is not above a certain threshold to try and keep the page clean.,1,2021-05-04 09:14:35
