comment_id,comment_parent_id,comment_body,comment_score,created_utc
h1gqbgh,t3_nxtuir,Ok mister 8 minute account,10,2021-06-12 08:12:14
h1kra4b,t3_nxtuir,"I hate Adobe for what they put me through as a developer.

Puts on their janky ghetto ass software",4,2021-06-13 09:37:43
h30xbr2,t3_nxtuir,You were right my man.,2,2021-06-26 02:49:29
h1gqzw6,t3_nxtuir,usually does,2,2021-06-12 08:18:32
h1h1rsw,t3_nxtuir,[deleted],2,2021-06-12 10:01:30
h1h6k65,t3_nxtuir,"he meant massive bust, just the way his wife likes",0,2021-06-12 10:48:17
h1ig5st,t3_nxtuir,"Sh\*tadel really wants those option premiums, huh?",0,2021-06-12 21:05:49
h1gqhuw,t1_h1gqbgh,Hot diggity,2,2021-06-12 08:13:53
h1h5qii,t1_h1h1rsw,"I think it’s about 5-6% or 3 consecutive days of 1.4%.

Jacked to the tits over this massive breakout!!

🙄",2,2021-06-12 10:40:09
