comment_id,comment_parent_id,comment_body,comment_score,created_utc
h4wwkwz,t3_oipio2,"Yeah, so AMOM is *way* below the market cap requirement. Minimum market cap is $1B.",1,2021-07-12 20:36:12
h4wul6e,t3_oipio2,Oh no the AI is retarded,49,2021-07-12 20:15:08
h4wxo8w,t3_oipio2,Fuck why this get removed,20,2021-07-12 20:47:11
h4wxtkb,t3_oipio2,Fuck why this get removed,6,2021-07-12 20:48:39
h4xbcty,t3_oipio2,"I would argue many people here also rely on ""artificial"" intelligence",7,2021-07-12 22:45:10
h4wukqw,t3_oipio2,"What can I say, AI likes tendies too.",10,2021-07-12 20:15:01
h4wtwri,t3_oipio2,[deleted],5,2021-07-12 20:07:32
h4x21wb,t3_oipio2,Oohooh! A-I-T-X!! 🦍,2,2021-07-12 21:28:16
h4x5xhb,t3_oipio2,AI - be very careful what you wish for & support.,2,2021-07-12 22:00:41
h4wrm5k,t3_oipio2,"
**User Report**| | | |
:--|:--|:--|:--
**Total Submissions**|2|**First Seen In WSB**|5 months ago
**Total Comments**|10|**Previous DD**|
**Account Age**|5 months|[^scan ^comment ](https://www.reddit.com/message/compose/?to=VisualMod&subject=scan_comment&message=Replace%20this%20text%20with%20a%20comment%20ID%20(which%20looks%20like%20*h26cq3k*)%20to%20have%20the%20bot%20scan%20your%20comment%20and%20correct%20your%20first%20seen%20date.)|[^scan ^submission ](https://www.reddit.com/message/compose/?to=VisualMod&subject=scan_submission&message=Replace%20this%20text%20with%20a%20submission%20ID%20(which%20looks%20like%20*h26cq3k*)%20to%20have%20the%20bot%20scan%20your%20submission%20and%20correct%20your%20first%20seen%20date.)",2,2021-07-12 19:40:50
h4xa2rf,t3_oipio2,Why was this post removed?,1,2021-07-12 22:34:53
h4xz1pr,t3_oipio2,We've retarded the AI!! Sweet!!,1,2021-07-13 01:36:26
h4x3x0d,t1_h4wwkwz,Theres a market cap req of 1 billion to be posted here? Never heard that before,1,2021-07-12 21:44:08
h4wxusb,t1_h4wxo8w,WSB isn't run by apes.,19,2021-07-12 20:48:58
h4wwk0i,t1_h4wtwri,"Mine is $1050, if the AI is retarded like me then we’re good 🚀🚀🚀",7,2021-07-12 20:35:57
h4x9qsa,t1_h4x3x0d,Well you've also only barely been here lmao,7,2021-07-12 22:32:13
h4xaj4m,t1_h4x9qsa,I guess you learn something everyday. Though I've seen 3 or more different DDs that were clone meat companies or tech companies which werent taken down and below 1 billion market cap.,1,2021-07-12 22:38:34
h4xaobh,t1_h4xaj4m,I've seen a lot of stuff that would normally have been removed on the daily. Aren't enough mods for the crazy population of the sub man that's just what it is,4,2021-07-12 22:39:45
h4xgumh,t1_h4xaj4m,"Definitelt tag me in them. If they're still up it's because I missed them, lol",2,2021-07-12 23:28:15
