comment_id,comment_parent_id,comment_body,comment_score,created_utc
hn79pzj,t3_r8pkt2,"
**User Report**| | | |
:--|:--|:--|:--
**Total Submissions**|7|**First Seen In WSB**|11 months ago
**Total Comments**|15|**Previous DD**|
**Account Age**|1 year|[^scan ^comment ](https://www.reddit.com/message/compose/?to=VisualMod&subject=scan_comment&message=Replace%20this%20text%20with%20a%20comment%20ID%20(which%20looks%20like%20*h26cq3k*)%20to%20have%20the%20bot%20scan%20your%20comment%20and%20correct%20your%20first%20seen%20date.)|[^scan ^submission ](https://www.reddit.com/message/compose/?to=VisualMod&subject=scan_submission&message=Replace%20this%20text%20with%20a%20submission%20ID%20(which%20looks%20like%20*h26cq3k*)%20to%20have%20the%20bot%20scan%20your%20submission%20and%20correct%20your%20first%20seen%20date.)
**Vote Spam (NEW)**|[Click to Vote](https://www.reddit.com/message/compose/?to=VisualMod&subject=vote_spam&message=r8pkt2)|**Vote Approve (NEW)**|[Click to Vote](https://www.reddit.com/message/compose/?to=VisualMod&subject=vote_approve&message=r8pkt2)",1,2021-12-04 23:12:22
hn7i7yr,t3_r8pkt2,"With taper coming up, don’t expect 2022 to be like 2020 or 2021…
A lot of the software companies are getting kicked really hard because their valuations are sky high",15,2021-12-05 00:17:42
hn6zbs0,t3_r8pkt2,"They are still at 22 p/s and 50pe.  
Around 14% away from their ath.  

700 -> 600.  

Market is repricing, we could still see more discounts on it.",27,2021-12-04 21:41:37
hn76ndb,t3_r8pkt2,Adobe is a good company but good company does not mean stock price will go up forever . Pe is high and price could be overpriced . Correction is not unexpected.,9,2021-12-04 22:47:06
hn9yi99,t3_r8pkt2,Some of the connection was and is they’re in a lot of the same ETFs... Powell’s about face on inflation is the first major Fed change in positioning since covid and no one knows how long it will take the market to get adjusted is my opinion. We are also lapping the 1yr point on a lot of people’s post covid capital gains (with the dual threat of government taxing cap gains worse in the future AND potential slower growth for high multiple names). I’m trying to make some money playing the daily/hourly swings in SVXY and UVXY and saving the proceeds to maybe add to high conviction holdings closer to xmas or maybe just wait and see if selling continues in January,3,2021-12-05 10:48:47
hna3a94,t3_r8pkt2,the drop of ADBE makes no sense since it is Adobe products which are responsible for Docusign’s downfall,2,2021-12-05 11:25:38
hn8uywm,t3_r8pkt2,"After ignoring valuations for a while, Market is thinking hard about it now. A hard hit usually needs time to repair. With earnings around the corner, market may take it further down based on Docu earnings call comments till the earnings.",1,2021-12-05 05:59:18
hn9vyav,t3_r8pkt2,![img](emote|t5_2th52|4553),1,2021-12-05 10:29:11
hnb195c,t3_r8pkt2,Prefer to wait after earnings to decide,1,2021-12-05 17:18:14
hn8g9ha,t1_hn7i7yr,Agreed . Waiting for 15% nasdaq correction,6,2021-12-05 04:13:05
hn9ndxu,t1_hn6zbs0,And adbe earnings upcoming,1,2021-12-05 09:23:52
