comment_id,comment_parent_id,comment_body,comment_score,created_utc
glpbltq,t3_lapgwo,Preach brother preach,45,2021-02-02 14:35:54
glpgop7,t3_lapgwo,This post just cured my ED 🚀 🚀 🚀 🚀 🚀,14,2021-02-02 15:41:14
glpeoze,t3_lapgwo,I barely understand most of this. Can you dumb this down for us smooth brains?  Maybe an ELI5 at the bottom.  I’ve read a lot of BB DD and this was the most convoluted one.,11,2021-02-02 15:14:35
glqr74r,t3_lapgwo,Ford dropped QNX. BB tanking,3,2021-02-02 23:48:41
glpcigv,t3_lapgwo,"Not this micro kernel thing again. 

https://en.m.wikipedia.org/wiki/Tanenbaum%E2%80%93Torvalds_debate

You don't need a microkernel for a real time OS. 

The multiple platform runtime sounds like BS. Any OS can do that. 

POSIX support... you know what else has POSIX support? Linux. And the BSDs

What makes it different from other Real Time Operating Systems like vxWorks? That's what prospective customers care about. And they are niche. Expensive niches, but niches nonetheless. No one is using a RTOS on their laptop. That part about QNX replacing desktop OSs is BS. There was almost a microkernel desktop OS (which Apple almost used) and that was BeOS. 

RTOS has nothing to do with downtime. Sure, because of the applications where they are normally used, usually they are well tested (but also incredibly slow to evolve). You need RTOS generally when you are interfacing with the real world. Robots(think industrial robots, not drones or roombas), factories, power plants, rockets, self driving cars (which are robots), potentially satellites. That's assuming your system even needs an OS. And that your use case won't be served with SCADA. And that you won't just use microcontrollers for the time critical parts. 

QNX may as well be good. It's no easy engineering feat to develop (and get customers for) a RTOS. But that write up is pure bullshit.",9,2021-02-02 14:47:11
glpg9a2,t1_glpeoze,"I got through the first 2 sentences, skipped the rest, and can probably give a decent TLDR from my own digging in BB.  They have the best security system in the world because there is nothing like it, and the inner workings are so abstracted that it's very near impossible to hack, the run-time support, and machine level code support is amazing, and its an efficient operating system.  Essentially, to break it down even simpler, Linux is very secure typically when talking about operating systems, much more than windows.  The Blackberry operating system makes Linux look like it has holes all over it, and is a security nightmare.  Blackberry  🚀🚀🚀🚀

Positions: 50 shares in BB

I agree with /u/outworlders comment though.  The reasons that  BB 🚀🚀🚀🚀  are not the reasons in this write up.  QNX will not make it to consumer spaces, there is no reason for it to.  The fact that Linux has even made it (barely) into consumer spaces already tells me there is no need for QNX to make it there.

For OP.  I think your points are spun well from a perspective of someone that doesn't work on software in a low level way every day, especially security heavy areas.  I work in the day as a software engineer in the medical space, and have a BA in Computer Science.  I think the micro code, and the POSIX are poor reasons to be bullish.  I think the security, and the niche of the market are strong reasons to be bullish though.",17,2021-02-02 15:35:17
glquq1u,t1_glqr74r,Shit! Didn't know Ford was still making cars haha,3,2021-02-03 00:09:11
glpd1j9,t1_glpcigv,"Hey thanks, I wrote a post about why QNX is strong in the RTOS space v Monolith RTOS's, and all your criticisms with this post are definitely valid.

Idk why people think QNX will be good in consumer space ROFL!",1,2021-02-02 14:53:53
glpd8lo,t1_glpd1j9,"Can you share the post? It would be interesting to see.

Edit: duh. It's in your post history. First item :)",4,2021-02-02 14:56:21
glpe639,t1_glpd8lo,"feel free to be highly critical, i appreciate alternative views",3,2021-02-02 15:07:59
glryccj,t1_glpe639,"So I didn't find anything wrong per se. 

Wish I could get my hands in both QNX and vXWorks to do a head to head comparison",2,2021-02-03 04:22:25
glrzce4,t1_glryccj,Can always ask for a developer kit from BB? I think they're pretty cheap at like 2k for hypervisor access to build your SoC for testing.,2,2021-02-03 04:28:59
