comment_id,comment_parent_id,comment_body,comment_score,created_utc
hdxzkus,t3_ptr91h,"I am a bot. You submitted a picture of a banned ticker, IMPL.                            This check will fire if you included unnecessary pictures that have bad phrases or a bad crop with news about cryptocoins, for example. Repost with the useless pictures omitted if you did that.                            Yell at /u/zjz if it's above 1.5 billion-ish market cap and not related to crypto/pennies/OTC/SPACs.",1,2021-09-23 17:08:19
hdxzl5m,t3_ptr91h,"
**User Report**| | | |
:--|:--|:--|:--
**Total Submissions**|13|**First Seen In WSB**|7 months ago
**Total Comments**|35|**Previous DD**|
**Account Age**|2 years|[^scan ^comment ](https://www.reddit.com/message/compose/?to=VisualMod&subject=scan_comment&message=Replace%20this%20text%20with%20a%20comment%20ID%20(which%20looks%20like%20*h26cq3k*)%20to%20have%20the%20bot%20scan%20your%20comment%20and%20correct%20your%20first%20seen%20date.)|[^scan ^submission ](https://www.reddit.com/message/compose/?to=VisualMod&subject=scan_submission&message=Replace%20this%20text%20with%20a%20submission%20ID%20(which%20looks%20like%20*h26cq3k*)%20to%20have%20the%20bot%20scan%20your%20submission%20and%20correct%20your%20first%20seen%20date.)
**Vote Spam (NEW)**|[Click to Vote](https://www.reddit.com/message/compose/?to=VisualMod&subject=vote_spam&message=ptr91h)|**Vote Approve (NEW)**|[Click to Vote](https://www.reddit.com/message/compose/?to=VisualMod&subject=vote_approve&message=ptr91h)",1,2021-09-23 17:08:27
