comment_id,comment_parent_id,comment_body,comment_score,created_utc
hpx8vgg,t3_robnb2,Cmon mods,8,2021-12-25 23:27:07
hpx8qe2,t3_robnb2,"Squeeze these nuts you fuckin nerd.

*I am a bot, and this action was performed automatically. Please [contact the moderators of this subreddit](/message/compose/?to=/r/wallstreetbets) if you have any questions or concerns.*",3,2021-12-25 23:25:42
hpx8v39,t3_robnb2,What?,3,2021-12-25 23:27:01
hpx8vde,t3_robnb2,"I am a bot from /r/wallstreetbets. Your submission was removed because you posted a Gain/Loss/YOLO that was not a reddit image gallery, no links or selfposts please.",1,2021-12-25 23:27:06
hpx99co,t3_robnb2,That was a quick read,1,2021-12-25 23:30:54
