comment_id,comment_parent_id,comment_body,comment_score,created_utc
gjcmixl,t3_kxwbo6,Thanks. Good for mulling over. Hows i performed over the last 2 months?,5,2021-01-15 23:20:30
gjckw20,t3_kxwbo6,"Sir, this is the unemployment line.

*I am a bot, and this action was performed automatically. Please [contact the moderators of this subreddit](/message/compose/?to=/r/wallstreetbets) if you have any questions or concerns.*",2,2021-01-15 23:07:09
gjcmvhf,t1_gjcmixl,"Yes, thank you for posting this.

Can you provide some history of your Profit/Loss while using this?

Edit:  NVM, I saw your post yesterday https://www.reddit.com/r/wallstreetbets/comments/kuwg1e/i_have_a_discount_trading_bot_which_gives_out/givnp8u/

""I lost 49k (realised) just through options Feb-March 2020. I’m well aware LMAOO but made everything back and more.""",3,2021-01-15 23:23:21
