comment_id,comment_parent_id,comment_body,comment_score,created_utc
hijkul1,t3_qiixtv,"
**User Report**| | | |
:--|:--|:--|:--
**Total Submissions**|1|**First Seen In WSB**|3 days ago
**Total Comments**|1|**Previous DD**|
**Account Age**|1 year|[^scan ^comment ](https://www.reddit.com/message/compose/?to=VisualMod&subject=scan_comment&message=Replace%20this%20text%20with%20a%20comment%20ID%20(which%20looks%20like%20*h26cq3k*)%20to%20have%20the%20bot%20scan%20your%20comment%20and%20correct%20your%20first%20seen%20date.)|[^scan ^submission ](https://www.reddit.com/message/compose/?to=VisualMod&subject=scan_submission&message=Replace%20this%20text%20with%20a%20submission%20ID%20(which%20looks%20like%20*h26cq3k*)%20to%20have%20the%20bot%20scan%20your%20submission%20and%20correct%20your%20first%20seen%20date.)
**Vote Spam (NEW)**|[Click to Vote](https://www.reddit.com/message/compose/?to=VisualMod&subject=vote_spam&message=qiixtv)|**Vote Approve (NEW)**|[Click to Vote](https://www.reddit.com/message/compose/?to=VisualMod&subject=vote_approve&message=qiixtv)",3,2021-10-30 02:18:10
hijodqu,t3_qiixtv,"300 lines and not once did you mention what they sell to make money.  
  
You also completely misinterpreted Peter Lynch.  
He meant they have an advantage being a bank that they get a preview of IPOs and investing in what they know didn't mean he invested in banks because he's a banker.",2,2021-10-30 02:41:23
hijs22h,t3_qiixtv,Nice DD. Good luck with your investment. Me on the other hand? PSFE. Ouch.,2,2021-10-30 03:05:51
