comment_id,comment_parent_id,comment_body,comment_score,created_utc
gtflwlz,t3_mkfsli,$AI gang you still hanging out there? HOLD,3,2021-04-05 16:24:19
gtfmhjz,t3_mkfsli,"I wish they had a way to learn more besides sending an email to a single address

[Why not add info to website](https://imgur.com/a56RBxE.jpg)",2,2021-04-05 16:34:05
gtflvqb,t3_mkfsli,"News posts **must be market moving** and contain **new** information. Please avoid editorializing the title. 

If your post doesn't meet the requirements above, please delete the thread before a mod sees it.

*I am a bot, and this action was performed automatically. Please [contact the moderators of this subreddit](/message/compose/?to=/r/wallstreetbets) if you have any questions or concerns.*",1,2021-04-05 16:23:53
gtfnoel,t3_mkfsli,I am a bot. This News does not look like it has generated enough approval to stay on /r/wallstreetbets.                                        We algorithmically cull certain submission flairs whose response is not above a certain threshold to try and keep the page clean.,1,2021-04-05 16:53:53
gwog155,t3_mkfsli,including Voice/Audio tech? that space is blowing up,1,2021-05-03 00:25:48
gzx2jdg,t1_gtflwlz,"$AI has been consolidating since the end of March.  Based on the stochastics, it will likely decline before it goes up.  Potential down to the $51.60 area before it reverses",1,2021-05-30 06:44:20
h07hzlj,t1_gzx2jdg,Depends on earnings tomorrow but I wouldn't short this now. Plenty of other less riskier options to short out there :D Many news and partnerships coming out of AI this time be careful ;),2,2021-06-02 00:19:06
