comment_id,comment_parent_id,comment_body,comment_score,created_utc
gqd6lvr,t3_m1en5b,[removed],74,2021-03-10 03:54:50
gqdjppk,t3_m1en5b,153 shares at $130 and too many expired call options. Can’t believe I’ve been losing money in a blue chip stock.,13,2021-03-10 05:31:15
gqd6tqz,t3_m1en5b,SOAB I JUST SOLD MY 4/9 $130c,11,2021-03-10 03:56:27
gqdbcfm,t3_m1en5b,"They better announce something really impressive, got calls strike 170 that expire in a year",9,2021-03-10 04:30:11
gqd82z3,t3_m1en5b,I’m throwing everything I’ve got at Apple. Apple to the moon 🚀🚀🚀,25,2021-03-10 04:05:49
gqdv793,t3_m1en5b,"Have been watching AAPL like a hawk. Should have picked up calls yesterday after chip news broke but was caught up in TSLA calls (which paid off nicely). I made $20k off the pre-earnings run-up and let my inner ape get ahold of me and didn't take profits so I'm ready to get revenge from Tim Cuck. Positions: AAPL $130c 6/18

Edit: Didn't catch your positions OP, what strike/exp you lookin at?",5,2021-03-10 07:00:44
gqtla56,t3_m1en5b,This is the confirmation bias I needed to read today.,5,2021-03-14 02:31:38
gqd87zh,t3_m1en5b,"I like this, especially if stimulus passes we could see big green in everything",15,2021-03-10 04:06:53
gqd6yer,t3_m1en5b,What site are you using for the data?,6,2021-03-10 03:57:24
gqdp8cw,t3_m1en5b,Completely agree. My one regret about going balls deep into GME is that I have no real extra $ to throw at this AAPL dip. Hoping it’s still in 120s when I close out my GME position,5,2021-03-10 06:13:19
gquc4f2,t3_m1en5b,thank you for the dd,3,2021-03-14 06:33:30
gqd8d7u,t3_m1en5b,4/23 150c is the lucky strike,4,2021-03-10 04:07:59
gqd92xa,t3_m1en5b,"10 shares at 129, gradually averaging down this week. You guys gonna pick me up?",4,2021-03-10 04:13:22
gqdahl5,t3_m1en5b,"It’s widely rumored the new iPad Pro will be debuting soon in March - so probably at this event. Can’t wait to buy it, saved up some tendies for one 😃",3,2021-03-10 04:23:51
gqdox9q,t3_m1en5b,Don’t forget the rumored ev,3,2021-03-10 06:10:57
gqershs,t3_m1en5b,"I plan to hold my 1,224 shares at least until they come out with a car LOL! I remember when no one thought they'd ever get the phone produced and even then, my fin guy thought I was crazy to buy a $400 phone. They may not be first but they have a habit of disrupting entire categories (RIP Rio).",2,2021-03-10 11:52:33
gqey1hz,t3_m1en5b,Yes. I picked it up on sale both yesterday and today and am expecting big things next 90 days.,2,2021-03-10 12:58:55
gqfdu4r,t3_m1en5b,"Do you not see it going lower? (Actually asking.) Technicals seemed to suggest it will, but I've been keeping a close eye on this one.",2,2021-03-10 16:40:44
gqiikat,t3_m1en5b,I’m in @121 and @122 1083 shares. I’m kicking myself for not cashing out after the previous earnings. 🤦‍♂️,2,2021-03-11 08:39:35
gqd9cit,t3_m1en5b,"I bought the dip and some FDs. 

Still holding your 3/19 DASH puts? I am. Whomp whomp",1,2021-03-10 04:15:24
gqeb51n,t3_m1en5b,LITERALLY went all in and i’m bleeding,1,2021-03-10 09:19:49
gqeawv4,t3_m1en5b,Strange way to spell GME,2,2021-03-10 09:17:48
gqdiflx,t3_m1en5b,I cant invest in a company that profits from slave labor,-1,2021-03-10 05:21:56
gqe02a8,t3_m1en5b,What do I look like a teacher's pension get the fuck outta here,-5,2021-03-10 07:42:09
gre5wm7,t3_m1en5b,"Sold weekly calls expiring before the new IPad comes out.  100% return.  Enough to buy 1/100th of the cost of the new iPad lol!  

The “event” is just a new product launch that makes the iPad faster and more geared towards Schooling Fr Home",1,2021-03-19 02:37:08
gqdncby,t3_m1en5b,I’m short Apple until they “put” the earphone Jack back in. I got 💎🙌🏻 for my 6S. We ride together and die together,-5,2021-03-10 05:58:38
gqd6pbt,t1_gqd6lvr,[deleted],9,2021-03-10 03:55:33
gqdle9u,t1_gqdjppk,Only temporary,5,2021-03-10 05:43:50
gqd75zo,t1_gqd6tqz,[deleted],7,2021-03-10 03:58:57
gqeb9m4,t1_gqdbcfm,LMAOOOO I got 130 weeklies,4,2021-03-10 09:20:58
gqdfmqi,t1_gqd82z3,"Apple is definitely going to the moon but not anytime soon, don't expect it to meme stonk",16,2021-03-10 05:01:38
gqelamx,t1_gqdv793,What chip news?,5,2021-03-10 10:50:41
gqebc8o,t1_gqdv793,I did 130 3/26,1,2021-03-10 09:21:37
gqd72i2,t1_gqd6yer,[deleted],6,2021-03-10 03:58:13
gqd8ybh,t1_gqd8d7u,Why specifically 4/23?,3,2021-03-10 04:12:24
gqdaj6h,t1_gqd92xa,[deleted],3,2021-03-10 04:24:11
gqe7l1p,t1_gqdahl5,I would buy an iPad with my tendies I made from Apple but my call is -50% rn so maybe it will wait,2,2021-03-10 08:48:09
gqdp8wp,t1_gqdox9q,[deleted],1,2021-03-10 06:13:27
gqg2jca,t1_gqershs,"Lots of companies who disrupted the market, and become the standard.

Not alot of companies who disrupted the market, and kept disrupting it.
I never really liked the apple products I used; so bias. But I don't see what they have now other than brand loyalty.

Which is worth something.",1,2021-03-10 22:04:55
gqp4y25,t1_gqeb51n,Hold and you'll probably see green. My money is on aapl hitting 175-225 eoy.,1,2021-03-12 23:25:01
gqdos4c,t1_gqdiflx,[deleted],8,2021-03-10 06:09:50
gqe2d44,t1_gqe02a8,[deleted],8,2021-03-10 08:02:12
gqdoq2b,t1_gqdncby,[deleted],10,2021-03-10 06:09:22
gqes6v0,t1_gqdncby,"I hear ya. As a hearing aid wearer, the best sound I can get from my iPhone is via bluetooth and Alexa over my TV sounds better than that.",1,2021-03-10 11:56:34
gqdee9e,t1_gqd6pbt,Lmao you said that already,50,2021-03-10 04:52:56
gqejzd1,t1_gqd6pbt,Past performance doesn't guarantee future yada yada yada...,3,2021-03-10 10:38:57
gqgb49a,t1_gqd6pbt,So you’re a robot?,2,2021-03-10 23:13:25
gqfxmlw,t1_gqdle9u,"I on 3 apple devices now lol, I buying apple up at these prices, I held apple at 88$ and buying apple always till at least 135$ a share. My college kid just got a new iphone too but wants the newest one when gets her stimulus check.",1,2021-03-10 21:19:12
gqd7qy9,t1_gqd75zo,"Checking Yahoo News and Webull's in-app news, there was no indication on today's spike or future news. When it pulled back around 2pm, I sold for some gas money profit lol",4,2021-03-10 04:03:17
gqeb6s8,t1_gqdfmqi,"Bruh, just went all in where was your comment",6,2021-03-10 09:20:16
gqdfzhk,t1_gqdfmqi,Haha yeah I know. I’ve been in Apple for several years now. I would be stoked if it hits 170 by then end of 2021.,7,2021-03-10 05:04:13
gqd7wty,t1_gqd72i2,"Thanks for the reply. 

Is it a paid version? I can't find the tabs in your screenshots

Maybe I'm retarded or not looking hard enough. Probably both.",3,2021-03-10 04:04:31
gqdbu4u,t1_gqd8ybh,The leprechaun told him 🍀,8,2021-03-10 04:33:52
gqdazdr,t1_gqdaj6h,"Lol I’ll be here! I’m hoping 125 by end of the week at 130 by end of month, but at this rate your thinking may be more in like lol",2,2021-03-10 04:27:29
gqel84a,t1_gqdaj6h,It was 135 a month ago. (Ask me how I know...),1,2021-03-10 10:50:03
gqdv1rg,t1_gqdp8wp,"Never know, they can roll out news on it any day now for all we know",1,2021-03-10 06:59:29
gqtt9h5,t1_gqg2jca,Apple Glass in a year or so will replace iphones.  Granted over a long period of time as the technology progresses.  But AR/VR will be a huge market disruptor.,1,2021-03-14 03:41:12
gqfyc11,t1_gqdos4c,That is an interesting rationalization. It is not hard these days to invest in companies that do not profit directly off slave labor.,-1,2021-03-10 21:26:21
gqe4exj,t1_gqe2d44,Lol boomer stock,-5,2021-03-10 08:20:15
gqeduss,t1_gqe2d44,I was just fucking with you but I'm certainly not gonna take advice from a moron who gets trolled on fucking wsb of all subs. Take your bitch ass over to /r/povertyfinance where no one says mean things to you. 🤡🤡🤡,-8,2021-03-10 09:43:55
gqdp4uq,t1_gqdoq2b,😬😬😬 my ears ring. Ever try sleeping all night and air buds get lost under bed? At least with an umbilical cord they don’t wander far off. 😂😂😂,-2,2021-03-10 06:12:34
gqesm24,t1_gqes6v0,I really appreciate the DD these guys do on here. I hope they got a laugh. Buzzing noises in your head drives you nuts.,2,2021-03-10 12:00:53
gqdtrur,t1_gqdee9e,Gives off a very shill vibe lmao,33,2021-03-10 06:49:14
gqdncsq,t1_gqdee9e,What?,-4,2021-03-10 05:58:44
gqd7x0c,t1_gqd7qy9,[deleted],5,2021-03-10 04:04:33
gqgzgwo,t1_gqeb6s8,Don’t worry you will still come out on top lol,2,2021-03-11 01:51:21
gqdbxjz,t1_gqdbu4u,Good enough for me,5,2021-03-10 04:34:35
gqq0h6i,t1_gqfyc11,[deleted],2,2021-03-13 03:20:45
gqqpas3,t1_gqdp4uq,Dongle up bro,1,2021-03-13 06:40:07
gqe4dhu,t1_gqdtrur,Bot beep boop what?,12,2021-03-10 08:19:54
gqd890j,t1_gqd7x0c,"Hey thanks buddy. You right. +25% on a contract that I got last night low, thats pretty good. Always next time.",4,2021-03-10 04:07:06
gr1f9jp,t1_gqq0h6i,"Tell me how Netflix are is responsible for slave labor. Your rationale is so fucking disgusting. I like a profit, but not at the cost of slave labor.",0,2021-03-16 02:21:48
gqdfhrv,t1_gqd890j,"and i rebought back in. IF YOU BELIEVE I BELIEVE

4/1 $130 @1.25 * 2",2,2021-03-10 05:00:42
gqgfeex,t1_gqd890j,Jesus christ....,1,2021-03-10 23:44:33
gr1gs54,t1_gr1f9jp,[deleted],1,2021-03-16 02:33:02
gr1gs6e,t1_gr1gs54,"IF YOU'RE GOING TO FILIBUSTER, YOU SHOULD RUN FOR SENATE!


*I am a bot, and this action was performed automatically. Please [contact the moderators of this subreddit](/message/compose/?to=/r/wallstreetbets) if you have any questions or concerns.*",0,2021-03-16 02:33:03
