comment_id,comment_parent_id,comment_body,comment_score,created_utc
hovi1y5,t3_ri8lth,"
**User Report**| | | |
:--|:--|:--|:--
**Total Submissions**|1|**First Seen In WSB**|10 months ago
**Total Comments**|2|**Previous DD**|
**Account Age**|1 year|[^scan ^comment ](https://www.reddit.com/message/compose/?to=VisualMod&subject=scan_comment&message=Replace%20this%20text%20with%20a%20comment%20ID%20(which%20looks%20like%20*h26cq3k*)%20to%20have%20the%20bot%20scan%20your%20comment%20and%20correct%20your%20first%20seen%20date.)|[^scan ^submission ](https://www.reddit.com/message/compose/?to=VisualMod&subject=scan_submission&message=Replace%20this%20text%20with%20a%20submission%20ID%20(which%20looks%20like%20*h26cq3k*)%20to%20have%20the%20bot%20scan%20your%20submission%20and%20correct%20your%20first%20seen%20date.)
**Vote Spam (NEW)**|[Click to Vote](https://www.reddit.com/message/compose/?to=VisualMod&subject=vote_spam&message=ri8lth)|**Vote Approve (NEW)**|[Click to Vote](https://www.reddit.com/message/compose/?to=VisualMod&subject=vote_approve&message=ri8lth)",1,2021-12-17 12:07:36
hovjgfy,t3_ri8lth,Don't go chasing earning calls,43,2021-12-17 12:18:45
hovi5r9,t3_ri8lth,Fucking hell is this,18,2021-12-17 12:08:25
howjyib,t3_ri8lth,"wait, you risked 4k for 319 profit?",11,2021-12-17 19:04:33
hovmtkc,t3_ri8lth,"ADBE Forecast: ""Bend Over""",9,2021-12-17 12:46:00
hovjz61,t3_ri8lth,Worst (or best part depending on if you are a glutton for punishment) is Adbe will be over that in a week or two.,6,2021-12-17 12:22:53
hoviml6,t3_ri8lth,Gg,4,2021-12-17 12:12:10
hovm6m3,t3_ri8lth,At least you’ve got a winning attitude,4,2021-12-17 12:40:36
how2zq7,t3_ri8lth,"How does one go about being -1,160%?

Asking for a friend",3,2021-12-17 15:29:21
howih3r,t3_ri8lth,Imagine selling 1 put and being down 1164% a couple days later,5,2021-12-17 18:46:43
hoviihu,t3_ri8lth,"This is a downside of selling options. If you're wrong, the stakes are much higher especially on a wide spread. Whereas on the buy side you can only lose what you pay, on sell side there's so much more you can lose",9,2021-12-17 12:11:15
hovkquj,t3_ri8lth,Lmfaoooooo this sucks,3,2021-12-17 12:29:04
hovmi72,t3_ri8lth,Happened with FL and they beat earnings!,3,2021-12-17 12:43:18
hovx5yg,t3_ri8lth,Expensive lesson,3,2021-12-17 14:25:42
hovlstr,t3_ri8lth,![img](emote|t5_2th52|4258),2,2021-12-17 12:37:26
hovpyvu,t3_ri8lth,They must've had to break the bank paying Billie Eilish to look really bored in their adverts.,2,2021-12-17 13:14:21
hovqfq2,t3_ri8lth,the hell is this shit?,2,2021-12-17 13:18:39
hovyr9j,t3_ri8lth,Nice,2,2021-12-17 14:42:30
hovz7rb,t3_ri8lth,You should always do short puts further out as they are seldom early exercised.,2,2021-12-17 14:47:28
how3h41,t3_ri8lth,"Rollover, get more credit",2,2021-12-17 15:34:55
howqgi6,t3_ri8lth,I love opening trades without looking at charts and clearly seeing earnings are expected soon,2,2021-12-17 20:16:41
hoy61dn,t3_ri8lth,"Here you go OP - bought $580 p when adbe was $660 on Monday 

 https://imgur.com/XbSzF8R.jpg",2,2021-12-18 02:21:42
hovjuht,t3_ri8lth,My spread was tight so I minimized my loss to $230.,2,2021-12-17 12:21:50
how50e6,t3_ri8lth,Time to fire Indian management who does nothing but politics.,2,2021-12-17 15:52:56
hovncuk,t3_ri8lth,This is why you own the shares you short lol,0,2021-12-17 12:50:33
howcbhb,t3_ri8lth,Ironnet did same to me,1,2021-12-17 17:27:30
hoxqyay,t3_ri8lth,lmao Have you covered?,1,2021-12-18 00:46:08
hovixm4,t3_ri8lth,Doesn't this post break two WSB rules?,-4,2021-12-17 12:14:37
hovli6x,t1_hovjgfy,🎼Stick to the stocks and the options you’re used to 🎶,25,2021-12-17 12:35:10
hovwryj,t1_hovjgfy,Listen to the eps but most importantly guidance,2,2021-12-17 14:21:33
hovxuln,t1_hovjgfy,"Or dont do credit spreads lol.

A debit spread he probably could have got for around 150 a contract with that it for max loss.",-5,2021-12-17 14:32:49
hovibz7,t1_hovi5r9,I eat crayons,23,2021-12-17 12:09:48
hovjpc6,t1_hovi5r9,![img](emote|t5_2th52|4271),7,2021-12-17 12:20:42
hoviyqk,t1_hovi5r9,Sold a put?,3,2021-12-17 12:14:52
howx0c4,t1_howjyib,"4500, but yeah. Pennies, steamrollers, etc",7,2021-12-17 21:16:44
hovjax4,t1_hoviihu,B-b-b-but 90% of options expire worthless!!!,13,2021-12-17 12:17:34
hovivch,t1_hoviihu,Adobe was about 670. Then the rest is history 🤕,11,2021-12-17 12:14:06
hoy698d,t1_hoy61dn,Ayeee. I'm glad my donations go to you. Yw! Lmao.,1,2021-12-18 02:23:05
hoxstai,t1_hoxqyay,Haven't done anything.,2,2021-12-18 00:57:53
hovj9xu,t1_hovixm4,First rule of WSB is we don’t talk about the rules,9,2021-12-17 12:17:21
hovp7gc,t1_hovixm4,The rule is $2500+ for gains/losses for options. OPs losses are (610-570+credit premium)*100 ~ $4800.,3,2021-12-17 13:07:20
how58ml,t1_hovli6x,I know that youre gonna have tendies all day or a margin call,8,2021-12-17 15:55:43
hovj1rb,t1_hoviyqk,Who knows,4,2021-12-17 12:15:33
hoxzrq5,t1_hoxstai,"well if you don’t do something in the next 2.5 hours, robinHOOD will close this for you",1,2021-12-18 01:42:01
hovjexi,t1_hovj9xu,I didn't mention any rules.,4,2021-12-17 12:18:25
howbxye,t1_how58ml,But I think youre losing too fast,6,2021-12-17 17:22:26
hoy0p3v,t1_hoxzrq5,Yea its just me wishful thinking it may go up a bit,2,2021-12-18 01:47:56
hovloxk,t1_hovjexi,Are you easily impressed by fat kids on bikes?,2,2021-12-17 12:36:34
hoy1684,t1_hoy0p3v,"yea I hear you, I do the same thing. good luck dude",2,2021-12-18 01:50:59
hovlydg,t1_hovloxk,![img](emote|t5_2th52|4258),4,2021-12-17 12:38:40
hoz5pvn,t1_hoy1684,-$4500,2,2021-12-18 06:19:23
hoz7i9z,t1_hoz5pvn,F,1,2021-12-18 06:31:55
