comment_id,comment_parent_id,comment_body,comment_score,created_utc
h29g2ls,t3_o31ycy,"
**User Report**| | | |
:--|:--|:--|:--
**Total Submissions**|7|**First Seen In WSB**|3 days ago
**Total Comments**|2|**Previous DD**|[x](https://www.reddit.com/r/wallstreetbets/comments/o1hqoy/sp500_winners_and_losers_6162021/) [x](https://www.reddit.com/r/wallstreetbets/comments/o0q46z/sp500_winners_and_losers_6152021/) [x](https://www.reddit.com/r/wallstreetbets/comments/o06a50/sp500_winners_and_losers_6142021/) [x](https://www.reddit.com/r/wallstreetbets/comments/o29v9d/sp500_winners_and_losers_6172021/) [x](https://www.reddit.com/r/wallstreetbets/comments/o31ycy/sp500_winners_and_losers_6182021/) 
**Account Age**|8 months ago|[^scan ^comment ](https://www.reddit.com/message/compose/?to=VisualMod&subject=scan_comment&message=Replace%20this%20text%20with%20a%20comment%20ID%20(which%20looks%20like%20*h26cq3k*)%20to%20have%20the%20bot%20scan%20your%20comment%20and%20correct%20your%20first%20seen%20date.)|[^scan ^submission ](https://www.reddit.com/message/compose/?to=VisualMod&subject=scan_submission&message=Replace%20this%20text%20with%20a%20submission%20ID%20(which%20looks%20like%20*h26cq3k*)%20to%20have%20the%20bot%20scan%20your%20submission%20and%20correct%20your%20first%20seen%20date.)
    
Hey OP, **positions or ban.**",1,2021-06-19 06:31:51
h29nzz1,t3_o31ycy,Woooo 11th place isn’t too bad for my XOM calls,1,2021-06-19 07:44:19
