comment_id,comment_parent_id,comment_body,comment_score,created_utc
gyhgvsw,t3_neopmk,"Facebook is blue, Dropbox is blue. Easy merger incoming load up your calls ASAP. 🚀🚀🚀",47,2021-05-18 03:56:22
gyha10w,t3_neopmk,yeah but who cares? both companies are shit,30,2021-05-18 03:07:55
gyk7ue1,t3_neopmk,Goddamn drop box’s chart is the shittiest thing I’ve ever seen..,4,2021-05-18 20:31:57
gyhkcft,t3_neopmk,"Having worked at FB, they use Dropbox, google drive and one drive.

And seemingly waste money on multiple other redundant software services with no rhyme or reason.

For what software they home bake themselves, it’s usually useless garbage and unsupported shortly after deployment.

Place needs an audit to trim the ridiculous waste.",9,2021-05-18 04:21:04
gyh9qxi,t3_neopmk,the rumor that never dies,4,2021-05-18 03:05:58
gyjc55p,t3_neopmk,"The minute they do that, I’m cancelling a $50k/year HelloSign contract, and I’m betting a lot of other businesses will as well.",2,2021-05-18 13:29:27
gyn6kta,t3_neopmk,"onedrive with MS office is 1billion times better that dropshit.  more expensive, less features.  short to shit",2,2021-05-19 09:34:27
gyhbm5e,t3_neopmk,But why?,1,2021-05-18 03:19:18
gyhaw5u,t3_neopmk,"wrong wrong wrong.. pure speculation. YOU CAN""T COMPARE DROPBOX with ADOBE... seriously",-6,2021-05-18 03:14:04
gyk4kbr,t1_gyhgvsw,The great and almighty FaceBox.,7,2021-05-18 19:59:47
gyha6ox,t1_gyha10w,I know that but money doesn't care,22,2021-05-18 03:09:03
gyidd76,t1_gyhkcft,Enterprises use all the competing products at the same time. It is known.,5,2021-05-18 08:08:06
gyn693u,t1_gyjc55p,"So buy call options now for the acquisition, and puts for a month after acquisition?

Got it.",2,2021-05-19 09:31:45
gyjgjcj,t1_gyjc55p,# Stick it to them buddy!!! SHOW THEM WHOS BOSS KING,1,2021-05-18 14:25:43
gyhd6uv,t1_gyhbm5e,Business tools for workplace and shops.,4,2021-05-18 03:30:30
gyhd9jv,t1_gyhaw5u,# No shit sherlock,3,2021-05-18 03:31:03
gyhap8r,t1_gyha6ox,i would never put my money into either,11,2021-05-18 03:12:42
gykl5z9,t1_gyjgjcj,🚀 💥,1,2021-05-18 22:19:50
gykymp3,t1_gyhd6uv,Nobody uses Dropbox for business tools. Have you ever tried sending a file through Dropbox? They force the recipient to upgrade to receive a file,-1,2021-05-18 23:52:52
gyhc856,t1_gyhap8r,I agree with this statement.,8,2021-05-18 03:23:38
gyhemrs,t1_gyhap8r,"Facebook will fail,  it's becoming MySpace.",8,2021-05-18 03:40:41
gykyw6h,t1_gyhap8r,"Second this. Dropbox is a boomer has been company whose product doesn’t even work

Sauce https://www.reddit.com/r/dropbox/",1,2021-05-18 23:54:39
gyheqol,t1_gyhemrs,facefuck was never any good,1,2021-05-18 03:41:28
gyiiinr,t1_gyhemrs,There’s almost no chance it does when they have so many massive companies they own. Unless regulations kill them.,1,2021-05-18 08:50:54
gyju7kg,t1_gyhemrs,It's becoming boomerspace,1,2021-05-18 17:49:04
gynufxh,t1_gykyw6h,That place seems full of people getting their account disabled... What is going on?,1,2021-05-19 13:08:34
gyivmy7,t1_gyheqol,Are you sure you’re doing it right?,3,2021-05-18 10:41:28
gyivt88,t1_gyivmy7,yeah i dodged that bullet entirely best zuck has on me is one of those shadow profile thingys.,1,2021-05-18 10:42:59
