comment_id,comment_parent_id,comment_body,comment_score,created_utc
gwl8aly,t3_n2rz5m,Fucktard in Texas here.  I love everything open.,18,2021-05-02 05:32:44
gwl8twz,t3_n2rz5m,Yea open up the country already. CDC said all the scared ones can mingle without a mask now,7,2021-05-02 05:36:19
gwl95aq,t3_n2rz5m,Whether the country opens or not means jack shit to me. All I’ve ever done is stay home and play vidya. Noob.,5,2021-05-02 05:38:25
gwl913d,t3_n2rz5m,Hahaha what state was this,4,2021-05-02 05:37:38
gwl9o6i,t3_n2rz5m,"Had to go to nyc for work a few weeks ago and man everyone was so on edge, much more so than before covid. Masks on everywhere outside. Crazy. Here in the country no one cares, it’s great.",3,2021-05-02 05:41:57
gwl9zgf,t3_n2rz5m,You better not miss these May gains lol,3,2021-05-02 05:44:01
gwlbmfo,t3_n2rz5m,Short volume of MVIS is 56% right now which means we are back to a week ago. Rinse and repeat,3,2021-05-02 05:54:50
gwlbp18,t3_n2rz5m,I am a bot. This Discussion does not look like it has generated enough approval to stay on /r/wallstreetbets.                                        We algorithmically cull certain submission flairs whose response is not above a certain threshold to try and keep the page clean.,2,2021-05-02 05:55:20
gwl8rd1,t1_gwl8aly,"FLORIDA MAN here, did we ever shut down? Don't remember",11,2021-05-02 05:35:50
gwl8w6d,t1_gwl8aly,"Went to a McDonalds with a friend the other day. I got out of the car and asked him where his mask was and he said, ""Whatchu need a mask for?"" An enlightening experience to say the least.",10,2021-05-02 05:36:44
gwl8ipx,t1_gwl8aly,Right?! I’m in NV and I wish everything was normal again.,7,2021-05-02 05:34:14
gwl8n1n,t1_gwl8aly,Open in Georgia too,8,2021-05-02 05:35:03
gwl8zh9,t1_gwl8aly,"Maine here, we want to be more like Texas carry on! Actually up in the real New England (everything above northern half of Vermont and New Hampshire) we’ve been open this whole time. Just no CNN or Fox building close enough to snitch on us. 😂
 
If Texas was a dude he could Deff beat up a dude named Cali.",7,2021-05-02 05:37:20
gwl97s2,t1_gwl8aly,It’s pretty dope.,5,2021-05-02 05:38:54
gwlb86w,t1_gwl8aly,"Fucktard in Florida... we are WIDE open, and here come the ... so is your wife, so is her ass jokes..",4,2021-05-02 05:52:13
gwlpu9p,t1_gwl8aly,I want to move to Texas they have cops blocking roads off to other cities and stopping g is from traveling,2,2021-05-02 07:54:30
gwld734,t1_gwl95aq,"""See Im not a monster, Im just ahead of the curve""",2,2021-05-02 06:05:33
gwl9bmc,t1_gwl913d,From Texas.,5,2021-05-02 05:39:36
gwlvk2o,t1_gwlbmfo,You're saying a bull run for a couple days and another drop?,2,2021-05-02 08:47:01
gwl97xd,t1_gwl8rd1,"As a former FLORIDA CHILD, can confirm.",7,2021-05-02 05:38:55
gwlb8gq,t1_gwl8rd1,Here in Orlando we party like 2019 bro,4,2021-05-02 05:52:16
gwl98fh,t1_gwl8zh9,I feel like Maine is always quiet.   Yall gotta flex that muscle and make yaself heard.,5,2021-05-02 05:39:01
gwlbicb,t1_gwlb86w,My Florida brother,3,2021-05-02 05:54:05
gwlg0ju,t1_gwlb86w,Love Florida and Texas,2,2021-05-02 06:26:09
gwlz3u9,t1_gwlvk2o,Yes. There will be ups and downs. Im just going to ride the wave.,3,2021-05-02 09:20:06
gwla78e,t1_gwl98fh,"We don’t want the attention, It makes it too desirable for people who hate where they live, it seems like. Lol

Some northern islands, younger adults are living at campgrounds because the houses are being sold as second summer homes to tourists from NJ and NY for example. Shits wild",3,2021-05-02 05:45:25
gwlaall,t1_gwl98fh,"Maybe we should though, seems like the two city’s speak for the whole state",3,2021-05-02 05:46:02
