comment_id,comment_parent_id,comment_body,comment_score,created_utc
hoegkc7,t3_rfkvx2,"Nobody tell him.

*I am a bot, and this action was performed automatically. Please [contact the moderators of this subreddit](/message/compose/?to=/r/wallstreetbets) if you have any questions or concerns.*",1,2021-12-14 01:22:58
hoegn2k,t3_rfkvx2,I am a bot from /r/wallstreetbets. Your post history is a little sus. Mods have been notified and will restore the submission if this is a false alarm. /u/zjz,1,2021-12-14 01:23:28
