comment_id,comment_parent_id,comment_body,comment_score,created_utc
gp20hrw,t3_ltusc6,Lame.,4,2021-02-28 02:58:22
gp218f9,t3_ltusc6,This ain’t it bro,1,2021-02-28 03:01:07
gp222j4,t3_ltusc6,my thoughts are i wish it was more easier to post a picture.. sometimes i can sometimes i cannot,1,2021-02-28 03:04:10
gp21wlq,t1_gp218f9,"so fucking difficult to post a meme after a take the time to make original content. its ok to repost all the other garbage.

Then I don't know when they will approve it or not",1,2021-02-28 03:03:34
gp28u9z,t1_gp21wlq,I like your effort though bro.,1,2021-02-28 03:30:57
