comment_id,comment_parent_id,comment_body,comment_score,created_utc
hoxagut,t3_rij6z7,"I am a bot. I saw the thing you posted already here http://reddit.com/rhsicg. Please read the rules.                            Bother /u/zjz if this is an error, this check can be somewhat coarse.",1,2021-12-17 22:58:41
hoxai34,t3_rij6z7,"
**User Report**| | | |
:--|:--|:--|:--
**Total Submissions**|27|**First Seen In WSB**|1 year ago
**Total Comments**|108|**Previous DD**|[x](https://www.reddit.com/r/wallstreetbets/comments/mfi0dt/bill_hwangs_firm_just_went_tits_up_prime_brokers/) 
**Account Age**|10 years|[^scan ^comment ](https://www.reddit.com/message/compose/?to=VisualMod&subject=scan_comment&message=Replace%20this%20text%20with%20a%20comment%20ID%20(which%20looks%20like%20*h26cq3k*)%20to%20have%20the%20bot%20scan%20your%20comment%20and%20correct%20your%20first%20seen%20date.)|[^scan ^submission ](https://www.reddit.com/message/compose/?to=VisualMod&subject=scan_submission&message=Replace%20this%20text%20with%20a%20submission%20ID%20(which%20looks%20like%20*h26cq3k*)%20to%20have%20the%20bot%20scan%20your%20submission%20and%20correct%20your%20first%20seen%20date.)
**Vote Spam (NEW)**|[Click to Vote](https://www.reddit.com/message/compose/?to=VisualMod&subject=vote_spam&message=rij6z7)|**Vote Approve (NEW)**|[Click to Vote](https://www.reddit.com/message/compose/?to=VisualMod&subject=vote_approve&message=rij6z7)",1,2021-12-17 22:58:55
