comment_id,comment_parent_id,comment_body,comment_score,created_utc
gqzfr6q,t3_m5d7xp,[deleted],21,2021-03-15 13:15:30
gqzes4q,t3_m5d7xp,"Eat my dongus you fuckin nerd.

*I am a bot, and this action was performed automatically. Please [contact the moderators of this subreddit](/message/compose/?to=/r/wallstreetbets) if you have any questions or concerns.*",27,2021-03-15 13:02:11
gqziwd9,t3_m5d7xp,"I think they peaked about 7 years ago. Unless they have some unnoticed financials (like GME mid last year) or can break into new markets like DOD/government shit, I can't imagine why this would explode - seems more like blue chip growth for me.",14,2021-03-15 14:00:07
gqzl9ai,t3_m5d7xp,"I generally agree with your sentiment, but why set your target so soon? I don’t see anything in your DD that would indicate a significant move within the next month.",4,2021-03-15 14:36:20
gr0a8j0,t3_m5d7xp,"As a brand consultant I can attest to the vice grip Adobe has on my industry. There are alternative programs but none of them are as considered to be professional. Corelle has a strong foot in the 3D printing and CNC space but Adobe does that too so there's nowhere that's safe from adobe's many tentacled influence. 

Their model used to be to sell versions and now it's a paid subscription. $30 a month for students and I believe $120 a month for independent contractors. It's only 60 if you want a limited package.",3,2021-03-15 20:56:54
gqzo0pf,t3_m5d7xp,F Adobe. Alternatives are a fraction of the cost assuming you don’t just pirate it outright which is very common.,4,2021-03-15 15:20:01
gqzj5ls,t3_m5d7xp,there are no 4/19 calls,2,2021-03-15 14:03:55
gqzl12i,t3_m5d7xp,That was a great analysis. Thank you OP,2,2021-03-15 14:32:46
gqzmb1d,t3_m5d7xp,The CC is great and all but they also just developed a customer data platform that is in the same league as sales force. Every damn advertiser is linking up with their CDP to start collecting first party data before 2022 when the cookie goes away. Their money is being made between the lines with data like every other SaaS platform.,2,2021-03-15 14:52:44
gr0dfqv,t3_m5d7xp,"Counterpoint - Their largest market segments are having an industrial shift beginning to transition to 3D based design platforms with higher degrees of automation. Unless Adobe acquires someone or has some unknown killer 3D tech they will lose market share.  


Short term is probably a good bet as they are pushing their CRM product hard for small to medium companies that may find salesforce too costly to implement.",2,2021-03-15 21:28:35
gqzmxfo,t3_m5d7xp,"PLTR is the Adobe of logistics, intelligence, strategic planning and data crunching. Change my mind.  
  
$PLTR 🚀🚀🚀🚀🚀🚀🚀🚀🚀",2,2021-03-15 15:02:37
gqzj67q,t3_m5d7xp,Why does this read like you’ve just ripped it off Wiki?,2,2021-03-15 14:04:11
gqzkado,t3_m5d7xp,any catalysts? the only thing going for them right now is TA.,1,2021-03-15 14:21:20
gqzr68t,t3_m5d7xp,[deleted],1,2021-03-15 16:12:04
gr1s2mo,t3_m5d7xp,"As someone who has tried using an Adobe API to get to Analytics...

Fuck Adobe

They can go fuck themselves",1,2021-03-16 03:56:23
gqzptxk,t3_m5d7xp,"i'm not sure, people are tired of paying subscription for their products when most people don't need the feature, and there are free or cheap pay-once apps out there that people are using instead of the professionals paying thousands of dollars for their product",0,2021-03-15 15:49:23
gqzihpg,t3_m5d7xp,I’m mad at Adobe since they got rid of flash. Wont be investing. Will take my money somewhere that hasn’t let me down like Burger King,-2,2021-03-15 13:54:03
gqznnrk,t3_m5d7xp,If they bring back flash then okay,-4,2021-03-15 15:14:21
gqzmif0,t1_gqziwd9,[deleted],5,2021-03-15 14:55:58
gqzlj83,t1_gqzl9ai,[deleted],3,2021-03-15 14:40:37
gqzoidr,t1_gqzo0pf,[deleted],5,2021-03-15 15:27:53
gr06ifa,t1_gqzmxfo,Having worked with them: they don’t know jack shit about what they are doing and rely on partners to fix their shit.,3,2021-03-15 20:15:12
gqzl8lj,t1_gqzj67q,[deleted],6,2021-03-15 14:36:02
gqzz86i,t1_gqzihpg,Flash was insecure and took up too much hardware resources (draining batteries on smartphones when they became mainstream) and that‘s why they ditched it and moved to HTML5. The program used to create Flash assets is still there and is called „Animate“ now. Pretty similar interface but outputs HTML5 amongst others.,3,2021-03-15 18:32:04
gr06brg,t1_gqzmif0,Unfortunately Adobe sign is a piece of shit software. It was so bad we ended an enterprise contract in favor of DocuSign.,5,2021-03-15 20:12:56
gqzmd7e,t1_gqzlj83,"Makes sense, I’ll look into that. Cheers!",2,2021-03-15 14:53:40
gr00qxg,t1_gqzoidr,"I dunno man I work with small medium larger companies and none use Adobe. Always some other product because of cost and hassle of Adobe. 


Government work I’ve done same thing. They don’t have adobe suites. Usually have programs that yes make pdf but not widespread use of Adobe suite otherwise. 


What are the big uses besides pdf and photoshop type?",3,2021-03-15 18:56:23
gr0js7q,t1_gqzl8lj,"What's your position, if I can ask?",2,2021-03-15 22:25:32
gr0gsn7,t1_gr00qxg,[deleted],2,2021-03-15 21:59:21
gr0whav,t1_gr0gsn7,"Ya fair. 


Anecdotally don’t see any use it for e signing either. Or analytics.",1,2021-03-16 00:03:08
