comment_id,comment_parent_id,comment_body,comment_score,created_utc
hgq6j4r,t3_q8mlwn,"Squeeze these nuts you fuckin nerd.

*I am a bot, and this action was performed automatically. Please [contact the moderators of this subreddit](/message/compose/?to=/r/wallstreetbets) if you have any questions or concerns.*",1,2021-10-15 19:37:05
hgq6m7t,t3_q8mlwn,"I am a bot from /r/wallstreetbets.                                You submitted one or more banned tickers: KPLT.

                                Message /u/zjz if they're above 1.5 billion-ish market cap and not related to crypto/pennies/OTC/SPACs.",1,2021-10-15 19:38:01
