comment_id,comment_parent_id,comment_body,comment_score,created_utc
hlpk9eq,t3_r00ook,"I am a bot from /r/wallstreetbets.                                You submitted one or more banned tickers: CSPR.

                                Message /u/zjz if they're above 1.5 billion-ish market cap and not related to crypto/pennies/OTC.",1,2021-11-23 08:49:18
hlpkbl1,t3_r00ook,Meet me behind Wendy’s and we’ll talk about this further,1,2021-11-23 08:49:46
hlpkw91,t3_r00ook,Are you talking about Casper mattress with ticker CSPR,1,2021-11-23 08:54:18
