comment_id,comment_parent_id,comment_body,comment_score,created_utc
hlil5dr,t3_qywt23,"
**User Report**| | | |
:--|:--|:--|:--
**Total Submissions**|37|**First Seen In WSB**|7 years ago
**Total Comments**|524|**Previous DD**|
**Account Age**|7 years|[^scan ^comment ](https://www.reddit.com/message/compose/?to=VisualMod&subject=scan_comment&message=Replace%20this%20text%20with%20a%20comment%20ID%20(which%20looks%20like%20*h26cq3k*)%20to%20have%20the%20bot%20scan%20your%20comment%20and%20correct%20your%20first%20seen%20date.)|[^scan ^submission ](https://www.reddit.com/message/compose/?to=VisualMod&subject=scan_submission&message=Replace%20this%20text%20with%20a%20submission%20ID%20(which%20looks%20like%20*h26cq3k*)%20to%20have%20the%20bot%20scan%20your%20submission%20and%20correct%20your%20first%20seen%20date.)
**Vote Spam (NEW)**|[Click to Vote](https://www.reddit.com/message/compose/?to=VisualMod&subject=vote_spam&message=qywt23)|**Vote Approve (NEW)**|[Click to Vote](https://www.reddit.com/message/compose/?to=VisualMod&subject=vote_approve&message=qywt23)",1,2021-11-21 23:07:32
hliwwf7,t3_qywt23,Good shit. So one more week of chop before year end rally leading to blowoff top and huge correction in January?,8,2021-11-22 00:29:48
hlkrago,t3_qywt23,My ex works for Adobe so I'll only ever buy puts on it,8,2021-11-22 08:06:14
hliovri,t3_qywt23,"Also bought /RTY futures on the breakout, stopped out at the neckline. Wil re-enter possibly if we can hold around neckline",3,2021-11-21 23:34:39
hlivg2u,t3_qywt23,Love the QQQ analysis,3,2021-11-22 00:19:55
hlj9u8b,t3_qywt23,"nice analysis, I still am thinking we go lower next week on low volume due to holidays before going back up. The close on Friday wasn’t too hot and we never got one of those ATH pumps to close it out, Monday is going to be interesting and telling",2,2021-11-22 01:58:23
hlkw01d,t3_qywt23,"I think we will see a 10% correction before Christmas, so that I can rally through Jan. And another pull back in mid feb.",1,2021-11-22 08:42:16
hlj9kps,t1_hliwwf7,post January. I believe the catalyst to trigger will be that earnings season mixed with tax season and “re-opening”,11,2021-11-22 01:56:35
hliqu8n,t1_hliovri,"I got in and averaged up to \~2331, so still sitting on gains but I trimmed the position Friday before close. I'm still bullish this but am way more overweight tech right now; I just want to see how the start of this week goes and I'll be quick to cut losses if we continue to slide",3,2021-11-21 23:48:16
hljf9ng,t1_hlj9u8b,"Definitely possible, and agreed next week could be very interesting. I'm inclined to buy any further dips, but if it gets exasperated / ugly I'm open to changing my position. 
 I'm definitely position very bullishly at the moment though",4,2021-11-22 02:34:04
hll1r68,t1_hlkw01d,"Ehhh... It would take a lot for that to play out in your timeline. When's the last time we had a 10% pullback? Dips are bought, and what's the catalyst for that to happen?",6,2021-11-22 09:27:34
hljfis2,t1_hlj9kps,Agreed on January / February. Right now I'm thinking it's a good idea to trim positions in January if we're at all time highs; I have a belief next year will be tough but we'll have to see,6,2021-11-22 02:35:43
hll2zui,t1_hll1r68,"Debt ceiling, evergrande miss the 30 days grace period",-2,2021-11-22 09:37:15
hll5faz,t1_hll2zui,"Neither of those are issues. The debt ceiling is always resolved, evergrande has been collapsing for how long and the market hasn't flinched? The evergrande situation will never become impactful to global markets",5,2021-11-22 09:56:05
hll5fyy,t1_hll5faz,"> I'm talking about the debt ceiling, not evergrande.",6,2021-11-22 09:56:14
hll628x,t1_hll5faz,"Wall Street just need the “news” to pull it off, none of them are issues.",2,2021-11-22 10:01:04
