comment_id,comment_parent_id,comment_body,comment_score,created_utc
hd3gjx6,t3_ppgkua,"
**User Report**| | | |
:--|:--|:--|:--
**Total Submissions**|2|**First Seen In WSB**|8 months ago
**Total Comments**|302|**Previous DD**|
**Account Age**|9 years|[^scan ^comment ](https://www.reddit.com/message/compose/?to=VisualMod&subject=scan_comment&message=Replace%20this%20text%20with%20a%20comment%20ID%20(which%20looks%20like%20*h26cq3k*)%20to%20have%20the%20bot%20scan%20your%20comment%20and%20correct%20your%20first%20seen%20date.)|[^scan ^submission ](https://www.reddit.com/message/compose/?to=VisualMod&subject=scan_submission&message=Replace%20this%20text%20with%20a%20submission%20ID%20(which%20looks%20like%20*h26cq3k*)%20to%20have%20the%20bot%20scan%20your%20submission%20and%20correct%20your%20first%20seen%20date.)",1,2021-09-17 00:24:04
hd68efx,t3_ppgkua,"I too have been betting bearish on some these as a downside hedge, waiting for them to come back down to earth any day now.  But they just keep bubbling up and beating the market, even on down days it seems.  Hasn't been fun.

All of these companies are being touted as the next Amazon it seems.  Like, sure, I guess maybe 1 or 2 could hit it big and become the next Amazon.  But the vast majority will not.",6,2021-09-17 13:01:01
hd3ilyu,t3_ppgkua,Don’t forget upstart with a pe of 400,6,2021-09-17 00:37:47
hn14230,t3_ppgkua,Looks like it’s starting with $DOCU down 30% after hours after giving weak guidance.,4,2021-12-03 12:47:51
hd3h9it,t3_ppgkua,"The market has very heavily valued revenue growth. Stocks like ZOOM, SNOW, CRWD, NET, DASH have all benefitted.

I think as we taper off the money printer valuations will have to come in and investors will pay less for revenue growth. That being said, I think it would be a great buying opportunity in the stronger of these names, provided you are patient enough.",3,2021-09-17 00:28:49
hd3n062,t3_ppgkua,"Saying that Amazon pursued ""growth at all costs"" is completely missing the mark on how one should value these companies.

Most ""growth"" companies that are high P/S are overvalued. Some, imo, are still undervalued. 

Amazon didn't ""grow at any cost."" What they did was reinvest their excess earnings into product/business dev. It was a capital allocation decision, not a cost.

AMZN was earning excess returns on their invested capital well before the additional growth spend, and they were (and still, but to a lesser degree imo) undervalued.",3,2021-09-17 01:06:48
i0yw5jc,t3_ppgkua,Wish I saw this when it published.,2,2022-03-17 10:26:08
hd3xwle,t3_ppgkua,"Okay boomer, stonks go up",1,2021-09-17 02:20:13
i16pb5l,t1_i0yw5jc,"For some of these it’s not too late, but if you’re gonna go short now you missed 50% gains since Nov.

Would not short DOCU, COUP, SHOP, CRWD, U, OKTA, at these levels because they could run

DDOG, BILL, TEAM, MDB, ZS, SNOW and a couple others still over valued. Keep an eye on em for otm puts far out or if you can stomach shorting shares.",1,2022-03-19 02:35:35
hd4po41,t1_hd3xwle,"Okay boomer
And what goes up, must come down",2,2021-09-17 05:30:23
