comment_id,comment_parent_id,comment_body,comment_score,created_utc
houvz1d,t3_ri5h1a,"
**User Report**| | | |
:--|:--|:--|:--
**Total Submissions**|117|**First Seen In WSB**|1 year ago
**Total Comments**|1520|**Previous DD**|[x](https://www.reddit.com/r/wallstreetbets/comments/qkq5hs/i_spy_tuesday_nov_2_2021/) [x](https://www.reddit.com/r/wallstreetbets/comments/qt3r2c/i_spy_ta_monday_nov_15_2021/) [x](https://www.reddit.com/r/wallstreetbets/comments/r2eoq5/i_spy_ta_friday_nov_26_2021/) [x](https://www.reddit.com/r/wallstreetbets/comments/r2etqh/i_spy_ta_friday_nov_26_2021/) [x](https://www.reddit.com/r/wallstreetbets/comments/qprlpe/i_spy_ta_tuesday_nov_9_2021/) [x](https://www.reddit.com/r/wallstreetbets/comments/okcjtr/ride_the_magic_shortbus_ta_dd_spy_amc_spce_and/) [x](https://www.reddit.com/r/wallstreetbets/comments/qheag6/i_spy_thursday_october_28_2021/) [x](https://www.reddit.com/r/wallstreetbets/comments/qybgj7/i_spy_ta_monday_nov_22_2021/) [x](https://www.reddit.com/r/wallstreetbets/comments/r77am5/i_spy_ta_thursday_dec_2_2021/) [x](https://www.reddit.com/r/wallstreetbets/comments/qln5x1/meme_mania_tsla_gme_ocgn_rest_of_week_11521/) [x](https://www.reddit.com/r/wallstreetbets/comments/qymw2b/take_a_ride_in_my_tsla_ta/) [x](https://www.reddit.com/r/wallstreetbets/comments/qqfkbl/i_spy_ta_wednesday_nov_10_2021/) [x](https://www.reddit.com/r/wallstreetbets/comments/qhybxf/i_spy_friday_october_29_2021/) [x](https://www.reddit.com/r/wallstreetbets/comments/r7n6ak/i_spy_ta_friday_dec_3_2021/) [x](https://www.reddit.com/r/wallstreetbets/comments/o60caq/heat_break_kid_kbh_breakout/) [x](https://www.reddit.com/r/wallstreetbets/comments/nt8b6i/bb_end_game_gann_fan_study/) [x](https://www.reddit.com/r/wallstreetbets/comments/nwakdg/memetacular_ta_dd_clov_amc_bb_and_wish_daytrading/) [x](https://www.reddit.com/r/wallstreetbets/comments/rcv31z/i_spy_ta_friday_dec_10_2021/) [x](https://www.reddit.com/r/wallstreetbets/comments/qm5qs6/i_spy_qqq_ta_thursday_nov_4_2021/) [x](https://www.reddit.com/r/wallstreetbets/comments/r3g8on/i_spy_ta_monday_nov_29_2021/) [x](https://www.reddit.com/r/wallstreetbets/comments/nmxbrj/i_spy_528_read/) [x](https://www.reddit.com/r/wallstreetbets/comments/o9uj5w/mememania_wkhs_bb_clov_ta_dd/) [x](https://www.reddit.com/r/wallstreetbets/comments/qr7rv9/i_spy_thursday_nov_11_2021/) [x](https://www.reddit.com/r/wallstreetbets/comments/qlfrli/meme_mania_market_wrap_tuesday_nov_2_2021_tsla/) [x](https://www.reddit.com/r/wallstreetbets/comments/ncnqbg/i_spy_qq_514_recap_and_515_outlook/) [x](https://www.reddit.com/r/wallstreetbets/comments/ntm2gi/fsr_taking_bulls_and_pope_to_heaven/) [x](https://www.reddit.com/r/wallstreetbets/comments/nbs3lq/i_spy_qqq_513_recap_and_514_outlook/) [x](https://www.reddit.com/r/wallstreetbets/comments/quu3q7/i_spy_ta_tuesday_nov_16_2021/) [x](https://www.reddit.com/r/wallstreetbets/comments/ni4vcu/i_spy_521_recap_and_524_outlook/) [x](https://www.reddit.com/r/wallstreetbets/comments/r5age5/i_spy_ta_tuesday_nov_30_2021/) [x](https://www.reddit.com/r/wallstreetbets/comments/njwlm6/i_spy_524_read/) [x](https://www.reddit.com/r/wallstreetbets/comments/nk9jjc/i_spy_524_recap_and_525_outlook/) [x](https://www.reddit.com/r/wallstreetbets/comments/qmxh19/i_spy_qqq_ta_friday_nov_5_2021_nio_and_tsla_bonus/) [x](https://www.reddit.com/r/wallstreetbets/comments/nl2raz/i_spy_525_recap_and_526_outlook/) [x](https://www.reddit.com/r/wallstreetbets/comments/nlsx4z/i_spy_526_recap_and_527_outlook/) [x](https://www.reddit.com/r/wallstreetbets/comments/nm6tp3/i_spy_527_read/) [x](https://www.reddit.com/r/wallstreetbets/comments/r01zv7/i_spy_ta_tuesday_nov_23_2021/) [x](https://www.reddit.com/r/wallstreetbets/comments/nnxns5/nio_is_the_neo_in_ev_ta_dd/) [x](https://www.reddit.com/r/wallstreetbets/comments/non0so/bb_to_the_baby/) [x](https://www.reddit.com/r/wallstreetbets/comments/nqxtzd/bb_still_going_to_the_baby_updated_post/) [x](https://www.reddit.com/r/wallstreetbets/comments/qos33r/amc_tsla_breakouts/) [x](https://www.reddit.com/r/wallstreetbets/comments/nrma8x/oh_my_gm_boomer_aug_earnings_runup/) [x](https://www.reddit.com/r/wallstreetbets/comments/nmiihu/i_spy_527_recap_and_528_outlook/) [x](https://v.redd.it/3yuoct6kqd281) [x](https://www.reddit.com/r/wallstreetbets/comments/nfantm/i_spy_518/) [x](https://www.reddit.com/r/wallstreetbets/comments/nfmpfq/i_spy_518_recap_and_519_outlook/) [x](https://www.reddit.com/r/wallstreetbets/comments/nrqb3c/bb_are_you_still_going_to_the_baby_updated_post/) [x](https://www.reddit.com/r/wallstreetbets/comments/n7vuls/sklz_that_killz_ur_puts/) [x](https://www.reddit.com/r/wallstreetbets/comments/nc8af0/i_spy_qqq_514/) [x](https://www.reddit.com/r/wallstreetbets/comments/ngglg9/i_spy_519_recap_and_520_outlook/) [x](https://www.reddit.com/r/wallstreetbets/comments/nhf742/i_spy_520_recap_and_521_outlook/) [x](https://www.reddit.com/r/wallstreetbets/comments/nhrou0/i_spy_521_read/) [x](https://www.reddit.com/r/wallstreetbets/comments/nvksr1/atience_on_bb/) [x](https://www.reddit.com/r/wallstreetbets/comments/nx2hwi/mad_about_amd_ta_dd/) [x](https://www.reddit.com/r/wallstreetbets/comments/nptqx7/i_spy_61_read/) [x](https://www.reddit.com/r/wallstreetbets/comments/ntzlsd/work_for_me_wkhs/) [x](https://www.reddit.com/r/wallstreetbets/comments/nlgkaz/i_spy_526_read/) [x](https://www.reddit.com/r/wallstreetbets/comments/nq8nl5/i_spy_61_recap_and_62_outlook/) [x](https://www.reddit.com/r/wallstreetbets/comments/nsdaez/x_gonna_give_it_to_you/) [x](https://www.reddit.com/r/wallstreetbets/comments/qjaxvv/i_spy_monday_nov_1_2021/) [x](https://www.reddit.com/r/wallstreetbets/comments/qj846m/tsla_lcid_fb_the_week_of_110521/) [x](https://www.reddit.com/r/wallstreetbets/comments/nshu14/i_spy_the_week_of_67/) [x](https://www.reddit.com/r/wallstreetbets/comments/qvmaho/i_spy_ta_wednesday_nov_17_2021/) [x](https://www.reddit.com/r/wallstreetbets/comments/nkck70/i_u_fubo/) [x](https://www.reddit.com/r/wallstreetbets/comments/qggbtq/i_spy_wednesday_october_27_2021/) [x](https://www.reddit.com/r/wallstreetbets/comments/qrwxen/i_spy_ta_friday_nov_12_2021/) [x](https://www.reddit.com/r/wallstreetbets/comments/r0qwjj/i_spy_ta_wednesday_nov_24_2021/) [x](https://www.reddit.com/r/wallstreetbets/comments/qkwmp3/meme_mania_tsla_gme_ocgn_tuesday_nov_2_2021/) [x](https://www.reddit.com/r/wallstreetbets/comments/neftma/i_spy_qqq_517_read/) [x](https://www.reddit.com/r/wallstreetbets/comments/ng51gn/i_spy_519_read/) [x](https://www.reddit.com/r/wallstreetbets/comments/ngzlre/i_spy_520_read/) [x](https://www.reddit.com/r/wallstreetbets/comments/qlnfw5/i_spy_ta_1102_recap_and_1103_analysis/) [x](https://www.reddit.com/r/wallstreetbets/comments/nmcjum/i_u_fubo_update/) [x](https://www.reddit.com/r/wallstreetbets/comments/nxsdj4/pltr/) [x](https://www.reddit.com/r/wallstreetbets/comments/nlw09c/viva_la_tsla/) [x](https://www.reddit.com/r/wallstreetbets/comments/nxw1i5/tic_tac_cat_a_shortterm_short_possibility_bearish/) [x](https://www.reddit.com/r/wallstreetbets/comments/qo12p1/i_spy_ta_monday_nov_8_2021/) [x](https://www.reddit.com/r/wallstreetbets/comments/qwcd7o/i_spy_ta_thursday_nov_18_2021/) [x](https://www.reddit.com/r/wallstreetbets/comments/nkogx8/i_spy_525_read/) [x](https://www.reddit.com/r/wallstreetbets/comments/nqlaor/i_spy_62_read/) [x](https://www.reddit.com/r/wallstreetbets/comments/qx5332/i_spy_ta_friday_nov_19_2021/) 
**Account Age**|4 years|[^scan ^comment ](https://www.reddit.com/message/compose/?to=VisualMod&subject=scan_comment&message=Replace%20this%20text%20with%20a%20comment%20ID%20(which%20looks%20like%20*h26cq3k*)%20to%20have%20the%20bot%20scan%20your%20comment%20and%20correct%20your%20first%20seen%20date.)|[^scan ^submission ](https://www.reddit.com/message/compose/?to=VisualMod&subject=scan_submission&message=Replace%20this%20text%20with%20a%20submission%20ID%20(which%20looks%20like%20*h26cq3k*)%20to%20have%20the%20bot%20scan%20your%20submission%20and%20correct%20your%20first%20seen%20date.)
**Vote Spam (NEW)**|[Click to Vote](https://www.reddit.com/message/compose/?to=VisualMod&subject=vote_spam&message=ri5h1a)|**Vote Approve (NEW)**|[Click to Vote](https://www.reddit.com/message/compose/?to=VisualMod&subject=vote_approve&message=ri5h1a)",1,2021-12-17 09:22:34
hov87s6,t3_ri5h1a,Welp I was wrong. Thanks England. Next two Mondays are going to be bangers in my probably wrong opinion,10,2021-12-17 10:53:26
how74tw,t3_ri5h1a,So they fucked your puts on Thursday and fucked your calls if you doubled down on Friday instead of taking profits 😂,3,2021-12-17 16:19:39
hox48r5,t3_ri5h1a,Thinking we get back to 467-469 range eod. The last few times we have bounced back to that range.,2,2021-12-17 22:13:57
hovgir0,t3_ri5h1a,Bulls are going to hibernate,2,2021-12-17 11:55:44
howv21t,t3_ri5h1a,"My calls are funked, but honestly who knows it could go down to 458 and spike right back up.",1,2021-12-17 20:59:40
hovddqj,t1_hov87s6,Bangers = red or green,5,2021-12-17 11:32:31
hovc5to,t1_hov87s6,![img](emote|t5_2th52|4270),5,2021-12-17 11:23:27
hovheb8,t1_hovgir0,I don’t want to put on my bear costume ![img](emote|t5_2th52|4260),18,2021-12-17 12:02:28
hovqxta,t1_hovddqj,Green,1,2021-12-17 13:23:19
