comment_id,comment_parent_id,comment_body,comment_score,created_utc
hosdwap,t3_rhsqke,"
**User Report**| | | |
:--|:--|:--|:--
**Total Submissions**|2|**First Seen In WSB**|10 minutes ago
**Total Comments**|0|**Previous DD**|
**Account Age**|3 months|[^scan ^comment ](https://www.reddit.com/message/compose/?to=VisualMod&subject=scan_comment&message=Replace%20this%20text%20with%20a%20comment%20ID%20(which%20looks%20like%20*h26cq3k*)%20to%20have%20the%20bot%20scan%20your%20comment%20and%20correct%20your%20first%20seen%20date.)|[^scan ^submission ](https://www.reddit.com/message/compose/?to=VisualMod&subject=scan_submission&message=Replace%20this%20text%20with%20a%20submission%20ID%20(which%20looks%20like%20*h26cq3k*)%20to%20have%20the%20bot%20scan%20your%20submission%20and%20correct%20your%20first%20seen%20date.)
**Vote Spam (NEW)**|[Click to Vote](https://www.reddit.com/message/compose/?to=VisualMod&subject=vote_spam&message=rhsqke)|**Vote Approve (NEW)**|[Click to Vote](https://www.reddit.com/message/compose/?to=VisualMod&subject=vote_approve&message=rhsqke)",1,2021-12-16 23:13:06
hosdv7s,t3_rhsqke,"I am a bot from /r/wallstreetbets. You submitted an image I've already seen recently.                        If you're submitting a position screenshot use Gain/Loss/YOLO flair or it'll be duplicate checked.
                        If you submitted something and then immediatley deleted it... don't do that next time.

https://i.redd.it/ffw8bxq46x581.jpg",1,2021-12-16 23:12:53
