comment_id,comment_parent_id,comment_body,comment_score,created_utc
hl0ar84,t3_qw3f2w,That's 8 words. You said 1 word,3,2021-11-18 01:02:48
hl0fc4g,t3_qw3f2w,"I know i can beat the s&p. 

Step 1: buy spy

Step two: sell one deep otm call",3,2021-11-18 01:32:29
hl0jijc,t3_qw3f2w,"WTF I refreshed the screen and it's gone, finally something potentially useful instead of poor options plays and dick pics",3,2021-11-18 01:59:24
hl0euls,t3_qw3f2w,"God speed OP, hope the best for you!
Great to see some actual trial and experimentation and not some random FDs going bust.",1,2021-11-18 01:29:20
hl0g67u,t3_qw3f2w,Nice OP but too much for my little brain to handle. What do I buy and hold?![img](emote|t5_2th52|4270),1,2021-11-18 01:37:48
hl0ennz,t1_hl0ar84,"No, you said 8 words",1,2021-11-18 01:28:06
hl0feg2,t1_hl0fc4g,That would have been way less work.,2,2021-11-18 01:32:53
hl0fsl4,t1_hl0euls,"Thanks, has been a fun ride so far, but we're only just starting the roller coaster.",1,2021-11-18 01:35:23
hl0gyzu,t1_hl0g67u,I bought everything that was listed towards the end.,1,2021-11-18 01:43:01
