comment_id,comment_parent_id,comment_body,comment_score,created_utc
h6uavak,t3_otcecx,"
**User Report**| | | |
:--|:--|:--|:--
**Total Submissions**|11|**First Seen In WSB**|6 months ago
**Total Comments**|13|**Previous DD**|[x](https://www.reddit.com/r/wallstreetbets/comments/otbw1m/appl_lcid_car_partnership_connections/) [x](https://www.reddit.com/r/wallstreetbets/comments/otbyvn/appl_lcid_car_partnership_connections/) [x](https://www.reddit.com/r/wallstreetbets/comments/otcecx/lcid_aapl_car_partnership_connections/) 
**Account Age**|7 months|[^scan ^comment ](https://www.reddit.com/message/compose/?to=VisualMod&subject=scan_comment&message=Replace%20this%20text%20with%20a%20comment%20ID%20(which%20looks%20like%20*h26cq3k*)%20to%20have%20the%20bot%20scan%20your%20comment%20and%20correct%20your%20first%20seen%20date.)|[^scan ^submission ](https://www.reddit.com/message/compose/?to=VisualMod&subject=scan_submission&message=Replace%20this%20text%20with%20a%20submission%20ID%20(which%20looks%20like%20*h26cq3k*)%20to%20have%20the%20bot%20scan%20your%20submission%20and%20correct%20your%20first%20seen%20date.)",1,2021-07-28 23:38:06
h6ub9kj,t3_otcecx,I wish anyone investing into LCID all the best but I see this going further down before going back up.,21,2021-07-28 23:40:52
h6ub93f,t3_otcecx,FOH with the apple rumors FFS!,8,2021-07-28 23:40:47
h6v0h6o,t3_otcecx,Canoo and Apple. $GOEV,4,2021-07-29 02:33:38
h6ubwwy,t3_otcecx,pump more buddy!!! puts on LCID 🥴🥴,5,2021-07-28 23:45:19
h6uum8p,t3_otcecx,"Lucid is not a manufacturer. They have 0 manufacturing capabilities. Imagine thinking Lucid, who can’t even make their own cars would be a viable manufacturing partner for the largest company in the world. LMAOooooooooooooo 😂 

Btw. Apple already has a manufacturing partner. Kia. 

__F__",-4,2021-07-29 01:52:52
h6uhpnw,t3_otcecx,"With all the EV's in the market, someone is bound to fail.  Tesla is the EV leader and still doing well.  Ford is off to a decent start with the EV mustang and EV F150 coming soon.   GM is well....selling fires but they can still turn it around.

LCID is coming pretty late to a crowded market.  They are also targeting the luxury end with a vehicle that is pretty meh.

Best of luck.",-4,2021-07-29 00:24:59
h6up89a,t3_otcecx,"[Apple to build first Apple Developer Academy in Riyadh, Saudi Arabia](https://appleinsider.com/articles/21/07/07/apple-to-build-first-apple-developer-academy-in-riyadh-saudi-arabia)",0,2021-07-29 01:16:04
h6v56v7,t3_otcecx,🍎🍏 should build cars with everyone,1,2021-07-29 03:06:35
h6un6pv,t3_otcecx,"I though Apple is working with KIA on that, no?",-4,2021-07-29 01:01:59
h6vbw52,t3_otcecx,"Lol good luck with that happening. CEO just went on an interview and nuked his own company, no chance they would have the capabilities to support Apple",-1,2021-07-29 03:54:05
h6ugle8,t1_h6ub9kj,"Agreed. A lot of hype right now without a single car on the road. They’ll hit some speed bumps in the first year or two. I’m doing monthly cash secured puts to get in under 20 bucks. If it doesn’t drop, oh well free premium",4,2021-07-29 00:17:23
h6uvkxx,t1_h6uum8p,"[Hyundai, Kia shares tumble after automakers say they're not in talks with Apple to develop a car](https://www.cnbc.com/2021/02/08/hyundai-kia-shares-fall-say-not-in-talks-to-develop-apple-car.html)",4,2021-07-29 01:59:40
h6uvfy6,t1_h6uum8p,Lucid absolutely makes their own cars FOH with that FUD,11,2021-07-29 01:58:42
h6uvp82,t1_h6uum8p,"1. Kia and Apple are not partnering 
2. Yes Lucid makes their own cars and if you ever came out of your moms basement you would know that",4,2021-07-29 02:00:31
h6vexuy,t1_h6uum8p,Actual retard here,0,2021-07-29 04:15:31
h6uih77,t1_h6uhpnw,"Interesting you think they are late when they will deliver a car before Ford, before Rivian, before Fisker, before Lordstown, before Faraday Future, before Canoo, before Mercedes, before Arrival, before Nikola do I need to continue? Let’s not forget Tesla is currently delivering Model S cars that are spontaneously combusting.",8,2021-07-29 00:30:12
h6vegem,t1_h6uhpnw,"“A crowded market” …

By 2025 there will be no gas cars sold in the EU. Other countries have set their timeline for 2030.

The entire car market will go EV, there’s a giant market with room for everybody.",2,2021-07-29 04:12:06
h6va9r8,t1_h6up89a,This is a whole nother level of speculation lol. There’s like zero connection aside from geography….,2,2021-07-29 03:42:41
h6uq648,t1_h6un6pv,"[Hyundai, Kia shares tumble after automakers say they're not in talks with Apple to develop a car](https://www.cnbc.com/2021/02/08/hyundai-kia-shares-fall-say-not-in-talks-to-develop-apple-car.html)",5,2021-07-29 01:22:28
h6vf1hq,t1_h6vbw52,What network? I would like to watch it,2,2021-07-29 04:16:14
h6ujqlk,t1_h6ugle8,They have produced over 100 car (~80 pre production validation) the rest will be delivered to customers upon crash test approval,1,2021-07-29 00:38:42
h6v06l1,t1_h6uvp82,"A. Lucid has never manufactured a car at any volume other than prototypes. 

B. They plan to reach 400k cars by 2026, so how would they be able to accommodate mass production that Apple would need? in contrast, Tesla plans on producing 1M cars this year. 

C. Apple and Kia signed an agreement last year to partner on electric vehicles. Google it. 

D. I don’t live in my parents basement. Your wife lets me stay in her bedroom when you’re away. 😉 

Do you even bother checking to see if the shit you say is even true or do you just make shit up as you go along to try to sucker people into taking those bags off your hands? Lmao 🤣",2,2021-07-29 02:31:38
h6vqzhj,t1_h6vexuy,Lol. I’m the retard? Wow. Doesn’t take a genius to realize this is the most retarded DD ever. You deserve to lose all your money for being a fucking idiot. Lol 😂,0,2021-07-29 05:40:57
h6unsha,t1_h6uih77,Volkswagen is the one that everybody needs to watch out for. Including Tesla.,5,2021-07-29 01:06:10
h6umg8g,t1_h6uih77,Ford is already delivering the Mach-E.,5,2021-07-29 00:56:58
h6unmh5,t1_h6uih77,"The EV Mustangs are already out and you can also buy Teslas and Porsche Taycan's today.  There are also a lot more budget options so yes they are late.  

They are barely ahead of Audi (December deliveries on the E-tron GT) and Mercedes provided they can get their car out the door.",1,2021-07-29 01:05:01
h6vjrie,t1_h6vf1hq,"Here’s the link: https://youtu.be/krakEaaoS0w

I first watched it today secondhand through another source and they made it seem like it was an interview that happened today, but I can see now after looking up the original that it happened two days ago, so I take back my comment about this causing the stock dip. No clue why it dipped today then. 

Key points I see from this interview:

1) 3:31: discussion of positive cash flow. CEO says it’ll be mid-decade depending on producing 250k cars a year. This raises a red flag for 2 reasons; 1] in their investor call last week they mentioned that the full 4.5 billion they received from the merger will only last them until the end of 2022, so that leaves them with no cash on hand besides what is received from vehicle deliveries at that point, plus they will be attempting to build a new plant by the end of 2023 so they will need massive capital. Either new share sales will occur or they will take on debt. 2] Their production goals don’t align with their current outlook, timeline and cash flows (they want to make 250k cars a year by 2025, but won’t have the cash by 2023, or capacity for 90k cars a year until 2024)

2) 6:00: won’t be producing the base model until the end of 2022. This is a concern since the majority of their preorders are for the base model. If the majority of their demand isn’t going to be met until the end of 2022, do they expect the other models to be produced prior to that and have increased demand at that point? This also coincides with the first point about cash flows. The end of 2022 is when they are expecting to run out of money so if they plan to begin new production on a new variant of the model at that point, then they run into a budget timeline issue where the bulk of their demand/revenue will have to be delivered without a hitch. If there are production issues getting the base model out, then you have a convergence of their largest demand not being met, their revenues not coming in, and no cash left to work out those production issues which leads back to the debt/share offering. 

These are just my opinions after following this company for a while. Personally I don’t think they would have an Apple deal since they have a long ways to go to get their own production under control and on track.",5,2021-07-29 04:49:07
h6va5wo,t1_h6ujqlk,100 cars isn’t enough of a validation. That is extremely small scale. Many problems will inevitably rise as production increases.,3,2021-07-29 03:41:55
h6v0dw2,t1_h6v06l1,It is unequivocally false that Apple and Kia have a manufacturing deal,1,2021-07-29 02:33:01
h6vrp1l,t1_h6vqzhj,Obviously this dd is retarded. Fuck this dd. But lucid is absolutely manufacturing their own cars. They make everything in house. You're just talking out your ass about shit you haven't done any research over.,2,2021-07-29 05:46:04
h6uo2om,t1_h6unsha,Polestar range is a disappointing 230mi,2,2021-07-29 01:08:08
h6umnmz,t1_h6umg8g,I wasn’t aware deliveries had already been made by Ford,-1,2021-07-29 00:58:22
h6unvvp,t1_h6unmh5,With Tesla only addressing 5% of total car sales I don’t think anyone is “Late” to this market,1,2021-07-29 01:06:51
h6vlcs2,t1_h6vjrie,I appreciate the follow up thank you!,1,2021-07-29 05:00:16
h6v0itc,t1_h6v0dw2,[Here you go sweetcheeks](https://www.google.com/amp/s/www.macrumors.com/2021/02/25/kia-apple-partnership-still-possible/amp/),-6,2021-07-29 02:33:56
h6vru7k,t1_h6vrp1l,"They have never manufactured a car at any scale other than prototypes. 

What you’re referring to is called building not manufacturing.",1,2021-07-29 05:47:08
h6v45fd,t1_h6uo2om,Polestar is not VW,3,2021-07-29 02:59:13
h6umrcr,t1_h6umnmz,Yep.. there’s a couple in the parking garage where I work,3,2021-07-29 00:59:04
h6uzaws,t1_h6unvvp,well its going to take lucid 5+ years most likely more to be able to produce the amount of cars tesla able to..... and tesla only going to keep scaling. So in a sense lucid and pretty much everyone is pretty late to the market.,1,2021-07-29 02:25:37
h6v0x84,t1_h6v0itc,"You are incredibly stupid 

Hyundai, Kia shares tumble after automakers say they're not in talks with Apple to develop a car",6,2021-07-29 02:36:41
h6vs8li,t1_h6v0itc,[removed],0,2021-07-29 05:50:07
h6v4bjb,t1_h6v45fd,Your right Polestar is a Volvo play not VW,1,2021-07-29 03:00:24
h6uzbra,t1_h6umrcr," No one drove Fords when the plane was level, no ones going to be driving Fords now that they are -250ish in range.",-1,2021-07-29 02:25:47
h6v2m7h,t1_h6uzaws,"By 2023 they will have capacity to produce 400,000 vehicles yes less than Tesla as of right now",-3,2021-07-29 02:48:31
h6v11b6,t1_h6v0x84,[Here's one](https://www.news18.com/news/auto/kia-motors-partnership-with-apple-to-help-make-brands-1st-electric-vehicle-still-possible-report-3486170.html) dated March 2021,1,2021-07-29 02:37:30
h6vsd6i,t1_h6vs8li,Wow. You’re smart as fuck. Good luck out there 👍,1,2021-07-29 05:51:04
h6vahv9,t1_h6uzbra,Idk where u come from but every other car on the road is a ford where I live…..,1,2021-07-29 03:44:17
h6vansm,t1_h6v2m7h,According to SPAC projections… SPAC projections that have close to zero regulation….,2,2021-07-29 03:45:26
h6viu0r,t1_h6v2m7h,"Man you must know something Lucid doesn't, their facility is only currently slated to max out at 300,000 cars a year and they see their production at 250,000, by 2026... great job!",0,2021-07-29 04:42:40
h6v1dvu,t1_h6v11b6,Your article is dated February 2021 you understand how time works right?,6,2021-07-29 02:39:55
h6v1khx,t1_h6v11b6,Still Possible apparently means signed partnership to you?,2,2021-07-29 02:41:13
h6vctox,t1_h6vahv9,Don’t know whether I should answer your question or apologize… Lots of applebees too where you come from brother?,-1,2021-07-29 04:00:39
h6vj1dv,t1_h6viu0r,False,0,2021-07-29 04:44:04
h6v1z0b,t1_h6v1khx,"Instead of bickering about Kia, more importantly, you should ask yourself if Lucid, who’s never mass produced a car and won’t even be able to make 400K until 2026 even makes sense to mass produce cars for the worlds biggest consumer technology company. 

Does this make any sense to you? If it does, then there’s nothing more I can say to help you. If not, you may want to rethink this “DD” before mods remove it.",0,2021-07-29 02:44:01
h6vjnxf,t1_h6vj1dv,"https://www.forbes.com/sites/petercohan/2021/07/27/lucid-motors-lcid-could-be-the-next-tesla---if-peter-rawlinson--delivers/?sh=6a2de4c64322. Yeah, enjoy those bags buddy, sucks to be you.",2,2021-07-29 04:48:25
h6v25w0,t1_h6v1z0b,So you realize your full of shit and now we should just move on to your next FUD,4,2021-07-29 02:45:21
h6vkveh,t1_h6vjnxf,Not a single part of that is an interview just one writers speculation GTFO,1,2021-07-29 04:56:51
h6vl0j3,t1_h6vjnxf,"“In February, unit volumes were expected to grow rapidly. From 20,000 cars in 2022 to in 2023, and as many as 500,000 cars a year (including the Air, the Gravity SUV, and future models) by 2030, according to Bloomberg.”",1,2021-07-29 04:57:52
h6v2c7y,t1_h6v25w0,So I’m guessing you still think the Lucid / Apple partnership makes sense. 🤡,1,2021-07-29 02:46:34
h6vldj8,t1_h6vl0j3,"So now you see your error, from 2022 to 2023, 20,000 units. 500k by 2030. Get ready for those puts or get out while you can.",1,2021-07-29 05:00:25
h6vlmum,t1_h6vldj8,"You see your error correct “max out at 350,000”",1,2021-07-29 05:02:14
h6vm8l8,t1_h6vlmum,Are you dyslexic or was this all just one bad joke about a shit tier investment?,2,2021-07-29 05:06:30
h6x7uhr,t1_h6vm8l8,I feel like he can’t accept the fact that you can’t go from 2000 to 300000 cars in 2 years with out major major investments lol,1,2021-07-29 13:09:12
