comment_id,comment_parent_id,comment_body,comment_score,created_utc
hh4p0jh,t3_qar6j5,"
**User Report**| | | |
:--|:--|:--|:--
**Total Submissions**|7|**First Seen In WSB**|8 months ago
**Total Comments**|1|**Previous DD**|
**Account Age**|4 years|[^scan ^comment ](https://www.reddit.com/message/compose/?to=VisualMod&subject=scan_comment&message=Replace%20this%20text%20with%20a%20comment%20ID%20(which%20looks%20like%20*h26cq3k*)%20to%20have%20the%20bot%20scan%20your%20comment%20and%20correct%20your%20first%20seen%20date.)|[^scan ^submission ](https://www.reddit.com/message/compose/?to=VisualMod&subject=scan_submission&message=Replace%20this%20text%20with%20a%20submission%20ID%20(which%20looks%20like%20*h26cq3k*)%20to%20have%20the%20bot%20scan%20your%20submission%20and%20correct%20your%20first%20seen%20date.)
**Vote Spam (NEW)**|[Click to Vote](https://www.reddit.com/message/compose/?to=VisualMod&subject=vote_spam&message=qar6j5)|**Vote Approve (NEW)**|[Click to Vote](https://www.reddit.com/message/compose/?to=VisualMod&subject=vote_approve&message=qar6j5)",1,2021-10-19 01:14:49
hh4s601,t3_qar6j5,Watching people hedge a recession with GME is going to be *interesting*.,413,2021-10-19 01:36:37
hh4psrq,t3_qar6j5,"I honestly have no idea what to hedge with at this point. So your guess is as good as mine. Metals/commodities have been trading with the market, value and growth stocks have been, even blocks seem to be trading with the market pretty closely. I like your explanations though",129,2021-10-19 01:20:17
hh4wr3b,t3_qar6j5,"During a crash, the dollar is the way. After 30% correction buy the VOO and wait for consumer blue chips to follow.",27,2021-10-19 02:07:50
hh4qrzd,t3_qar6j5,"If you want to hedge you either buy calls on VIX, short stocks or buy puts

Everything else correlates together in a crash

Or just hold cash",102,2021-10-19 01:26:58
hh5emex,t3_qar6j5,"With my economics background, my suggestion is picking companies that sell goods where demand is highly ineleastic and they have the ability to qu8ckly adjust prices. Thinking toilet paper and coke. The drink, not the drug, but that too actually.

My god I miss the 80s...",53,2021-10-19 04:09:43
hh5o229,t3_qar6j5,I knew this was going to be a GME post before I even started reading,64,2021-10-19 05:25:49
hh56r4b,t3_qar6j5,Not a week of green and we go back to talk about market crashes... smh,51,2021-10-19 03:16:08
hh5gjff,t3_qar6j5,Hold and just keep buying dips!  It literally would have been the best strategy for every singe market crash over the last hundred years.  You'd have better luck playing pick up sticks with your butt cheeks than trying to time the market.,9,2021-10-19 04:22:54
hh4p854,t3_qar6j5,All in gme is my hedge,128,2021-10-19 01:16:16
hh5c3j2,t3_qar6j5,"Step 1: have liquid cash. Check

Step 2: wait for dip

Step 3: buy the dip (which one though hmm....)

Step 4: profit?",28,2021-10-19 03:52:24
hh54iv9,t3_qar6j5,Anyone else seeing for sale/lease signs on commercial real estate everywhere you go?,16,2021-10-19 03:01:07
hh4pxnw,t3_qar6j5,[deleted],57,2021-10-19 01:21:12
hh53l6k,t3_qar6j5,Close all your positions. Buy guns and ammo and canned food and build a bunker. It’s far more logical than whatever the hell is in this post.,72,2021-10-19 02:54:43
hh4pzgi,t3_qar6j5,![img](emote|t5_2th52|4886),22,2021-10-19 01:21:33
hh4qfvt,t3_qar6j5,"Why don't you just Google ""sector stock rotation for recession""? 

You're not going to re-invent the market and find some great Put option no one has thought of. Besides, this way you're not trying to catch or time the top perfectly. 

Throwing money into GME or AMC as a hedge against a market crash is the dumbest thing I could possibly think of. Those two fall under the market sectors most likely to be hit by a recession or stock market crash/event.",73,2021-10-19 01:24:41
hh4qpog,t3_qar6j5,Cash into bitcoin mid crash. Short housing,22,2021-10-19 01:26:32
hh577bc,t3_qar6j5,"Unless you have medium term liquidity needs hedges are a waste of $. 

You’re at least the 100th post of there being a crash coming soon. 

There are armies of people that work 4000 hrs a year on the markets trying to forecast this shit. 

In the mid 90s there were reports of an imminent crash (It ran up another 50% over the next few years). 

Your forecast is just another drop in the ocean of public knowledge prognostication. 

GME, and AMC, FWIW, are terrible hedges. If there’s a crash, the apes on here on balance more leveraged than the rest of the market. There is not some $10B pool of reserves on this board to come to the rescue. There ARE a good chunk of folks on here at risk of a margin call. 

If you really wanna hedge, buy SPY puts, VIX calls, and move more of your portfolio into SPLV. 

But we’re in a market where the money supply has expanded significantly yet interest rates are STILL low, and all the other major financed assets (houses, cars, etc) also have seen massive price increases. 

When everything gets more expensive, you don’t have a bubble, you just have inflation. So think twice about if you’re really seeing a bubble, or inflation.",18,2021-10-19 03:19:12
hh4yng0,t3_qar6j5,"GME and AMC are a good hedge against a crash?   

ok good luck with that",32,2021-10-19 02:20:58
hh4yef5,t3_qar6j5,Cash is the only hedge,8,2021-10-19 02:19:15
hh5xq1j,t3_qar6j5,Cash boi. Sit on your cash.,3,2021-10-19 06:38:30
hh68dj6,t3_qar6j5,Hedging on toilet paper because that’s what’s in demand during a crisis,3,2021-10-19 08:04:03
hh7rzx2,t3_qar6j5,Be careful about being in an echo-chamber made by YouTube and search algorithms.,3,2021-10-19 18:09:15
hh7xv2j,t3_qar6j5,Love how the OP had this up on r/stocks but deleted it. It’s sad that the advice here was better than there.,3,2021-10-19 19:24:58
hh56kmk,t3_qar6j5,"Hedge with ammunition, fuel and food. Seriously.",9,2021-10-19 03:14:55
hh5d129,t3_qar6j5,"GME/AMC have not moved in an inverse way to the rest of the market in any reliable way. If there were a crash, those stocks would most likely be down with the market, unless the crash was caused by factors related to those stocks, as you stated. This DRS theory will absolutely not be causing any market crash though.",9,2021-10-19 03:58:47
hh500c4,t3_qar6j5,If you are serious about the apocalypse go for Gold.,7,2021-10-19 02:30:14
hh63xhn,t3_qar6j5,"/>market crash coming

/>hedge with consumer discretionary 

Dude.",5,2021-10-19 07:28:07
hh56yi2,t3_qar6j5,You're not alone in this sentiment. A lot of people denied the 08 crash was going to happen and called alot of them conspiracy theorists but it happened and those people who decided to stick their head in the sand and believe our Government wouldn't fuck over taxpayers were incredibly wrong. No regulation came out of the 2008 crash and Wallstreet is still doing what they did and just dealing with measley fines when they do get caught. Nothing will change if the US economy doesn't crash. Downvote me idgaf.,16,2021-10-19 03:17:32
hh4ugd1,t3_qar6j5,Yuan/dollar is flat and evergrande has been rated junk debt since 2014.  This isn't like 2008 where all of a sudden AAA mortgage bonds became junk overnight.,7,2021-10-19 01:52:17
hh50ooq,t3_qar6j5,what you wrote makes zero sense.  do not invest based on it.,9,2021-10-19 02:34:52
hh5repq,t3_qar6j5,"Are you suggested GME & AMC, more or less worthless companies trading at huge P/E multiples ""because meme"" are going to hold up during a crash better than say Apple, Google, or Amazon?",5,2021-10-19 05:50:19
hh5crbv,t3_qar6j5,If your thinking a market crash then think about UVXY,2,2021-10-19 03:56:56
hh5iq88,t3_qar6j5,">They exercise and sell deep ITM calls in order to get the FTDs.

You cannot exercise a call you sell. Calls don't ""get the FTDs"". 

Get help.",2,2021-10-19 04:38:29
hh5ok4g,t3_qar6j5,buy guns 💪,2,2021-10-19 05:29:30
hh6c71v,t3_qar6j5,"While I recognize there's a possibility that GME and other heavily shorted names will go up in a crash due to margin call induced covering it's unlikely to pan out the way you expect since there may be just as many long shareholders forced to liquidate in the same manner.

Just buy bullish volatility positions if you're that sure. The returns should be higher anyway if you're actually correct, which most likely you aren't.",2,2021-10-19 08:34:50
hh6qoso,t3_qar6j5,"Gme is the only thing I have since January ![img](emote|t5_2th52|4271) Edit: 31.7 @144, positions or ban",2,2021-10-19 10:31:39
hh6ttsf,t3_qar6j5,"“Similar in numbers, not principal” thanks, posts like this have bothered the hell out of me because nobody acknowledges that, let alone if you even think a crash will happen.",2,2021-10-19 10:57:55
hh74avb,t3_qar6j5,TL:DR - set stop losses,2,2021-10-19 12:37:21
hh7ac9t,t3_qar6j5,"So you are saying that to avoid FTD on their short call, they long an ITM call, exercise it to deliver the shares, then short the same ITM call to balance the books?",2,2021-10-19 13:49:42
hh7dq27,t3_qar6j5,When I’m uncertain about the market I try and balance my long positions with the same amount of short positions. That way if nothing happens hopefully all my positions end up green but if a crash did occur i’d hope that all of the losses from my buys would be negated by gains from shorting. I feel like more people should start doing this in order to preserve your account during a bear market or crash and just as there are some great companies to buy there are also some pretty poor and overvalued ones to go short on.,2,2021-10-19 14:34:45
hh7dyfv,t3_qar6j5,Tbh long puts on the lowest volatility highest leveraged company you can find,2,2021-10-19 14:37:55
hh8ba0m,t3_qar6j5,"If you’re very convicted a crash is coming soon, buy far OTM calls on VIX. limited downside (to what you invest) and huge upside if market crashes.",2,2021-10-19 21:32:26
hh5mzgz,t3_qar6j5,"Should have bought more TSLA, let’s go Brandon!!",6,2021-10-19 05:17:32
hh56thp,t3_qar6j5,#LMAOOOOOOOOOO,7,2021-10-19 03:16:35
hh5jwix,t3_qar6j5,"So let me get this straight. You think we are heading into a 2008 like market crash, and your idea is to hedge against it by putting money in two dying business. Brilliant!",5,2021-10-19 04:48:13
hh4xwx9,t3_qar6j5,Gold/silver.,3,2021-10-19 02:15:54
hh5h9c4,t3_qar6j5,"GME and AMC have taken on a ridiculous, mythical life of their own.",3,2021-10-19 04:27:50
hh67ejt,t3_qar6j5,">due to Evergrande + GameStop

I can't imagine the lack of brain power required to equate the potential collapse of the Chinese real estate market and le reddit meme stonk. 

If you've put in ""a lot of research"" and think we're doing 08 again, you might want to check out how tech stocks did before recommending them as a ""hedge against inflation.""",4,2021-10-19 07:56:05
hh5c57b,t3_qar6j5,"lmao if you wanna hedge against a market crash just get VIX calls. Stop spreading this BS about memestocks being the ultimate hedge. You've been fooled by people with the same amount of understanding of the markets as you.

>Hedge Funds are telling us that they closed their position, which is mathematically impossible

Straight up false. 4 or 5 billion shares traded since January. The float traded like 60 times over. More than enough to cover the 141% short position they had.

Keep this in the cult subs and stop brigading. WSBs is a sub for people that want to make money gambling.",2,2021-10-19 03:52:42
hh4z9jj,t3_qar6j5,Been holding AMC and GME most of 2021 and will continue doing so!,0,2021-10-19 02:25:08
hh51tdu,t3_qar6j5,If I going to hedge. It's in crypto.,1,2021-10-19 02:42:30
hh68ao5,t3_qar6j5,Stopped reading when you said AMC was a hedge for a market crash. Your fucking retarded,1,2021-10-19 08:03:25
hh5qx9v,t3_qar6j5,GME is fairly valued,0,2021-10-19 05:46:46
hh5t32t,t3_qar6j5,"a real crash would tank all these ""squeeze"" memes because - during a real crash - there is an abundance of liquidity for buyers (especially when retail is holding the bag), so closing short positions is very easy (not to mention the short interest is very low relative to the rhetoric being thrown around). if you're looking to prepare a hedge for something akin to 08, you're best off with a few very deep otm puts in spx or xsp (best for tax purposes, and they settle in cash, so you don't have to worry about auto assignment). as for the rest of your portfolio, that's up to your investing objectives.",1,2021-10-19 06:02:50
hh6e8gn,t3_qar6j5,Here’s my opinion: you’re retarded,1,2021-10-19 08:51:08
hh6mq2k,t3_qar6j5,"This is why I stopped following this sub

💩",1,2021-10-19 09:58:25
hh86e00,t3_qar6j5,Gme,1,2021-10-19 20:50:46
hh4ph7u,t3_qar6j5,Eat a frank,-2,2021-10-19 01:18:03
hh5geso,t3_qar6j5,"Too much trying to analyze boomer shit in here and not enough ape noises. This place starting to sound like /r/investing. 

GME is the way!",-2,2021-10-19 04:22:02
hh5sc6r,t3_qar6j5,"Learn how to trade volatility as an asset class, like with $VXX for instance.  Also sell call credit spreads on stocks.",1,2021-10-19 05:57:15
hh60ynn,t3_qar6j5,Have you ever thought of using futures? They are amazing for this. And eventually you can go to a delta neutral strategy.,1,2021-10-19 07:04:23
hh642us,t3_qar6j5,"If the market is an Iceberg know the equity (stocks) only represent the smaller piece above water.  The larger and under water is the credit markets. Bang for your buck that’s where you can make a killing if you get it right.  Personal favorite High Yield Market (Junk Bonds).  Look at the HYG.  When the real correction comes it will get crushed.  Out of the money puts say 10% out are very cheap cuz the probability of it going down that much is very small until it happens.  2008, 2011, 2020",1,2021-10-19 07:29:18
hh6au15,t3_qar6j5,"Buy agriculture like bill gates does
Food is a good inflation hedge 

Cash won’t be good if the dollar goes shit 

Also vix",1,2021-10-19 08:23:46
hh6bevp,t3_qar6j5,"Hey, that's literally what I do with my credit cards. I got 3 credit cards where I use 1 for ""that digital currency that must not be named"" and use the rest to balance transfer every year. It's literally free money and I don't even have to worry about being margin called.

Now imagine someone more retarded than me with billions of balance transfers available!",1,2021-10-19 08:28:32
hh6bku1,t3_qar6j5,"Only hedge to a crash is volatility. 

$VIX calls for an entry level wsb play.

$UVXY shares if you think you're smart. 

$UVXY calls if you know you like bear porn.",1,2021-10-19 08:29:53
hh6fh1f,t3_qar6j5,"Hedging itself is a retarded concept; it’s only meant for when you have long term positions you can’t liquidate but don’t feel that they will do well in the future. You can’t have your cake and eat it too, if your strategy going into a trade is to open a hedge, you’d be better off just investing a smaller amount with no hedge.",1,2021-10-19 09:00:56
hh6obqj,t3_qar6j5,puts? just buy puts?,1,2021-10-19 10:11:52
hh6zk9f,t3_qar6j5,Instead of individual stocks look at etfs or mutual funds and hold them through the crash without selling. When market crashes it would be hard to predict what companies are going to survive. But during a crash individual stocks offer the most risk regardless of how well you think they will protect you.,1,2021-10-19 11:48:21
hh75rve,t3_qar6j5,"The type of stock I get most excited about: micro/small cap, at or near their all-time lows, no or negative institutional coverage, written off and forgotten by most people, market I understand, and quietly doing a turnaround that no one is paying attention to.",1,2021-10-19 12:54:05
hh77kn1,t3_qar6j5,Why do so many people forget cash is a hedge? It’s that simple.,1,2021-10-19 13:15:15
hh7gc06,t3_qar6j5,No crash just bull market forever,1,2021-10-19 15:12:07
hh7gzoo,t3_qar6j5,"Yikes, another market crash post!",1,2021-10-19 15:21:54
hh7i7oo,t3_qar6j5,"Market won’t crash like 2008, op can suck my nuts when we hit spy 500 in 2022",1,2021-10-19 15:40:28
hh7tfsr,t3_qar6j5,[removed],1,2021-10-19 18:29:19
hh7upd3,t3_qar6j5,I bought some bear x18 certificates on the spy as a hedge,1,2021-10-19 18:46:06
hh7w3p0,t3_qar6j5,"That's pretty much what they're doing with CLOV.  The dark pool abuse is going to end catastrophically, for someone.",1,2021-10-19 19:03:57
hh7zk23,t3_qar6j5,"So basically you're balls deep in tech stocks? Nothing wrong with that - I am too. You seem to have confused talking your book with DD a little though. 

Corporate failures could dent cloud growth and revenue for most of the names listed long enough to make getting out and then back in later attractive. 

I'm not suggesting that will happen or even that the next market some is upon us, only that without knowing when you think that will be it's hard to place any value on this.

Sorry, you did ask for all opinions.",1,2021-10-19 19:43:33
hh9f0bk,t3_qar6j5,As a proud gay bear I can’t wait for that to happen I made a shit of my money on my puts in the last 4 weeks,1,2021-10-20 02:10:20
hh9s2zk,t3_qar6j5,I think its more like we about to have another ten years like right after qe first started but to each his own i guess,1,2021-10-20 03:35:29
hh9swfu,t3_qar6j5,Nah we can just print more money with PPP loans,1,2021-10-20 03:40:49
hs7vyii,t3_qar6j5,US Treasury bonds go up in crashes ie 2008/2020. I don't know why maybe someone can explain. Gold goes up short term but doesn't hold once inflation collapses.  The only way to truelly the avoid loss during a crash is to cash out.,1,2022-01-11 23:46:38
hh59pcb,t3_qar6j5,"just buy guns and ammo and re-sell them at the new marked up prices.  Whenever a Democrat gets elected as president or a crisis happens prices at minimum run up 100%.

Got rid of most of my ammunition surplus at 900% gains. Not sure what the current supply line crisis will bring but I'm going to expect pistol primers to get slurped up by the military and boomers again so small caliber rimless cartridges may go to Andromeda again",-2,2021-10-19 03:36:11
hh63o3u,t3_qar6j5,Yeh… it won’t happen just cos so many people think it will happen. It’s the unexpected things that feck everything up.,-1,2021-10-19 07:26:02
hh5tmdo,t3_qar6j5,I keep hearing the same set of phrases as back then.,0,2021-10-19 06:06:49
hh6287u,t3_qar6j5,Obviously with $WISH. How is this even a question ⁉️,0,2021-10-19 07:14:29
hh64bb9,t3_qar6j5,Roblox is definitely the stock to buy during a recession. Many WSB degenerates will lose money and Robucks will be the only thing they'll be supporting their children with.,0,2021-10-19 07:31:11
hh6jbml,t3_qar6j5,You’re the biggest clown on WSB.,0,2021-10-19 09:31:17
hh7ao6d,t3_qar6j5,God you are a f.a.g.,0,2021-10-19 13:53:58
hh8f8ku,t3_qar6j5,Haha this is one of the most retarded things I’ve ever read. Well done sir.,0,2021-10-19 22:03:40
hhj5hnf,t3_qar6j5,The fact you think transferring shares to computershare being beneficial in anyway shows how little research has been done here,0,2021-10-22 03:57:11
hh7zmdf,t1_hh4s601,GME is a defensive stock now.,18,2021-10-19 19:44:13
hh53pu0,t1_hh4s601,GME still doing weird shit price wise.  It's definitely something to watch.,94,2021-10-19 02:55:35
hh4utvt,t1_hh4s601,Especially if they're right!,139,2021-10-19 01:54:46
hh4zvnk,t1_hh4s601,I'm still amazed people are still all in on the GME conspiracies,-82,2021-10-19 02:29:20
hh8006x,t1_hh4s601,"Almost all of the value in game tries in one theory and one theory alone. That the apes can stay retarded longer than the hedgies can stay solvent.

In a crash financing will be harder to come by and leverage gets more expensive in an inflationary environment.

So yeah, normally game in a recession wouldn't look like a reasoned play, but this time things might actually be different.",1,2021-10-19 19:48:17
hh4zk5h,t1_hh4psrq,Auto parts stores. They thrived during the ‘08 recession due to more people working on their cars to save money. They’re also one of the few retail brick and mortar stores that will last as most people are going to run to auto zone and pay more to get their car working that day in order to make it to work in morning.,112,2021-10-19 02:27:10
hh5fn8p,t1_hh4psrq,"Maybe intel, 12 P/E,  printing money, scaling up and a ton of subsidies coming in form opening fabs in eu  which are cheaper than in murica, and some in US, and vertically integrated qnd IDM 2.0 sounds awesome, the new ceo was ranked #1 in 2019 by employees and is a veteran in the industry",14,2021-10-19 04:16:50
hh4zjel,t1_hh4psrq,"SPXS - 3x inverse the sp500. In 2008 this was $100,000 a share, now it's 20. So i'm just throwing money at this. The PE ratio for SP500 is 30... in a good year it's high teens, everyone knows it's overbought.",22,2021-10-19 02:27:02
hh6tz9r,t1_hh4psrq,This guy reads.,2,2021-10-19 10:59:16
hh56lus,t1_hh4psrq,[removed],1,2021-10-19 03:15:09
hh7wbl8,t1_hh4psrq,Dollar stores.,1,2021-10-19 19:06:38
hh68ov6,t1_hh4qrzd,">Or just hold cash 

Yeah personally I've been choosing a point where enough gains is enough and then cashing out... 90% gain on exxon good enough, 75% kawasaki, etc. And so now I've gone from like 10% cash to 35%.

""BUt infLaTiON youLL loSe 4% PeR YEar"" 

Yeah but I won't lose 50% over the next year. (Well, hopefully. Depends how much brrrr I guess )",29,2021-10-19 08:06:33
hh5gtnp,t1_hh4qrzd,How would you buy calls on VIX? It isn’t directly tradeable,-2,2021-10-19 04:24:51
hh4xshl,t1_hh4qrzd,"Everything about what you typed is wrong. Please do not give advice to anyone. Holding cash during a recession or inflation event is the worst possible thing to do. Commodities or equivalents is the way.

Calls on a leveraged daily or weekly resetting ETF is the quickest way to lose money I have ever heard of.  

Buying Puts would also require you to call the top.",-31,2021-10-19 02:15:02
hh75mvn,t1_hh4qrzd,"i do this with spy shorts, then use those funds to buy QQQ or FAANG",1,2021-10-19 12:52:28
hh6y0pw,t1_hh5emex,How about utilities? My research suggests that power/water/internet companies are less impacted than others in the event of a crash. Seems like a good balance between growth (in case the crash is still years out) and safety (less effected if it does crash),3,2021-10-19 11:34:04
hh5ffh3,t1_hh5emex,[deleted],6,2021-10-19 04:15:19
hh7s08f,t1_hh5o229,It’s the only stock to have a -25 beta,7,2021-10-19 18:09:23
hh60s2k,t1_hh5gjff,"Hmm, this gives me an idea of what to do with the weekend hookers...",1,2021-10-19 07:02:57
hh75h6a,t1_hh4p854,This literally makes no sense.,-5,2021-10-19 12:50:40
hh4ygnh,t1_hh4pzgi,*somewhere in india* “ I showed u my Pens plz respond” vibes,11,2021-10-19 02:19:41
hh55q40,t1_hh4qfvt,"You're running under the assumption that people are using GME to hedge against a market collapse *running as a business*. Of course games and movies are going to shit themselves once the economy drops the toaster in the bathtub. But that isn't the point.

People are utilizing the assumption that GME is a hedge for a market collapse because the entities that are currently suppressing the price and trading fake shares between their butt-hole buddies won't be able to do so once the market shits the bed. Based on the sheer volume of bull-shit circulating through the stock market and it's blatant disconnection with reality I can't see this going tits-up.",29,2021-10-19 03:09:07
hh5jy3b,t1_hh4qfvt,[deleted],3,2021-10-19 04:48:36
hh4urf1,t1_hh4qpog,How do you short housing? Sell your house?,21,2021-10-19 01:54:18
hh502wm,t1_hh4yng0,Some people were not around during the 2008 crash and it shows.,21,2021-10-19 02:30:42
hh58ey6,t1_hh4yng0,"Yeah bro if there's one thing that will surely hold steady during rising unemployment, it's discretionary consumer crap like movie theater candy and Funko Pops.",12,2021-10-19 03:27:23
hh582cf,t1_hh4yng0,"People get confused because they are actually a pretty good hedge against a small correction. Because they tend to be anticorrelated against SPY/QQQ. 

There is so much speculative money floating around chasing return right now when the indexes/big tech start going down, that speculative money gets shifted into meme stocks and setting up gamma squeezes etc.

People do the same thing with Cathies ETFs. It's basically a correlation trade/hedge.

In a bear market the anti-correlation would likely break down, and more speculative stocks would crash harder as the real money shifts toward real estate, commodities, bonds,, etc.",1,2021-10-19 03:25:02
hh5gpm2,t1_hh4yef5,Not with high inflation.,7,2021-10-19 04:24:05
hh5p621,t1_hh5d129,"Nah dude they’ll DRS shares and poof, GME will be worth $55,000,000 a share! It’s gonna happen! Trump will be president next week too, just wait!!!

/s",2,2021-10-19 05:33:57
hh6vjb4,t1_hh5crbv,How far the expiry??,1,2021-10-19 11:12:41
hh5gv23,t1_hh4xwx9,*Gold and silver prices 2008 to 2013 have entered the chat*,3,2021-10-19 04:25:08
hh7k39y,t1_hh5c57b,[deleted],7,2021-10-19 16:09:33
hh7tgml,t1_hh7tfsr,"> I am not sure. I think that the market is going to crash soon, but it will recover quickly.",1,2021-10-19 18:29:38
hh7d1wl,t1_hh53pu0,Like what? Going up and down like every other stock?,-10,2021-10-19 14:25:30
hh57mgx,t1_hh4utvt,Spoiler alert: they aren't.,-59,2021-10-19 03:22:04
hh5402f,t1_hh4zvnk,Conspiracy theorist here: read the DD of the last 9 months,54,2021-10-19 02:57:32
hh5r2qe,t1_hh4zk5h,"You're forgetting vice companies.

Booze and tobacco typically thrives in bad economies.",50,2021-10-19 05:47:53
hh5525l,t1_hh4zk5h,"There is a shortage of auto parts currently, that might affect those stores.",42,2021-10-19 03:04:42
hh53rug,t1_hh4zk5h,The difference between 2008 and today’s cars is that you could work on your own car back then. Have you popped the hood recently?,66,2021-10-19 02:55:58
hh5462c,t1_hh4zk5h,"In the long term, won’t auto part stores get hit once EVs become the norm?",7,2021-10-19 02:58:40
hh60hi1,t1_hh4zk5h,Auto parts stores will thrive.,3,2021-10-19 07:00:33
hh4zqo0,t1_hh4zk5h,"I like that, and also your username. I bellyache you and bellynipples 😂😂",3,2021-10-19 02:28:24
hh5nlz3,t1_hh4zk5h,Not as many are driving to work these days in combination with shortages impacting autos.,1,2021-10-19 05:22:27
hh77dcx,t1_hh5fn8p,Apple dropping them can't be good for business though right?,4,2021-10-19 13:12:48
hh50sgt,t1_hh4zjel,">""Inverse leveraged products are risky and generally are for the short-term investor, and are typically not for the ‘buy-and-hold’ investor. Some advanced traders hold them for one day; beyond that time period, they may increase your risk even further. These products are volatile, can cause considerable losses, and may not be for all investors. You can read more about a specific product in its prospectus.""

This is a direct quote from Robinhood for those that are less than savvy about how a leveraged product works. It was $100,000 a share years ago, and if you were able to look back at it now in 12 years it would look the same because of decay. This product is never intended to go back to where it was. It's meant for a daily hedge. If you ""threw money at this"" grab it back and take your L. Read a bit about a product before throwing money at it!! For every 1% the market goes up you will lose 3% + the decay. Yes, if there is a significant drop quickly it will go up 3x but then it resets and you lose money on the decay.... See a pattern??",43,2021-10-19 02:35:34
hh544n5,t1_hh4zjel,Yea be careful with that…….my guess you lose a bunch.,8,2021-10-19 02:58:24
hh59h7r,t1_hh4zjel,You're an actual moron if you think this will ever hit $100k again. I'm 100% invested into triple leveraged etf's. I hope you know what you're doing.,21,2021-10-19 03:34:36
hh56ppt,t1_hh4zjel,Good god lol,8,2021-10-19 03:15:53
hh60nvp,t1_hh4zjel,Be very careful on this one for a longer term play. SPY grinding higher the next few months will kill that trade.,6,2021-10-19 07:02:00
hh6ohpy,t1_hh4zjel,Tell me you hate money without telling me you hate money.,3,2021-10-19 10:13:18
hh5bm6e,t1_hh4zjel,[deleted],3,2021-10-19 03:49:09
hh56pgi,t1_hh56lus,Man my brother has made a killing on pokemon cards the last 5 years,2,2021-10-19 03:15:50
hh7h1jf,t1_hh68ov6,"The big problem with this is what if this market just goes up for the next 5 years at a 5-10% rate per year and you're just there watching it go

We're a year and a half into this melt up, figure this is 2011, see those 4 more years before a plateau ? Not saying it's on repeat but if it is it's uber hard to get back in higher than you sold, yet that's the right choice when you look at the facts at hands after paper handling some shares",8,2021-10-19 15:22:42
hh5ltob,t1_hh5gtnp,you can buy VIX CBOE MARKET VOLATILITY MKT VLTILITY calls on etrade.  I have 20C expiring Dec 22.,14,2021-10-19 05:06:16
hh5ijsu,t1_hh5gtnp,VXX UVXY…lots of options,10,2021-10-19 04:37:06
hh5kat3,t1_hh5gtnp,"You can trade options and futures on the VIX. I use IBKR

https://www.cboe.com/tradable_products/vix/",5,2021-10-19 04:51:46
hh74im2,t1_hh5gtnp,I know you can buy calls for VIX on Fidelity and IBKR.,4,2021-10-19 12:39:47
hh50vnh,t1_hh4xshl,"And you base that on your 1 year of experience in the market?

1. VIX is not VXX.
2. Commodities and equivalents? If you are talking about rare metals those correlate with but underperform to stocks. Just compare GLD and SPX over the last 30 years. Other commodities? Like Grains and softs? I doubt you know how to trade them in the first place...
3. Cash is a bad hedge? Seems like Apple and guys like warren buffet should ask you for advice then...",25,2021-10-19 02:36:09
hh550cj,t1_hh4xshl,"I disagree. If you have a portfolio(long stocks) and you properly “tail hedge” , so use .05% of your portfolio to buy 20%(double check that percentage)otm spy puts 60 dte and then when 30 dte roll over(sell what you got and rebalance same thing again) this does not mean you must call the top and you will make about 20% of your portfolio on the puts if Spy drops 20%.",3,2021-10-19 03:04:23
hh5e578,t1_hh4xshl,"I’m not sure what you’re smoking to make up stuff clearly you know nothing about.

Didn’t say anything about an etf and all those strategies are legitimate ways to hedge because they will go up when everything goes down.",1,2021-10-19 04:06:25
hh5vsja,t1_hh4xshl,How do you plan on exiting any of your positions on a downturn to buy the dip? You want a diversified portfolio and hold cash too.,1,2021-10-19 06:23:32
hh6zwsm,t1_hh5ffh3,"I'd like to know why TSM has only gone sideways all year while ASML is up 50% over that same period.  
China concerns?",1,2021-10-19 11:51:38
hh5fv3j,t1_hh4ygnh,send bob and vagana pls,5,2021-10-19 04:18:19
hh5oyqq,t1_hh55q40,"The sec report that just came out, that said there are no naked shorts, kinda majorly disagrees with you.",-13,2021-10-19 05:32:27
hh7aax8,t1_hh5jy3b,Lol video games are like $100 now. Literally everyone complains about how expensive they are…,5,2021-10-19 13:49:14
hh5ovzo,t1_hh5jy3b,"Yeah and GameStop has a thriving digital marketplace to sell games. Oh wait, they don’t. 

Keep pushing your brick and mortar retailer.",6,2021-10-19 05:31:55
hh8ccfd,t1_hh5jy3b,"Video games are great. Too bad GameStop doesn’t make any of them. Or the hardware needed to play them. 

They are literally one of the weakest partners in the supply chain. A company like EA owns the IP of a game and commands the most power in the relationship. Or consider a Microsoft/Sony who owns the games, hardware, as well as digital marketplaces. Speaking of digital marketplaces, Epic Games launcher and Steam are cheaper and more direct channels to reach consumers than a physical retailer just building out their e-commerce platform. 

GameStop? Physical retail is pretty weak overall when negotiating margin from upstream and they don’t have the market share they once had since e-commerce changed the game twenty years ago. 

Sure, they can build e-commerce now but they’ll finish just in time as the tech companies behind the games have cloud gaming polished. Which ngl it already kind of is here and so even e-commerce methods of game purchasing will give way to subscription services like GamePass. 

No debt? Last time I I checked debt wasn’t going to be a problem for Amazon, Walmart, or BestBuy either who are direct competitors in this space.",1,2021-10-19 21:41:02
hh4w76f,t1_hh4urf1,"Instructions unclear, now I am homeless",71,2021-10-19 02:04:03
hh4zp8d,t1_hh4urf1,no dumbass take the title to your house and photocopy it a couple a hundred times and sell that shit. Then move out before shit hits the fan and ignore your FTD,29,2021-10-19 02:28:08
hh4wd62,t1_hh4urf1,You just create a credit default swap market and convince your banker buddies to take the bet. It’s easy.,6,2021-10-19 02:05:11
hh4vwe2,t1_hh4urf1,"You rent a house, then sell it to a third party, take profits when you buy the house back for peanuts when the housing bubble goes tits up.",20,2021-10-19 02:02:00
hh4vh14,t1_hh4urf1,Short real estate companies,3,2021-10-19 01:59:06
hh4vjv9,t1_hh4urf1,Havent you seen The Big Short?,2,2021-10-19 01:59:38
hh535x0,t1_hh4urf1,"Nah you short the bonds that back them and digital home commerce companies since they will see a downturn in home buying and selling during a recession. Short zwillow if it

Also if you do this your retarded.",1,2021-10-19 02:51:46
hh8amt1,t1_hh582cf,"Yeah, it's pretty funny honestly. The root of this ""anti correlation"" is that Gamestop and AMC lost value during one of the longest bull runs in recent history. Sure sounds like a great anti correlation to bet on!",2,2021-10-19 21:27:06
hh69ee1,t1_hh582cf,"Yup, as far as I understand it, all the major SPY stocks that make up the vast majority of hedge funds portfolios will drive them further towards margin calls in their short positions because their net liquidity will no longer hold them up. This will cause more selling of stocks which will drive them down more - which will drive up the prices of shorted stocks being covered. Or something like that, I’m somewhat of a retard myself so I could be very much wrong.",1,2021-10-19 08:12:15
hh5t0sb,t1_hh5p621,After that the dollar will be worthless and the world currency will be GME-NFT's,4,2021-10-19 06:02:22
hh70k0c,t1_hh6vjb4,"I’m no financial advisor, I turned 4K into 1.6k, so when you think the market will crash, or purchase shares just remember it decays by 2.6% each week",1,2021-10-19 11:58:05
hh6opmp,t1_hh5gv23,Gold/silver prices from 2001 to present have entered the chat. You can make almost anything look like a diamond or a dog with the right chart.,1,2021-10-19 10:15:08
hhgtosw,t1_hh7k39y,Got banned from meltdown for being a GME bull a few months ago. This is my bad guy/ fursona account. Also you're a fool if you believe bots are the ones bashing meme stocks instead of promoting them.,2,2021-10-21 15:54:18
hh7ko8z,t1_hh7d1wl,"If randomly moving 60$ on no news in a day is not intresting idk what is in a stock market? 

Or crashing from 340$ to 170$ in 20 minutes.",34,2021-10-19 16:18:35
hh5ov9j,t1_hh57mgx,Bet,46,2021-10-19 05:31:46
hh96sp2,t1_hh57mgx,Then short it,1,2021-10-20 01:16:06
hh9oe5l,t1_hh57mgx,"They aren't eh maybe you missed that ""report"" too. Short it bitch.",0,2021-10-20 03:11:47
hh56d9f,t1_hh5402f,"I remember reading the DD when the GME craze was first going on. The majority of it was fanfiction written by self admitted high-schoolers who didn't know the first thing about stocks. As someone who actually has financial knowledge and has friends who work as investment bankers, the vast majority of GME ""DD"" isn't just wrong, its literally either full of completely made up ideas, or someone completely misunderstanding the financial system in its entirety.

DFV saw an amazing opportunity in an over shorted stock. It then soared from $4 to over $400 before corruption let brokers cut off buying killing the run completely. People still talking about ""squeezes"" and the like are on some serious copium at this point, after that move, the run was dead. It squeezed a monstrous amount already and now its over.",-29,2021-10-19 03:13:31
hh57pl8,t1_hh5402f,You mean like 741 and ConePooTearChair?,-5,2021-10-19 03:22:39
hh5of23,t1_hh5402f,"That have anything to do with the SEC report saying there is no evidence of naked shorting or any of the other stupid shit you idiots drone on and on about?

Because that happened, and it’s fucking funny watching you guys spin it. Literal Qtards.",-9,2021-10-19 05:28:30
hh7fm8c,t1_hh5r2qe,"I made a tidy sum from RICK, got no issues going another round with it.",2,2021-10-19 15:01:34
hh6love,t1_hh5525l,Also inflation might be bad for them and everyone.,3,2021-10-19 09:50:06
hh63cps,t1_hh53rug,"You still can. Stuff such as changing your brakes or suspension or fluids. Even oxygen sensors, which scares people but it's still unscrewing the old one and screwing in the new one. Shop wanted some $550 to change a sensor recently, bought an OEM part for $40 and did it myself.",23,2021-10-19 07:23:30
hh5iz9m,t1_hh53rug,"I know it’s actually a joke, first thing they do is start plugging a lap top into it like wtf it’s changed so much. I can still locate most of the fluids battery and dipstick but it’s definitely getting more difficult.",12,2021-10-19 04:40:30
hh562u5,t1_hh53rug,On my 2018 Tacoma? Yes.,7,2021-10-19 03:11:33
hh6g1vy,t1_hh5462c,"They still have brakes, bearings, tie rods and hundreds of other parts that are just like any other car.  Only the powerplant and transmission are different.",11,2021-10-19 09:05:31
hh60paz,t1_hh5462c,"Yeah, but…most countries won’t drop combustion engines before 2030-ish. The recent cars run at least 10 years, give or take. A lot of old cars could run another 20 years as well and so on. That would give you a time horizon of at least until 2040 to 2050 if they won’t get banned altogether beforehand.",7,2021-10-19 07:02:20
hh55ty6,t1_hh5462c,Maybe. It’ll be awhile though.,6,2021-10-19 03:09:51
hh8fg84,t1_hh5462c,"Yes, but there's still a lot you can do yourself.  You still have wipers,  brakes, lights, interior (floor mats, seat covers), cooling system, transmission and a/c system that are still pretty much the same.
No more engine oil, air or fuel system, though.",1,2021-10-19 22:05:18
hh7e7gt,t1_hh77dcx,"IIRC they were 5% ish of intel's revenue, and by now should already be priced in.",7,2021-10-19 14:41:21
hh56ujq,t1_hh50sgt,[removed],1,2021-10-19 03:16:47
hh5dd16,t1_hh59h7r,You had me at “your an actual moron”,15,2021-10-19 04:01:02
hh6268b,t1_hh60nvp,Yeah that makes sense. I just … man I want to place a long term bet against the S&P it’s so wildly overbought. What else is out there?,3,2021-10-19 07:14:02
hhbksn5,t1_hh7h1jf,"You're right that no one can time the market consistently, and maybe I'm being a nervous Nelly for no reason.

It's just that I've been living in America my whole life and recently everything feels fake, gay, and retarded. More than usual. Maybe it's NFT's or the fact that Tether is clearly a ponzi scheme or just the significant amount I'm being paid to work from home when I'm literally sleeping half the time. 

Something seems up so I'm pulling back a bit.",4,2021-10-20 11:45:27
hh60tlh,t1_hh5ijsu,Meh. These are meant to go to zero. Do VIX instead.,5,2021-10-19 07:03:17
hh5u3bm,t1_hh5oyqq,If there was no naked shorting going on then how was the short interest listed as 109% in the SEC report you cited?,10,2021-10-19 06:10:26
hh96se1,t1_hh8ccfd,[deleted],1,2021-10-20 01:16:02
hh4zfam,t1_hh4w76f,[deleted],18,2021-10-19 02:26:14
hh5gbl4,t1_hh4w76f,Trying to sell my condo in South Florida but everywhere you look at to rent is north of 2k,2,2021-10-19 04:21:25
hh548ke,t1_hh4zp8d,That’s naked shorting but as long as you aren’t caught it’s basically your own personal money printer,2,2021-10-19 02:59:09
hh4y6m2,t1_hh4vwe2,You would have to make sure the bottom is less than your monthly rental payments made. This could net you a huge loss if the bubble is just a minor bump.,3,2021-10-19 02:17:44
hh58pk7,t1_hh4vwe2,It’s free real estate.,3,2021-10-19 03:29:22
hh4w55z,t1_hh4vwe2,Lmao,2,2021-10-19 02:03:40
hh4wrjz,t1_hh4vwe2,Loooooooooool,1,2021-10-19 02:07:56
hh6btuy,t1_hh69ee1,"Yeah degrossing (forced selling to reduce leverage) happened the week of the squeeze. It was extremely unusual. 

But you're kind of making the assumption about hedge funds risk models and net leverage being specifically a certain way and also that they are liquidating in a specific way.

These are smart people managing billions in a cut-throat industry. It's easier to make money following the big money then fighting it.

Also that they haven't taken hedged positions (ie short but buying high price calls to limit risk). Or buying puts as a hedge or whatever.

You are also assuming they haven't hedged against index downturns by shorting stocks that are highly correlated but (higher beta) so they would crash more than the indexes in a downturn. 

The point of hedge funds is to hedge, beat the index benchmark and collect your 2 and 20, and betting they haven't hedged or adjusted risk models after getting massively fucked this past year seems like kinda a bit of a suckers game.",2,2021-10-19 08:31:53
hheq6iv,t1_hh5t0sb,"RemindMe! 60 days ""how did this thread age""",1,2021-10-21 04:45:13
hh918my,t1_hh7ko8z,"But that stuff isn't ""still happening""",3,2021-10-20 00:38:36
hh7ypt9,t1_hh7ko8z,"You mean to tell me that meme stocks have no liquidity? 

*ghasp*

Just because you people extensively read into things, doesnt make any of what you're reading true.",-8,2021-10-19 19:34:29
hh9umsd,t1_hh9oe5l,"I won and you lost, boyo.",2,2021-10-20 03:51:58
hh5kcbp,t1_hh56d9f,To be fair GME did go to 300 plus a few times after Jan.,25,2021-10-19 04:52:09
hh573ap,t1_hh56d9f,"And yet GME has had nearly 30% of the entire float registered in like 4 weeks, and the rate of registration is still massively increasing. That shit is NOT normal, and would not occur at all if there wasn't way more shares than what are supposed to exist.

Just today 300k shares were PURCHASED through compuetershare, and it looks like that is going to be the new normal for a while.

These hedgefunds are also still awful concerned with borrowing and shorting shares of GME to suppress the price for companies that sopposedly covered all of their positions already, if you don't think something stinks at this point you may need a new nose.",39,2021-10-19 03:18:26
hh56xyu,t1_hh56d9f,How do you explain all the weird shit happening with GME since January?,4,2021-10-19 03:17:25
hh581rx,t1_hh57pl8,No,9,2021-10-19 03:24:56
hh5y2xk,t1_hh5of23,they are in your head rent free.,2,2021-10-19 06:41:20
hh8mxgk,t1_hh5of23,SEC said in their report that they looked at naked shorting through FTDs but said that it is not viable source on this matter...,1,2021-10-19 22:59:24
hh8vica,t1_hh7fm8c,Thank you for reminding me RICK isba thing.  Prime target for me after the great GUH.,1,2021-10-19 23:59:25
hh7753c,t1_hh63cps,The amount of repair focused content on YouTube now vs in ‘08 is pretty substantial as well.  Now it can be harder to find a place to work on your vehicle than it is to find the information to make the repairs.,13,2021-10-19 13:10:03
hh63plj,t1_hh5iz9m,OBD2 reader is $12 on amazon and a phone app to read it is free-$10. Also lets you run performance tests,15,2021-10-19 07:26:21
hh56j3x,t1_hh562u5,I used to work on cars back in the 90s.  I can’t even find the cooling fluid refill on my 2020 MDX!  Though I will admit the used car part stores around me look busy right now.,7,2021-10-19 03:14:38
hh573d5,t1_hh56ujq,"Also, i know it's not going back to the highs... i'm just going to wait for some crash and make some quick cash honestly this fucking board",0,2021-10-19 03:18:27
hh6o3sw,t1_hh5dd16,You had me at “You had me at”,2,2021-10-19 10:09:58
hh6fjqy,t1_hh6268b,"Long term puts, like years out and maybe 10-20% deeper than current market prices to give them room to run more in case you change your mind and don't want to lose 100% of capital. Long term puts are basically just shorting something at a cost that's quite a bit less than owning 100 of the shares, while still exposing you to the same amount of price movement. But if the market never goes down, you'll lose 100% of it. 

Calls/puts were literally invented as insurance contracts, and that's typically how they're used by big players. Exmaple will have 90% bullish stocks and 10% bearish puts. They lose everything in that 10%, but if the market reversed heavily that 10% in puts would cover all of their losses.",3,2021-10-19 09:01:33
hh6fu9t,t1_hh60tlh,Then buy puts on svfxy or any inverse vix ETF you can find. You'll profit off of both decay and volatility.,1,2021-10-19 09:03:52
hh5ulpo,t1_hh5u3bm,"This was literally one of the first things people figured out in January, you still don’t know the answer?

Google “how can short interest be over 100%” and read any of the 695,000 articles about it. 

Then come back and tell me how the SEC is wrong, and you superretards are right because Atobittneckbeard wrote some DD that you all bought into.",3,2021-10-19 06:14:21
hh98ysp,t1_hh96se1,"Oh I absolutely agree that this community and other retailer investors saved them from total death. I just don't see them becoming anything more than a small retail player with a niche market of in-person gaming experiences in the next decade.

The brand loyalty though is a wildcard. Maybe they aren't destined to be an e-commerce retail giant but instead will put gaming community at its core and become a major media conglomerate with ownership stakes in pro-gaming teams/leageus.",1,2021-10-20 01:30:33
hh6oriz,t1_hh4zfam,"Property tax also zero, maintenance cost zero.",5,2021-10-19 10:15:34
hh5er8s,t1_hh548ke,Whose gonna catch me?,2,2021-10-19 04:10:39
hheqam2,t1_hheq6iv,"I will be messaging you in 2 months on [**2021-12-19 20:45:13 UTC**](http://www.wolframalpha.com/input/?i=2021-12-19%2020:45:13%20UTC%20To%20Local%20Time) to remind you of [**this link**](https://www.reddit.com/r/wallstreetbets/comments/qar6j5/hedging_against_a_market_crash_2008_all_over_again/hheq6iv/?context=3)

[**1 OTHERS CLICKED THIS LINK**](https://www.reddit.com/message/compose/?to=RemindMeBot&subject=Reminder&message=%5Bhttps%3A%2F%2Fwww.reddit.com%2Fr%2Fwallstreetbets%2Fcomments%2Fqar6j5%2Fhedging_against_a_market_crash_2008_all_over_again%2Fhheq6iv%2F%5D%0A%0ARemindMe%21%202021-12-19%2020%3A45%3A13%20UTC) to send a PM to also be reminded and to reduce spam.

^(Parent commenter can ) [^(delete this message to hide from others.)](https://www.reddit.com/message/compose/?to=RemindMeBot&subject=Delete%20Comment&message=Delete%21%20qar6j5)

*****

|[^(Info)](https://www.reddit.com/r/RemindMeBot/comments/e1bko7/remindmebot_info_v21/)|[^(Custom)](https://www.reddit.com/message/compose/?to=RemindMeBot&subject=Reminder&message=%5BLink%20or%20message%20inside%20square%20brackets%5D%0A%0ARemindMe%21%20Time%20period%20here)|[^(Your Reminders)](https://www.reddit.com/message/compose/?to=RemindMeBot&subject=List%20Of%20Reminders&message=MyReminders%21)|[^(Feedback)](https://www.reddit.com/message/compose/?to=Watchful1&subject=RemindMeBot%20Feedback)|
|-|-|-|-|",1,2021-10-21 04:45:59
hpaw2d2,t1_hheq6iv,"I think this still remains to be seen. jury is still out.  
RemindMe! 90 days ""crash yet?""",1,2021-12-20 23:14:27
hh9f5xs,t1_hh918my,"It is, look into August 24th candle 😘

And June 8th gme ripped into 340$ until it was beat down back to 180$ again",3,2021-10-20 02:11:21
hh827n0,t1_hh7ypt9,"I do my own research and hold on my own merit. A lot of things gme ""apes"" spit out of their mouths are actually retarded and I see why most people don't wanna touch gme. But where is some solid DD and I think gme will rise. Not to millions as many gme apes a salaving about, but it should reach decent price.",10,2021-10-19 20:11:13
hh9y3tn,t1_hh9umsd,"r/prematurecelebration
😂👐💎",0,2021-10-20 04:14:49
hh57v1s,t1_hh573ap,This is a perfect example. Literally none of that means anything. At this point it just feels like people intentionally misinterpreting things they don't understand to push a narrative.,-11,2021-10-19 03:23:40
hh5klss,t1_hh56xyu,"The only weird shit I've been seeing are people screaming about ""DD"" that never ended up doing anything in the end.",-1,2021-10-19 04:54:33
hh5yiqm,t1_hh5y2xk,"Nah, I’m just quite interested in the migration to meme stocks that the Qtards made in Jan and Feb. The overlap between Meme stock Redditors and anti-vaxxer/conspiracy subs is pretty huge. 

They needed somewhere to go after Jan 6, and found it in the form of another cult.

It’s fun to watch.",-8,2021-10-19 06:44:50
hh8qhr9,t1_hh8mxgk,"So basically, it confirmed none of your theories.",0,2021-10-19 23:24:26
hh6wnp5,t1_hh63plj,Doesn't work on Tesla or most newer / advanced hybrids for any issue pertaining to the ECU or power modules.,1,2021-10-19 11:22:29
hh5eit7,t1_hh56j3x,Look harder then lol,7,2021-10-19 04:09:02
hh743ky,t1_hh56j3x,Cooling fluid eh,2,2021-10-19 12:35:10
hh75hev,t1_hh6o3sw,I'll have what he's having,3,2021-10-19 12:50:45
hh741bw,t1_hh6fjqy,Heavily is an understatement. It would need to drop some 30% or more for what you said to be true.,2,2021-10-19 12:34:30
hhcp3oh,t1_hh6fu9t,"Hedging against a market crash is always a lot easier than it seems. The goal of a hedge is to not make money, but to mitigate overall portfolio risk.   


Depending on account size I still say being able to trade futures is the best way as long as you understand portfolio delta. 

&#x200B;

Just my 2cents",3,2021-10-20 20:13:14
hh5v39n,t1_hh5ulpo,I am saying that the SEC was right. I understand how there can be more than 100% short interest. The robin hood lawsuit quotes the short interest at 213% for that time period.,1,2021-10-19 06:18:09
hpaw450,t1_hpaw2d2,"I will be messaging you in 3 months on [**2022-03-20 15:14:27 UTC**](http://www.wolframalpha.com/input/?i=2022-03-20%2015:14:27%20UTC%20To%20Local%20Time) to remind you of [**this link**](https://www.reddit.com/r/wallstreetbets/comments/qar6j5/hedging_against_a_market_crash_2008_all_over_again/hpaw2d2/?context=3)

[**CLICK THIS LINK**](https://www.reddit.com/message/compose/?to=RemindMeBot&subject=Reminder&message=%5Bhttps%3A%2F%2Fwww.reddit.com%2Fr%2Fwallstreetbets%2Fcomments%2Fqar6j5%2Fhedging_against_a_market_crash_2008_all_over_again%2Fhpaw2d2%2F%5D%0A%0ARemindMe%21%202022-03-20%2015%3A14%3A27%20UTC) to send a PM to also be reminded and to reduce spam.

^(Parent commenter can ) [^(delete this message to hide from others.)](https://www.reddit.com/message/compose/?to=RemindMeBot&subject=Delete%20Comment&message=Delete%21%20qar6j5)

*****

|[^(Info)](https://www.reddit.com/r/RemindMeBot/comments/e1bko7/remindmebot_info_v21/)|[^(Custom)](https://www.reddit.com/message/compose/?to=RemindMeBot&subject=Reminder&message=%5BLink%20or%20message%20inside%20square%20brackets%5D%0A%0ARemindMe%21%20Time%20period%20here)|[^(Your Reminders)](https://www.reddit.com/message/compose/?to=RemindMeBot&subject=List%20Of%20Reminders&message=MyReminders%21)|[^(Feedback)](https://www.reddit.com/message/compose/?to=Watchful1&subject=RemindMeBot%20Feedback)|
|-|-|-|-|",1,2021-12-20 23:14:50
hhbq0jd,t1_hh9f5xs,That was a while ago though. I disagree with the assessment that it's any more unusual than any other volatile retail stock. But I'm upvoting you anyways because the kiss face was very sweet,2,2021-10-20 12:35:17
hh82a0k,t1_hh827n0,Based on?,1,2021-10-19 20:11:55
hh58dvc,t1_hh57v1s,"Ahh  ok, at this rate the entire ""free float"", aka all shares that retail can own has already been registered into computershare, and the rate of registration is INCREASING, and will likely hit the full float within 8 weeks at the current rate. So What happens in your opinion when that happens, and there are still tens of millions of shares in DTCC which are now all provably counterfiet? Seems to me that is going to cause a panicked run of Fomo of people trying to jump on the train now doesn't it?",12,2021-10-19 03:27:10
hh6wuvs,t1_hh5klss,"How did a stock that ran to almost $500 on the ostensible closing of its it's 100%+ SI, exhausting most of retail buying power in the process, drop to $40, only to rise to $300+ again on three separate occasions? That doesn't  strike you as at all curious? If not, there's too much daylight between us to overcome.",4,2021-10-19 11:24:07
hh6q3l8,t1_hh5yiqm,"yeah pretty sure you belong to the other side of the same coin, and i'm betting gmemeltdown is a place where you dwell.",5,2021-10-19 10:26:47
hh9kr9g,t1_hh8qhr9,"It did confirm that January upward price was due to buying pressure, not shorts closing? That is our thesis. Shorts did not cover. Look at the figure 5 and figure 6 of the SEC report! SI drops significantly but there is not nearly enough ""short closing""  volume. You have to remember there are various ways to manipulate short interest.",0,2021-10-20 02:47:43
hh76n0v,t1_hh743ky,It's right between the bumper valve and the muffler bearing,5,2021-10-19 13:04:11
hh81g92,t1_hh75hev,"Bartender, give this man some inverse etf put leaps. Put it on my tab",1,2021-10-19 20:03:29
hh75423,t1_hh741bw,"What? No, it entirely depends on the strike, time, and % of your portfolio hedged with puts to determine how much the market has to fall to stay even. Maybe read up more on options before attempting to debate them online lol",-1,2021-10-19 12:46:29
hh5vcmh,t1_hh5v39n,"So then we agree, the theory there are billions of naked shorts and counterfeit shares is false.",-7,2021-10-19 06:20:07
hh82at9,t1_hh82a0k,> based on my own opinion.,18,2021-10-19 20:12:09
hh5pcxw,t1_hh58dvc,Where is the proof that the entire free float has been registered?,2,2021-10-19 05:35:20
hh5c176,t1_hh58dvc,"I don't think anything will happen in 8 weeks, but at least  you have an endpoint in mind. The conspiracy theorists will move the goalposts forever, they've been saying it's about to happen every step of the way. So far: nope",6,2021-10-19 03:51:57
hh5ondr,t1_hh58dvc,The SEC report that just came out saying no evidence of naked shorts is kinda funny. Pours water right over all the stupid shit you guys constantly parrot.,-8,2021-10-19 05:30:10
hh6zwmb,t1_hh6wuvs,"Yeah, crazy shit happened. Now its over. It has been for the past half a year. Anyone still in is just the ultimate bag holder.",3,2021-10-19 11:51:36
hh6q9rl,t1_hh6q3l8,"Other side of the same coin? Since when is making fun of cultists and their lack of logic the same as being a Qanon cultist? 

Yeah, I love meltdown, because it surfaces all the dumb shit you morons say on a daily basis.",-5,2021-10-19 10:28:10
hh9oknl,t1_hh9kr9g,The report said that no shorts have been covered between January and Today? Care to point that out to me?,2,2021-10-20 03:12:56
hh8r1mq,t1_hh75423,"Lol, I’ll take actual experience over reading your “theories”, you child.",1,2021-10-19 23:28:17
hh82dua,t1_hh82at9,What a savage bot lmfao,3,2021-10-19 20:13:00
hh5khh2,t1_hh5c176,What happens if GME has 100 billion in profit in the 4th quarter.. hmm.. hmm.. !!,-8,2021-10-19 04:53:27
hh5vvfb,t1_hh5ondr,"If you think that your reading comprehension may need an update lol. Not to mention that there have been 3 different edited reports, with the first 2 being deemed ""too dissruptive"" to be released to the public. if you think the SEC was ever going to release a report that was going to cause a market panic, you are truly smooth.

Even then they left in plenty of little bits, such as pointing out that the price increases continued far past when normal covering should had been over. Indicating that there where far more shorts covering than what they calculated should have existed.",5,2021-10-19 06:24:09
hh8msk7,t1_hh6zwmb,"We openly welcome you to disprove the DD... All I hear from you is that you have few banking buddies who say that we make shit up but really you don\`t really have any financial background so you can\`t prove anything.

Sad to see someone so pessimistic.",4,2021-10-19 22:58:26
hh7j9oz,t1_hh6zwmb,[removed],1,2021-10-19 15:56:57
hh6qawk,t1_hh6q9rl,> I love meltdown because it is a great place to find people who are willing to pay me for my services.,7,2021-10-19 10:28:26
hh9pm0t,t1_hh6q9rl,"i dont care enough to click your profile but just from your choice in words, i'm gonna guess you spend all day on GMEmeltdown. i'm curious what your plays are though. are you short on GME? who hurt you.",2,2021-10-20 03:19:38
hh8sj0d,t1_hh8r1mq,Oh so you're dumb and condescending!,1,2021-10-19 23:38:41
hh5lap8,t1_hh5khh2,"Amazon better watch their backs, lol.",6,2021-10-19 05:01:05
hh5lb87,t1_hh5khh2,"Amazon better watch their backs, lol.",-1,2021-10-19 05:01:13
hh5w1tq,t1_hh5vvfb,"So then you think the SEC is corrupt and hiding stuff, but still think that you’ll get paid $55,000,000 a share when they throw their hands up and ultimately let the world economy fail to pay you guys?",5,2021-10-19 06:25:31
hh9880k,t1_hh8msk7,">disprove the DD.

The SEC just did that.

Is the Short Interest above 100%?
No.  It dropped to less than 30%

Are there synthetic shares?
No.   

Were more votes recorded than shares existing?
no

Every one of the fan fictions have predicted exactly nothing.

Any theory now must start with ""The SEC is in on it"" and guess what, its a conspiracy theory.",2,2021-10-20 01:25:35
hh7j9qi,t1_hh7j9oz,"Squeeze these nuts you fuckin nerd.

*I am a bot, and this action was performed automatically. Please [contact the moderators of this subreddit](/message/compose/?to=/r/wallstreetbets) if you have any questions or concerns.*",4,2021-10-19 15:56:57
hh9pycf,t1_hh9pm0t,"My plays? Long SoFi. It’s paid quite well. Up over 40% in a few weeks, more than the retarded apes can say. 

I got into GME @ $5.46 in April of 2020, well before the bagholder cult took off. I made my money on it and moved on. Never understood this social justice/Qanon movement that spawned from buying shares of GME @ $200. It’s stupid.",2,2021-10-20 03:21:48
hh9klde,t1_hh9880k,"Look at the figure 5 and figure 6 of the SEC report! SI drops significantly but there is not nearly enough ""short closing""  volume. You have to remember there are various ways to manipulate short interest.",1,2021-10-20 02:46:37
hh9qvyo,t1_hh9pycf,"what? that's all your gonna say? not when you bought in SoFi or options?  when did you sell GME? sounds like you're salty you paperhanded.

and just from that info i'm gonna ask do you know how to do math? SoFi went public at 10$? and went up to 28$ before going down to it's current 20$. GME was at 5$ and went up to $483 (not in AH). just from that information those ""retarded apes"" that bought in at 170 made more money than you at it's current price",1,2021-10-20 03:27:48
hh9qb9p,t1_hh9klde,"> SI drops significantly but there is not nearly enough ""short closing"" volume.

Says who? The weekly total volume was far more than enough to close out every short a few times over.",2,2021-10-20 03:24:06
hh9sfdc,t1_hh9qvyo,"What kind of poor person question is this? You realize people who have constant income stream and lots of investment accounts don’t just buy things all at once, right? Unless I’m selling my vested AMZN RSUs, I generally don’t buy more than $50,000 in stock in one go. 

I have bought SoFi in my IRAs and Brokeridgelink 401k at many points in the last 11 months. I bought shares at $11, I bought shares at $17, I bought way more at $13/14… I bought ITM leaps at $14, I sold covered calls against them after earnings as I’m not expecting it to go above $21 by EOY. 

I sold GME at $337 and $347 (1/27), and $390 right after open (1/28). 

I bought some more after the dip and sold it on 3/10 at $270, and most of what was left on 3/26 at $204. I exited the whole position at $250 on 6/3. 

Am I salty? No? I got into GME way before 99% of the retards on Reddit and actually realized real gains. Not really sure what your point is.",2,2021-10-20 03:37:45
hh9tb8u,t1_hh9sfdc,[removed],1,2021-10-20 03:43:30
hh9tb9r,t1_hh9tb8u,"Squeeze these nuts you fuckin nerd.

*I am a bot, and this action was performed automatically. Please [contact the moderators of this subreddit](/message/compose/?to=/r/wallstreetbets) if you have any questions or concerns.*",1,2021-10-20 03:43:30
