comment_id,comment_parent_id,comment_body,comment_score,created_utc
hosb38z,t3_rhsawh,"
**User Report**| | | |
:--|:--|:--|:--
**Total Submissions**|8|**First Seen In WSB**|2 months ago
**Total Comments**|333|**Previous DD**|
**Account Age**|2 months|[^scan ^comment ](https://www.reddit.com/message/compose/?to=VisualMod&subject=scan_comment&message=Replace%20this%20text%20with%20a%20comment%20ID%20(which%20looks%20like%20*h26cq3k*)%20to%20have%20the%20bot%20scan%20your%20comment%20and%20correct%20your%20first%20seen%20date.)|[^scan ^submission ](https://www.reddit.com/message/compose/?to=VisualMod&subject=scan_submission&message=Replace%20this%20text%20with%20a%20submission%20ID%20(which%20looks%20like%20*h26cq3k*)%20to%20have%20the%20bot%20scan%20your%20submission%20and%20correct%20your%20first%20seen%20date.)
**Vote Spam (NEW)**|[Click to Vote](https://www.reddit.com/message/compose/?to=VisualMod&subject=vote_spam&message=rhsawh)|**Vote Approve (NEW)**|[Click to Vote](https://www.reddit.com/message/compose/?to=VisualMod&subject=vote_approve&message=rhsawh)",1,2021-12-16 22:53:26
hosb1x1,t3_rhsawh,"I am a bot from /r/wallstreetbets. You submitted a picture with a banned phrase. This check will fire if you included unnecessary pictures that have bad phrases or a bad crop with news about cryptocoins, for example. Repost with the useless pictures omitted if you did that.",1,2021-12-16 22:53:11
