comment_id,comment_parent_id,comment_body,comment_score,created_utc
hoschf5,t3_rhsit5,"I am a bot from /r/wallstreetbets. You submitted a phrase that made it sound like you're talking about crypto. We don't do that in WSB but feel free to check out our sister subreddit:

 /r/wallstreetbetscrypto.",1,2021-12-16 23:03:18
hoscidn,t3_rhsit5,"
**User Report**| | | |
:--|:--|:--|:--
**Total Submissions**|1|**First Seen In WSB**|33 seconds ago
**Total Comments**|0|**Previous DD**|
**Account Age**|3 months|[^scan ^comment ](https://www.reddit.com/message/compose/?to=VisualMod&subject=scan_comment&message=Replace%20this%20text%20with%20a%20comment%20ID%20(which%20looks%20like%20*h26cq3k*)%20to%20have%20the%20bot%20scan%20your%20comment%20and%20correct%20your%20first%20seen%20date.)|[^scan ^submission ](https://www.reddit.com/message/compose/?to=VisualMod&subject=scan_submission&message=Replace%20this%20text%20with%20a%20submission%20ID%20(which%20looks%20like%20*h26cq3k*)%20to%20have%20the%20bot%20scan%20your%20submission%20and%20correct%20your%20first%20seen%20date.)
**Vote Spam (NEW)**|[Click to Vote](https://www.reddit.com/message/compose/?to=VisualMod&subject=vote_spam&message=rhsit5)|**Vote Approve (NEW)**|[Click to Vote](https://www.reddit.com/message/compose/?to=VisualMod&subject=vote_approve&message=rhsit5)",1,2021-12-16 23:03:29
