comment_id,comment_parent_id,comment_body,comment_score,created_utc
hdt654e,t3_pt0a73,"
**User Report**| | | |
:--|:--|:--|:--
**Total Submissions**|4|**First Seen In WSB**|2 weeks ago
**Total Comments**|7|**Previous DD**|
**Account Age**|2 weeks|[^scan ^comment ](https://www.reddit.com/message/compose/?to=VisualMod&subject=scan_comment&message=Replace%20this%20text%20with%20a%20comment%20ID%20(which%20looks%20like%20*h26cq3k*)%20to%20have%20the%20bot%20scan%20your%20comment%20and%20correct%20your%20first%20seen%20date.)|[^scan ^submission ](https://www.reddit.com/message/compose/?to=VisualMod&subject=scan_submission&message=Replace%20this%20text%20with%20a%20submission%20ID%20(which%20looks%20like%20*h26cq3k*)%20to%20have%20the%20bot%20scan%20your%20submission%20and%20correct%20your%20first%20seen%20date.)
**Vote Spam (NEW)**|[Click to Vote](https://www.reddit.com/message/compose/?to=VisualMod&subject=vote_spam&message=pt0a73)|**Vote Approve (NEW)**|[Click to Vote](https://www.reddit.com/message/compose/?to=VisualMod&subject=vote_approve&message=pt0a73)",1,2021-09-22 12:54:48
hdt64jp,t3_pt0a73,I am a bot. You submitted a Gain/Loss/YOLO that didn't look like it included **large** positions. Please read the rules. This check will fire if you included unnecessary pictures that don't show positions. Repost with the useless pictures omitted if you did that.,1,2021-09-22 12:54:38
