comment_id,comment_parent_id,comment_body,comment_score,created_utc
hngno7c,t3_ra8ntl,"
**User Report**| | | |
:--|:--|:--|:--
**Total Submissions**|1|**First Seen In WSB**|26 seconds ago
**Total Comments**|0|**Previous DD**|
**Account Age**|2 years|[^scan ^comment ](https://www.reddit.com/message/compose/?to=VisualMod&subject=scan_comment&message=Replace%20this%20text%20with%20a%20comment%20ID%20(which%20looks%20like%20*h26cq3k*)%20to%20have%20the%20bot%20scan%20your%20comment%20and%20correct%20your%20first%20seen%20date.)|[^scan ^submission ](https://www.reddit.com/message/compose/?to=VisualMod&subject=scan_submission&message=Replace%20this%20text%20with%20a%20submission%20ID%20(which%20looks%20like%20*h26cq3k*)%20to%20have%20the%20bot%20scan%20your%20submission%20and%20correct%20your%20first%20seen%20date.)
**Vote Spam (NEW)**|[Click to Vote](https://www.reddit.com/message/compose/?to=VisualMod&subject=vote_spam&message=ra8ntl)|**Vote Approve (NEW)**|[Click to Vote](https://www.reddit.com/message/compose/?to=VisualMod&subject=vote_approve&message=ra8ntl)",1,2021-12-06 22:36:20
hngnran,t3_ra8ntl,Who tf is calling me a Lad? Fuck you.,7,2021-12-06 22:37:00
hngnj57,t3_ra8ntl,"Reddit Inc. has banned Seeking Alpha articles sitewide.

To get around this, please repost your comment/thread with the link removed, and the relevant parts of the article copy and pasted. 

*I am a bot, and this action was performed automatically. Please [contact the moderators of this subreddit](/message/compose/?to=/r/wallstreetbets) if you have any questions or concerns.*",2,2021-12-06 22:35:15
hngo23u,t3_ra8ntl,Fuck off,0,2021-12-06 22:39:17
hngow3j,t3_ra8ntl,"This is a casino.

Take your social justice warrior princess movement somewhere else.",0,2021-12-06 22:45:42
hngoorr,t1_hngnran,has pc culture finally gone too far? has the #metoo movement finally gone too far?,3,2021-12-06 22:44:10
hngplux,t1_hngnran,he called me an ape!,1,2021-12-06 22:51:02
hngouo8,t1_hngo23u,I recovered this from automod just to make sure OP gets the point.,1,2021-12-06 22:45:24
hni9pg2,t1_hngoorr,Lmao,1,2021-12-07 05:02:03
