comment_id,comment_parent_id,comment_body,comment_score,created_utc
h2ovxq3,t3_o5w9yw,"
**User Report**| | | |
:--|:--|:--|:--
**Total Submissions**|2|**First Seen In WSB**|3 weeks ago
**Total Comments**|8|**Previous DD**|
**Account Age**|4 years|[^scan ^comment ](https://www.reddit.com/message/compose/?to=VisualMod&subject=scan_comment&message=Replace%20this%20text%20with%20a%20comment%20ID%20(which%20looks%20like%20*h26cq3k*)%20to%20have%20the%20bot%20scan%20your%20comment%20and%20correct%20your%20first%20seen%20date.)|[^scan ^submission ](https://www.reddit.com/message/compose/?to=VisualMod&subject=scan_submission&message=Replace%20this%20text%20with%20a%20submission%20ID%20(which%20looks%20like%20*h26cq3k*)%20to%20have%20the%20bot%20scan%20your%20submission%20and%20correct%20your%20first%20seen%20date.)",1,2021-06-23 04:19:25
h2ow5fs,t3_o5w9yw,"Bought Jun 2nd.  Sold shortly after the image for $55.3.

Turned a shitty 12 year old Honda Civic into one of those ugly ass new Supra's in under 3 weeks.  Lets fucking Go!",40,2021-06-23 04:21:01
h2ox7fg,t3_o5w9yw,"What’s your 3rd one going to be?

Let me know so I can jump on too",17,2021-06-23 04:28:55
h2pbgya,t3_o5w9yw,"Nice work!  Adobe is one of the few companies that bill my credit card every month and they could charge me anything, I don’t even look because I need their software which is essential to my business.",6,2021-06-23 06:23:07
h2ovzvb,t3_o5w9yw,Teach me senpai,7,2021-06-23 04:19:52
h2p0omj,t3_o5w9yw,"Adobe was a solid play my hat goes off to you.

But micron has too many sell ratings.. don't you think it's better to go AMd route?",7,2021-06-23 04:55:13
h2pb4yx,t3_o5w9yw,Will be following your plays from now on,3,2021-06-23 06:20:18
h2owaai,t3_o5w9yw,Sugoi senpai!!!,5,2021-06-23 04:22:01
h2p8n6t,t3_o5w9yw,[deleted],5,2021-06-23 05:59:14
h2p9c76,t3_o5w9yw,Why don't my SPY calls vibrate?,4,2021-06-23 06:05:02
h2pb44e,t3_o5w9yw,Wow like a true autist. Congrats 🎈🍾 Saw your NVIDA play too seems like you just attract money,2,2021-06-23 06:20:06
h2p1c7r,t3_o5w9yw,🖕👊👌,3,2021-06-23 05:00:15
h2p3vxz,t3_o5w9yw,wow nice play king,2,2021-06-23 05:20:33
h2p8ac0,t3_o5w9yw,Well done 👌,1,2021-06-23 05:56:14
h2pyg52,t3_o5w9yw,bro… teach me your ways,1,2021-06-23 09:46:35
h2pysna,t3_o5w9yw,I bought one share of abode before the rise.  🤣,1,2021-06-23 09:49:35
hqvrvne,t1_h2ow5fs,What do you think of Adobe today. I currently see a dip buying opportunity very similar to this post,0,2022-01-02 10:05:25
h2oxbbq,t1_h2ox7fg,"MU

Real talk, buy MU",18,2021-06-23 04:29:45
h2p5skg,t1_h2p0omj,"I own Nov AMD 100 calls too.

My Micron play is bigger because as I see it DRAM pricing is not end cycle, not even close.  And I'd like to know where you see all these sell ratings.  Last I checked my gayboy etrade account analytics there were like 20+ bank nerds that had a buy rating on it with an average PT of 116.  Hans Moseman, the fucking legend has a 160 PT on it LOL!  I think one single scrub came out last week and put a Hold rating on it because he hates making money and probably wants to kill himself.  I see no sell ratings.  Maybe I'm just blind though.

Anyways.  MU ER is next Wed after close.  What I want to see is some strong guide through 2022 indicating confirmation to my stable DRAM pricing prediction.  If the stock rebounds out of this chart pattern, it's going to be a rocketship.  It needs to beat the short pressure though, and there's a lot, because if it breaks below 75 in the next few weeks/days, it's in for some short term trouble.  Probably all summer.

Also, it's worth mentioning MU is always undervalued compared to it's peers.  Big money fucking hates this stock because it's beta is a fucking 2, the float is diluted to shit, and it trades like a commodity. But when it rips, it fucking RIPS.",7,2021-06-23 05:35:52
h2pcavl,t1_h2pb4yx,I sold my AMC stock for hefty gain at $60.  I'm no ape.  Sorry to disappoint.,4,2021-06-23 06:30:15
h2parrh,t1_h2p8n6t,I'm just a simple man trying to contribute some new tickers to this sub for once all year.  Join the movement!,6,2021-06-23 06:17:09
h2piv55,t1_h2p9c76,Did you put the batteries in?,3,2021-06-23 07:28:29
h2pbu9t,t1_h2pb44e,"You said it ""Like a true Autist"", I'm still red since the covid crash.

NVDA was pure luck, I'll admit that.  Bought before the split announcement.  

ADBE though, that seemed like it had to hit sooner or later.  It's had steady 20-40% growth for 8 fucking years, beats ER every fucking time, and stalled after hitting ATH since last sept.  It's the original SAAS play, and it was being grossly undervalued compared to it's peers.  It was bound to hit sooner or later.  and honestly I won't be surprised if it keeps running for a bit here.  ADBE really is a juggernaut in the space.",4,2021-06-23 06:26:15
h2p7iwc,t1_h2p3vxz,TY kind sir.,2,2021-06-23 05:50:01
h2oyma2,t1_h2oxbbq,"I don’t do options but if one were to buy MU options, what would one buy?",9,2021-06-23 04:39:32
h2p4hns,t1_h2oxbbq,"Like…now?

MU is an old meme stock from long long ago. Got some PTSD to overcome here.",4,2021-06-23 05:25:22
h2p3t0c,t1_h2oxbbq,I'm in.,3,2021-06-23 05:19:55
h2pyjqj,t1_h2oxbbq,I am already in MU with shares at a 10% loss right now lol… you mentioning MU makes me feel much better,1,2021-06-23 09:47:28
h2pzxb2,t1_h2oxbbq,I concur. Calls to pricey for me though,1,2021-06-23 09:59:34
h2phd8v,t1_h2p5skg,I'm seeing that the eps for next week is expected to be around 1.6 and guidance suggest it can sustain that for 2022. So hopefully everyone jumps onboard after great earnings confirmation.,1,2021-06-23 07:15:11
h2pom0p,t1_h2p5skg,What's ur mu call strike and expiry of you don't mind?,1,2021-06-23 08:20:49
h2pceb7,t1_h2pcavl,Man I had 800 shares at $3 that I sold at 14 how do you think I feel. Literally like 2 days before the whole short squeeze too smh,4,2021-06-23 06:31:05
h2pc3f7,t1_h2pbu9t,You seem like smart ape. Shall follow your plays from here-forward,3,2021-06-23 06:28:27
h2p48xb,t1_h2oyma2,"Free Money - Jan 2022 100 calls

Unusual activity as of this week - Sept 90 calls

I own 150 July 90's (likely trash but I'm going down with the ship), 50 July 85's, and 2000 shares.

Play at your own risk.  Hope this motherfucker hits on some new Guide from the ER next Wednesday.",10,2021-06-23 05:23:25
h2oyx9f,t1_h2oyma2,Which calls look good to u if u could please be more specific >.>,3,2021-06-23 04:41:48
h2p5yw2,t1_h2p4hns,Hell yeah July MU 90's never forget.  ER Next week brother!,5,2021-06-23 05:37:17
h2pepdt,t1_h2pceb7,"I had 3k at 10.00 and sold at 11.50, join the club",7,2021-06-23 06:51:25
h2pdiu3,t1_h2pceb7,Green is green.  Respect.  Your multiple beats mine.,3,2021-06-23 06:40:52
h2p7upk,t1_h2p48xb,Thanks.  I’ll take a careful look and make my own informed decision.  👍🏼,2,2021-06-23 05:52:38
h2p8ujg,t1_h2p48xb,July 2nd call?,2,2021-06-23 06:00:55
h2pgt8b,t1_h2p5yw2,"I want in but the price action lately is just flaccid compared to so many other names. Hate getting in and then just bleeding while I wait for it to do something. If you had no positions on it today, what would you be getting into?",2,2021-06-23 07:10:09
h2pgy5z,t1_h2p5yw2,"I hope you're right, I have calls months out but it has been hard keeping the faith.",2,2021-06-23 07:11:23
h2pyo9u,t1_h2p5yw2,That would put me in the green with my shares baby,1,2021-06-23 09:48:34
h2pymcv,t1_h2p7upk,lulz,4,2021-06-23 09:48:06
h2pc568,t1_h2p8ujg,I own the July monthlies.  I think they expire the 16th.,2,2021-06-23 06:28:52
h2phl1l,t1_h2pgt8b,"I'm dreaming ... of a reeeeeeed ...... thursdaaaaaaaay!  Just like the ones JPOW used to maaaaaaake.

 Probably going to pull the trigger on the long leg of an AMZN Sept spread and sell some OTM garbage against it once it turns remotely green.    I hope I didn't miss my window on this this morning though.  

Not a yolo or anything, but AMZN seems like a good bet here for the summer if it breaks out.",2,2021-06-23 07:17:08
h2phrtw,t1_h2pgy5z,months out like Sept+?  Those are gold.  it just has to beat this shitty chart pattern and give people reason to believe the memory cycle will continue in 2022 and the shorts will fuck off.,1,2021-06-23 07:18:47
h2phwsa,t1_h2phl1l,"I meant on MU, but yeah AMZN does look like it wants to try the ATH at 3550ish very soon. 3700 could happen quick if it takes that out.",2,2021-06-23 07:20:00
h2pidxz,t1_h2phrtw,"Yeah, I have Jan 2022 95 Calls. I have been hurting lately and really want a win. I made money with the stock earlier in the year, but these options seem very tempting. RAM is in everything, so i don't understand how NVDA and AMD run while this one stays put. Ram Prices seem stable to higher from what I noticed. Excited for next week.",2,2021-06-23 07:24:12
h2pit6i,t1_h2phwsa,"Oh ok, on MU.  I still like the July 85's.  At $1 those are a 10x bet if it hits 52 week high by expiry.  That's a solid gamble structure by anyone's measure.  Especially if the sell side pressure is total crap, like it most likely is.",2,2021-06-23 07:28:00
h2pj99b,t1_h2pidxz,You're safe my dude.  Channel your inner Martymoho and will it into existence.  Just make sure to sell green though when it runs.,3,2021-06-23 07:32:01
