comment_id,comment_parent_id,comment_body,comment_score,created_utc
hl0fjix,t3_qw4dbk,"
**User Report**| | | |
:--|:--|:--|:--
**Total Submissions**|2|**First Seen In WSB**|4 months ago
**Total Comments**|2|**Previous DD**|[x](https://www.reddit.com/r/wallstreetbets/comments/qw4dbk/one_word_for_you_i_bet_i_can_beat_the_sp_500/) 
**Account Age**|8 months|[^scan ^comment ](https://www.reddit.com/message/compose/?to=VisualMod&subject=scan_comment&message=Replace%20this%20text%20with%20a%20comment%20ID%20(which%20looks%20like%20*h26cq3k*)%20to%20have%20the%20bot%20scan%20your%20comment%20and%20correct%20your%20first%20seen%20date.)|[^scan ^submission ](https://www.reddit.com/message/compose/?to=VisualMod&subject=scan_submission&message=Replace%20this%20text%20with%20a%20submission%20ID%20(which%20looks%20like%20*h26cq3k*)%20to%20have%20the%20bot%20scan%20your%20submission%20and%20correct%20your%20first%20seen%20date.)
**Vote Spam (NEW)**|[Click to Vote](https://www.reddit.com/message/compose/?to=VisualMod&subject=vote_spam&message=qw4dbk)|**Vote Approve (NEW)**|[Click to Vote](https://www.reddit.com/message/compose/?to=VisualMod&subject=vote_approve&message=qw4dbk)
    
Hey /u/FinancialWhoas, **positions or ban.** Reply to this with a screenshot of your entry/exit.",1,2021-11-18 01:33:46
hl0fymj,t3_qw4dbk,A lot of typing from someone who couldn't type.,150,2021-11-18 01:36:28
hl0gc1o,t3_qw4dbk,Lots of text. More important is what are the 2022 stocks!,57,2021-11-18 01:38:53
hl0u69c,t3_qw4dbk,"There’s this concept called “risk adjusted returns”, I’m up 200% this year but it’s because I’m retarded not because I’m smart",58,2021-11-18 03:08:48
hl0g6cb,t3_qw4dbk,"> one word for you

I counted more than 1 bro.",100,2021-11-18 01:37:49
hl0tzkz,t3_qw4dbk,"So you’re saying if I just invest in big companies instead of index funds  like a chicken shit I’ll beat the S&P

Never thought about it ![img](emote|t5_2th52|4271)",18,2021-11-18 03:07:33
hl0gkyn,t3_qw4dbk,Why not just pick the best stock and invest in that one,70,2021-11-18 01:40:29
hl10kaj,t3_qw4dbk,What kind of maniac doesnt put the 2021 list in alphabetical order? C and Z do not go between I and K!,8,2021-11-18 03:51:15
hl14zc9,t3_qw4dbk,"That’s a lot more words than one. Too hard to read. 

Yolo on sp 500 500c 5/2500

Got it",8,2021-11-18 04:20:40
hl0o15m,t3_qw4dbk,"Very cool, what would happen if you did it for the top 25 or top 10? Could you share the top 10 if so? That is much easier to manage and you can evaluate them on fundamentals, instead of relying on a model that has only been backtested against a couple very strange years.",7,2021-11-18 02:28:46
hl15qpy,t3_qw4dbk,Random picking beat the sp500.,7,2021-11-18 04:25:45
hl0ff15,t3_qw4dbk,It’s not hard to beat the s&p. Let me give you $100 million in leverage and The obligation to pay shareholders and see how you hold up🤷🏽‍♂️,15,2021-11-18 01:32:59
hl2i82r,t3_qw4dbk,"You've put some thought into this so thanks for that, but this is the thesis of smart-beta ETFs of which there's plenty.

This is more r/investing material.",6,2021-11-18 10:16:54
hl1m1ps,t3_qw4dbk,I can do it better. Buy SPY and sell OTM calls consistently.,5,2021-11-18 06:17:06
hl13vex,t3_qw4dbk,This post doesn’t fit on my phone. Need a new one to read it all,3,2021-11-18 04:13:18
hl2wc5c,t3_qw4dbk,"Actually, OP is spot on.  We have been in a Fed controlled bull run since '09.  Haven't gone thru all of his list, but most pass my tests on intrinsic value and ability to rebound from a  bear.  The only caveat I have is grouping the stonks by sectors rising due to economic conditions.  Good job.",3,2021-11-18 12:08:19
hl0hpnu,t3_qw4dbk,Nice! Apprecite the effort u put into this.,8,2021-11-18 01:47:50
hl0fg04,t3_qw4dbk,Buffet won a bet against someone like you,8,2021-11-18 01:33:09
hl2ayzv,t3_qw4dbk,That definitely was not one word,2,2021-11-18 09:22:28
hl395re,t3_qw4dbk,Nerddddddd,2,2021-11-18 14:10:44
hl398i2,t3_qw4dbk,No tldr? He’s not one of us.,2,2021-11-18 14:11:34
hl3aimh,t3_qw4dbk,Well done. Why not just put it all into GOOG?,2,2021-11-18 14:26:14
hl3aisw,t3_qw4dbk,"Very short backtest of only two years, and no compelling reason why the market will continue to favor the quality factor going forward which you are testing for",2,2021-11-18 14:26:18
hl3aumr,t3_qw4dbk,"Not gonna lie, OP - I didn't read any of that.

&#x200B;

Here is the thing. Everyone here is an ""active trader"" with mostly options - you shouldn't be  comparing the performance of active trading to the performance of S&P. Namely because, if you have any idea what you are doing, you can ""beat the market"" by being in one good tade.",2,2021-11-18 14:30:04
ht9wm9i,t3_qw4dbk,Found this post because I was seeing if there was any recent posts on IRBT. I’m not going into analysis but their track record and love for surprise earnings reports makes me want to invest before their next earnings call in early February.,2,2022-01-19 12:04:52
hl0jacb,t3_qw4dbk,words words words charts charts charts.......GME to the moon!!! Heading out for calls.,7,2021-11-18 01:57:56
hl0juml,t3_qw4dbk,"Sure, so now look at your portfolio and figure out what caused the claimed ""outperformance."" Value vs. Growth? Sector allocation? Company size? Beta? What are your risk adjusted returns?

Looking at gross returns and assuming your stock picking skills are driving returns is short sited at best. 

Also passive ETFs are more tax efficient than tax loss harvesting in an active portfolio ever could be. The mechanics are kind of complex so I won't go into it but you can really scratch that one off of your list.",3,2021-11-18 02:01:33
hl0x2u0,t3_qw4dbk,One word: LUCID,1,2021-11-18 03:28:16
hl11hfj,t3_qw4dbk,Wow! What are your picks for 2022?,1,2021-11-18 03:57:19
hl1n0yt,t3_qw4dbk,"Looks like a lot of effort for you to realize that if you just bought GME in December you would’ve beat the market by way more more than the meager percentage points that you did

In all seriousness though - good read and good work",0,2021-11-18 06:23:59
hl0m1kf,t3_qw4dbk,Looking forward to the tendy list,1,2021-11-18 02:15:51
hl0mlqr,t3_qw4dbk,![img](emote|t5_2th52|4275)![img](emote|t5_2th52|4260)![img](emote|t5_2th52|4263)![img](emote|t5_2th52|5957),1,2021-11-18 02:19:28
hl0rlsc,t3_qw4dbk,Awesome.  Please keep me informed.  I was thinking about shorting wsb stock pushers other than Sens and gme.  But your ideas sound great.,1,2021-11-18 02:51:47
hl11td9,t3_qw4dbk,"I have 30k, where should I put it??",1,2021-11-18 03:59:28
hl1beyx,t3_qw4dbk,So much more than one word,1,2021-11-18 05:04:10
hl1nqyn,t3_qw4dbk,"This is nice! I think you should highlight the experiment result part on the end like you do with ""Notes"" and other titles, would make it easier to find.

Your selected 83 stocks outperform the SP500 for the period, that's great. How much does it cost to buy the basket to replicate your strategy?

Also, the part about analyzing 300 companies, those notes are cool, can you please paste that data here? It would be cooler then listing the stocks themselves.",1,2021-11-18 06:28:57
hl1rxcw,t3_qw4dbk,This is great info,1,2021-11-18 06:58:46
hl2iq7p,t3_qw4dbk,"He’s got charts, it checks out.",1,2021-11-18 10:20:40
hl2k04h,t3_qw4dbk,The market is never right.  If the market was right at pricing stocks then we wouldn't need analyst and valuations?,1,2021-11-18 10:30:08
hl2lsdy,t3_qw4dbk,That's too much words,1,2021-11-18 10:43:58
hl2m56s,t3_qw4dbk,I'll take the other side of that bet. How much you willing to put up?,1,2021-11-18 10:46:39
hl306fx,t3_qw4dbk,"Congrats on the school project. The only thing that is of relevance here is the last sentence. **** past results are no guarantee of future returns. When value or utility stocks have a run and tech doesn’t go up 50% 2 years in a row, this portfolio will look like assholes",1,2021-11-18 12:41:47
hl39ey0,t3_qw4dbk,"Thanks for sharing, really cool. If I’m understanding correctly, you used a two step process of the automated score to filter out stocks, then a manual review to make sure all the remaining stocks were quality companies. What do you think about automating the latter using analyst and ESG ratings? Just wondering if it could become even more mathematical, then you could automate the backtesting much easier and check the risk adjusted return for the past 10-20 years or more.",1,2021-11-18 14:13:34
hl3b5rq,t3_qw4dbk,Too many. Buy options in one stock. YOLO,1,2021-11-18 14:33:39
hl3in64,t3_qw4dbk,So buy which option,1,2021-11-18 16:06:32
hl3iuvi,t3_qw4dbk,"Of course. What I was referring to was which sectors, i.e. financials, utilities, etc, should hold a higher percentage within the portfolio due to their favorable outlook in the current economic climate. As an example, 2 years ago BK had dropped 30% and I took a substantial position. It's currently up almost 50% from my entry point.  Some companies will return a higher percentage due to pent up demand or an increase in popularity.",1,2021-11-18 16:09:13
hl4dulf,t3_qw4dbk,This is the kind of quality post that helps everyone on here. Ty kind soul,1,2021-11-18 22:07:19
hnn4le3,t3_qw4dbk,Let it run for 7-10 years and let's see how it fares,1,2021-12-08 05:36:55
ho5bnrb,t3_qw4dbk,What’s 2022 stocks,1,2021-12-12 02:14:05
hl1yf14,t3_qw4dbk,"Where is the TLDR?

Positions or ban.

Strike price and date",-2,2021-11-18 07:46:27
hl1g2n6,t3_qw4dbk,"Glad you  "" can "" beat the sp 500 , but just so you know, many did beat the sp 500 in the past year.
Come back and show how you did it once you "" have "" 
:) Good luck !",0,2021-11-18 05:35:48
hl2k7ob,t3_qw4dbk,Cool story bro,0,2021-11-18 10:31:43
hl4xfz5,t1_hl0fjix,https://imgur.com/a/nAafFCV,1,2021-11-19 00:25:09
hl0g4si,t1_hl0fymj,"Made a great sacrifice to add that to the beginning after writing the post. Crap, I just typed some more.",41,2021-11-18 01:37:32
hl0gc05,t1_hl0fymj,"Lot's of nice colors, to much cock not enough cunt",9,2021-11-18 01:38:53
hl0h78k,t1_hl0gc1o,In progress.,36,2021-11-18 01:44:30
hl0y2ok,t1_hl0u69c,Totally. Could have just put it all on NVDA if I was feeling so inclined.,15,2021-11-18 03:34:52
hl0h5nz,t1_hl0g6cb,"Well crap, I should hire you to do the analysis instead.",28,2021-11-18 01:44:13
hl3hemi,t1_hl0tzkz,Look up the breadth indicator. Basically the entire DD rolled up into 2 sentences,1,2021-11-18 15:50:12
hl0h6cu,t1_hl0gkyn,getting blown out by one black swan event is always fun,44,2021-11-18 01:44:21
hl0hhxv,t1_hl0gkyn,"That would be much more in line with traditional WSB, but I was trying to make money. 

CORT ended up the top ranked by financials, but only returned -0.45% so far.",23,2021-11-18 01:46:26
hl1bbmn,t1_hl10kaj,"Haha, good point. That used to be JCOM, which split into those two companies. Hope that makes you feel better.",3,2021-11-18 05:03:30
hl0wfgc,t1_hl0o15m,"These were the top 25 in my final list based on their overall rank. The original list had a lot of companies that didn't make the cut because of wonky values. I need to rework the overall ranking because it still requires a review from values like pharmaceutical companies with their 1,300% growth, 155% profit margins, etc.  Because I was looking to compare the stocks against their industries and get the top from each, rather than the top overall, it isn't necessarily the best measure, but here you go.

\*reddit keeps destroying the formatting of the table. I give up, here you go.

CORT MKTX FB ESNT UI SLP STMP OLED MASI TROW MNST REGN VRTX ADBE V ANET PAYC ALGN VEEV NMIH NVDA ISRG PAYX RMR CPRT",4,2021-11-18 03:24:02
hl1d1zd,t1_hl15qpy,You gave me an interesting idea with just having a random function that chooses the same number of stocks that I end up with and seeing how that one performs just for fun.,8,2021-11-18 05:15:24
hl0gpqq,t1_hl0ff15,"Definitely would struggle. The more capital to deploy the harder this would be to implement, but perfect for me. You been beating the S&P consistently? What's your strategy?",5,2021-11-18 01:41:20
hl2ggwh,t1_hl0ff15,I'd probably do net credit collars on decent companies and cross my fingers,1,2021-11-18 10:03:46
hl3fz6f,t1_hl2i82r,"I can slap it there too. Thanks for the recommendation. There definitely are many other players in the space, just sharing what I decided to do.",2,2021-11-18 15:31:59
hl1bexh,t1_hl13vex,Maybe stocks can help you pay for it.,5,2021-11-18 05:04:09
hl3g4zl,t1_hl2wc5c,"I grouped by sectors to get a more accurate depiction of the company. Margins on a software company would look way different than a department store, debt would be way different at a bank than a professional services, etc.",3,2021-11-18 15:34:02
hl0hzi0,t1_hl0hpnu,"Thanks, hopefully someone else gets some benefit out of the work too.",7,2021-11-18 01:49:35
hl0gcne,t1_hl0fg04,I wish I was a hedge fund making tons of money off shareholders well only providing a poor performance. My one shareholder demands excellence.,10,2021-11-18 01:39:00
hl3haka,t1_hl3aimh,Wanted to make money and pretend I'm not gambling,2,2021-11-18 15:48:45
hl3h8z6,t1_hl3aisw,"Totally. It's an experiment. I'd rather own great companies when the market drops, but more than that is I'd rather buy great companies when the market drops .",1,2021-11-18 15:48:10
hl3h26f,t1_hl3aumr,"As long as you can keep it up. Plenty of people beat the market with a good trade, but doing it constantly, after fees if you're using a fund, brings that pool down substantially. Once we get a bear market we'll see where people fall.",2,2021-11-18 15:45:42
htkij5x,t1_ht9wm9i,"Haven't run an analysis since this on the market as a whole. Been primarily working on REITs the last few weeks. They have been one of the poorer performers since purchase, but I'll be interested to see as well. Planning to run another round in the next month or two.",1,2022-01-21 14:58:33
hl0jad1,t1_hl0jacb,"Bagholder spotted.

*I am a bot, and this action was performed automatically. Please [contact the moderators of this subreddit](/message/compose/?to=/r/wallstreetbets) if you have any questions or concerns.*",27,2021-11-18 01:57:56
hl0syog,t1_hl0juml,"That's the beauty of gathering all the data. Regression analysis is the true gold here. If I thought I had amazing stock picking skills I wouldn't build an index, but just choose the one that's going to return the billions. I'm thinking I have a decent premise and excel skills.

This is definitely simplified, but I still see this as a benefit, even if it's not as efficient. If I own the stocks individually I definitely have more ability to choose which to sell and take those losses rather than cut my winners and pay those taxes. Less relevant if you're in your 401k or other tax advantaged account, but this point is probably moot since you're likely not pulling the funds out.",6,2021-11-18 03:00:45
hl1bni5,t1_hl11hfj,I'll run it again when the next round of financials is out.,4,2021-11-18 05:05:49
hl3gsgp,t1_hl1n0yt,"Ha, thanks. That would have been something.",1,2021-11-18 15:42:15
hl0y8bm,t1_hl0rlsc,Will do. I'll post an update probably end of the year to see where we fall wrapping up the calendar year.,2,2021-11-18 03:35:53
hl1cwfb,t1_hl11td9,"I would have equally split it between the 2021 stock list. If you have specific sectors you're interested in, you could start there and drop it on say the Software, Semiconductor, and Professional services stocks for example. The goal with making the index was so I didn't have to choose and would just by them all in equal amounts.",3,2021-11-18 05:14:21
hl5d5ir,t1_hl1nqyn,"Good suggestion, did just that.

If you want to buy full shares, you'd need approximately $250K. If you excluded google, or just bought one share of google and had them have a higher weighting in your index, you would need $56k.

Partial shares could get you in the door with whatever you have.

I'm not sure that my notes would be super helpful, but I can see about uploading them. I effectively did multiple passes through the companies. First pass was purely reviewing financials. Second pass was slightly deeper. Wanted to eliminate as many stocks as quickly as possible. Here are a couple of good/bad examples.

**Mastercard**: They have high debt skewing their return on equity.  If debt comes down might be worth revisiting.

**Microsoft**: Huge part of S&P. We already have decent exposure. Review against competitors Listed as top  hosting and iOT platform [http://iot-analytics.com/the-leading-industry-4-0-companies-2019](http://iot-analytics.com/the-leading-industry-4-0-companies-2019)

**STMP:** seems like a good business with the push to online things. Financials look good.",2,2021-11-19 02:07:34
hl3i4rq,t1_hl1rxcw,Thanks man,1,2021-11-18 15:59:44
hl2k0xj,t1_hl2k04h,> The market is never right.,2,2021-11-18 10:30:19
hl3i462,t1_hl2k04h,Which analyst are you thinking of that is correct with their validation?,1,2021-11-18 15:59:31
hl3i2ig,t1_hl2m56s,I already bet. Dumped it in on the portfolio.,3,2021-11-18 15:58:54
hl3iz6x,t1_hl306fx,"Tech is a huge part of S&P already, so if they stay flat or tank, S&P will as well: https://advisor.visualcapitalist.com/sp-500-sectors-and-industries/",1,2021-11-18 16:10:43
hl54fgu,t1_hl4dulf,You got it. Hope you find inspiration or something actionable.,1,2021-11-19 01:10:54
hpcd3n7,t1_ho5bnrb,Working on it right now. Should publish something soon.,1,2021-12-21 05:21:00
hl1icfu,t1_hl1g2n6,"I laid out my methods/thoughts on how I intend to beat the market. We'll see if the theories can hold up to the real world for the long haul. So far I'm 17 months in with success, we'll see how it holds up. Thanks man.",4,2021-11-18 05:51:20
hl274r5,t1_hl0g4si,An easier way to beat SPY is to just buy SPY leaps instead of shares. I have 2 brokerage accounts one I use to actively trade individual tickers (both shares and options) and one that I only trade SPY leaps. I’ve only been doing this since mid September but in the last 2 months my actively managed account is +14% while my SPY leaps account is +48%. It’s only 2 months obviously so I need more data but I’m guessing this trend will continue.,16,2021-11-18 08:53:18
hl0w5wj,t1_hl0h78k,Two words! Getting better already,19,2021-11-18 03:22:15
hl1qg6z,t1_hl0y2ok,If you want to beat S&P just buy NASDAQ. Not rocket science.,22,2021-11-18 06:48:12
hl0yuzp,t1_hl0h5nz,Nice work. I've saved your post. one of few that have this honour.,5,2021-11-18 03:40:04
hl57oav,t1_hl3hemi,">breadth indicator

That's based on price movement, not the quality of the underlying security.",1,2021-11-19 01:32:07
hl0qfy0,t1_hl0h6cu,Thats actually the point of this sub,31,2021-11-18 02:44:20
hl0sa8n,t1_hl0hhxv,Public Stock picks by professionels are manipulative and useless,4,2021-11-18 02:56:17
hl2erx3,t1_hl0wfgc,When are you coming out with 2022 list? Thanks,1,2021-11-18 09:51:01
hl1fdhu,t1_hl1d1zd,Look for monkey pick stocks on YouTube... There is a lot of content and ideas to start. Graham Stephan has a great video about beating the sp500. Good luck!,2,2021-11-18 05:31:04
hl0mkzu,t1_hl0gpqq,[deleted],3,2021-11-18 02:19:20
hl0qymr,t1_hl0gcne,I feel you man. Wife’s boyfriend can be a real pain in the ass sometimes,9,2021-11-18 02:47:41
hl0sngm,t1_hl0gcne,You Think the entirety of the billion dollar fund manager industry Troughout the last 50 years hasn’t had a similar idea to this?,2,2021-11-18 02:58:43
hl1d97z,t1_hl1cwfb,Awesome man thanx!,1,2021-11-18 05:16:48
hl223d9,t1_hl1cwfb,What are your thoughts on putting a large chunk in QQQ and letting it simmer for a few years?,1,2021-11-18 08:14:26
hl6oz1w,t1_hl5d5ir,"That's nice, thanks! Your notes would be cool, it's always nice to have as much raw material as possible to look at - reminds me of M Skrelli material too.

250k it's a bit on the expensive side, but that's the kind of portfolio one can make a small mutual fund based on it and sell shares for 100 bucks a pop on the fund, that kind of structure seems cheaper and more tax efficient for investors that want to replicate the exact same strategy.

Great work, dude. ![img](emote|t5_2th52|4735)",2,2021-11-19 07:29:15
hl3i4mm,t1_hl3i462,"> ""I am thinking of the analyst that is correct with their validation. I am not sure if they are right, but it seems like they might be.""",3,2021-11-18 15:59:41
hla6pxw,t1_hl3i462,"Markets are either wrong or right.
Analysts are either wrong or right.

Beauty is in the of the beholder.",1,2021-11-20 02:06:00
hl3ou4u,t1_hl3iz6x,"Amusing… finance 101 kid linking me to S&P sector breakdown. Your methodology is flawed and there will be massive slippage from your benchmark due to overweighting your hubris. Is it possible to beat SPY, easily… just go long tech and accept the elevated beta a la QQQ. However, your risk adjusted returns over the long term will be skewed. You’re leaving out massive companies like KO or WMT, which are boomertastic and boring as shit, but if you look up what drives SPY in times of bear markets its both dividends and blue chip safety stocks. It also looks like there is almost zero exposure to oil/energy, which has been a dying asset class, yet still can have outsized returns (50% YTD). No AMZN either, I don’t even need to explain this one, do I? You simply are not dynamic enough a portfolio manager to time these rotations and they happen [regularly ](https://novelinvestor.com/sector-performance/). Is it more fun to manage a portfolio, yes. Will you outperform some years, absolutely. Just don’t make blanket statements over exaggerating your experience level when you’ve never done it on a professional level or when times are actually tough because I will call out your BS and 100% take your bet. Come back here and tell me I’m wrong in 10 years. Till then, don’t talk to me like I’m an idiot and have fun investing",-1,2021-11-18 17:32:27
hl2p6a8,t1_hl274r5,Your method will work great in a continuing bull market but I’m hoping that OP’s methods would work in a bear market too.,7,2021-11-18 11:09:53
hl0yc9r,t1_hl0w5wj,"Sweet, making progress.",9,2021-11-18 03:36:37
hl3d6i0,t1_hl1qg6z,TQQQ makin it rain,6,2021-11-18 14:57:27
hl0zeiu,t1_hl0yuzp,"Ha, thanks man. Hope you get some benefit out of the work.",3,2021-11-18 03:43:39
hl22ayp,t1_hl0qfy0,but it is to be on the side were the black swan is what you are betting on weekly.,3,2021-11-18 08:16:06
hl3plt2,t1_hl0qfy0,blown up by or blown by 🤞,1,2021-11-18 17:43:29
hl3fsw1,t1_hl2erx3,"I've been running the data once the end of the year financials come out, but it would be even better to run quarterly. Was originally planning March, but perhaps I can get this a little faster this year since a lot of the initial programming/model is done.",3,2021-11-18 15:29:44
hl1ht3k,t1_hl1fdhu,"Thanks, I'll have to check it out.",2,2021-11-18 05:47:40
hl2eutd,t1_hl0mkzu,Can you elaborate for the smooth brains like me brother?,0,2021-11-18 09:51:36
hl0xez6,t1_hl0qymr,True story. Real question is whose ass?,10,2021-11-18 03:30:28
hl0xpmn,t1_hl0sngm,"Oh hell no, of course they have thought of something similar. There are even active funds out there that do something similar, but then I'm paying them to do it and i find this interesting. Difference is their goal is to make money for their company, not to make me money. Besides, I don't have to beat the market by more than the 2 and 20 in order to give my shareholders better returns.",7,2021-11-18 03:32:28
hl3gigh,t1_hl223d9,"I think over the long term tech is likely going to keep exploding. If your horizon is only a few years I have no idea where we're going to go. Lots of things could bring tech down. Interest rate increases, regulations, climate change, Eric. Originally typed etc., But Eric could be the cause too.",2,2021-11-18 15:38:45
hl224bm,t1_hl223d9,> I think that is a good idea.,1,2021-11-18 08:14:41
hl5fyvs,t1_hl3ou4u,"Not sure why you're so grumpy and abrasive. The visualization of the S&P might not be as useful to you if you're super familiar, but others might find it useful. You know, public forum and all. 

Of course I'm leaving them out. I put together a model, ran the model, then used the outcome. There will for sure be amazing companies that slip through and companies that do poorly that make it, but the goal is to build an index that performs better than the S&P. I'm not sure why you assume I don't own any of those other companies. Not sure what part you think is BS, but we'll see how the experiment goes. Catch you later.",3,2021-11-19 02:25:48
hl3fkwp,t1_hl2p6a8,"This was when I had the idea. When everything was crashing in March from COVID-19, I was thinking that would be an amazing time to figure out what the best companies were in each industry. They could acquire companies on the cheap, especially if they had access to cheap debt. Bear markets are where this will likely truly shine, or the recovery from bear markers.",3,2021-11-18 15:26:54
hl2ewx9,t1_hl2eutd,> You can't buy and sell stocks on the blockchain.,9,2021-11-18 09:52:02
hl2qtul,t1_hl2eutd,Buy when no one is talking about a stock. Sell when wsb starts to notice,1,2021-11-18 11:23:00
hl0ymlb,t1_hl0xpmn,"Its just seems like a lot of other lagging indicators? There companies did well, i will buy those.",3,2021-11-18 03:38:31
hl3pjce,t1_hl3fkwp,What debt to assets level made you disregard a company?,1,2021-11-18 17:42:29
hl2wsjt,t1_hl2qtul,"I am intrigued but I am dumb as nails, can you explain how to capitalize by riding options on low to high IV?",0,2021-11-18 12:12:08
hl0z6yo,t1_hl0ymlb,"If I understood you correctly, yes. I want to get rid of any companies that can't keep up with their peers and just own the best. I will do some DD on the companies that make it past the automated financial analysis to ensure I'm not buying into a dying industry, pending legal troubles, expiring IP, creative accounting, etc. to end up with a final list of great companies spread across a variety of industries. I don't need to know which companies are worth looking at ahead of time, the metrics will tell me where to look.",1,2021-11-18 03:42:15
hl5a41o,t1_hl3pjce,"Completely dependent on the industry. Banks have a completely different debt model than say tech, so I used the average of the industry as the benchmark. They could technically still have high debt and make it through the filtering if everything else was amazing, so 8 great scores and 1 poor would get them a 25 composite. If they had poor growth and high debt though they definitely bit the dust. Here's an example in professional services. Median debt/equity ratio of that industry was 0.68. NRC had a debt to equity ratio of 0.48, so they would have been good. EXPO had .06 so they would have been great.

If we look at software however, the industry mean was 0.45, so NRC would have had a poor rating if they'd been compared against companies that aren't really their peers.",1,2021-11-19 01:47:48
hl3prcu,t1_hl2wsjt,"When IV low, you buy a good call or a put :)",1,2021-11-18 17:45:42
hl113f0,t1_hl0z6yo,The problem of lagging indicators is you will own the best  company from last year. Every year. It Can probably be a fine strategy either way But i doubt it will outperform Any index regularly,3,2021-11-18 03:54:46
hl1b19y,t1_hl113f0,"Since I'm looking at the averages over 5 years, I'm looking for that historical data. Even CAMSLIM uses a historical average, though they are much more of the get in/get out. 

I sure hope it will outperform, but either way I get the benefits I can't get with an Index I mentioned in the post.",1,2021-11-18 05:01:31
