comment_id,comment_parent_id,comment_body,comment_score,created_utc
hqkuyn9,t3_rs8zp9,"
**User Report**| | | |
:--|:--|:--|:--
**Total Submissions**|23|**First Seen In WSB**|5 months ago
**Total Comments**|1964|**Previous DD**|[x](https://www.reddit.com/r/wallstreetbets/comments/roiuem/gme_will_run_up_again_in_january_read_this_to/) [x](https://www.reddit.com/r/wallstreetbets/comments/rs8zp9/adobe_and_why_in_a_month_youll_be_able_to_finally/) [x](https://www.reddit.com/r/wallstreetbets/comments/qqjafg/bntx_i_am_still_holding_and_bullish_friday_is_a/) [x](https://www.reddit.com/r/wallstreetbets/comments/rdjrjq/pypl_is_extremely_undervalued_at_188/) [x](https://www.reddit.com/r/wallstreetbets/comments/pzdtln/bntx_and_why_i_bought_this_massive_dip/) 
**Account Age**|6 months|[^scan ^comment ](https://www.reddit.com/message/compose/?to=VisualMod&subject=scan_comment&message=Replace%20this%20text%20with%20a%20comment%20ID%20(which%20looks%20like%20*h26cq3k*)%20to%20have%20the%20bot%20scan%20your%20comment%20and%20correct%20your%20first%20seen%20date.)|[^scan ^submission ](https://www.reddit.com/message/compose/?to=VisualMod&subject=scan_submission&message=Replace%20this%20text%20with%20a%20submission%20ID%20(which%20looks%20like%20*h26cq3k*)%20to%20have%20the%20bot%20scan%20your%20submission%20and%20correct%20your%20first%20seen%20date.)
**Vote Spam (NEW)**|[Click to Vote](https://www.reddit.com/message/compose/?to=VisualMod&subject=vote_spam&message=rs8zp9)|**Vote Approve (NEW)**|[Click to Vote](https://www.reddit.com/message/compose/?to=VisualMod&subject=vote_approve&message=rs8zp9)",1,2021-12-31 02:49:04
hqkyfm5,t3_rs8zp9,"I am a professional photographer/designer/youtuber. I agree that Adobe is absolutely the industry standard. However, Adobe lost me with their subscription service. I'll be running CS6 for the rest of my life.",9,2021-12-31 03:11:16
hqkwakh,t3_rs8zp9,"yeah no, this post is a lie.

I mean, the DD is good, and I’ll probably all in because im retarded, but to say I’ll finally be able to afford photoshop is just lying through your teeth.",20,2021-12-31 02:57:31
hqlb9py,t3_rs8zp9,Bear case: people learn that they can just use photopea or even get a cracked version of Adobe products for free,3,2021-12-31 04:34:38
hqkwcf1,t3_rs8zp9,And earnings this quarter are stellar? Don’t count on it…,2,2021-12-31 02:57:51
hql06nk,t3_rs8zp9,">Glad I didn’t, but I wish I inversed you retards and bought puts.  
However, now is the time to buy ADBE calls.

You should inverse your self this time too",2,2021-12-31 03:22:28
hql5csk,t3_rs8zp9,"
ADBE    $572.32  vs   AVID    $33.12
Why is AVID is cheap then?",1,2021-12-31 03:55:37
hqlebyl,t3_rs8zp9,"Reddit Inc. has banned Seeking Alpha articles sitewide.

To get around this, please repost your comment/thread with the link removed, and the relevant parts of the article copy and pasted. 

*I am a bot, and this action was performed automatically. Please [contact the moderators of this subreddit](/message/compose/?to=/r/wallstreetbets) if you have any questions or concerns.*",1,2021-12-31 04:54:40
hql578b,t1_hqkyfm5,"Now that other developers can finally see how much $ is at stake, expect fierce competition soon (please!). Most professionals are sick of Adobe's bullshit and their buggy fucking releases that do nothing to make our jobs any easier. We'd all jump ship if we could, but there's no other boats in the sea.",3,2021-12-31 03:54:37
hql6j89,t1_hqkyfm5,Hilarious I'm still on cs2 student edition,2,2021-12-31 04:03:24
hqllb30,t1_hqkyfm5,you can pirate it for $0,2,2021-12-31 05:40:27
hqkyxni,t1_hqkyfm5,"As someone else who’s familiar with it, it’s very overpriced. For the company it’s good, but for us it sucks.",3,2021-12-31 03:14:31
hqky35y,t1_hqkwakh,![img](emote|t5_2th52|4271),2,2021-12-31 03:09:02
hql365k,t1_hqkwakh,They do a subscription plan now so even the peasants can afford it.,1,2021-12-31 03:41:32
hqkwwmn,t1_hqkwcf1,Next earnings isn’t until march.,2,2021-12-31 03:01:26
hql7nd2,t1_hql06nk,Remindme! 6 weeks,1,2021-12-31 04:10:48
hql89ql,t1_hql06nk,Lmao we’ll see buddy. Try buying $400 puts see what happens,1,2021-12-31 04:14:56
hql8fzx,t1_hql5csk,Avid is a one trick pony. Adobe has 20+ apps used by tons of different companies and professionals.,2,2021-12-31 04:16:05
hql7lq8,t1_hql5csk,Berkshire Hathaway $342k vs Tesla $1100... Why is TSLA is cheap then?,1,2021-12-31 04:10:30
hqm9mr7,t1_hqllb30,You can pirate the subscription?,1,2021-12-31 08:25:17
hql7sml,t1_hql7nd2,"I will be messaging you in 1 month on [**2022-02-10 20:10:48 UTC**](http://www.wolframalpha.com/input/?i=2022-02-10%2020:10:48%20UTC%20To%20Local%20Time) to remind you of [**this link**](https://www.reddit.com/r/wallstreetbets/comments/rs8zp9/adobe_and_why_in_a_month_youll_be_able_to_finally/hql7nd2/?context=3)

[**CLICK THIS LINK**](https://www.reddit.com/message/compose/?to=RemindMeBot&subject=Reminder&message=%5Bhttps%3A%2F%2Fwww.reddit.com%2Fr%2Fwallstreetbets%2Fcomments%2Frs8zp9%2Fadobe_and_why_in_a_month_youll_be_able_to_finally%2Fhql7nd2%2F%5D%0A%0ARemindMe%21%202022-02-10%2020%3A10%3A48%20UTC) to send a PM to also be reminded and to reduce spam.

^(Parent commenter can ) [^(delete this message to hide from others.)](https://www.reddit.com/message/compose/?to=RemindMeBot&subject=Delete%20Comment&message=Delete%21%20rs8zp9)

*****

|[^(Info)](https://www.reddit.com/r/RemindMeBot/comments/e1bko7/remindmebot_info_v21/)|[^(Custom)](https://www.reddit.com/message/compose/?to=RemindMeBot&subject=Reminder&message=%5BLink%20or%20message%20inside%20square%20brackets%5D%0A%0ARemindMe%21%20Time%20period%20here)|[^(Your Reminders)](https://www.reddit.com/message/compose/?to=RemindMeBot&subject=List%20Of%20Reminders&message=MyReminders%21)|[^(Feedback)](https://www.reddit.com/message/compose/?to=Watchful1&subject=RemindMeBot%20Feedback)|
|-|-|-|-|",1,2021-12-31 04:11:47
hqlml4s,t1_hql7lq8,You are comparing apple to orange,1,2021-12-31 05:48:50
hqmm4zb,t1_hqm9mr7,"no, ignore the subscription, you download the application and boom good for life, check out rutracker . org",1,2021-12-31 09:56:34
