comment_id,comment_parent_id,comment_body,comment_score,created_utc
h88o53g,t3_p0s8nu,"
**User Report**| | | |
:--|:--|:--|:--
**Total Submissions**|2|**First Seen In WSB**|5 minutes ago
**Total Comments**|0|**Previous DD**|
**Account Age**|7 months|[^scan ^comment ](https://www.reddit.com/message/compose/?to=VisualMod&subject=scan_comment&message=Replace%20this%20text%20with%20a%20comment%20ID%20(which%20looks%20like%20*h26cq3k*)%20to%20have%20the%20bot%20scan%20your%20comment%20and%20correct%20your%20first%20seen%20date.)|[^scan ^submission ](https://www.reddit.com/message/compose/?to=VisualMod&subject=scan_submission&message=Replace%20this%20text%20with%20a%20submission%20ID%20(which%20looks%20like%20*h26cq3k*)%20to%20have%20the%20bot%20scan%20your%20submission%20and%20correct%20your%20first%20seen%20date.)",1,2021-08-09 10:17:57
h88pgty,t3_p0s8nu,"You had me at ""business expensive"" strippers",134,2021-08-09 10:30:02
h88pmf6,t3_p0s8nu,i’ll be damned if our overlords are called “faang.” THICC ASS ftw,62,2021-08-09 10:31:26
h88vltz,t3_p0s8nu,were you horny when you wrote this?,41,2021-08-09 11:27:23
h88s4fw,t3_p0s8nu,Saving this post.,14,2021-08-09 10:54:16
h896r2q,t3_p0s8nu,"Cloudflare is a true unicorn, which is why I bought the IPO at $17, what a steal. You should check out Digital Ocean too, I just bought that IPO as well.",15,2021-08-09 13:28:56
h89d92m,t3_p0s8nu,This actually compliments the Becky ETF really well.,9,2021-08-09 14:55:38
h89fiiy,t3_p0s8nu,This is like the slightly less insane version of the guy that wrote a [DD](https://www.markovchained.com/profiles/view/reddit:bonejohnson8) based on Lil Yachty's lyrics,7,2021-08-09 15:28:10
h88xgl9,t3_p0s8nu,I’m in,4,2021-08-09 11:45:38
h894rtk,t3_p0s8nu,"thicc ass that makes me richer. What a novel approach, normally it costs me money. I'm in!",5,2021-08-09 13:04:52
h895396,t3_p0s8nu,The THICC ASS ETF shall reign supreme for all of eternity thank for this,4,2021-08-09 13:08:37
h893gh3,t3_p0s8nu,All you had to say was thicc ass,9,2021-08-09 12:49:16
h8a014h,t3_p0s8nu,"“Wtf is FAANG? I only ever have heard of THICC ASS. Go suck your mom’s tits, boomer”",9,2021-08-09 20:10:32
h88tfbx,t3_p0s8nu,You had me at “thicc ass”,5,2021-08-09 11:06:16
h89u9ph,t3_p0s8nu,The synergy in this portfolio strategy makes it unpossible to go tits up.,2,2021-08-09 19:03:23
h89yn0w,t3_p0s8nu,This sounds legit,2,2021-08-09 19:55:22
h8ah70h,t3_p0s8nu,Got me at Latinas,2,2021-08-09 22:40:10
h8apcsc,t3_p0s8nu,Hubspot does not belong with those other companies lol,2,2021-08-09 23:40:36
h89icay,t3_p0s8nu,No more FAGMAN,3,2021-08-09 16:10:07
h8a6niu,t3_p0s8nu,You lost me at twilio. Shit is overvalued as fuck,1,2021-08-09 21:14:45
h89j9xx,t3_p0s8nu,This is genius,1,2021-08-09 16:24:18
h89t51p,t3_p0s8nu,This actually makes a lot of sense!,1,2021-08-09 18:48:38
h8a1eiu,t3_p0s8nu,Thanks for brightening my drab rat race Monday morning.,1,2021-08-09 20:24:55
h8a2v8k,t3_p0s8nu,Throw Infosys (INFY) in there as well. They go nowhere but up!,1,2021-08-09 20:39:33
h8akwrn,t3_p0s8nu,Welcome to the overvalued hyped up to the sky SaaS,1,2021-08-09 23:08:03
h8b4io2,t3_p0s8nu,"I’m afraid to buy high, sell low",1,2021-08-10 01:27:59
h8c7emv,t3_p0s8nu,this is essentially my portfolio and I could not agree more. THICC ASS COMPLEX TO THE MOON!,1,2021-08-10 06:04:58
haggsv9,t3_p0s8nu,Imagine picking stocks just to create an acronym.,1,2021-08-27 02:37:47
h88rfyt,t3_p0s8nu,I like except Shopify is overvalued I’m sorry. WISH fundamentals supersede Shopify all while they work on improving the quality of their products.,-22,2021-08-09 10:48:04
h89kni3,t3_p0s8nu,what could one use instead of hub and intuit?,0,2021-08-09 16:45:17
h89phxr,t3_p0s8nu,If you buy this today it means you HATE MOENY,0,2021-08-09 17:58:21
h88u600,t1_h88pgty,had me at thicc ass,44,2021-08-09 11:13:22
h89xj5g,t1_h88pgty,Well u do get to expense 50% of meals and entertainment 😅,6,2021-08-09 19:42:51
h88rikh,t1_h88pmf6,FAANG sounds like the bad guys from a GI Joe knock-off.,24,2021-08-09 10:48:44
h8a9b9y,t1_h896r2q,"Agreed on Cloudflare. But what's the argument for DO? They have many competitors, and their growth is not comparable to NET.",5,2021-08-09 21:37:45
h8btmht,t1_h896r2q,[deleted],1,2021-08-10 04:24:43
h88szb6,t1_h88rfyt,"THICC SAW?

GTFO",13,2021-08-09 11:02:08
h89oci0,t1_h88rikh,"one of the earliest vehicles was the cobra fang.  ironically, it was the FANG (fully armed negator gyrocopter)",6,2021-08-09 17:41:24
h8bi49u,t1_h88rikh,I thought they changed it to FAGMA?,3,2021-08-10 03:03:22
h8aptnw,t1_h8a9b9y,"DO has a loyal following in the small and midsize businesses sector as it touts ease of use and is more affordable than AWS. 

See this link for Citron $200 price target.
[Citron $200 Price Target](https://www.thestreet.com/investing/digitalocean-rises-on-citron-200-price-target)",2,2021-08-09 23:43:58
h8g9xn1,t1_h8btmht,"Just look at their website. They have expanded significantly since \~3-4 years ago. Managed DBs, storage, K8s, an app platform, load balancing, the list is growing.",1,2021-08-11 04:16:34
h89za6r,t1_h89oci0,"That sounds meaner than the BO-AT, buoyancy operated aquatic transport.",5,2021-08-09 20:02:29
h8bko4p,t1_h8bi49u,"League Of Villainous Evildoers Maniacally United For Frightening Investments in Naughtiness, aka LOVEMUFFIN",5,2021-08-10 03:21:22
h8b3uox,t1_h8aptnw,"Thanks for the recommendation here, u/hypemaster33 (although, now that I'm typing out your username, I'm a little more concerned...). 

Did a bit of my own DD, and I like what I'm seeing here. It got me thinking about the CRM market and the HubSpot vs. Salesforce dynamic, and I don't think DigitalOcean's position is dissimilar to that of HubSpot's. 

At face value, the CRM market is dominated by a few heavy hitters and is intimidating to enter, but even SFDC only has <25% market share, and HubSpot -- despite a significant disadvantage in resources and experience -- has been able to consistently out-execute SFDC in the SMB space over the past few years due -- in my opinion -- to 1) strong community / brand loyalty, 2) simplifying what has traditionally been a complex type of software, and 3) a significantly lower total cost of ownership than 'enterprise-grade' competitors. 

Also -- on an anecdotal level -- I work in the iPaaS space, which gives me a lot of exposure to enterprise software trends (which is why I'm very bullish on Snowflake, despite analysts claiming it is still overvalued), and there's a lot of folks at SMBs that are salty about AWS's complexity and unpredictable TCO. Certainly coming across a lot of Azure, but that's more so due to Microsoft's ability to sell the 'side of fries' with the Office/Dynamics, than it being a superior to AWS. 

From an addressable market standpoint, many companies -- regardless of industry/size -- are 'tech companies'... they just don't know it yet. They need to embrace technology in order to compete / differentiate / scale effectively, or they won't be in business ten years from now. I firmly believe we're only scraping the tip of the iceberg with SMBs today.

That's all to say, I think there's a massive opportunity here for DigitalOcean to carve-out a sizable niche in SMB.",5,2021-08-10 01:23:20
h8bkvai,t1_h8b3uox,"Hypemaster was a name I earned back in 02 when I pitched a new version of my web site to my community. I liked it so I kept it. Full disclosure I have bought 20 shares of DO and plan to buy more, so at this point I am only minimally invested in it, however I love to share what I believe are good investments when I find them. I am not in the business of pitching stocks, just trying to pave forward a better future for myself",2,2021-08-10 03:22:45
hayqrjx,t1_h8bkvai,This conversation aged well! Thanks again for inspiring me to consider $DOCN,3,2021-08-31 03:19:26
h8haxie,t1_h8bkvai,"Re: ‘HypeMaster’, just a joke on my part — no worries! 

I’m easing into $DOCN gradually as well. I often looking for long positions and have far more ideas than capital to invest, so you can’t always go full bore into everything immediately!",2,2021-08-11 09:01:39
haz1vc2,t1_hayqrjx,Glad it’s going good for you.,2,2021-08-31 04:35:49
