comment_id,comment_parent_id,comment_body,comment_score,created_utc
h2dwv3q,t3_o3v7eq,"
**User Report**| | | |
:--|:--|:--|:--
**Total Submissions**|3|**First Seen In WSB**|7 hours ago
**Total Comments**|0|**Previous DD**|[x](https://www.reddit.com/r/wallstreetbets/comments/o3v7eq/adobe_will_fly_before_and_after_earnings_dd/) 
**Account Age**|2 weeks ago|[^scan ^comment ](https://www.reddit.com/message/compose/?to=VisualMod&subject=scan_comment&message=Replace%20this%20text%20with%20a%20comment%20ID%20(which%20looks%20like%20*h26cq3k*)%20to%20have%20the%20bot%20scan%20your%20comment%20and%20correct%20your%20first%20seen%20date.)|[^scan ^submission ](https://www.reddit.com/message/compose/?to=VisualMod&subject=scan_submission&message=Replace%20this%20text%20with%20a%20submission%20ID%20(which%20looks%20like%20*h26cq3k*)%20to%20have%20the%20bot%20scan%20your%20submission%20and%20correct%20your%20first%20seen%20date.)",1,2021-06-20 10:07:01
h2dwz9u,t3_o3v7eq,This is a #neversell stock for me.  I think $U will end up being similar,1,2021-06-20 10:08:13
