comment_id,comment_parent_id,comment_body,comment_score,created_utc
hczpfwc,t3_poxosv,"
**User Report**| | | |
:--|:--|:--|:--
**Total Submissions**|13|**First Seen In WSB**|8 months ago
**Total Comments**|44|**Previous DD**|[x](https://www.reddit.com/r/wallstreetbets/comments/mvlxr2/eglx_the_biggest_opportunity_in_esports/) [x](https://www.reddit.com/r/wallstreetbets/comments/poxosv/ai_how_are_my_fellow_palantards_not_seeing_this/) [x](https://www.reddit.com/r/wallstreetbets/comments/mdujoq/actual_wolf_of_wall_street_joins_esports_company/) [x](https://www.reddit.com/r/wallstreetbets/comments/mdui2h/wolf_of_wallstreet_joins_gamesquare_esports_gsqv/) 
**Account Age**|9 months|[^scan ^comment ](https://www.reddit.com/message/compose/?to=VisualMod&subject=scan_comment&message=Replace%20this%20text%20with%20a%20comment%20ID%20(which%20looks%20like%20*h26cq3k*)%20to%20have%20the%20bot%20scan%20your%20comment%20and%20correct%20your%20first%20seen%20date.)|[^scan ^submission ](https://www.reddit.com/message/compose/?to=VisualMod&subject=scan_submission&message=Replace%20this%20text%20with%20a%20submission%20ID%20(which%20looks%20like%20*h26cq3k*)%20to%20have%20the%20bot%20scan%20your%20submission%20and%20correct%20your%20first%20seen%20date.)",1,2021-09-16 04:00:57
hczptt3,t3_poxosv,We see it dropped from the sky just waiting for it to hit the ground,5,2021-09-16 04:03:30
hd0jlyw,t3_poxosv,The CEO has been selling like $30m in stock every month for the past few months.  why he does so is anyone's speculation but it's definitely not the best of optics.,4,2021-09-16 07:38:28
hd0d6xx,t3_poxosv,"Na, I am all in on PATH",3,2021-09-16 06:48:14
hczrtpl,t3_poxosv,Stay away from AI ….,5,2021-09-16 04:16:52
hczvw0c,t3_poxosv,Still 30% above ipo price,3,2021-09-16 04:43:48
hd0fks9,t3_poxosv,"probably shouldn't be interested tbh since AI doesn't exist and machine learning has been around since like the 80s.  


Just buzz words. PLTR on the other hand does things no other company can do",5,2021-09-16 07:06:26
hd0kw9y,t3_poxosv,"Couldn't understand half the stuff written on their website explaining what they do.

Me to special for it.",1,2021-09-16 07:48:44
hd2rgr4,t3_poxosv,I see p/s of 23 and shitty growth,1,2021-09-16 21:30:24
hd8tebp,t3_poxosv,It seems like a good opportunity to me. Seems like it has found support around $48-$50.,1,2021-09-18 03:33:56
hddkp9a,t3_poxosv,Im in it 200 stocks bought at sweet dip of 48.03. I see huge potential. Only bearish sentiment is insider selling which to me is justified.,1,2021-09-19 04:46:01
hczpw8g,t1_hczptt3,Fair point haha,1,2021-09-16 04:03:57
hd0xjlt,t1_hd0fks9,"I'm pretty sure C3 does exactly what Palantir does.

Granted, Palantir is likely better at it, and they have better connections and contracts in the offices that matter.

But their market cap is also 10X higher.",0,2021-09-16 09:28:23
hd0xt51,t1_hd0xjlt,"does C3 have top level government clearance to work on sensitive projects and already won any contracts because of that?

  
PLTR does that's why they are special",8,2021-09-16 09:30:29
