comment_id,comment_parent_id,comment_body,comment_score,created_utc
hok72k5,t3_rghghy,"Your submission was removed from /r/wallstreetbets due to being too short. All text submissions must be at least 100 characters long.

*I am a bot, and this action was performed automatically. Please [contact the moderators of this subreddit](/message/compose/?to=/r/wallstreetbets) if you have any questions or concerns.*",1,2021-12-15 05:12:55
hok77f3,t3_rghghy,"I am a bot from /r/wallstreetbets. Your submission was removed because you posted a Gain/Loss/YOLO that was not a reddit image gallery, no links or selfposts please.",1,2021-12-15 05:13:52
