comment_id,comment_parent_id,comment_body,comment_score,created_utc
glukg6j,t3_lbjl9e,It’s is literally at a 24 month high.,27,2021-02-03 19:01:07
glvfpc7,t3_lbjl9e,"GM is trading at more than 4x the price of F

Ahhhh yes, because comparing the price of a stock tells us everything. Solid DD",22,2021-02-03 23:52:59
glud132,t3_lbjl9e,Upvoting purely because it's not another GMEAnon post.,52,2021-02-03 17:08:08
glugd6g,t3_lbjl9e,can always go lower,8,2021-02-03 17:59:25
gludah5,t3_lbjl9e,keep elon's name out your mouth,7,2021-02-03 17:12:08
glvuy8b,t3_lbjl9e,NIO sucks,1,2021-02-04 01:36:00
glvimjj,t3_lbjl9e,"Bro bro bro I like Ford, but gm is only about double the price of Ford not even",0,2021-02-04 00:13:02
glvig2k,t1_glukg6j,So is practically everything else guy,14,2021-02-04 00:11:48
glxqmyc,t1_glvfpc7,What's a market cap? Like aspecial type of hat for retards  ?,6,2021-02-04 09:44:53
glvfswt,t1_gludah5,Papa Musk,1,2021-02-03 23:53:38
glwrsnh,t1_glvig2k,"TR is not.

Solid company. Low float, tightly held. Good financials.",2,2021-02-04 05:15:36
