comment_id,comment_parent_id,comment_body,comment_score,created_utc
gxnc4a7,t3_n9b9l6,go go go PAYSAFE!,25,2021-05-11 04:03:47
gxmt6ad,t3_n9b9l6,"Welp.. i was extremely bullish until it made its way to WSB

Where all good stocks go to die",58,2021-05-11 01:50:46
gxndljc,t3_n9b9l6,"And just like that, my x500 10/15/21 $20c are scared 😂",16,2021-05-11 04:14:08
gxob3nt,t3_n9b9l6,"$17 PT from Credit Suisse = buy.

Owned by FNF and Bill Foley, a guy who spins figurative gold out of everything he touches = strong buy.

My take: 2.5x within 12 months ($30).",12,2021-05-11 08:37:43
gxp2kk8,t3_n9b9l6,"While tech is taking a beating good value companies are still in the green. PayPal, SQ and other trading over their normal PE/PEG are getting destroyed. 

The market has had enough with overvalued growth stocks and that is healthy. Adobe is holding up well and trading at reasonable multiples, as well as Microsoft and some others where there is actual substance.

Paysafe is very, very undervalued by traditional metrics. The BIG question is their ability to generate organic growth. Yes, the underlying markets have outstanding CAGR, but are they capitalising on it?

We’ll see, I don’t think think anything is priced in to PSFE as opposed to PYPL and others who tanked on superreports. 

I hold 6000 shares and I’m planning to double that if earnings and guidance are according to my expectations.",9,2021-05-11 12:58:32
gxn0fak,t3_n9b9l6,I'll decide after earnings if I dump or buy more.,7,2021-05-11 02:41:26
gxqfhzt,t3_n9b9l6,I hope that you are bang on with your theory 🕵🏼‍♂️,5,2021-05-11 22:39:48
gxxsg59,t3_n9b9l6,"I think this has so much potential in the USA for growth moving forward...  It has been mostly International, but so much is now growing in the US especially with Foley connections and now WYNNBETS going SPAC with Foley and PSFE becomes the transaction arm...  All the US States passing online gaming..  All positive revenue in a space that PSFE has never really touched...  So this just has so many positive growth points that we all will be laughing about the teen's....  Its hard to really bash anything, yeah we probably all wish this was 20's or high teen's before ER call, yeah it should have spiked when merger happened or even ticker change.. but the market shifted, the market has corrected a few times this year, the last 2 days have been a blood bath...  ER call on a day when the market is tanking...  Dow was over 400 down that day too..  All in all you have to believe in the growth and be happy you got in at the 10-18$ range... if this went IPO retail probably wouldnt even get in until the stock was $60 or more. I think if you do the research and pick a solid company with solid future growth, SPACS are amazing because I couldn't hold 18K+ shares if the stock was $60... or more..  Or even hold 10K of shares...  being 10-16 or 18 give me opportunity to hold a lot of shares...  So I think this is a winner but everyone has their reasons...  Everyone has their winners and losers..  We just have to sit back, wait for the market to correct itself, wait for inflation to work its self into the market and know this is going to take off.. just might be a little longer than many including I thought this would be.. but the more I hear foley talk the more I see where this is headed, I'll wait.. Good luck",3,2021-05-13 11:27:56
gxmsyp2,t3_n9b9l6,Your title is too fucking busy,13,2021-05-11 01:49:17
gxx9e2m,t3_n9b9l6,All in,3,2021-05-13 08:45:25
gy24c96,t3_n9b9l6,"Guys this is so hard undervalued I can’t believe that. I’m holding 8511 shares @13USD flat. I’m not worried about that company which is in Europe (I’m from Germany) in every corner. So take into count, that the Earnings doesn’t take any of foleys action since merger into count! The partnership with Microsoft and payment of the XBOX store or others. Every deal that foley has his hands on wasn’t in that Earnings report or at least just minimal. Go and see on Fintel the 13F fillings...wells Fargo just bought 7.7million shares! There are many others and the institutional ownership is only near 9%. Just wait and see what happens in this price range right now...",3,2021-05-14 11:17:38
gxmxiyl,t3_n9b9l6,Time to inverse WSB again,4,2021-05-11 02:21:13
gxndw0c,t3_n9b9l6,They actually have 3400 employees Robinhood says 4,5,2021-05-11 04:16:11
gxone8u,t3_n9b9l6,$PSFE To the moon.,3,2021-05-11 10:24:49
gxxappn,t3_n9b9l6,Very well done. Please post in SPAC group and anywhere you can,2,2021-05-13 08:56:00
h1imy3u,t3_n9b9l6,"Analysts have a $18/share. They are trying to keep around $12, I hope their plan is after the $1billion refinancing, this should pop. Also once the price rise above $30 they should do a share placement to raise capital to pay down debt to increase earnings, then this should be the 2nd leg run up.  🤞🤞🤞",2,2021-06-12 22:14:16
gxmvtx2,t3_n9b9l6,[deleted],1,2021-05-11 02:09:22
gxncqgo,t3_n9b9l6,Gaysafe,-4,2021-05-11 04:08:07
gxmz6qz,t3_n9b9l6,they have a $10 billion market cap but only 4 employees. Seems sketchy. 4 people are producing enough of a “service” that it generates 10 billion in company valuation? Seems a little over valued my guy. But what does jiggy madoff know.,-9,2021-05-11 02:32:48
gxn9w7m,t3_n9b9l6,This could be the new meme stock!,-7,2021-05-11 03:47:58
h0ywdkq,t3_n9b9l6,Noticed irregularities in trading volumes and intraday price movements?,1,2021-06-08 07:21:50
hlsw18r,t3_n9b9l6,u/vegancash are you buying the dip 😅,1,2021-11-24 03:02:39
gxnc4bi,t1_gxnc4a7,"Bagholder Spotted

*I am a bot, and this action was performed automatically. Please [contact the moderators of this subreddit](/message/compose/?to=/r/wallstreetbets) if you have any questions or concerns.*",20,2021-05-11 04:03:47
gxmut69,t1_gxmt6ad,[deleted],7,2021-05-11 02:02:13
gxop4y7,t1_gxob3nt,Foley announced tonight that he's taking Wynn Interactive public through AUS (another Foley SPAC).  Wonder who will handle their payment processing . . .,8,2021-05-11 10:40:20
gxqk1k6,t1_gxp2kk8,"Well this aged like fucking milk didn’t it? 

I had to double down at just under 11, which was successful, then get out at 12 even. All in all, not too bad as I’ve at least made the loss back (almost).",8,2021-05-11 23:12:10
gy28x7o,t1_gy24c96,"I increase my position by a third and plan to add more if it dip further. I realized on the conference call that only 15 states are really active. I thought it was more. While some states already open to leagal gambling it haven't hit off yet. And the big 4 states CA, TX, FL, NY hasn't open yet. When they do there's only one way: up. Plus there were reduced sport events during the pandemic. Now things are opening up. I'm still long on this stock for sure but also betting on short term bounce as it getting so low in value.",2,2021-05-14 12:03:30
gxtw2m7,t1_gxmxiyl,yep,2,2021-05-12 15:53:50
gxntloa,t1_gxndw0c,holding company,1,2021-05-11 06:12:42
gxp9tce,t1_gxncqgo,"I’m a PSFE bull, but take my silver. Proud of you, son.",6,2021-05-11 14:33:37
gxndwtz,t1_gxncqgo,Perfect for wsb,3,2021-05-11 04:16:20
gxndv64,t1_gxmz6qz,~3400 employees,10,2021-05-11 04:16:01
gxn1m3l,t1_gxmz6qz,Where did you read that they only have 4 employees?,5,2021-05-11 02:49:47
gxntp1w,t1_gxmz6qz,it's a holding company you retards.,4,2021-05-11 06:13:27
gxoi668,t1_gxmz6qz,Nothing.,2,2021-05-11 09:38:46
gxnabfc,t1_gxmz6qz,This was  my first first red flag,-7,2021-05-11 03:50:57
gxx2s7r,t1_gxn9w7m,The best way to making something NOT a meme is by saying “this could be a new meme”,2,2021-05-13 07:53:11
gxmvdat,t1_gxmut69,I rake in some more if it dumps due to good earnings,10,2021-05-11 02:06:09
gxn8x4g,t1_gxmut69,"I hear ya. Tech and growth stock getting punish like crazy no matter what. PENN reported a very good eating and still get crushed. This will eventually pass. Let's hope sooner rather than later.

On a side note PSFE in green today while the NASDAQ is deep in red. I think this may has to do with there new upgrade this morning from CS before earning.",5,2021-05-11 03:41:05
gxnthiu,t1_gxmut69,i was really hoping for a selloff before earnings but growth before earnings is the kiss of death.,3,2021-05-11 06:11:47
gxqyul0,t1_gxop4y7,This,4,2021-05-12 00:55:10
gxs8d16,t1_gxqk1k6,"I didn’t even think the ER was that bad. Pretty well a right in line, boring earnings. Growth was abysmal and that basically maintaining that same slow growth guidance, but damn did I take it on the nose today.",5,2021-05-12 06:10:49
hi9h89y,t1_gy28x7o,You should triple down now that it it’s at 7.50,1,2021-10-28 00:15:53
gxnxvzw,t1_gxn1m3l,He read it on Robinhood since that app is too slow to update post-merger spacs.,8,2021-05-11 06:47:13
gxnfq0m,t1_gxnabfc,[deleted],0,2021-05-11 04:29:15
gxx3wtu,t1_gxmvdat,This comment has aged very well.,3,2021-05-13 08:02:11
gxntxdr,t1_gxn8x4g,"i think we'll see an earnings pop since this has been beaten down so bad.

It'll give a nice reminder that PSFE is undervalued AF",3,2021-05-11 06:15:16
gxnhiyz,t1_gxnfq0m,3400 lol,2,2021-05-11 04:42:11
