comment_id,comment_parent_id,comment_body,comment_score,created_utc
gtg88oh,t3_mkk98g,Tsla Pre-market is up $50,65,2021-04-05 21:17:04
gtg8di4,t3_mkk98g,"Loaded up on Tesla last week, already up 7% this am.",48,2021-04-05 21:18:19
gtg880s,t3_mkk98g,"*ah shit, here we go again*",81,2021-04-05 21:16:54
gtghzug,t3_mkk98g,Aye let's do this again! been a while!,13,2021-04-05 22:41:39
gtg84ns,t3_mkk98g,Take your hand out of your pocket; not everything is a short squeeze.,192,2021-04-05 21:16:03
gtga6er,t3_mkk98g,95% of this sub don’t have the funds to even buy 1 Tesla share bro...,77,2021-04-05 21:34:40
gth5mmx,t3_mkk98g,"Historically about 10% or options are exercised, say it's 20% in this case due the the run up. That puts the short interest closer to 10% of float than 26%.",8,2021-04-06 01:40:38
gtg7d3a,t3_mkk98g,I like the stock,29,2021-04-05 21:08:53
gth17pv,t3_mkk98g,you guys sure love short squeezes....,5,2021-04-06 01:07:37
gtjleuv,t3_mkk98g,Lol tesla is good play but not cuz of a short squeeze. This sub finishes to the phrase short squeeze like MSM finishes to solid state.,5,2021-04-06 14:46:33
gtg8s8c,t3_mkk98g,So basically my 690C today expiring 4/16 is time to lube up for the wife’s bf,4,2021-04-05 21:22:04
gtg9ohg,t3_mkk98g,All I know is I don’t want to bet against Elon,24,2021-04-05 21:30:07
gtg85ca,t3_mkk98g,Not everything’s a short squeeze,16,2021-04-05 21:16:13
gtj96si,t3_mkk98g,Interesting. Thanks for sharing your thoughts.,3,2021-04-06 12:06:22
gtpc6em,t3_mkk98g,"Any thoughts on the price action today, /u/__TSLA__?",3,2021-04-08 00:22:10
gtga1b4,t3_mkk98g,DD making me real HARD.,6,2021-04-05 21:33:23
gtiqjlx,t3_mkk98g,"good dd, tsla gang",4,2021-04-06 09:16:27
gtjcisp,t3_mkk98g,Dear lord with the short squeeze bullshit.,5,2021-04-06 12:44:05
gtgidco,t3_mkk98g,You actually put any money where your mouth is?,2,2021-04-05 22:44:41
gthwqzl,t3_mkk98g,so buy TLSA? groundbreaking stuff here,2,2021-04-06 05:07:15
gtga9lb,t3_mkk98g,[deleted],3,2021-04-05 21:35:28
gtgs684,t3_mkk98g,yawn,2,2021-04-05 23:59:41
gtgo488,t3_mkk98g,No,2,2021-04-05 23:29:26
gth1z08,t3_mkk98g,why buy tesla when you could just buy gme,2,2021-04-06 01:13:17
gtgjz7i,t3_mkk98g,I like the stock,1,2021-04-05 22:57:31
gtgnb65,t3_mkk98g,Lets goo!!!,1,2021-04-05 23:23:23
gtgewmy,t3_mkk98g,What happen when short squeeze happen ? Stonk go up or ?,-1,2021-04-05 22:15:56
gtgv7tq,t3_mkk98g,Bruh just report s3 SI when doing a squeeze potential DD,1,2021-04-06 00:22:35
gthje3h,t3_mkk98g,Sounds like a good volatility play even if the call doesnt pan out.,1,2021-04-06 03:25:30
gthmp5t,t3_mkk98g,First time?,1,2021-04-06 03:50:42
gti7tq7,t3_mkk98g,"Finish your first short squeeze before you play with another, kids",1,2021-04-06 06:36:58
gtgatp8,t1_gtg8di4,I did the same thing 2 and a half years ago.,69,2021-04-05 21:40:32
gthdceh,t1_gtg8di4,"People should be putting high sell limit orders on their TSLA with their ameritrade, fidelity, etc accounts.

That helps them not be loaned for shorting. But they can't be so high as to not be accepted by the firm.",8,2021-04-06 02:39:19
gtgp44p,t1_gtg880s,"""Is TSLA a short squeeze?""

""No Patrick, TSLA is not a short squeeze.""",48,2021-04-05 23:36:46
gtg8lv1,t1_gtg84ns,"Let them be, they learned a new word this year and want to use it in as many sentences as possible.",140,2021-04-05 21:20:26
gtg9fsq,t1_gtg84ns,Just because not everything is a short squeeze doesn't mean everything isn't a short squeeze.,34,2021-04-05 21:27:58
gtg8xtn,t1_gtg84ns,"> not everything is a short squeeze

When ~26% of the float gets bought in an anti-dilutive manner on a rally then it is.

2.6 million put options are a *large* short bet, and their automatic delta-hedging, combined with call contract delta hedging, generates huge amounts of non-dilutive buying that has very similar effect as if ~100m shares of equity short position had been covered.

If it looks like a duck, swims like a duck, and quacks like a duck, then it probably *is* a duck. 😉",-1,2021-04-05 21:23:27
gtgdfhk,t1_gtga6er,This feels like a personal attack,50,2021-04-05 22:03:12
gtget8d,t1_gtga6er,That’s what fractional shares are for tard,-9,2021-04-05 22:15:08
gtgozip,t1_gtga6er,Option players said otherwise,-4,2021-04-05 23:35:48
gthdcql,t1_gth5mmx,"The delta hedging requirements depends on all options open, and only a small fraction expires every weak.

Most options get rolled over (sold and bought at later expiries) or expire worthless - and TSLA options open interest has increased.

So there's a net buying of new options, despite old options expiring every week.

I.e. the full delta hedging inventory has to be maintained by MMs, regardless of the percentage expiring every week.",1,2021-04-06 02:39:23
gtpbk04,t1_gtg9ohg,Preach.,3,2021-04-08 00:17:48
gtgh15x,t1_gtg85ca,"Not everything but on tesla stock, it is.",5,2021-04-05 22:33:47
gtpgv5e,t1_gtpc6em,"Strong capping to below $700 - no fundamental reasons for it.

Q1 deliveries were fantastic - market has IMO not correctly priced it in yet.

Or the market knows something I don't, lol. 🤠",1,2021-04-08 00:55:26
gtgav1d,t1_gtga9lb,"> Lol the short interest is “excessively high” for a mega cap because Tesla’s stock price is excessively high.

Is it?

> [**""Wedbush Upgrades Tesla (TSLA) to Outperform, Adds to Top Picks, increases price target to $1,000""**](https://www.streetinsider.com/Analyst+Comments/Wedbush+Upgrades+Tesla+%28TSLA%29+to+Outperform%2C+Adds+to+Top+Picks/18219074.html)

And:

> Short squeezes happen on stocks that are beaten down and cheap, not super expensive ones.

Haha, nope: short squeezes happen when a short trade is overcrowded - **regardless** of whether bears think the stock is overpriced or not. 😉",11,2021-04-05 21:40:52
gtjli7f,t1_gth1z08,Because TSLA actually makes something?,2,2021-04-06 14:47:59
gtgh9jt,t1_gtgatp8,Same bro,18,2021-04-05 22:35:41
gtgpprk,t1_gtgatp8,Haha this made me chuckle,8,2021-04-05 23:41:15
gthimkk,t1_gthdceh,You cant with TDA... get an error.,4,2021-04-06 03:19:43
gtj5z48,t1_gthdceh,No you actually just need to call your broker and make sure your shares are not margin but cash shares.,4,2021-04-06 11:33:45
gtg914l,t1_gtg8lv1,My patience is being shorted.,78,2021-04-05 21:24:17
gtgaf1i,t1_gtg8lv1,"> Let them be, they learned a new word this year and want to use it in as many sentences as possible.

Haha - I called the previous TSLA short squeeze, 8 months ago:

> [Incoming Tesla (TSLA) ""𝗜𝗻𝗳𝗶𝗻𝗶𝘁𝘆 𝗦𝗾𝘂𝗲𝗲𝘇𝗲""](https://www.reddit.com/r/wallstreetbets/comments/hv41wq/incoming_tesla_tsla_%F0%9D%97%9C%F0%9D%97%BB%F0%9D%97%B3%F0%9D%97%B6%F0%9D%97%BB%F0%9D%97%B6%F0%9D%98%81%F0%9D%98%86_%F0%9D%97%A6%F0%9D%97%BE%F0%9D%98%82%F0%9D%97%B2%F0%9D%97%B2%F0%9D%98%87%F0%9D%97%B2/)

I made that call on July 21, with TSLA at $313. 😉",26,2021-04-05 21:36:52
gtgcklm,t1_gtg8lv1,😂😂😂😂😂😂,1,2021-04-05 21:55:44
gtgber9,t1_gtg9fsq,I’m going to get out of the shorts and squeeze into something more comfortable.,11,2021-04-05 21:45:40
gtg9ql3,t1_gtg9fsq,I can win against a philosophy person... I can't.,-7,2021-04-05 21:30:39
gtgkn21,t1_gtg8xtn,Wait till you realize only a small fraction of those put options are delta hedged,17,2021-04-05 23:02:47
gtgfokl,t1_gtget8d,"""Well, our margin requirements from our clearing house...""",3,2021-04-05 22:22:31
gth5lt5,t1_gtget8d,Gtfo with your fucking fractional shares retard. This isn't playground.,0,2021-04-06 01:40:28
gth3mk9,t1_gtgozip,Even FDs on TSLA are super pricey because of the high IV,5,2021-04-06 01:25:42
gtheiiu,t1_gthdcql,I'm looking at it from a different angle. Buying pressure. A small portion of options exired and an even smaller portion  exercised every week then there is only a small demand for shares from those exercised. GME is an outlier compared to Tesla.,3,2021-04-06 02:48:15
gtghsbd,t1_gtgh15x,True but if you just go down Reddit everything I see if “potential short squeeze” like only GameStop has really done that and look what’s happening to it,3,2021-04-05 22:39:56
gtqb8i3,t1_gtpgv5e,"Yeah...

By the way, interesting discussions about your SI thesis here:

[https://twitter.com/garyblack00/status/1379870442912108547](https://twitter.com/garyblack00/status/1379870442912108547)",1,2021-04-08 04:32:21
gtgd1k7,t1_gtgav1d,[deleted],1,2021-04-05 21:59:48
gtjod0w,t1_gtjli7f,I assume you're still living in 2019,2,2021-04-06 15:33:21
gtm7xac,t1_gtj5z48,Can you please further explain this?,3,2021-04-07 05:24:38
gtgm0p8,t1_gtg914l,When's the squeeze?,8,2021-04-05 23:13:34
gtghspz,t1_gtgaf1i,"I also called AMZN short squeeze a 4 years ago. When it was 500. 

“What? What do you mean stocks can go up without being short squeeze?”",17,2021-04-05 22:40:02
gtgq15f,t1_gtgaf1i,"Even a broken clock is right twice a day, friend.",9,2021-04-05 23:43:39
gtgqep3,t1_gtgkn21,">Wait till you realize only a small fraction of those put options are delta hedged

That's false: in early 2020 both Citadel [1] & Susquehanna [2] (two biggest TSLA options market makers) had to file 13-G filings, they both exceeded the 5% limit in their TSLA delta hedging inventory. (!)

They owned & are owning more than 10% of Tesla shares outstanding (13%) of the float - closely tracking ~90% of the delta hedging requirements based on open interest.

That's ~100m TSLA shares locked up by put and call options delta hedging.

Source:

[1] https://sec.report/Document/0001104659-21-024148/

[2] https://sec.report/Document/0001104659-20-013393/",4,2021-04-05 23:46:29
gthf3ak,t1_gtheiiu,"MMs ***always*** go delta neutral, and there's a **lot** of deep in the money calls that holders will convert to shares when they expire.

Yes, 80-90% might expire worthless - but for the rest MMs have to hold inventory.

Over 100m TSLA shares right now.",1,2021-04-06 02:52:35
gtib3hb,t1_gtghsbd,"Lmao TSLA was the OG meme stonk... because of a squeeze. 

Fuck GME, fuck constant ape noises, but shorts like to get fuk by TSLA",2,2021-04-06 07:04:31
gtgdycl,t1_gtgd1k7,">Yes it is https://ycharts.com/companies/TSLA/pe_ratio

Nobody sane uses GAAP income to value hypergrowth companies ... 🤦

Do you really believe that valuing a complex company is as simple as elementary school division of two reported numbers?? 🤦

Future expected cash flow is that defines growth & valuation - and with $5.9b cash from operations in 2020 and $10b+ expected in 2021 and +50% growth expected for the next years, Tesla is actually significantly ***undervalued***:

- Apple is valued $2t selling $1,000 iPhones at good margins
- How much will Tesla be valued selling ""$40,000 iPhones on wheels"" at good margins?

>decades of insane growth already priced in.

Haha, nope - and Tesla is growing into a 10x larger market than Apple.

TSLA is already undervalued if you go out to 2023. It's ***very*** undervalued if you go out to 2025-2030.

Decades? Where did you get such nonsense from? 🤔",10,2021-04-05 22:07:44
gtjoztk,t1_gtjod0w,Has GME suddenly started doing something other than hawking other people's products? Because last I checked they haven't...the fuck you talking about?,2,2021-04-06 15:43:48
gtm8wb5,t1_gtm7xac,"I transferred my account from Robinhood. My GameStop shares came in but had a little M next to them and when I highlighted it it said those were margin shares. I use fidelity. I called them and said those are not supposed to be margin shares because I only have cash account. He said no problem and it took a total of 10 minutes to fix it over the phone and show the changes on my account. I also read that if I would have just waited a few days it probably would have fully settled into cash shares. This is 100% truthfully my personal experience.

Edit: before everybody asks me I had less than $1,000 in those shares in my Robinhood account and the transfer took like five business days I think.",2,2021-04-07 05:32:18
gtgo0qf,t1_gtgm0p8,"I'll give you something to squeeze anytime you want to, hot stuff.",18,2021-04-05 23:28:44
gth6chz,t1_gtghspz,Except tsla did undergo exactly that when it rallied last year.,4,2021-04-06 01:46:05
gtn3axt,t1_gtgq15f,So he's going to be right twice?,2,2021-04-07 09:47:24
gtgsrea,t1_gtgqep3,"All that says is a year ago they had 29M shares.  
  
Here's some questions for you:

* If youre making a market in both puts and calls, and sell a call to one person and a put to someone else, how many shares do you need to buy to delta hedge?

* If someone opens a put spread, how many puts are created? Compared to a naked put do you need to short more or fewer shares to hedge?

* Why would anyone who isn't a moron link to them owning 29M shares a year ago as evidence they must be shorting 90% of the required stock to delta hedge all currently outstanding puts?",13,2021-04-06 00:04:08
gthhix0,t1_gthf3ak,Do you have source for “a lot of deep itm call options being converted to shares when they expire?”,1,2021-04-06 03:11:17
gtjocia,t1_gthf3ak,"There where's the cite? Put up or shut up.

I'd prefer you just did the latter.",1,2021-04-06 15:33:07
gtggfra,t1_gtgdycl,[deleted],-1,2021-04-05 22:28:50
gtj8u69,t1_gtgdycl,I like you.,1,2021-04-06 12:02:43
gtn3t4r,t1_gtjoztk,"WTF, they sell shirts!",2,2021-04-07 09:51:38
gti954j,t1_gtgo0qf,[deleted],13,2021-04-06 06:48:09
gtgu5bn,t1_gtgsrea,">All that says is a year ago they had 29M shares. 

Those are pre-5x-split SEC filings.

Those 29m TSLA shares would be **145m shares today**, and both options open interest, total delta and the share price increased significantly since then.

Their delta hedging inventory is likely larger today - my estimates are intentionally conservative.

>Why would anyone who isn't a moron link to them owning 29M shares a year ago as evidence they must be shorting 90% of the required stock to delta hedge all currently outstanding puts?

That stake was 90% of the delta hedging requirements **back a year ago**.

Options positions are public data, and I ran the numbers.

>If someone opens a put spread, how many puts are created? Compared to a naked put do you need to short more or fewer shares to hedge?

Here's how it works:

- A put spread reduces hedging requirements.
- Cash secured puts are popular in bearish episodes when investors move back into cash-equivalents - but are less common during bullish episodes like today.
- Share covered calls ***increase*** the number of shares locked up by options writing - non-MMs typically set aside 100% of the backing shares, they don't delta-hedge dynamically.
- If we correlate the various filings of the two biggest options makers with open interest data then we can readily see that a large majority of options are written by them. (This is the conventional wisdom on the Street as well - but nice to see the numbers confirm it.)

But that's roughly the maximum amount of free advice I'll give today to someone who called me a moron. 😉",10,2021-04-06 00:14:40
gtjotgj,t1_gthhix0,"> Do you have source for “a lot of deep itm call options being converted to shares when they expire?”

Yes, of course, I linked to the raw options position data from the Options Clearing Corporation (OCC) in my post, but here's a textual summary of all in the money put and call contracts today:

    2021/04/09:  PUTs:    16,991 ; CALLs:    39,273
    2021/04/16:  PUTs:    52,631 ; CALLs:    60,608
    2021/04/23:  PUTs:     3,253 ; CALLs:    13,205
    2021/04/30:  PUTs:     6,754 ; CALLs:     8,711
    2021/05/07:  PUTs:       546 ; CALLs:     5,366
    2021/05/14:  PUTs:       121 ; CALLs:       767
    2021/05/21:  PUTs:    43,946 ; CALLs:    22,554
    2021/06/18:  PUTs:    28,817 ; CALLs:   251,237
    2021/07/16:  PUTs:     9,874 ; CALLs:    20,183
    2021/09/17:  PUTs:    17,026 ; CALLs:    87,819
    2021/12/17:  PUTs:     1,644 ; CALLs:     3,461
    2022/01/21:  PUTs:    26,604 ; CALLs:   247,631
    2022/03/18:  PUTs:     5,450 ; CALLs:    39,690
    2022/06/17:  PUTs:     4,632 ; CALLs:   230,207
    2022/09/16:  PUTs:     5,287 ; CALLs:    55,160
    2023/01/20:  PUTs:    12,771 ; CALLs:    66,158
    2023/03/17:  PUTs:     5,574 ; CALLs:    14,265
         total:  PUTs:   241,921 ; CALLs: 1,166,295

As you can see, there's over 1.1 ***million*** in the money call contracts open today - most of them clustered around long-term quarterly LEAPs that were purchased in the 2019-2020 time frame and moved into the money during last year's huge TSLA re-pricing event.

The delta hedging inventory is ***heavily*** biased toward calls - the estimated inventory is over ~100 million TSLA shares if we use a conservative delta hedging estimate that underestimates the true inventory requirements.

(This huge call-bias of in the money options contracts is why both Citadel and Susquehanna had to file a 13-G SEC filing when their TSLA stakes exceeded 5%.)

As to your question: the ratio of selling vs. conversion can be captured via the OCC data as well, and the majority of LEAPs that expired recently were not sold but were left to expire. This created a long-TSLA delta-hedging inventory building pressure not just while the options were live, but the options makers had to distribute millions of TSLA shares when these options were exercised as well.

But, as I argued in other comments here, market makers have to delta-hedge to zero continuously and cannot rely on the percentage of calls sold before expiry vs. left to expire. The delta-hedging requirements & inventory pressures are identical while the options are open, regardless of the profit taking method of holders of in the money calls.",2,2021-04-06 15:40:52
gtjldk3,t1_gthhix0,Of course not.,4,2021-04-06 14:45:59
gtgjdfv,t1_gtggfra,Dude what are you talking about. Go to the tesla website and look at the prices. Tesla could not sell 500k cars at 80k$.,6,2021-04-05 22:52:43
gtgj8t1,t1_gtggfra,">$80,000 minimum for the new ones.

What? New Model 3 costs [**$37,990**](https://www.tesla.com/model3/design#overview).

Smarter bears 🐻 please!",11,2021-04-05 22:51:40
gtiniiw,t1_gti954j,So is he.,5,2021-04-06 08:50:26
gtgwjjz,t1_gtgu5bn,"Cool, so I'm not even gonna bother checking your numbers, but with all that said if there are 2 million outstanding puts why would you assume the MM needs to delta hedge all of them as if they were .5 delta naked puts, implying 50 shares a piece aka your 100M share number.

So all I need to do is get more people to call you a moron and you'll stop posting?",2,2021-04-06 00:32:31
gtjyknz,t1_gtjotgj,"How big of a majority? Do you have a number?  

I still don’t agree with your thesis though the option data is nice.",3,2021-04-06 18:23:02
gtjp21p,t1_gtjldk3,"I replied here:

> https://www.reddit.com/r/wallstreetbets/comments/mkk98g/tsla_effective_short_interest_could_be_as_high_as/gtjotgj/",2,2021-04-06 15:44:49
gtgmahe,t1_gtgjdfv,"If they have FSD and tax credits to their advantage, I bet they could sell 500k at 80k tbh.

Edit: TBH 80k isnt that much anymore.",1,2021-04-05 23:15:39
gtj91q6,t1_gtgj8t1,That guy is an actual moron. Don’t worry about it.,5,2021-04-06 12:04:54
gtjp56z,t1_gtjp21p,😂🤣😂🤣😂😂😂😂🤣,1,2021-04-06 15:46:15
gtj8zu0,t1_gtgmahe,You are very dumb.,2,2021-04-06 12:04:22
gtjbfgb,t1_gtj8zu0,that's why i am here in the first place. Duh...,3,2021-04-06 12:31:16
