comment_id,comment_parent_id,comment_body,comment_score,created_utc
h67ewmv,t3_optda9,"
**User Report**| | | |
:--|:--|:--|:--
**Total Submissions**|5|**First Seen In WSB**|5 months ago
**Total Comments**|38|**Previous DD**|[x](https://www.reddit.com/r/wallstreetbets/comments/optda9/bear_case_top_economies_have_covid_cases/) 
**Account Age**|9 months|[^scan ^comment ](https://www.reddit.com/message/compose/?to=VisualMod&subject=scan_comment&message=Replace%20this%20text%20with%20a%20comment%20ID%20(which%20looks%20like%20*h26cq3k*)%20to%20have%20the%20bot%20scan%20your%20comment%20and%20correct%20your%20first%20seen%20date.)|[^scan ^submission ](https://www.reddit.com/message/compose/?to=VisualMod&subject=scan_submission&message=Replace%20this%20text%20with%20a%20submission%20ID%20(which%20looks%20like%20*h26cq3k*)%20to%20have%20the%20bot%20scan%20your%20submission%20and%20correct%20your%20first%20seen%20date.)
    
Hey /u/Brett-_-_, **positions or ban.** Reply to this with a screenshot of your entry/exit.",1,2021-07-23 10:56:57
h67rllt,t3_optda9,Economics was my major. We don't know shit.,295,2021-07-23 13:01:51
h67jxdc,t3_optda9,If SPY drops 3% the dip buyers flood the market with buy orders and calls. Bears get about 3 days a month to come out of hibernation.,230,2021-07-23 11:43:05
h67r7ox,t3_optda9,Lol if you think republican run states are going to shut down.,224,2021-07-23 12:57:35
h67r9de,t3_optda9,[deleted],35,2021-07-23 12:58:06
h67h1ie,t3_optda9,Fuck hangovers…pass the bong,92,2021-07-23 11:16:15
h6820el,t3_optda9,How many bars of soap did you eat while you were writing this?,29,2021-07-23 15:14:28
h681w3g,t3_optda9,"You clearly forgot to include the effect of interest rates on stonks valuation. Shiller PE don't matter if we are going to see consistently low IR in the future. Buffett said it himself.

P. S. I keep giving my free awards to every gae bear post out there. Need to appreciate the efforts of the little guy that almost went extinct.",19,2021-07-23 15:12:48
h687zw6,t3_optda9,"1. Delta will not be a repeat of the OG Covid Crash. Completely different circumstances. Covid in 2020 blindsided the market and the world; we had no defense against this strange and unknown virus, except to shut down the world basically. Delta? First, we have vaccines that work against it. Perhaps slightly less effective at preventing transmission, but still enormously effective at preventing death and severe disease. Second, everybody knows everything there is to know about it. We know it will cause infections to tick up, like in the UK. Yet, the UK case surge appears to have slowed, without the need for extremely draconian measures like with OG Covid. It would take a black swan to blindside the market again; a new variant that completely evades the vaccine and sets us back to square one. Delta isn't that.
2. This one I can agree on. Valuations are extreme, and will eventually come down. We just don't know when though. Could be next week, next month, or next year. You can sit on the sidelines in cash and miss out on the blow off top, or define your risk and invest what you are comfortable with losing a portion of.
3. I don't believe the inflation narrative for a second. The 5.4% YoY increase is due to temporary issues. Supply chain havoc? Not a long term problem. Stimulus money? Saved, used to pay debt, or invested. Either way, banks end up with that money and they don't spend it in an inflationary manner, i.e. by buying groceries and cars. Another round of stimulus will not happen unless we get another black swan event. Most of that inflation is probably just prices recovering from when they tanked in 2020. Remember oil? Prices collapsed in March 2020, I hadn't seen gas so cheap in decades. Now it's back to its normal price and everyone's losing their minds over inflation. It's easy to set a growth figure so high when your base level is zero. We're still in the same economic paradigm as we have been for the past few decades; namely, defined by a stagnating and aging population and labor force. Interest rates have been on the decline for decades, any increase would be temporary. In order to create economic growth in this economy without structural growth, we just print more and more debt, and kick the can down the road. We're not about to stop doing that now. I am very confident that YoY inflation in 2022 will be much lower than what we've seen this year.
4. New industries will spring up to support continued economic growth, but indeed, not in time for this bull market. AI, biotech, spaceflight--these will revolutionize our world and create billions of dollars of growth, but probably not this decade.",45,2021-07-23 16:44:58
h67ptem,t3_optda9,"Pandemics have the fattest tails. 

Look how covid has revealed so much incompetence in the world. 

Just trade responsibly folks.",78,2021-07-23 12:42:13
h67u7m9,t3_optda9,Priced in autist,12,2021-07-23 13:31:43
h67ks7z,t3_optda9,"5g, EV, space travel, gene editing and quantum computing!! So SPY 500 Jan calls.",32,2021-07-23 11:51:11
h67smkm,t3_optda9,"All that text with no TLDR?

My SPY puts want to believe you but they can't read that much.",10,2021-07-23 13:13:11
h69rf4x,t3_optda9,"What part of printer go fucking BRR haven't u gotten thru ur head yet

Everyone knows covid is about to fuck us up and that things are overvalued, so no one is coked out enough to be levered to the tits on uppies with no hedge = there will not be forced, cascading liquidations downies. If we dip more than 5%, at this moment, J Pow gonna rapidly expand whatever the fuck he's buying",9,2021-07-24 01:21:38
h67pssw,t3_optda9,Show us your short and put positions!,8,2021-07-23 12:42:02
h67h4co,t3_optda9,"I don’t get the big deal. For the first round of Covid spreading, I totally understand the panic and uncertainty since we knew nothing about it, so pretty much anything went in terms of how to combat it. Now we know it, and have vaccines etc, so there should be no reason for worry, no need for major actions, and no reason for the market to even see it as a consideration",46,2021-07-23 11:16:58
h67r1nq,t3_optda9,New ATHs incoming. SPY 500.,26,2021-07-23 12:55:43
h67p3oo,t3_optda9,Soooo HYG puts ?,5,2021-07-23 12:34:32
h67wc18,t3_optda9,Farthest out my option chain goes right now is SPY Dec 2023 655,5,2021-07-23 13:57:51
h69ew3q,t3_optda9,"What a fuckin joke. People are still talking about Covid like it's a market mover? Covidians don't belong in this investment environment, as should be obvious by this point. That ship has sailed, it's been 1.5 years we been living with successive waves of this flu, >!IT'S PRICED IN!<. Civil society is a powder keg right now, you think the powers-that-be are going to pull the butt plug now and spray their laxative-induced corn-filled diarrhea all over us?! People are pissed off but are too stupid to properly direct that anger, so they latch onto the culture war cause du jour thinking that's the solution to all their problems. If the economy and market gets blowed up by the lever-pullers right now the fall out would make Occupy Wall Street look like a 10-person unsanctioned indoor social gathering. Even middle aged white people would be out in the streets, **then they'd have a serious problem.**",5,2021-07-23 23:52:49
h67g18u,t3_optda9,Let me know when hospitalization rates and deaths start to increase. FUD!,81,2021-07-23 11:07:05
h67ro8r,t3_optda9,"I see no tickers listed... this is more of a wealth preservation tactic, unless you are saying long $TLT?",3,2021-07-23 13:02:38
h67sxfn,t3_optda9,The way the markets are moving it's like china was kicked off earth lol,5,2021-07-23 13:16:40
h67x5a8,t3_optda9,"Decentralized investments. I believe In self sustaining individual resources. I.E solar, wind, small renewable permaculture, and I should probably be long AAP or AZO. Trade skills are in short supply. Too many retards on drugs showing up to first week of work and never showing back up. Stop relying on the stupid fucks in the DMV area with expensive law degrees to solve your problems. They are the fuckin problem.",4,2021-07-23 14:08:15
h67z1a7,t3_optda9,"Holy fuck, downturns DO NOT REPEAT, and eventually you have to stop sniffing coke. You don’t have to go to bed now, but you do have to go to bed.",6,2021-07-23 14:33:04
h67rw0i,t3_optda9,PSA: gay bear runnin rampant thru all the investment subs,9,2021-07-23 13:04:55
h67l9gr,t3_optda9,Shutting down states is up to each state's leadership and it was last year too you monumental dong,24,2021-07-23 11:55:43
h67p5xo,t3_optda9,New cases but the deaths arent going up,19,2021-07-23 12:35:13
h680pe4,t3_optda9,"NEVER GO FULL BEAR LONG THE VIX


But seriously that massive correction isn’t coming for at least another 2 years probably closer to 5",3,2021-07-23 14:56:04
h689od2,t3_optda9,Didn’t read shit there is no market crash .... big $$ world has no where else to go SPY 500,3,2021-07-23 17:10:58
h67punu,t3_optda9,"If you're worried about inflation, wouldn't you want to be in stocks rather than cash?",6,2021-07-23 12:42:35
h67k2g2,t3_optda9,They just need the price of SPY to get so fucking high it does not matter the percentage lost in a correction,8,2021-07-23 11:44:23
h67hy9q,t3_optda9,"Shiiiit, I got my free Moderna Vaccine Monday at Walgreens, I got back next month for my second one, it was free too. There was a 70 year old man there to get his vaccine too. My arm was sore for 2 days, and I'm fine. The bear case for a market crash has to do with the man J Poww, if Biden gives him the boot, Shiiiiiiiit!
You better watch what happens then. I bet you'll see senators from sea to shining sea dumping their shit when they get wind of it.",9,2021-07-23 11:24:34
h67ggik,t3_optda9,Shut the fuck up you dumb fuck,43,2021-07-23 11:10:57
h67uusv,t3_optda9,"I haven’t read anything you wrote, but by looking at the shape of your words I have a few comments:
I like your spacing.
You have too many words.
I think you probably mean what you say.",6,2021-07-23 13:39:26
h67h4k6,t3_optda9,"Removing humans from the equation, whether in a service oriented company, such as a bank, telco, or logistics firm, or a a manufacturer, provides operating leverage and boosts earnings and share prices all else being equal. Companies which take advantage of this can push against downward interest rate price pressures. 

I can see a J curve in this space over the next 10-15 years with a side serving of rise in unemployment.",6,2021-07-23 11:17:01
h67pt1q,t3_optda9,TLDR what the fuck am I betting on?,2,2021-07-23 12:42:06
h69mh17,t3_optda9,"""Pandemic of the Unvaccinated"" eventually we will just herd them all together an let Darwin takes its course. Nothing to see here",2,2021-07-24 00:46:42
h6a0xxt,t3_optda9,:: Yawn :: The gay bears are trying to start another orgy.,2,2021-07-24 02:30:50
h6asgjk,t3_optda9,looks like someone doesn’t understand basic monetary policy,2,2021-07-24 05:59:18
h6b2pgu,t3_optda9,"You are a dumb shit. Low inflation is good for the national debt? You don't see game changing tech on the horizon? Hint: every company on your high price sales list does, and apparently so does the market.",2,2021-07-24 07:24:57
h67v8dh,t3_optda9,"In the US, people who are not vaccinated are getting sick. Nobody else gives a fuck.",2,2021-07-23 13:44:03
h6awb4d,t3_optda9,"Pretty sure the market is just one big Ponzi Scheme at this point. The general population automatically puts some sort of percentage of their wages into a 401K fund without thinking about it. Valuation multiples have been ridiculously high for almost a decade. But even with all of this speculation, everyone has a vested interest in not letting the Ponzi Scheme fail.",2,2021-07-24 06:30:49
h67vrxi,t3_optda9,"Actually, China is basically zero due to super tight border control and very aggressive contact tracing and followup/quarantine. 
And Japan's the one not reporting real numbers this time, because of hosting the Olympics, and their infections rates have been increasing exponentially, not linearly.",4,2021-07-23 13:50:50
h67r1ox,t3_optda9,"Deaths and hospitalizations are not going to keep up with infections the way it did with the first and second waves. Mainly due to vaccinations.

Don't think we'll have anymore shut downs in the states. People who were fearful of the virus got vaccinated and don't have much to fear anymore. Red states won't shut down, it's not popular with their base.

Inflation concerns will probably result in several smaller corrections in the future. Followed by rebounds to new highs.",2,2021-07-23 12:55:44
h67vcxb,t3_optda9,I bought a hunter Biden painting. I'm promised to be first in line for the newest covid delta alpha variant vaccine...,2,2021-07-23 13:45:40
h67hecb,t3_optda9,"Pfizer is beginning trials of a Delta variant specific vaccine in August.
U.S. just marked another 1.5B for testing and vaccine development, I expect that number to increase.
The new Delta variant has a viral load 1000x stronger than the original.
Prices increased much faster than wages.
It’s all there to see, I agree a pullback is coming soon and expect masks and closures in the Fall.",3,2021-07-23 11:19:30
h67g6od,t3_optda9,I completely agree a big 30% correction is pending.,2,2021-07-23 11:08:28
h68j8y0,t3_optda9,"Delete this post 😡

SPY $500 EOY",2,2021-07-23 19:24:56
h67nkat,t3_optda9,"So true

Tons of smaller and mid caps
Like plug are down 50-60%

Most people are having a
Bear market ruin their portfolio as 10-30 big
Caps trade at ludicrous valuations

History will repeat amzn msft googl aapl all
Will
Be cut in half",1,2021-07-23 12:18:30
h67piz8,t3_optda9,[removed],0,2021-07-23 12:39:04
h67o5jx,t3_optda9,FUD.,-1,2021-07-23 12:24:32
h67q2ix,t3_optda9,"The market drops on unknowns. Covid isn’t an unknown anymore.

We know what happens with higher # of cases. Covids a scam. Market goes up. Long live Amazon and lord bezos.",-2,2021-07-23 12:44:59
h67ffus,t3_optda9,">China: they lie about their numbers

Quite likely at the very beginning, but highly unlikely now.

Watch what they do, not what they say. China's been mostly open and normal minus international travel and highly localized lockdowns where they do have new outbreaks, like Guangzhou a few months ago and Nanjing right now.",-7,2021-07-23 11:01:44
h67mid6,t3_optda9,"FB, AMZN, AMD. Those are the deals",1,2021-07-23 12:07:47
h67wikp,t3_optda9,Why are you telling us the painful truth.....,1,2021-07-23 14:00:10
h686qnd,t3_optda9,I don't understand why people are still freaking out about covid.  We've learned how to treat our pretty effectively. The death rates have plummeted. It's effectively the flu now.,1,2021-07-23 16:25:34
h67ik2b,t3_optda9,"Ok we get it. 
You’re bearish. 

The market will go down precipitously- BUT ONLY AFTER: 
QE is eased/eliminated,
Rates are moved toward normalization, 
Money flow constricted 

This will happen eventually and it should have already. 
But I’m starting to think the adage will have to be broken this time. They’re just not going to stop. EVER. 


To pivot way back to a minor point....no, conservative states will not shut down to damage democrats politically. I do agree that happened in reverse. But I don’t believe the inverse will happen. 

Good luck on your positions.",0,2021-07-23 11:30:16
h67ohhy,t3_optda9,Downvoted. FUD.,-4,2021-07-23 12:28:03
h67otf6,t3_optda9,[removed],1,2021-07-23 12:31:34
h67q4is,t3_optda9,[removed],1,2021-07-23 12:45:35
h67rsxb,t3_optda9,Keep up the good fight son. This is the kind of service we need to keep our FD Calls rollin,1,2021-07-23 13:04:01
h67stm9,t3_optda9,I don’t know if any of you have critical thinking or high comprehension but what is basically being said is that the numbers are pointing to a correction and you should have enough liquidity to buy the dip.,1,2021-07-23 13:15:26
h67udma,t3_optda9,The million dollar question is When?,1,2021-07-23 13:33:42
h67up63,t3_optda9,$BODY will benefit from the rise in covid cases,1,2021-07-23 13:37:31
h67w43j,t3_optda9,"Fuck it. Calls on amazon. 


They rocked through the pandemic",1,2021-07-23 13:55:02
h67xqj3,t3_optda9,This is me when I lose 100 bands: https://youtu.be/JQRV5_auS_Q,1,2021-07-23 14:15:54
h680e6l,t3_optda9,Just drink your electrolytes.,1,2021-07-23 14:51:42
h686851,t3_optda9,"Listen, what your saying makes sense but what I've learned trading during covid is that none of this bad news fucking matters. I've bought puts as cases in the U.S. climbed from 300 to 300,000 and I also watched stocks climb too in disbelief. Just buy calls retard, even if you time a correction you're going to lose money doing it.",1,2021-07-23 16:17:45
h68byup,t3_optda9,"China:


NOTHING TO SEE HERE JUST HAPPY HAPPY EVERYONE",1,2021-07-23 17:45:28
h68f6v7,t3_optda9,double down on dips,1,2021-07-23 18:32:10
h68fizr,t3_optda9,Throw money back into hermit stocks then?,1,2021-07-23 18:36:54
h68gbvb,t3_optda9,Great read! Thanks for your thoughts.,1,2021-07-23 18:47:54
h68gw3f,t3_optda9,anyone else just skim through this DD to get to the comments?,1,2021-07-23 18:55:24
h68ifad,t3_optda9,"Meh I'm not reading all this. Covid is good for business and is heralding a new age of unlimited growth. Eliminate covid market pumps, it comes back, crab a little, eliminate again pump it up again. Repeat ad infatacism or whatever 

High inflation, like the 80s? Sounds cool I'll be in a pastel suit with a bag of coke listening to some funky music. Nice",1,2021-07-23 19:15:01
h68ilr0,t3_optda9,"You are forgetting that the Corona Virus, even in full swing, did not cause a market downturn.  The crash last time was because Russia decided to start an oil war and almost immediately after it ended the crash stopped and the regularly scheduled bull market resumed.",1,2021-07-23 19:17:10
h68jjog,t3_optda9,"You expect me to read like 10 paragraphs to reach tickets? What is it, an actual DD?",1,2021-07-23 19:28:30
h68k1qa,t3_optda9, I thought all bears had been slaughtered on Tuesday...,1,2021-07-23 19:34:32
h68kxhe,t3_optda9,"I’ve read the above post and I can not comprehend it. I’m an ape. I handle stonks like I handle house hold repairs. I take a hammer to it and if it works, great. If it fails (which happens more often than I’d like), I call a professional. I know investing is not like putting a square peg in a round hole but I’m too busy dragging my knuckles on the ground and scratching my butt to care.",1,2021-07-23 19:44:51
h68ladc,t3_optda9,Begone bears,1,2021-07-23 19:48:49
h68lz9h,t3_optda9,Will we ever get a Dow pullback? I missed the initial drop so I started going long around 34600 as I didnt trust the bounce.,1,2021-07-23 19:56:32
h68nmzf,t3_optda9,Same shit different day. You’re not a genius.,1,2021-07-23 20:14:26
h68nw3d,t3_optda9,My Fibonacci analyse project the same things,1,2021-07-23 20:17:03
h68nwty,t3_optda9,"Do you even proofread your work?  Had to stop midway through.  Just type it in a word doc next time, ffs.",1,2021-07-23 20:17:16
h68pkyq,t3_optda9,"I exploded with cum just reading the first two words.

Am I in love?",1,2021-07-23 20:34:17
h68qkk2,t3_optda9,Affected*,1,2021-07-23 20:43:57
h68tos4,t3_optda9,"The FED is all that matters. As long as they dobt raise rates and keep on spending cash we stay in stocks. Once they stop we don't.

It really is that simple.",1,2021-07-23 21:12:19
h68va3b,t3_optda9,You got to be smoking crack to think that Florida is going to shut down.,1,2021-07-23 21:25:50
h68vtgd,t3_optda9,Zero chance republican states shutdown to try and stick it to dems.  That is a fundamental misunderstanding of conservative principles.,1,2021-07-23 21:30:18
h68w9uw,t3_optda9,"People are already done with covid. Through the whole first year only 4 million died worldwide. 


You think that the world's wealth gives a shit about a measly 4 million people. That's that's 5 hundredths of a percent. 


It won't move the needle any longer, people are done with the virus. We even have a vaccine.",1,2021-07-23 21:34:05
h691kjj,t3_optda9,"> since sales can't be manipulated like earnings can.

yea thanks i stopped reading here.",1,2021-07-23 22:15:55
h696jdw,t3_optda9,"powell isn’t raising rates because while there is inflation, it’s mostly being caused by shortages. there’s a reason he’s fed chair and not you",1,2021-07-23 22:52:43
h699o4x,t3_optda9,"Infections rate is useless we should be following death rates, since the vaccine doesnt protect you from getting infected but it protects you from DIYING, so even with 100% of the population vaccinated we will still have infections but almost nobody will die maybe will be like a common cold",1,2021-07-23 23:15:31
h69cgor,t3_optda9,All of that is bullish as it keeps the money printer on. Thats the ONLY reason SPY isn't 250 right now.,1,2021-07-23 23:35:36
h69h4nf,t3_optda9,Tldr I’m a 🌈 🐻,1,2021-07-24 00:08:42
h69i7gm,t3_optda9,Money printer go brtrrr,1,2021-07-24 00:16:25
h69om7p,t3_optda9,"I don't know, all the Democrat states I know of are increasing restrictions again, I'm not hearing any gop states ramping up.  I do hear Fox constantly talking about q market crash so I'm sure they want that shit to happen while Biden is in office.  I'm gonna keep going yo work and buying stonks.",1,2021-07-24 01:01:41
h69xxpf,t3_optda9,I just think something is wired up wrong inside bears that makes them so pathologically wrong all the time,1,2021-07-24 02:08:45
h69z59l,t3_optda9,"So what you're saying is AMZN is undervalued compared to other big techs? 

Big BUY",1,2021-07-24 02:17:45
h69z5ns,t3_optda9,So what you are saying is: buy more stocks and hold?,1,2021-07-24 02:17:50
h6a4obv,t3_optda9,There is no bear case until you stop seeing people on social media trying to make a bear case. It's really that simple,1,2021-07-24 02:58:27
h6a669z,t3_optda9,"It's a weird moment in the market.  Treasuries have been edging up for the last two months.  SPY has also been gaining.

&#x200B;

I'm used to seeing a flight to quality with treasuries in times of volatility.  A flight to treasuries when inflation is so high is the head scratcher ... someone with bigger pockets and a bigger brain is making those decisions.",1,2021-07-24 03:09:45
h6adlr8,t3_optda9,"The covid death toll post reopening was completely expected. Easing restrictions increases transmission--we know that. The point was to vax every person alive, then reopen, in hopes our healthcare system could tolerate the aftermath with this protection in place.

Vast majority, almost entirety, of the cases of illness are those unvaxed. Of course you will hear the anectodes but those are facts.",1,2021-07-24 04:05:08
h6b0hj6,t3_optda9,I'm ready to buy the dip on these Covid FUDs.,1,2021-07-24 07:05:50
h6b6kg7,t3_optda9,"The issue is that most markets are shit right now, especially the emerging. Money is flowing into the US market because there are few alternatives.",1,2021-07-24 07:58:42
h6b8rpn,t3_optda9,You underestimate how much dumb money controls the market now.,1,2021-07-24 08:18:31
h6bh5r3,t3_optda9,fuck off gay bear,1,2021-07-24 09:33:16
h6bn11h,t3_optda9,"Woo bear case of the week

We get it, stop thinking about it so hard",1,2021-07-24 10:26:23
h6brqsg,t3_optda9,Well- a few things could be drivers.  The infrastructure bill is necessary and would have a ripple effect- if partisanship can get out of the way.  The conversion to green energy is a goldmine if we have the foresightedness and political will.  Lifting Americans out of poverty and creating new producers and consumers is a profitable calling- just ask China.  Paying people to dig holes and fill them up has worked in Japan for 30 years- what if we actually solved some problems?  Much of America has an affordable housing shortage.  We have very real challenges to face if our way of life is to continue for another century- why can’t this be the driver?,1,2021-07-24 11:11:10
h6cksrc,t3_optda9,"Mostly only idiots get COVID now, raising the general IQ and thereby making the US economy stronger.",1,2021-07-24 17:24:34
h6d8w7t,t3_optda9,"FED is still printing, so, everything is ok.",1,2021-07-24 22:21:18
h6f2y2s,t3_optda9,What about the economic theory of BRRRRR to explain expanding multiples? When in history has there ever been this much free money sloshing around?,1,2021-07-25 07:37:01
h6fpqa6,t3_optda9,"‘Electric cars are only green after 100K’ - This will change when the production pipelines turn green. You need to start somewhere, and end user consumption is a fine place to start.",1,2021-07-25 11:13:37
h67u2ip,t3_optda9,Holy shit this is actually some of the dumbest shit i’ve seen on here,-2,2021-07-23 13:30:00
h67qf94,t3_optda9,Nah.,0,2021-07-23 12:48:50
h67u23g,t3_optda9,Cases rising but fewer deaths and hospitalisations because of vaccinations. You can't compare this to the first 2 waves anymore.,0,2021-07-23 13:29:52
h688t91,t3_optda9,If someone dies in a car accident and test pos for Covid they count that as a Covid death. That’s a fact look it up,0,2021-07-23 16:57:33
h6dmyay,t3_optda9,"Masturbated twice back to back to this post

🌈🐻",0,2021-07-25 00:17:50
h6eqv1w,t3_optda9,"Covid cases don’t really matter, deaths and hospitalizations do and both are still extremely low.

More cases without more deaths is actually very bullish, that much closer to herd immunity.",0,2021-07-25 05:49:33
h6fe12x,t1_h67ewmv,"In what would you be interested?  I would have to message you in a secure way to reveal the number of accounts I have and the number of investments in each.  I can generalize that I have for bull investments which are mostly financials such as C, BAC, CFG, JPM, PRU.  These would make up say 40% right now.  Since as you see above that I believe inflation is happening and in addition I am a believer that gold is a good thing to own in and inflationary environment, I have say 30% in NUGT, GLD, SLV, UGL.  UGL is positive and NUGT is underwater.

I sold most all of my profitable stock assets on the bull side a month or so ago, so most all stocks I own are the remainder in the red, except for GE, PFE, and TSN, which I won't sell.

On bearish bets I bought QID and REW which are around 10 to 30% depending on the account.  My entry is around 5% to 6.5% higher than where we are now for QID and REW.  I bought them both a couple weeks ago and then again on 7/19 so that purchase is underwater for the last few days.   I have a small play in UVXY, less than 1%.  I am short TSLA which is around the flatline, and NVDA which is slightly underwater.

So in all to screen shoot everything just simply isn't practical, unless you have something specific you want to key on.  Tomorrow is Sunday so that will be the only day I would have time to do this.  Once the work week starts I am working 12 hours a day at engineering, so hopefully you can get back to me soon unless it can wait until next weekend.

So again, I can cater to a shot of something specific or you will have to ban me and apparently any other user who does not have a simple account structure.

If the S&P 500 moves in any direction I stand to gain something somewhere and lose something somewhere.",1,2021-07-25 09:20:18
h68u3i5,t1_h67rllt,"Macroeconomics is being wrong about things in general, while microeconomics is being wrong about very specific things - Yoram Bauman",111,2021-07-23 21:15:53
h698py3,t1_h67rllt,I just got through my securities license studying and you’re right about that one. We only know where we are (where) in hindsight. Everything else is purely speculation although I do speculate that we could see covid restrictions in place in New England come October.,9,2021-07-23 23:08:40
h69f0va,t1_h67rllt,Big flex,4,2021-07-23 23:53:45
h6b7qlt,t1_h67rllt,"It was mine too. Before I switched it to finance because I didn’t want to be a grad school cuck.

I still make shit money btw. But probably more than you.. teaching art I assume? Idk what Econ majors do.",3,2021-07-24 08:09:14
h6ag9qf,t1_h67rllt,But you can postulate like a flaming Pheonix bitch.,1,2021-07-24 04:25:05
h68pj00,t1_h67rllt,"Oh, we know plenty - it's just that government's regulation is through the roof.",-16,2021-07-23 20:33:45
h67qcus,t1_h67jxdc,"If bears are just bulls in disguise looking to buy at a lower price, there will never be a true bear market, at least for quite a while lol.",102,2021-07-23 12:48:06
h67vkq1,t1_h67jxdc,"Lol, says inflation is higher than official numbers but then goes all cash.",66,2021-07-23 13:48:22
h67uh9l,t1_h67jxdc,March 17th 2023 $500 call $SPY will it work?,7,2021-07-23 13:34:54
h6acdvp,t1_h67jxdc,"Not gonna drop 3% either cuz cases no longer equal deaths. Delta is only Darwin wiping out the dummies who refuse to get vaccinated, at least in the big economies mentioned here.",4,2021-07-24 03:56:01
h682zz1,t1_h67r7ox,"OP may end up correct about a crash or downturn, but their reasoning is flawed",52,2021-07-23 15:28:49
h688qa3,t1_h67r7ox,"Some people will change their behavior regardless of official lockdowns. It won't be to the extent that a lockdown would cause, and it'll be less prominent in red states, but even the most Republican states have a significant amount of Dem voters (30% or so). If shit gets as bad as predicted there will be economic slowdown.

Which means the Fed keeps printing, which means stonks only go up. More COVID is bullish in JPow's reality.",21,2021-07-23 16:56:17
h684s2f,t1_h67r7ox,"OP seems a bit paranoid, politicians don't enforce lockfowns just for fun. Lockdowns means less byisnes which means *less taxes* due to less work/shopping aka *less money*. No politician, or other person, would ever want less money.



They want more money! They want less people to be sick, less people to be afraid. Go out and spend, shop, let the money *trickle upwards!*. Look at Sweden, not one single lock down and yet our businesses suffered because *people were afraid and didn't want to risk dying*",30,2021-07-23 15:55:35
h6ekrg3,t1_h67r7ox,"Over this this pandemic, I spent time in South Dakota, Minnesota, Missouri, and Kansas. Of those, only one is a ""Democrat state,"" Minnesota. Minnesota locked itself down for a solid 8 months. 

All the other states? Nobody cared. Governor's of GOP states can not reverse course at this point. Additionally almost all the public won't tolerate another lockdown.",1,2021-07-25 04:57:14
h6ao2ei,t1_h67r7ox,"This. If Republican states DID shut down, would the citizens listen? Absolutely not. We enjoy our freedom. We’ll hold up the economy for Democratic states. 👍🏻",-3,2021-07-24 05:24:43
h682874,t1_h67r9de,Stable Coin - most places give you 8%+ interest on deposits,-7,2021-07-23 15:17:33
h6apewx,t1_h67h1ie,"You financial wizard. Fuck it, all in TLRY and MRNA",1,2021-07-24 05:35:20
h6agkxs,t1_h6820el,technically none. It was sort of a pearl liquid stuff from a pump.,1,2021-07-24 04:27:24
h6assxi,t1_h681w3g,the man doesn’t understand basic macroeconomics it’s not worth trying to explain anything to him,3,2021-07-24 06:02:04
h68ukaj,t1_h687zw6,"On 2.: Valuations have proven to not mean shit in low-rate environments. After the Fed jacks up the rates a couple times in a row, we'll see valuations start to matter again.",10,2021-07-23 21:19:50
h6ce2nj,t1_h687zw6,"People love to bring up dotcom, but forget for the Rf rates were like back then lmao",1,2021-07-24 15:39:07
h6fpav9,t1_h687zw6,"AI is already helping googl & fb, where do you think those great youtube and reels recommendations come from?

who the fuck would watch tv when you have the best content all day everyday?

As for biotech, maybe, crispr is already solving some pretty serious human problems, do you think it will remain slow or speed up?


spaceflight is for rich retards, can't argue with you on that",1,2021-07-25 11:09:06
h6fpawf,t1_h687zw6,"AI is already helping googl & fb, where do you think those great youtube and reels recommendations come from?

who the fuck would watch tv when you have the best content all day everyday?",1,2021-07-25 11:09:07
h6ffftq,t1_h687zw6,"well written.  Yes I think #4 I waxed too negative on the future of tech.  Tech is a good thing and enabling.  On inflation, after doing my own research I can't be swayed away from the hawkish camp.  Again I definitely urge you to rebuild the CPI on your own with online research that is independent of the gov, if nothing else to validate your stance on this key issue that absolutely effects stocks.  Inflation negatively impacts most asset classes as you would know.",0,2021-07-25 09:33:35
h68gd5r,t1_h67ptem,Just drink responsibly folks.,7,2021-07-23 18:48:22
h67t2ha,t1_h67ptem,"Well, what does it mean responsibly? I have 10k in apple and 18k (well, 14, because I lost 4 already) in spce. Is that it?",17,2021-07-23 13:18:14
h68h4kd,t1_h67ptem,">Just trade responsibly folks

what does trade responsibly mean? means we should ALLIN into FD??",2,2021-07-23 18:58:31
h67nr7c,t1_h67ks7z,"And pull up those stocks

All
Getting rekt",9,2021-07-23 12:20:24
h68gpp5,t1_h67ks7z,"Ever consider that that stuffs all a lie and we’re generations from any of it? Not saying we are, just asking if you consider that as a possibility.",-5,2021-07-23 18:53:00
h67rq0o,t1_h67ks7z,Let’s go !!! I got SPY September calls and EDIT 01/2022 calls!,1,2021-07-23 13:03:10
h67uxlh,t1_h67ks7z,[deleted],-1,2021-07-23 13:40:24
h68rscq,t1_h67smkm,"TL;🧑‍⚕️🩺🥼

Virus coming back, no big narrative to push the economy to the next level.",1,2021-07-23 20:55:20
h6ah87f,t1_h67smkm,Hey man/woman... Tender Loving Dick Rides are not provided.  Good luck 2u in yer SPY puts,1,2021-07-24 04:32:14
h68c5ds,t1_h67h4co,Huh? I can only speak on the UK but quarantine numbers from our track anf trace system are through the roof causing major staffing shortages across stores and warehouses.,8,2021-07-23 17:48:07
h67lolm,t1_h67h4co,Plenty of countries that are crucial to the global supply chain with 10-15% population vaccinated.  Materials may become scarce again.,19,2021-07-23 11:59:45
h67jjz4,t1_h67h4co,"It's like rust or termites, if you don't COMPLETELY remove or control the spread them you might as well be doing nothing. Complacency is a bitch",14,2021-07-23 11:39:33
h67vju2,t1_h67h4co,"Not nearly enough people are vaccinated for the virus to slow down and due to the mutations it keeps moving faster. Its summer now and naturally it spreads less, im expecting a huge spread among non vaccinated people during the fall all over the world with hospitalizations to follow due to no restrictions.",4,2021-07-23 13:48:03
h67pvt4,t1_h67h4co,The panic was due to how Gyna reacted- basically locking people in their homes without food and shit Plus the unknown,2,2021-07-23 12:42:56
h681cu3,t1_h67h4co,Except all the people dying and becoming chronically ill...but sure!,0,2021-07-23 15:05:15
h67sxip,t1_h67r1nq,SPY 1000 by EOY 2022,9,2021-07-23 13:16:41
h67tew8,t1_h67r1nq,No 🌈🐻 allowed,5,2021-07-23 13:22:12
h67ujt9,t1_h67r1nq,[deleted],0,2021-07-23 13:35:44
h689iyh,t1_h67g18u,"> FUD

Facts U Dislike",16,2021-07-23 17:08:38
h68kbn1,t1_h67g18u,Look at the UK right now,2,2021-07-23 19:37:44
h68g4ak,t1_h67g18u,OP just...did?,-5,2021-07-23 18:45:02
h6b2ov0,t1_h67x5a8,So non-wall-street bets,1,2021-07-24 07:24:48
h67vil7,t1_h67p5xo,"There's a 2-3 week lag in deaths. They're coming.

EDIT: Those of you downvoting that bland, apolitical comment must be genius traders.  Cases are spiking massively. A certain percentage of those become hospitalizations within days of diagnosis, and a certain percentage of hospitalizations turn into deaths within 2-3 weeks of initial diagnosis. You don't just get COVID and instantly drop dead.

Cases are a leading indicator. You know, like *forward* earnings, that thing you're supposed to understand as a trader?

Yes, I understand that over half the population is now vaccinated. However, vaccinated and previously infected people can still catch and *spread* COVID, even if the risk of a severe case is low. The Delta variant (83% of sequenced cases in the USA as I type this) is much more transmissible, and more deadly than, the original strain, and we're no longer implementing the mitigation measures we were last and earlier this year.

Everyone being a potential carrier, a much higher transmissibility, stronger infections, and limited mitigation means Delta is going to absolutely rip through the unvaccinated population through August and September. Look at where [the curve](https://www.nytimes.com/interactive/2021/us/covid-cases.html) is headed. This is the beginning of Delta's exponential growth.

So now you have a reason to downvote my post, if you're so inclined. But I urge you to take Delta seriously. It's already killed an estimated 3-4 million people in India alone.",17,2021-07-23 13:47:38
h67v6es,t1_h67p5xo,It is going up in the UK right now. They have also lifted all restrictions unlike many other countries.,2,2021-07-23 13:43:24
h6al8o5,t1_h680pe4,This is what I need for my bear thesis. People just throwing out random numbers,1,2021-07-24 05:02:41
h6b2qsq,t1_h680pe4,If you plan for tomorrow it'll be in 5 years. If you plan for 5 years it'll be tomorrow.,1,2021-07-24 07:25:16
h67wrua,t1_h67punu,"there is a bear case for inflation, but for boomer stocks so fuck it on explanation.  In reality you're right inflation means load up on assets and debt.",5,2021-07-23 14:03:24
h69ue81,t1_h67k2g2,Like MM running it up premarket to dump it all at the open.,1,2021-07-24 01:42:59
h6a0uyu,t1_h67ggik,"Pretty much. Who knows when the next crash will happen, but I'm pretty sure it'll be before Republican ran states embrace lockdowns to spite Joe Biden (lol).",2,2021-07-24 02:30:14
h67pilb,t1_h67ggik,[deleted],-5,2021-07-23 12:38:57
h67i0yw,t1_h67h4k6,That J means my man J Poww right?,7,2021-07-23 11:25:16
h6a10jr,t1_h67pt1q,Inverse OP. Buy anything except SPY puts.,1,2021-07-24 02:31:23
h67z9xz,t1_h67vrxi,"Bullshit

My friends dad lives in Guangzhou and they had lockdowns 1-2 months ago.

They choose not to publish the numbers. And the numbers they have released thus far are fake",2,2021-07-23 14:36:16
h6a1l5p,t1_h67vrxi,Surprised you could type all of that while jerking off to Winnie the Pooh rule 34.,1,2021-07-24 02:35:35
h67pkvu,t1_h67hecb,"So only 6% of the people getting sick with delta are previously vaccinated, a new vaccine is in development already with tech that is proven effective, and materials are up higher than labor.... and this makes you BEARish on equities? Okay thats fine but personally i actually like money",5,2021-07-23 12:39:39
h67j3j3,t1_h67g6od,"I think it ‘should’. 

But do you believe that this correction will come despite no change in FED RES stance and QE?

Or do you believe they will capitulate eventually and regain some tiny semblance of political independence by finally constricting the flow of money?",7,2021-07-23 11:35:14
h67hmdy,t1_h67g6od,"If you say it often enough, eventually it will come true",2,2021-07-23 11:21:32
h67pd5r,t1_h67nkat,[deleted],3,2021-07-23 12:37:22
h67wyqg,t1_h67nkat,The big caps fucking printed money during the pandemic. Why would a fall back to that be any different?,1,2021-07-23 14:05:50
h67pve1,t1_h67piz8,"In April of 2020 I took out a $21,000 personal loan from my bank to buy stocks.  I know how to be positive about investing.  I don't do emojis.",0,2021-07-23 12:42:48
h67zb6l,t1_h67q2ix,Covid is a scam,-3,2021-07-23 14:36:45
h67i4f9,t1_h67ffus,"Uhh...what?  Like shutting down the WHO origins of covid research this week?  Yea I don't know many with a ""trust China"" mentality.",10,2021-07-23 11:26:10
h68tzjy,t1_h686qnd,yes but that free pandemic money,1,2021-07-23 21:14:55
h67oeto,t1_h67ik2b,"The valuations he put up here are scary

Price per sales and pe let alone market caps
Are
Insane on the big caps",6,2021-07-23 12:27:15
h67otfr,t1_h67otf6,"Holy shit. Calm down Chad Dickens.


*I am a bot, and this action was performed automatically. Please [contact the moderators of this subreddit](/message/compose/?to=/r/wallstreetbets) if you have any questions or concerns.*",1,2021-07-23 12:31:34
h6c2lyo,t1_h6b8rpn,They’re gona get flushed soon enough….,1,2021-07-24 13:05:48
h6b7vj5,t1_h6ag9qf,"Can you derive the aggregate consumer demand curve for me?

I want to know all the theoretical bullshit math they are teaching now.",2,2021-07-24 08:10:29
h6agf1p,t1_h6ag9qf,"Yeah, otherwise it wouldn't sound believable. We are the politicians of the science world.",1,2021-07-24 04:26:10
h67sogs,t1_h67qcus,"tech has been overpriced to all hell for 10 years, random ass research companies that don't make money get pumped almost daily, couple people have a webcast and say ""ehhh coins are neato green power"" and the whole market goes up almost double digits. 

I've gotten assfucked enough to know that you shouldn't bet against anyone. follow the retards and immediately bail after you make some money. that's what responsible investors do.",142,2021-07-23 13:13:48
h698zea,t1_h67qcus,Bears are frauds until the market drops and then stays flat as fuck for a few months.,5,2021-07-23 23:10:34
h67sgbz,t1_h67qcus,I think bears are just mad that they didn’t get in earlier.,13,2021-07-23 13:11:13
h686j7x,t1_h67vkq1,"This is WSB you fucking idiot, how fucking dare you accuse us of making illogical choices.",28,2021-07-23 16:22:25
h6a6il4,t1_h67vkq1,Good luck to you pal! 🙈,1,2021-07-24 03:12:21
h6aetdf,t1_h67vkq1,"Actually I migrated to paper precious metals GLD, UGL, NUGT, SLV - post got too long.  I kept all my banks and financials.",1,2021-07-24 04:14:11
h67wiuj,t1_h67uh9l,Probably.,12,2021-07-23 14:00:15
h689dz7,t1_h67uh9l,If the Fed doesn't touch interest rates that'll be in the money easily.,7,2021-07-23 17:06:28
h68vf38,t1_h682zz1,He sounds like a mouth breather who spends 90% of his time on investment Twitter.,14,2021-07-23 21:27:00
h6acnl1,t1_h688qa3,"There’s absolutely no way we are shutting down again. No ones going to care if republicans keep Darwining themselves. Eventually the GOP machine will realize the damage they’ve done to their base and start advising people to get vaccinated. We’ve already started to see this. Even if they don’t, it won’t take long for them to have all been exposed and we will reach herd immunity regardless. We will see mask mandates return but that’s about it, no one has a palate for further shutdowns or restrictions at this point.",4,2021-07-24 03:58:03
h68j39r,t1_h684s2f,[removed],1,2021-07-23 19:23:02
h6b25ub,t1_h684s2f,Half the political world want less people to be afraid. The other half wants people to be less sick. There is no universe where those two overlap.,1,2021-07-24 07:20:12
h68l45i,t1_h684s2f,[deleted],-18,2021-07-23 19:46:55
h6bcsz9,t1_h6ao2ei,Red states are poor as fuck,7,2021-07-24 08:54:33
h6bqig8,t1_h6ao2ei,[deleted],3,2021-07-24 10:59:11
h6bqpy9,t1_h6ao2ei,“Red states poor as fuck” but not asking for government hand outs. 👌🏻,-2,2021-07-24 11:01:11
h68gxlo,t1_h682874,Yea but stonks give 69% a year,13,2021-07-23 18:55:59
h69jlly,t1_h682874,Which one does this?,3,2021-07-24 00:26:15
h68hrsq,t1_h682874,While the token itself loses 70%,4,2021-07-23 19:06:45
h68n1l2,t1_h682874,Do this but don't be surprised when you lose everything.,2,2021-07-23 20:08:08
h696ww0,t1_h68ukaj,if valuations don’t mean shit why did memestocks crash?,2,2021-07-23 22:55:26
h69caq5,t1_h68gd5r,Instructions unclear: butt chugged entire bottle of Pimm's #1,3,2021-07-23 23:34:27
h68b61t,t1_h67t2ha,‘Trade responsibly’ means trading with a huge butt plug up your ass at all times while you surf Grindr. Fuk that 🌈 shit. YOLOing is what chads do,15,2021-07-23 17:33:48
h67uskq,t1_h67t2ha,"90 percent in medium risk securities ( u can no longer find low risk securities) and 10 percent extreme risky bets. 


Medium risk can be theta strategies (some). Could be dividends with a stop loss etc etc",9,2021-07-23 13:38:41
h681lox,t1_h67t2ha,D I V E R S I T Y,2,2021-07-23 15:08:45
h6aiu4k,t1_h67t2ha,Absolutely nothing responsible in holding SPCE.,1,2021-07-24 04:44:28
h68wgp8,t1_h67nr7c,Genomics? Not really.,1,2021-07-23 21:35:40
h68m4lx,t1_h68gpp5,"we already have all 5 of those things, and they're listed pretty much in order of ubiquity/importance/availability/whatever you want to call it",9,2021-07-23 19:58:11
h68qw6y,t1_h67uxlh,Lol why would you assume break even on a leap is the strike?,2,2021-07-23 20:47:02
h68ctun,t1_h68c5ds,"I don’t know much about the UK’s current position, I’m more referencing the US. Where I’m at things have plummeted. We’re at an average of 500 cases per week and 5 deaths per week. For perspective, just 3 months ago we were at 4,600 cases per week and 45 deaths per week. Could be that people have just stopped getting tested though",1,2021-07-23 17:58:03
h688k27,t1_h67lolm,"That’s a fair point, we don’t have control over how other countries react to it so it can affect us with some shortages, but I’m just saying the US won’t need to shut down the economy again. So while there may be supply chain shortages again, it won’t be at the same level because we won’t have our side of the supply chain shut down as well",-6,2021-07-23 16:53:34
h688ea7,t1_h67jjz4,"I don’t believe it will be something that will ever completely go away. The Flu was a pandemic of similar proportions and despite vaccines, it is still around today and still kills hundreds of thousands per year. It’s just a part of life. I’m not saying turn a blind eye to it, I’m just saying that we aren’t going to have the same response this time around (lockdowns, stimulus etc) because it won’t be necessary in order to “figure out what’s going on”, we know what’s going on and have a way to fight it already, so the medical system will fight it as they know how to, and the government won’t need to make drastic economic changes",8,2021-07-23 16:51:07
h67u7iq,t1_h67jjz4,If the virus is so infectious then there is never going to be a chance to completely remove it.,12,2021-07-23 13:31:40
h688yze,t1_h67vju2,"It may, but it’s anyone’s guess. Rates have been drastically low since the start of the year, and are almost non-existent right now (in comparison to what they were at the start). There will always be some level of spread that will continue to happen for years on end, it will always be with us, but that won’t require an economic shutdown because we’re not in the same position that we were last year. We know what it is, have medial treatments for it, so there won’t be a need for drastic government action",2,2021-07-23 17:00:02
h688n97,t1_h67pvt4,"Right. It was the fear of the unknown, so it was somewhat justified to have a drastic response in order to provide a buffer to figure out what was going on. This time around we won’t need that (lockdowns, stimulus) because we already know what’s going on and know how to fight it",1,2021-07-23 16:54:59
h6893c2,t1_h681cu3,"I’m not ignoring the fact that people will get sick and some will die from it. That’s bound to happen, and will continue to happen for years. All I’m saying is that it’s not a mystery anymore so there won’t be need for an “anything goes” approach such as economic shutdown and stimulus, because we already know what it is and how to treat it medically.",2,2021-07-23 17:01:55
h68p1tc,t1_h67ujt9,Sure,1,2021-07-23 20:28:54
h68le8g,t1_h68kbn1,And what? Their infections are up? Or 60% of new cases are those who are fully vaccinated? Again cases don’t matter unless there is a spike in hospitalizations or deaths. And the cases “have been going up” for plenty of weeks to show whether or not they are causing hospitalizations and deaths to increase. (Spoiler they’re not),2,2021-07-23 19:50:00
h68g98d,t1_h68g4ak,Yea you must of not read his post then. All was talked about was cases.,8,2021-07-23 18:46:53
h67wcx3,t1_h67vil7,59% of us population is vaccinated. 99% of deaths are unvaccinated. Deaths will be 50% or what they were a year ago.,7,2021-07-23 13:58:10
h816hsz,t1_h6al8o5,"In 2 years interest rates rise & the market has some real pressure 

The market might not drop immediately but within 5 years we will likely see a correction 

Because the business cycle repeats itself 

Sorry mate I just saw this & wanted to respond 

AMA",1,2021-08-07 15:29:40
h7gzmkj,t1_h6b2qsq,If I plan for tomorrow it will BE tomorrow,1,2021-08-03 04:38:44
h67x47t,t1_h67wrua,You don’t want to own debt if there’s inflation. You want to own real assets (commodities and real estate) and equities are a mixed bag but certainly better than cash,2,2021-07-23 14:07:52
h689901,t1_h67wrua,"Growth stocks get fucked by extreme inflation because the Fed is more likely to let interest rates rise. Boomer stocks get fucked because meemaw doesn't want to pay an extra 10% for her Bounty paper towels. 

Real assets and TIPS are the play if you expect inflation to go nuts.",0,2021-07-23 17:04:19
h67rikj,t1_h67pilb,"Nah. Also I’ve seen a billion of these or comments in the daily being like reee Covid gonna be bad again go short. 

Fed and unlimited QE dipshit. Until it changes buy SPY calls.",-2,2021-07-23 13:00:57
h68y5jr,t1_h67z9xz,"It's a bit of both. They are doing a good job, but not quite zero. So fake numbers for sure.",1,2021-07-23 21:49:25
h6b2xr7,t1_h67z9xz,If they were doing an Australia strategy they could both be true,0,2021-07-24 07:26:57
h67r9c7,t1_h67pkvu,"Not bearish there’s always a bull run somewhere. But the growth outlook like OP is talking about is kind of stalling. The Covid variants are adding to this. 
Delta variant 1000x more potent than original virus, just think about that for a minute. Lambda variant is even worse. Bearish or Bullish this has to be factored in.",4,2021-07-23 12:58:05
h68xgsd,t1_h67j3j3,I think more than likely sticks will grow faster than ever because it's the opposite of what makes sense to me. Literally gave up on these markets a year ago.,2,2021-07-23 21:43:53
h67wuiu,t1_h67j3j3,Some noob retard or perma gay bear. No point reasoning with these dipshits. The fact that he called a 30% drawdown a “correction” tells you all you need to know.,0,2021-07-23 14:04:20
h67sj0y,t1_h67pd5r,"Plug power is a leader
In fuel cell
And hydrogen u idiot

ITs 15 billion market cap
Here at lows",-3,2021-07-23 13:12:03
h67smwu,t1_h67pd5r,"All my small and mids trade the same way no doubt a major algo short program


I think apple
Moves
Intraday more than the iwm

Sick",0,2021-07-23 13:13:18
h67t8xx,t1_h67pve1,"You’ve been in the market for 30 years and needed to take out a $20,000 loan for stocks? Now I’m buying Spy calls.",15,2021-07-23 13:20:17
h67ze9l,t1_h67pve1,"How old are you?

A loan of $20k to buy stocks?

Thats peanuts.",3,2021-07-23 14:37:54
h67r629,t1_h67pve1,"Chad

Except now, stock only ho u",0,2021-07-23 12:57:05
h6b2yn2,t1_h67zb6l,just like smallpox,1,2021-07-24 07:27:09
h68rtys,t1_h67i4f9,Shutting down research into the origin of the pandemic does not indicate that they are having major unreported outbreaks right now.,2,2021-07-23 20:55:45
h68ua61,t1_h68tzjy,Nothing is free. Have you noticed the inflation recently?,2,2021-07-23 21:17:28
h67t6jz,t1_h67oeto,That’s because he provided no context. Look at the profit margins on the SP500 companies compared to historical averages. P/S is a stupid metric to argue bubble when margins have exploded higher.,3,2021-07-23 13:19:31
h67ytt5,t1_h67sogs,"The name of the company, Aerotyne International. It is a cutting edge high-tech firm out of the Midwest awaiting imminent patent approval on the next generation of radar detectors that have both huge military and civilian applications now.",89,2021-07-23 14:30:19
h68kgng,t1_h67sogs,I would bet against microvision if I could afford to short ungodly amounts. Losers still think anyone wants to buyout that shit...,7,2021-07-23 19:39:22
h6994xa,t1_h67sogs,"> follow the retards and immediately bail after you make some money. that's what responsible investors do.

Words for the ages.",3,2021-07-23 23:11:41
h68e5zr,t1_h67sogs,"Tech is not overpriced, boomers were just a bit too slow to realize that it has taken over the world, and still has room to grow (Google, FB, even Apple, Microsoft etc are legit still growth companies, the former two double their annual revenue every 2-3 years, while also increasing margins)",21,2021-07-23 18:17:46
h6agghp,t1_h67sogs,"Yea everyone with an ounce of sense knows theres a bubble and a crash is coming, fiscal policy and market sentiment can delay it for a long time but its still coming",1,2021-07-24 04:26:29
h6advgh,t1_h6acnl1,"I agree. I don't think shutdowns are politically possible anymore, there is zero will for it and they only work if the public buys into them. But people will go out less if they feel like they're in danger, even if there's no lockdown. The effect won't be nearly as pronounced as when we forced everyone to stay at home, but the virus can still have economic effects.",4,2021-07-24 04:07:09
h6aype5,t1_h6acnl1,"> republicans keep Darwining themselves

Florida is 41st in age adjusted covid mortality. So your little barb is just propaganda, not reality",-1,2021-07-24 06:50:52
h6ay9s0,t1_h6acnl1,The delta variant is simply a second chance for fucking antivaxxer assholes to YOLO one more put on their life. I'm rooting for their YOLO. ![gif](emote|free_emotes_pack|upvote),1,2021-07-24 06:47:17
h6c57l8,t1_h6acnl1,"The game has changed. Delta is breaking through vaccines. Elementary kids cannot get vaccinated and won't until next winter. Democrats can no longer say the unvaccinated are only darwinning themselves. They're causing breakthrough infections, infecting kids, they'll causenschool shutdowns, nursing home breakouts and accelerate worse mutations that make vaccines fail, which is all dragging this out for everyone.

You are stuck in a pre delta mindset where what red states did didn't affect blue states. Once blue states feel directly fucked by red state refusal to get vaccinated, you'll see coercion every one assumed would never happen in america.",1,2021-07-24 13:37:27
h6ajg4t,t1_h68l45i,Lol,3,2021-07-24 04:49:08
h6bqwsf,t1_h6bqig8,"Well….. if states start shutting down then I’d say they would be in better shape, now wouldn’t they..",0,2021-07-24 11:03:01
h6brpyb,t1_h6bqpy9,[deleted],3,2021-07-24 11:10:55
h6bri2v,t1_h6bqpy9,Hahaha yeah they never take a handout down south,2,2021-07-24 11:08:47
h698kki,t1_h68hrsq,"It’s pegged to the dollar, so that would only happen if the dollar also loses 70%",3,2021-07-23 23:07:35
h698pz8,t1_h68n1l2,This is mindless FUD about something just cause you don’t understand it,4,2021-07-23 23:08:40
h6al90a,t1_h696ww0,"Profit taking. As much as reddit users love to post diamond hands and not selling, there are plenty of people who will happily take a 100% return and get the fuck out while their still in the green.",1,2021-07-24 05:02:45
h6b2do4,t1_h696ww0,maybe they don't mean shit in both directions,0,2021-07-24 07:22:05
h6aj3i5,t1_h69caq5,Ugh gonna need a coffee enema the morning after that one.,1,2021-07-24 04:46:26
h68b7cr,t1_h68b61t,Fuck yeah!,5,2021-07-23 17:34:18
h688rnv,t1_h67uskq,Around here 100% in weekly SPY calls is considered medium risk.,25,2021-07-23 16:56:54
h68c7j3,t1_h688k27,"Oh, its one of those posts that thinks the US is the only place on the planet.",9,2021-07-23 17:48:57
h67vw32,t1_h67u7iq,"That is exactly what the virologists believe.

We have erradicated viruses before but only regionally due to working vaccination programmes for viruses that are not air born. This is different and people keep getting dumber not taking their shots.",13,2021-07-23 13:52:17
h67uvdc,t1_h67u7iq,There’s not. That chance came and went a long time ago. It’s here to stay,7,2021-07-23 13:39:38
h68epud,t1_h6893c2,"What's needed will depend on the area, and there will still be some time where it's not just some people dying, but a number large enough to disturb the economy at least in affected areas

This will be concern at least through the fall",1,2021-07-23 18:25:31
h68ggal,t1_h68g98d,More unvaccinated cases means more deaths?,-1,2021-07-23 18:49:31
h683wn4,t1_h67wcx3,Even less than 50% as older people have higher vaccination rates then younger people,10,2021-07-23 15:42:34
h688z57,t1_h67wcx3,"Delta is significantly more infectious. I've seen estimates in the 40-80% range. I'm not smart enough to model how that'll impact death rates because it isn't a linear relationship, but all else being equal there could be more deaths on an absolute level despite the vaccine.",1,2021-07-23 17:00:06
h68kam3,t1_h67x47t,"You definitely want debt in an inflationary environment, money is worth less so you’d want debt to own things that are consequently worth more money bc money is worth less",10,2021-07-23 19:37:24
h684dti,t1_h67x47t,Why would you not want debt? You could take out a loan and allow inflation to reduce it for you. Best would be to take up debt to buy an asset.,5,2021-07-23 15:49:40
h6c58wt,t1_h6b2xr7,"Australia cant control it either. They could initially due to the isolation and hence stop it getting in but once its established aus is past the tipping point

China has always been past the point of no return and it is spreading thru their country",0,2021-07-24 13:37:55
h685i1z,t1_h67r9c7,Death cases and hospitalisations are way lower than the previous waves its not even close and that's all that matters.,1,2021-07-23 16:06:37
h67vsij,t1_h67sj0y,"Theyve turned a profit, what is it, 1 quarter in 20 years? Wow im shocked that the price action is volatile on a money machine like that",2,2021-07-23 13:51:02
h69egcp,t1_h68ua61,"yea, but fiat money always leads to inflation.",1,2021-07-23 23:49:44
h69c6xh,t1_h67ytt5,I laughed at this for a second before I realized I read this same type of shit on Reddit everyday.,16,2021-07-23 23:33:42
h68gk32,t1_h68e5zr,What do you think they’re going to grow into? Big Brother?,22,2021-07-23 18:50:56
h68jf89,t1_h68e5zr,"Damn fucking agree, not to sound like a fucking boomer, but damn people (including myself) look at so much social media shit now. Its become the fucking norm so quickly and easily.",10,2021-07-23 19:27:00
h6ohly8,t1_h68e5zr,"People somehow forget that half the world doesn't have the internet yet, but will within the next decade. They're all going to start using Google and Facebook/Instagram like the rest of us.",1,2021-07-27 14:42:34
h6az06e,t1_h6aype5,"Wait wtf does that even mean? Do the old people not count as much?? Lmao you’re comment is straight stupidity. They’ve had the fourth most deaths, it doesn’t matter young or old, in fact I’d argue if it’s more old people it’s more republicans. They currently have double the deaths per day as California who has double the populations

Edit.  Looks like you’re just downvoting me on multiple account like a bitch instead of replying, but in case you look at the comment again it also looks like Florida has been undercounting deaths. 

https://ajph.aphapublications.org/doi/10.2105/AJPH.2020.306130?url_ver=Z39.88-2003&rfr_id=ori%3Arid%3Acrossref.org&rfr_dat=cr_pub++0pubmed&",12,2021-07-24 06:53:24
h6c70o7,t1_h6c57l8,"There have been about a dozen child deaths since this thing started. If you think capitalism gives a shit about a couple of kids you’re high. Unless delta suddenly starts dropping hundreds of kids it won’t matter, and even then Idk, maybe it’ll have to kill Biden grandson or some shit. A couple crying moms on tv won’t be enough. This should be obvious since 600k deaths hasn’t been enough",3,2021-07-24 14:00:00
h6brf64,t1_h6bqwsf,Yeah po dunk Alabama would become a total economic hot bed if NY faced further temporary restrictions. Broke toothless fucks would be dripping with dough.,1,2021-07-24 11:08:00
h6bs2uc,t1_h6brpyb,This is the most shocking news ever.  Man I thought they were the heart beat of America.,4,2021-07-24 11:14:28
h6bsysn,t1_h6brpyb,Send me an article that isn’t written by a huge douche.,-1,2021-07-24 11:23:14
h6b280h,t1_h698pz8,mtgox says hi,0,2021-07-24 07:20:43
h6amwz0,t1_h6al90a,"yes… people “profit take” when the stock has no underlying value and is sky high. which sends the stock back down. which by definition means valuation is important, unless you don’t mind double digit percent losses in a day",1,2021-07-24 05:15:42
h69220d,t1_h688rnv,"thats why i love this sub. the assholes out there want to see the world burn, but wsb just wants to burn money without bothering anyone.",3,2021-07-23 22:19:34
h68cy72,t1_h68c7j3,"To be fair, the OP’s post was mainly discussing the US’s approach to Covid",1,2021-07-23 17:59:51
h68er3x,t1_h67vw32,[deleted],7,2021-07-23 18:26:02
h67z1qt,t1_h67vw32,Interesting 🤔,2,2021-07-23 14:33:14
h67z3f6,t1_h67uvdc,"Yup, so people better start cranking up their immune systems.",0,2021-07-23 14:33:52
h68gocz,t1_h68ggal,Sure or instead of assuming a factually incorrect narrative you look up the rates and see that they aren’t rising. The delta variant is less lethal than the first strain which was as bad as the bad flu. Cases don’t mean anything and they stopped counting infections in those with the vaccine unless they are deathly ill.,5,2021-07-23 18:52:31
h68ty02,t1_h688z57,"40-80% of 41% isn't going to overtake the old death rates when the majority of people who die are 65+ years old, and an ever higher ratio of 65+ year old people are vaccinated now",2,2021-07-23 21:14:32
h68rhba,t1_h68kam3,Take out second mortgage and buy jet skis. On it.,3,2021-07-23 20:52:31
h68tqpu,t1_h68kam3,"that's not owning debt, that's borrowing",2,2021-07-23 21:12:48
h68sudj,t1_h684dti,"Sorry I thought you meant buying debt, as in bonds",1,2021-07-23 21:04:56
h6dsvgw,t1_h6c58wt,"Actually Australia went all-in with a Sweden strategy at the beginning, then changed to an NZ strategy partway through. Now it seems they're changing to a USA strategy.",0,2021-07-25 01:05:15
h685v67,t1_h685i1z,"An Olympics with no spectators 
More travel bans
SE Asia on lockdown again
South America getting hammered with Lamda variant 
No more stimulus money
Evictions
Low wages for people who are risking their health (maybe life) to give you a tendie 
Banks have record earnings (highly unlikely to repeat)
1.00 doesn’t buy shit
Chip shortages
Massive flooding and fires in places that haven’t had them.
I mean idk I’m not bearish but I’m not really expecting the market to be booming exactly.",3,2021-07-23 16:12:12
h6bpnxd,t1_h69c6xh,This sounds just like shark tank for retail investors.,2,2021-07-24 10:50:53
h69as35,t1_h68gk32,"They already are passed that. But their global Soo is like big brother, big cousin, big uncle, big family back in the old country, big dad’s secret family other family in Honduras, but also big grand baby (your future) and big your wife’s boyfriend obv

And they’re woke too, so it’s probably also your big future set change",7,2021-07-23 23:23:33
h69rmk8,t1_h68gk32,i mean they're already there,2,2021-07-24 01:23:07
h69rp16,t1_h68jf89,people were saying amazon was just a bookstore in the not too distant past. a lot of people just unimaginative,3,2021-07-24 01:23:37
h6btk4l,t1_h6bsysn,No I’m going with your DD and moving to Arkansas or Alabama and gonna strike it rich like all the countless other rich folk there.,2,2021-07-24 11:29:16
h68gtqj,t1_h68cy72,And to be extra fair the US is kinda the focal point of the stock market as a whole.,8,2021-07-23 18:54:31
h6b2j72,t1_h68er3x,(1) it's still enough to stop the spread if people take them and also avoid contact to reduce their remaining 25% chance or whatever and (2) maybe they'll just make a booster for delta.,2,2021-07-24 07:23:26
h680d2h,t1_h67z3f6,Instead of milk i just use Airborne in my Fruity Pebbles at dinner.,12,2021-07-23 14:51:16
h68ny3s,t1_h68gocz,"> the first strain which was as bad as the bad flu.  
  
People are still parroting this line? If your name is accurate, do they teach you anything about epidemiology in school?",1,2021-07-23 20:17:38
h692ays,t1_h68ty02,"The faster spread means the exponential growth will be much higher, and exponential factors out-pace linear ones like ""60% are vaccinated"" very quickly. 

Instead of a maximum of (random numbers here) 0.1% of the country infected at any given time, we might peak out at 0.4% of the country infected. Even if 60% of the infected are vaccinated, 0.24% of the country's population would be unvaccinated. But there's a lot of factors at play and i'm barely literate so who knows.",2,2021-07-23 22:21:26
h68rncw,t1_h68rhba,"Value of used boats and jet skis went up during pandemic, calls on jet skis",5,2021-07-23 20:54:03
h68x3tz,t1_h68rhba,If you had done this pre pandemic and sold during the pandemic and refinanced you'd be a degenerate God.,3,2021-07-23 21:40:57
h68wku6,t1_h68tqpu,Yea that’s what you want,3,2021-07-23 21:36:36
h6c2zn8,t1_h68sudj,"Oh fair enough. Yes, you only want debt in assets which will rise with inflation (which bonds do not)",1,2021-07-24 13:10:21
h6e5ae7,t1_h6dsvgw,"Wtf are you talking about?

I live here. They are going for eradication

Fucking retard",1,2021-07-25 02:46:24
h68xzin,t1_h685v67,"The main one i think will be the tapering or ending of stimulus. The economy's going to flatline harder than a coke addict who couldn't get enough of the gram he mixed into his prescription grade Viagra.

Not literally. it's not gonna fall off a cliff. But I'd expect that next earnings will be below target without more stimulus.",2,2021-07-23 21:48:06
h6bts8e,t1_h6btk4l,Uh.. okay.,-1,2021-07-24 11:31:31
h68ohpq,t1_h68ny3s,"Send me a link to the spikes in hospitalizations and deaths. Little stat line for you, the average age of death in Ohio is 73 average age of death from covid is 81 in Ohio. And I’m a data engineer lol.",6,2021-07-23 20:23:13
h68xxmv,t1_h68wku6,"yeah just a miscommunication on the terminology, but it's an important difference.

Buying debt = long debt = inflation wrecks you

Borrowing = short debt = inflation good (Note that this is for fixed rate debt. Floating rate debt, the effect is more ambiguous as interest rates will rise in response to inflation)",4,2021-07-23 21:47:40
h6ond6q,t1_h6e5ae7,The Sweden strategy was let it go. The NZ strategy was eradication. The USA strategy is to say eradication but not actually do it.,1,2021-07-27 16:07:07
h69dqfl,t1_h68ohpq,"I'm not referring to the delta variant..  the evidence there is not enough to state conclusions. I'm saying you have looked at the data from 2020-2021 for the original strain and think that it was still no different than the flu? And don't conflate the argument here I'm not suggesting that the covid deaths are really affecting young folks, I know the majority of deaths are in the elderly.",1,2021-07-23 23:44:38
h69021s,t1_h68xxmv,Oh shit my bad I misread what you said,3,2021-07-23 22:04:22
h6p20mf,t1_h6ond6q,The Australian way is eradication and lockdown until it happens,1,2021-07-27 19:33:23
h69dx22,t1_h69dqfl,I think some if not majority of those deaths are from mishandling the patients,0,2021-07-23 23:45:57
h6q61yt,t1_h6p20mf,What after it happens?,1,2021-07-28 01:00:58
h6q9u4v,t1_h6q61yt,"What are you asking?

We are in lockdown in any state with active cases. Until eradication of covid in that state.",1,2021-07-28 01:28:11
h6qdega,t1_h6q9u4v,What's the Australian way after eradication happens?,1,2021-07-28 01:53:39
h6qpdw9,t1_h6qdega,There is no stated plan other than mass vaccination,1,2021-07-28 03:20:46
h6r327w,t1_h6qpdw9,What did they do last time eradication happened?,1,2021-07-28 05:01:51
h6so817,t1_h6r327w,"For example, WA is normal now. No masks no distancing no nothing. Had two brief lockdowns till eradicated in community",1,2021-07-28 12:59:47
h6zt8hu,t1_h6so817,How did they get to this stage?,1,2021-07-30 03:41:10
h708rch,t1_h6zt8hu,"They only ever had like 2-3 cases in the community max. Perth is the most isolated city in the world (google it). Similarly in adelaide tiny numbers.

I dont this the current outbreak in sydney can be eradicated. Its past the tipping point of suppression . But the government is doubling down on the sunk cost fallacy that the costs of lockdown are going to be worth it there. They have been locked down for a month and will continue to aug 31 but i forsee it going longer. It may find a way to spread thru east coast too if ppl escape lockdowns.

So its very dependent on population density. Of course if you lockdown for one case in a remote low density city like Perth you can eradicate it as was done a few months ago

But I think sydney is gone",1,2021-07-30 05:29:18
h755hkv,t1_h708rch,"Could Sydney have gone the same way as Perth, if it did what Perth did, back when it only had 2-3 cases in the community max?",1,2021-07-31 07:19:38
h75zwt5,t1_h755hkv,"For sure if they realised early enough.

But sydney is a real city on par with london or New York in terms of density and intercomnectedness - its like metcalfs law - there are exponentially more ways for it to spread.

So its exponentially more difficult to eradicate. At some point that aim is wishful thinking.

Sydney Nd Perth are not comparable cities. Perth is more like a regional town. Think zipf law",1,2021-07-31 11:54:31
h7fdzj7,t1_h75zwt5,They did do it once. Then they decided they didn't want it any more. So now they've got uncontrolled spread.,1,2021-08-02 21:32:42
h7feuyk,t1_h7fdzj7,"Yeah thats true. Its too far gone now I dont think they can stop it. In sydney its probably going to go another six months till eradication if at all.

Rest of east seaboard is going eradication route and might succeed

But like I said before - they are going for eradication. I dont think they will achieve that aim but that is their methodology and they are sticking to it. The fear is very high and most ppl want to believe in it",1,2021-08-02 21:40:14
h7fipin,t1_h7feuyk,"If it would be six months now, it'll be nine or twelve months if they wait even longer.",1,2021-08-02 22:11:53
h7fn2rz,t1_h7fipin,They are already in lockdown for last month. What do you mean wait?,1,2021-08-02 22:46:01
h7fnyka,t1_h7fn2rz,Are they? Why's it going up?,1,2021-08-02 22:52:42
h7fpdyz,t1_h7fnyka,"For the same reason lockdowns havent stopped transmission in any major city once cases go above 500-1000 they have been tried in.

Too contagious. Ppl still go to shops etc. And some just dont care cuz they are young and prob will be fine. So it spreads exponentially anyway. 

California and NYC had hard lockdowns. Spread like fire anyway.",1,2021-08-02 23:03:32
h7hj7i8,t1_h7fpdyz,So in other words there isn't a lockdown,1,2021-08-03 07:06:31
h7ij6bf,t1_h7hj7i8,"You can google their restrictions. It is a lockdown.

Unless you define a lockdown as not being able to leave your home to get groceries, exercise withyour housemates or go to pharmacy",1,2021-08-03 12:04:22
h7jhtxi,t1_h7ij6bf,A lockdown in this context is when contact between people is severely reduced to prevent the spread of a disease. Sounds like it's not happening.,1,2021-08-03 19:31:49
