comment_id,comment_parent_id,comment_body,comment_score,created_utc
h97wnx3,t3_p5r925,"
**User Report**| | | |
:--|:--|:--|:--
**Total Submissions**|24|**First Seen In WSB**|6 months ago
**Total Comments**|197|**Previous DD**|[x](https://www.reddit.com/r/wallstreetbets/comments/l7ifci/gme_short_interest_on_the_rise_is_10k_off_the/) [x](https://www.reddit.com/r/wallstreetbets/comments/l5xuan/gme_analysis_of_1000_potential/) [x](https://www.reddit.com/r/wallstreetbets/comments/l7wdk2/gme_what_broker_lets_you_set_high_limits_eg_2k/) [x](https://www.reddit.com/r/wallstreetbets/comments/l5wtxn/dd_analysis_of_gme_potential_to_1k/) [x](https://www.reddit.com/r/wallstreetbets/comments/lbkyne/dd_why_gme_valuation_is_valid_at_300/) [x](https://www.reddit.com/r/wallstreetbets/comments/l7zbkd/gme_short_squeeze_has_barely_started/) [x](https://www.reddit.com/r/wallstreetbets/comments/l7iimx/gme_short_interest_on_the_rise_is_10k_off_the/) [x](https://www.reddit.com/r/wallstreetbets/comments/lagdw2/gme_short_interest_declining_growing_or_gone_dd/) [x](https://www.reddit.com/r/wallstreetbets/comments/l5xdln/dd_1000_analysis_of_gme/) [x](https://www.reddit.com/r/wallstreetbets/comments/lcrykd/why_i_liquidated_all_my_gme_holdings_at_an_80/) [x](https://www.reddit.com/r/wallstreetbets/comments/lq3qc6/nvda_long_thesis/) [x](https://www.reddit.com/r/wallstreetbets/comments/l8oafp/how_to_stop_a_broker_from_lending_your_shares_for/) [x](https://www.reddit.com/r/wallstreetbets/comments/l5xqua/gme_dd_of_1k_potential/) [x](https://www.reddit.com/r/wallstreetbets/comments/lq3ngv/nvda_and_eman_long_thesis/) [x](https://www.reddit.com/r/wallstreetbets/comments/l7ihe3/gme_short_interest_on_the_rise_is_10k_off_the/) [x](https://jaamr15.medium.com/gme-current-short-interest-gone-going-or-growing-54e9a3721e3d) 
**Account Age**|1 year|[^scan ^comment ](https://www.reddit.com/message/compose/?to=VisualMod&subject=scan_comment&message=Replace%20this%20text%20with%20a%20comment%20ID%20(which%20looks%20like%20*h26cq3k*)%20to%20have%20the%20bot%20scan%20your%20comment%20and%20correct%20your%20first%20seen%20date.)|[^scan ^submission ](https://www.reddit.com/message/compose/?to=VisualMod&subject=scan_submission&message=Replace%20this%20text%20with%20a%20submission%20ID%20(which%20looks%20like%20*h26cq3k*)%20to%20have%20the%20bot%20scan%20your%20submission%20and%20correct%20your%20first%20seen%20date.)
    
Hey /u/jaamr15, **positions or ban.** Reply to this with a screenshot of your entry/exit.",1,2021-08-17 06:56:58
h97xl0v,t3_p5r925,Just say you’re a bag holder don’t be shy,78,2021-08-17 07:03:43
h98ts4j,t3_p5r925,Dude compares Roblox to faang loool. Whatever makes you sleep better at night,17,2021-08-17 11:15:24
h97zw81,t3_p5r925,This is actually true ☝️. RBLX sold off last earnings and then pretty much immediately went in a straight line to 100. I didn’t play earnings but I’m grabbing calls tomorrow,10,2021-08-17 07:21:07
h984snv,t3_p5r925,"If Bernie Sanders buys this stock, I will too.",11,2021-08-17 07:58:41
h989vre,t3_p5r925,Already down 5% after-hours.,9,2021-08-17 08:38:01
h986irj,t3_p5r925,I like op dd. But I'm a bag holder of RBLX with diamond hands 😆,4,2021-08-17 08:12:01
h98hhpl,t3_p5r925,Bought 1000 RBLX at 76.00,3,2021-08-17 09:36:37
h98jf4j,t3_p5r925,Can’t believe some doofus bought my $105 short naked calls last week. EZ money.,3,2021-08-17 09:51:21
h97ysvm,t3_p5r925,RBLX puts???,6,2021-08-17 07:12:55
h97x7qs,t3_p5r925,"Im a bagholder myself not of this but other stonks 

My question is are you bagholding?",4,2021-08-17 07:01:01
h9995tl,t3_p5r925,"So glad I didn't buy this, simply forgot to",2,2021-08-17 13:46:52
h99bdir,t3_p5r925,"You're just gambling on a 4 day post earnings pump. There's no DD to latch onto here. 

At least get some October Calls or leaps if you're looking for bagholder support. This just reeks of pure gamble. 

Good luck.",2,2021-08-17 14:13:24
h9a2er2,t3_p5r925,Yoink,2,2021-08-17 19:57:30
h981ulo,t3_p5r925,The market loves this stock and the only hate it gets are from people who didn’t get in at ipo price so now it’s “overvalued”,6,2021-08-17 07:35:51
h97zhzh,t3_p5r925,Good post but the valuations couldn’t hold so even getting companies clearly heading in the right direction yada yada... they’re all getting taken out to the sh-thouse and getting whooped. But those values adjust and the buying returns to take it higher than it was. Don’t know 8/20s will survive though but rooting for ya!,2,2021-08-17 07:18:11
h98h6x9,t3_p5r925,"F\*ck Roblox. The name sounds like a robotics company, so I rejected the interview several months before it went IPO earlier this year. The offer I heard gives RSU at $2x price range.

I wish RBLX crashes to $10. Buying puts soon!

Kidding: I will be loading up calls.",1,2021-08-17 09:34:17
h98nptf,t3_p5r925,"If it hits 73, buy calls, collect bank. Thank me later.",1,2021-08-17 10:25:01
h97xd52,t3_p5r925,Just buy a low cost index fund and you’ll be better off.,-5,2021-08-17 07:02:06
h98fi8h,t3_p5r925,"Roblox is a great concept.  But lots of great concepts have failed to make money, and dang Roblox better start making money pretty quick.",1,2021-08-17 09:21:19
h99zb1p,t3_p5r925,Calls 08/27! They don’t want the price up for major options expiration this week.,1,2021-08-17 19:25:56
h9p8z48,t3_p5r925,And the company being hit by a $200m lawsuit? What of the company spending $58m last quarter on legal fees alone with no end in sight?,1,2021-08-21 03:35:21
h981bit,t3_p5r925,[deleted],0,2021-08-17 07:31:50
h98u7hc,t3_p5r925,Just buy U instead. You’re welcome,0,2021-08-17 11:19:02
h9a2jjo,t3_p5r925,It’s a good long term play but if you tryna play the earnings game on RBLX you are gonna get both barrels.,0,2021-08-17 19:58:47
h9bs6i2,t3_p5r925,I wish Scopely would go public. Those guys are swimming in cash and income.,0,2021-08-18 03:57:08
h98fqa7,t1_h97wnx3,He did not. Ban him,3,2021-08-17 09:23:01
h9830ol,t1_h97xl0v,"He's pumping snake oil. Social media presence does NOT reflect the 2nd most valuable game company in the world. 1st is ATVI.

Here's the joke, RBLX currently has the market of any TWO: EA, TTWO, Square Enix.",18,2021-08-17 07:44:53
h980aw4,t1_h97zw81,Yeah expecting analysis upgrades tomorrow and forward projections to be strong during earnings call.,2,2021-08-17 07:24:10
h99f5xe,t1_h984snv,"If Bernie Madoff buys this stock, I will to.",7,2021-08-17 15:01:11
h98lmyr,t1_h98jf4j,What was the expiration?,1,2021-08-17 10:08:35
h97z2qt,t1_h97ysvm,"Lol, no  - updated post",-1,2021-08-17 07:15:00
h97xbiz,t1_h97x7qs,"Of $$$ yes, have calls for 8/20",3,2021-08-17 07:01:46
h98a0kw,t1_h97x7qs,Your a bag holder of Deeezzzzz Nuts !,1,2021-08-17 08:39:03
h983tf6,t1_h981ulo,"It is overpriced for me. In order to enter it needs to consolidate more and find its support. Now, it’s anyone’s guess what the correct valuation is.",2,2021-08-17 07:51:01
h97zx5w,t1_h97zhzh,I think valuations are less of a factor compared to growth. Yields have stop rising and tapering still seems distant. Valuation to bookings is still not that high relatively.,1,2021-08-17 07:21:20
h9819s0,t1_h97xd52,I think you're on the wrong sub.,18,2021-08-17 07:31:28
h98ve53,t1_h98fi8h,"Amazon pioneered a business model of growth by defect spending for aggressive user acquisition and cornering their market. Lots of companies do this these days, betting on future revenue over current revenue. Making money starts being important when you can't pay debt or you have a history of making money.",2,2021-08-17 11:29:21
h981ylu,t1_h981bit,Not sure what kind of bot you are but got these numbers from RBLX website - go spam post somewhere else.,0,2021-08-17 07:36:43
h984efx,t1_h9830ol,Comparing company valuations??? In this market??! 🤣,8,2021-08-17 07:55:35
h9814gr,t1_h980aw4,They already released forward projections with the report right? Said July saw 46m DAU,2,2021-08-17 07:30:21
h9a8mxs,t1_h99f5xe,"If Bernie Mac buys this stock, I will too.",4,2021-08-17 20:53:33
h98n2zt,t1_h98lmyr,This Friday,1,2021-08-17 10:19:58
h97y5w9,t1_h97xbiz,im konda new so does that mean ur selling that day or buying,3,2021-08-17 07:08:05
h984hzp,t1_h97xbiz,Good luck! ![gif](emote|free_emotes_pack|sweat_smile),1,2021-08-17 07:56:21
h983ra2,t1_h97zx5w,Did their rate of growth slow? Concerns ahead of the quarter were that pandemic pulled a lot of growth ahead and now it’s maybe tougher.,1,2021-08-17 07:50:33
h9842t4,t1_h981ylu,I know you're just here to pump the crap. You gotta do what you gotta do to earn your $1.,0,2021-08-17 07:53:03
h9852o7,t1_h984efx,"For real, like when has anything been a realistic valuation since the beginning of the pandemic. I don’t think it will always be like this, but posted some DD and of course I aligned my position with my own conclusions. Don’t care what anyone else does and of course don’t want to lose money but regardless I think the bearish thesis of this is a pandemic only company is a weak argument and this blowout quarter report proves that IMHO.",1,2021-08-17 08:00:52
h981btw,t1_h9814gr,"Yes, but expect questions around it and the recent acquisition. July was 28% growth from last July.",2,2021-08-17 07:31:53
h9alcy6,t1_h9a8mxs,"If Bernie Lomax buys this stock, I will too.",7,2021-08-17 22:29:01
h98neqh,t1_h98n2zt,"It was probably a yolo play. I’m bullish but I don’t see that happening. I can see it reversing back to $86 tomorrow and maybe low $90s by Friday. What I see as the big driver is market mechanics, how many calls get purchased vs puts (derivatives have an outsized impact on market because of hedging), analyst upgrade/downgrades, and earnings call. I think the earnings call can make it or break it.",1,2021-08-17 10:22:33
h97y9as,t1_h97y5w9,It means they expire that day and so if the price doesn’t move up above the price I paid for them by then I lose money,2,2021-08-17 07:08:48
h988qv9,t1_h983ra2,"The growth of Apr - June 2021 to Apr - June 2020  vs Jan - Mar 2021 to Jan - Mar 2020 did slow but was still high growth IMHO. To me, it debunks that it’s just gonna grow during a pandemic period. Yes, there was such rapid growth in 2020, but that doesn’t mean there’s still not as much rapid growth ahead.",3,2021-08-17 08:29:19
h987ods,t1_h9852o7,"Blowout quarter? EPS was a HUGE miss!

I guess making money doesn't mean anything to you when they're going to bottleneck their user growth when they claim every man woman and child on the planet is a user.",7,2021-08-17 08:21:01
h9cnojq,t1_h9alcy6,"It Burt and Ernie buy this stock, I will too.",1,2021-08-18 07:53:36
h98gns0,t1_h988qv9,I guess we’ll see tomorrow what they think. Wouldn’t be surprised if it’s a whoosh lower in the am and then starts working its way higher all day. FSLY had that sort of post earnings day and had been getting hit hard into earnings much like this has. Good luck (and ignore the after hours close).,2,2021-08-17 09:30:13
h9aod8s,t1_h988qv9,There you go - you’re green from -5% at the open!!!!,1,2021-08-17 22:49:39
h98802s,t1_h987ods,"And it was much more of a miss last earnings report but the stock soared 20% the next day. I don’t expect that, but I do expect analyst upgrades. These expectations were set way too high too, like what company that is as new as Roblox and in its current stage would have positive EPS while it’s focusing on expansion. Idk why analysts had such a big miss but I would consider this an analyst miss not a company miss.",-6,2021-08-17 08:23:33
