comment_id,comment_parent_id,comment_body,comment_score,created_utc
gtgw7la,t3_mkokfi,[deleted],23,2021-04-06 00:30:00
gthl6cw,t3_mkokfi,Why would you buy weeklies on GOOG?,8,2021-04-06 03:39:07
gthdc82,t3_mkokfi,nice now make a magic trick by not selling and holding till you see red and make it disappear,5,2021-04-06 02:39:16
gth6yki,t3_mkokfi,"beautiful, im in the 2150 4/16s @ 18",4,2021-04-06 01:50:38
gtgx1k3,t3_mkokfi,And I thought I was jealous of my wife’s BF.   Now something new to cry into my pillow too,9,2021-04-06 00:36:16
gtgwl70,t3_mkokfi,Congrats & fuck you 👏,7,2021-04-06 00:32:52
gthzg6d,t3_mkokfi,Good lord what a fucking trade. What did you end up closing out at?,2,2021-04-06 05:28:34
gti4afe,t3_mkokfi,Nice one! What date did you buy these?,2,2021-04-06 06:07:31
gthev7f,t3_mkokfi,Your wife's boyfriend will be happy,1,2021-04-06 02:50:54
gthjw16,t3_mkokfi,Nice job.  And fuck you.,1,2021-04-06 03:29:19
gthr3fg,t3_mkokfi, you're a genius!,1,2021-04-06 04:24:01
gtitlbv,t3_mkokfi,"ahh

options went from 15.90 to 93.00 correct?",1,2021-04-06 09:42:26
gtj8ulz,t3_mkokfi,You bought before the correction! Enjoy the next couple of months.,1,2021-04-06 12:02:51
gtk7a1v,t3_mkokfi,"Google’s stock is only going to get higher. An insider I know informed me that in the next year BMO Harris and GOOGLE are making a deal that BMO will process all legal work for Google Fi. This will allow Google to use more recourses elsewhere. I would say buy into BMO, but they are a privately shared company. Insider will retire nicely!",1,2021-04-06 20:12:34
gtlbb44,t3_mkokfi,I need to get rid of the wrinkles in my brain,1,2021-04-07 01:26:44
gtlinzw,t3_mkokfi,Damnnn.. too late to get it on the gains?,1,2021-04-07 02:20:07
gthie21,t3_mkokfi,Smart ape 🚀💎🚀💎🚀💎🚀💎🚀💎🚀,0,2021-04-06 03:17:56
gthngad,t1_gtgw7la,all in now,3,2021-04-06 03:56:23
gthm7wy,t1_gthl6cw,I bought 4/23’s on March 23/26. It was at the bottom of its 2150-$2000 trading range with earnings on 4/27. I figured we’d see a nice bounce leading up to earnings. Obviously this move forced me to cash early,22,2021-04-06 03:47:08
gthddd3,t1_gthdc82,I am out,12,2021-04-06 02:39:31
gth6ie4,t1_gtgx1k3,Send wife feet pics,19,2021-04-06 01:47:17
gthzn3a,t1_gthzg6d,Just about 20k,7,2021-04-06 05:30:05
gti4db3,t1_gti4afe,"3/23-3/26, GOOG was like 2015-2035",4,2021-04-06 06:08:10
gthez8k,t1_gthev7f,My wife said I can lick her feet tonight 🥺🥰🤤,2,2021-04-06 02:51:44
gtitogh,t1_gtitlbv,"Yes $93 was bottom bid tho, I was able to sell for closer to $98",3,2021-04-06 09:43:10
gtlix9l,t1_gtlinzw,More riskier entering a position here vs when I did it,1,2021-04-07 02:21:59
gtj6h9u,t1_gthm7wy,I had an alert at 2150 and got distracted by TSLA... still made 7k today but sad I missed this one 😢,2,2021-04-06 11:38:46
gtjltl9,t1_gthm7wy,"Nice play

One of the first stocks I bought was goog but it’s a slow climber. 4% in one day probably only happens 2/3 days a year.",2,2021-04-06 14:52:55
gtjb6et,t1_gthm7wy,"This one comes across as gambling more than most - congrats, but did no part of you see this blowing up?",1,2021-04-06 12:28:25
gtheocd,t1_gthddd3,aww thats no fun should of ballz deep 69 that shit  who knows lol,-1,2021-04-06 02:49:29
gti7607,t1_gthzn3a,Nice man. Congrats,1,2021-04-06 06:31:27
gti6phs,t1_gti4db3,Thanks for confirming. :),2,2021-04-06 06:27:33
gtibz8x,t1_gti4db3,"I have a few more questions.

1. When you purchased the options what return did you expect?
2. When I use [optionsprofitcalculator.com](https://optionsprofitcalculator.com) to calculate potential options profits, the ROI is often much less than what people are getting when the price goes up. Is this because of the IV?
3. Are there any tools that are more accurate in showing potential profit and loss from buying and selling options?

Thanks for your time.",1,2021-04-06 07:12:00
gthf397,t1_gthez8k,You did everything right my friend,1,2021-04-06 02:52:34
gtlj3cz,t1_gtlix9l,Hmm got it.. well there’s always GME! waiting for it to lift off 🚀,0,2021-04-07 02:23:14
gtje75n,t1_gtjb6et,Honestly if you feel that way it shows you don’t know what your doing.,1,2021-04-06 13:04:51
gticlca,t1_gtibz8x,Honestly I was anticipating Google moving up to about $2300 by 4/27 earnings. Today was a big move and I wanted to take profit early.,3,2021-04-06 07:17:13
gtjk0ue,t1_gtje75n,This is a productive conversation. The confirmation bias is strong with this one.,5,2021-04-06 14:25:30
gtie4zp,t1_gticlca,"If you kept the options through to 4/27, what return would you get?",1,2021-04-06 07:30:24
gtjkclz,t1_gtjk0ue,"They defended $2000 since Feb even against rising yields and March sell off. A number of firms have Google as their top Fang pick or top pick for 2021. The thought process was to buy 4/23 $2150, because I felt going into earnings the end of April you should have a rotation back into Mega Cap tech, and Google would benefit the most since it has large reopening/travel exposure. My idea worked so that’s my confirmation bias.",4,2021-04-06 14:30:27
gtie9oe,t1_gtie4zp,That all depends at the price GOOG is,1,2021-04-06 07:31:33
gtjlakg,t1_gtjkclz,Thank you for your insights - I appreciate it!,4,2021-04-06 14:44:42
gtieezz,t1_gtie9oe,"Ok, thanks :)",1,2021-04-06 07:32:50
gw4bs1o,t1_gtie9oe,It increased again today :),1,2021-04-28 09:02:03
gw4bu4j,t1_gw4bs1o,Don’t remind me I sold for $20k it’s worth like 50k now lol,1,2021-04-28 09:02:32
