comment_id,comment_parent_id,comment_body,comment_score,created_utc
hctnv71,t3_po3uzy,"
**User Report**| | | |
:--|:--|:--|:--
**Total Submissions**|1|**First Seen In WSB**|32 seconds ago
**Total Comments**|0|**Previous DD**|
**Account Age**|2 years|[^scan ^comment ](https://www.reddit.com/message/compose/?to=VisualMod&subject=scan_comment&message=Replace%20this%20text%20with%20a%20comment%20ID%20(which%20looks%20like%20*h26cq3k*)%20to%20have%20the%20bot%20scan%20your%20comment%20and%20correct%20your%20first%20seen%20date.)|[^scan ^submission ](https://www.reddit.com/message/compose/?to=VisualMod&subject=scan_submission&message=Replace%20this%20text%20with%20a%20submission%20ID%20(which%20looks%20like%20*h26cq3k*)%20to%20have%20the%20bot%20scan%20your%20submission%20and%20correct%20your%20first%20seen%20date.)",1,2021-09-14 22:28:08
hctqo2s,t3_po3uzy,Dalio is losing billions in Chinese stocks,436,2021-09-14 22:47:44
hcuju66,t3_po3uzy,"Isn’t this… in itself… it’s own example of the dunning-Kruger effect? 

I love it when people try to come in here and act rational and logical. Sir this kind of nonsense isn’t wanted here. We trade off guts, feelings, and emotions. This is gambling",62,2021-09-15 02:03:41
hctrwjy,t3_po3uzy,I AM AN INVESTING GOD,235,2021-09-14 22:56:14
hcty72r,t3_po3uzy,[deleted],143,2021-09-14 23:39:15
hctphmn,t3_po3uzy,ok nice try michael burry,409,2021-09-14 22:39:29
hctqtvz,t3_po3uzy,Or that time in 2017 when he predicted “we can soon expect a global financial meltdown and World War 3.”,97,2021-09-14 22:48:51
hctso5d,t3_po3uzy,The user spike was due to GME and nothing else,113,2021-09-14 23:01:32
hctv3gm,t3_po3uzy,Wood selling stocks doesnt count. She buys and sells everyday.,95,2021-09-14 23:18:10
hctoclc,t3_po3uzy,So all in to Tesla?,53,2021-09-14 22:31:33
hcu0nv0,t3_po3uzy,"Tesla just crushed its earnings.  And now the US government is on the verge of giving $7500 in free money to anyone who buys a Tesla.

In the biggest automotive shortage since WWII, Tesla has rewritten some of its software to conform to the available chips, while its competitors have much longer backorders.  There's predicted to be 700,000 less vehicles made (just this QUARTER!) because of the shortage, with Ford, GM,  Nissan, Volkswagen, Toyota, Mazda and Subaru all cutting production.

It might be a little too soon to sell this one.",46,2021-09-14 23:55:44
hctzcm0,t3_po3uzy,"Where do you recommend people invest their money then? Interest near zero, can’t beat inflation with savings accounts, CDs, bonds, etc.  that’s a tremendous market cap that could/should pour into stocks and Grayscale type products that I’m not sure I’m allowed to say here.  Cash purchasing power drastically worse every day… holding cash is like storing ice outside in Florida in a strainer.",70,2021-09-14 23:46:58
hcunc9v,t3_po3uzy,Burry has a surprisingly small amount of AUM.,14,2021-09-15 02:27:10
hctubww,t3_po3uzy,Is this a Tesla ad me gusta 👏👏,11,2021-09-14 23:12:56
hcu4v49,t3_po3uzy,Buying tesla,14,2021-09-15 00:23:43
hctohq5,t3_po3uzy,"As long as he predicts a crash every month, he’s bound to be right eventually",134,2021-09-14 22:32:34
hctq34n,t3_po3uzy,"I picked up a 01/2023 TSLA $5p months ago and when it prints, I'll retire.",57,2021-09-14 22:43:39
hcu07k6,t3_po3uzy,[deleted],57,2021-09-14 23:52:42
hcugubv,t3_po3uzy,"Ah dude, I didn‘t even read all, but stumbled  accross the last sentences.

ARK is selling TSLA, and that’s your argument that even bulls are leaving the sinking ship? Mate, the are reallocating their portfolio. They are not selling because their thesis changed.

Do your homework, you look desperate. Burry is not a god, he can be wrong as well. So do you.",24,2021-09-15 01:43:25
hctupgi,t3_po3uzy,"Ok, I’ll see if my wife’s boyfriend will loan me some cash for those puts.",8,2021-09-14 23:15:31
hcutlzx,t3_po3uzy,"> The ~~dunning-kruger~~ wallstreetbets effect is a psychological phenomena measured in humans, where ~~unskilled~~ retards fail to recognize their own incompetence.

Here, I fixed that first paragraph for ya.",8,2021-09-15 03:08:05
hcvifmd,t3_po3uzy,Post a Tesla short position if your so confident. So we can laugh as you burn 🔥 🔥 🔥,23,2021-09-15 05:55:22
hctrwgs,t3_po3uzy,"If my memory serves me right, he didn’t short tesla, he bought puts",44,2021-09-14 22:56:14
hcuy66n,t3_po3uzy,Good luck with your Tesla put. You will need it.,6,2021-09-15 03:38:11
hcu4bgk,t3_po3uzy,Assuming Burry will be right just because he got it right “the last time” literally is a mistake outlined in The Big Short. Hot hand fallacy.,44,2021-09-15 00:20:05
hcuagx3,t3_po3uzy,"Burry been yelling sky is falling for years. Broken clock right twice a day and he was right a decade ago, been riding that since. Kathy HAD to sell Tesla due to her fund’s rules of not being able to hold more than 10% or so of any stock. The fact that she is in TSLA that much that the rule applies is actually the most bullish position she can have. Post not well researched. 0 stars.",33,2021-09-15 01:01:07
hctyfbz,t3_po3uzy,Can someone please show me where wsb has gone to now that this has turned into fucking r/financialadvice?,5,2021-09-14 23:40:47
hcu2ekd,t3_po3uzy,"The problem with calling something a bubble is there is no clear set of criteria to define a bubble.

On one side, you have things like Art or other Collectibles that have seen their values skyrocket over the last couple of decades. Is that a bubble or perhaps it is just a reflection of growing wealth disparity and/or overall growing wealth.

The stock market, well perhaps a look at the 40 year chart for the 10 Year treasury yields and inflation rates and the combination of near zero interest rates and low inflation (ignoring the temporary oddities that might be supply chain related and will resolve in a year or so) has justified increased cash flows flowing into equities and lower PE ratios than any historic measure would suggest is necessary.

Well then maybe low interest rates are a bubble, well that is necessitated by excessive government debt that does not allow interest rates to be higher without causing runaway debt increase. Do interest rates ever need to go up? Well, 40 years of rates declining towards zero does not provide much guidance here.

Well how about the debt, maybe that is the bubble... Well look at the historical debt, in real or nominal terms, and it is a long-time past any historical levels. In fact, it almost seems the idea of too much debt for the government is a psychological idea rather than perhaps a fundamental economic issue. I mean you can always have interest rates go to 0.0001% and the debt effectively only grows or declines based on gov't spending and revenues.

Well then, just maybe no one will buy the debt, well again, the Fed shows up and buys the debt... But that should mean inflation, but not if the Fed then raises bank reserve requirements or people decide to hold more cash, since inflation is low and returns on assets are low so just have larger cash reserves.

But what if the market is really a bubble despite any of this being clearly based on fundamental economic principles and seemingly it is a lot of human psychology at play as to what numbers we as a society accept to live with? Ah, but then a bubble is a wide-scale event and individual companies might be great investments regardless. For example, way back in 2000 there was a dotcom bubble and there was a company called Amazon and another one called Apple. Yeah, go check the charts for those companies and you would have been fine buying at the peak back then. Today, there are few investors that can brag they got in at such low prices.

Oh, as to TSLA, well years ago, which I presume was before the bubble (or was it a bubble already back then?), was also called way overvalued by many. I  am glad I had the foresight to invest in Elon's vision. My initial investment was around 50 or 60 per share, which was way too expensive back then per the bears. Glad I did not listen to fools back then and did my own DD.

As to Michael Burry, I am not very familiar with his overall portfolio, but my understanding is he did some hedging and is not risking the farm on betting against TSLA.",14,2021-09-15 00:07:20
hcurjh6,t3_po3uzy,"&#x200B;

She is selling TSLA because it is over 10% in weighting in ARKK. You are retarded.",14,2021-09-15 02:54:27
hcuv9k3,t3_po3uzy,The Burry BallLickers™ Stan Club just needs to get their own basement already and stop publicly salivating over the “experts”,5,2021-09-15 03:19:06
hcu9v4y,t3_po3uzy,Michael Burry is a broken clock clinging onto relevance gifted to us by Leo,3,2021-09-15 00:57:08
hctzw15,t3_po3uzy,">The dunning-kruger effect is a psychological phenomenal measured in humans, where unskilled people fail to recognize their own incompetence. Not just general intelligence but incompetence in individual fields.

Most people seem to think the market will crash soon.  Therefore, you are in the majority, which you say fail to realize their own incompetence. 

Burry is right sometimes, but he also went over the deepend and is frequently wrong.  People love to tout that he was right about GME, but guess what?  He flipped early in the squeeze and went short.  Oof.

Some areas are overvalued, I also own TSLA puts - though not as a major position, more as a hedge.  The market may correct, but it requires a major catalyst to crash.  It doesn't just crash because derps look at a line graph and say hey, this looks like it went up fast, hur durr",20,2021-09-14 23:50:35
hctp7h3,t3_po3uzy,"I’m almost completely ignorant in regards to investment and I can see what’s coming from a mile away. I think people like to over think things.  The why’s and where’s aren’t really important in regards to this single topic. What’s important is COVID hit and the economic output dropped immensely.  A significant amount of small businesses closed. Some large businesses closed. There is significantly more people not working now s opposed to pre Covid. 

An unimaginable amount of money was “given” away. That money was added into the existing money supply which already created inflation. 

Yet the market goes up?   I’d suggest stop trying to bring up tiny details as to why none if this matters and things are ok.  They are not. 

Nothing can be successful without a strong foundation, and the foundation of what’s going on more is made of tissues. 

Are there some people who will clean house?  Sure. But it probably isn’t you. It’s going to be the small group of hyper rich people who probably haves hand in this mess. 

 Look to invest in things that have historically weathered crashes and other similar events. 

Or don’t. Like I said, I don’t know much. But I have read some history and this smells strangely familiar.",26,2021-09-14 22:37:33
hcto7o2,t3_po3uzy,Ok,8,2021-09-14 22:30:34
hcuivll,t3_po3uzy,"China? Meh. Just look at China as a whole. If the country itself were a stock, would you buy it? Not if you did any research.",3,2021-09-15 01:56:59
hcupkdl,t3_po3uzy,Or he's wrong and markets and economies change and they are too stubborn and old to accept it?,3,2021-09-15 02:41:47
hcuu2u2,t3_po3uzy,Woods is only selling TSLA due to it exceeding their 10% limit in their portfolio. She buys and sells TSLA all the time and people freak out for no reason.,3,2021-09-15 03:11:11
hcwgr7i,t3_po3uzy,Burry has predicted financial calamity about 30 times and was famously right once,3,2021-09-15 10:17:40
hcxqs2h,t3_po3uzy,Wood selling TSLA? OMFG PANICK! Or it could be that she's managing an ETF and Tesla has been up recently so she has to rebalance. Wtf are you on srsly,3,2021-09-15 19:16:04
hctpu28,t3_po3uzy,![img](emote|t5_2th52|4271),9,2021-09-14 22:41:55
hctvr3a,t3_po3uzy,"You see Charlie these liberals are trying to assassinate my character and I can’t change their mind! And I won’t change my mind! Because I don’t have to! Because I’m an American! I won’t change my mind on anything. Regardless of the facts that are set out before me I’m dug in and I’ll never change! 

Positions:

TSLA $1.4K C 9/24 

QQQ &450 C 9/24 

SPXS $10 P 9/24",12,2021-09-14 23:22:38
hctpaw7,t3_po3uzy,[deleted],24,2021-09-14 22:38:12
hctug6f,t3_po3uzy,"""Don't be a hero. Don't have an ego. Always question yourself and your ability. Don't ever feel that you are very good. The second you do, you are dead.""  Paul Tudor Jones.  

Best post I've seen in quite sometime.  We're at the top folks.",9,2021-09-14 23:13:44
hctukd5,t3_po3uzy,"Burry saw the obvious and made a bet got lucky, result is ATH of today. Unless Burry can cough up $450 trillion dollars [+/-], the total assets of the world to go against the US markets which is the largest with Japan second and CCP criminal behind the curtain crap market as contrast. So yeah go ahead and believe whatever he is selling, sure there is a lot of corruption, racketeering, schemes and scams but overall it is and will remain the gold standard until something else shows up.",7,2021-09-14 23:14:32
hctpqb7,t3_po3uzy,I bought Steinhoff in 2017,2,2021-09-14 22:41:11
hctsw12,t3_po3uzy,![img](emote|t5_2th52|4260),2,2021-09-14 23:03:02
hcu0dhr,t3_po3uzy,"Money printer goes brrrrrr…… 💸💸💸📈🚀

Money printer stops…..  📉🐂☠️

Source:  Investing God",2,2021-09-14 23:53:47
hcu0l5b,t3_po3uzy,Soooo - is this a DD on how dumb I am?,2,2021-09-14 23:55:14
hcun3t8,t3_po3uzy,"Early but not wrong is the fucking dumbest saying when it comes to the market.  There will always be bubbles and crashes.  You don't need to have a Hollywood movie made about you to say, accurately, that there will be a crash.  There will be.  It's a valueless statement like saying the Red Sox will lose.  The only value is knowing WHEN.  

Tesla is up 100% YTD. Yeah, I hate the stock too, but when Burry inevitably gets his ""I told you so"", how much did he lose prior by not only shorting the stock, but by not buying in on it the last year?

The market is frothy.  But it's been that way for awhile.  If I pulled out when warnings first went off, I would have missed out on gains that are larger than even a 50% correction.",2,2021-09-15 02:25:37
hcuob4x,t3_po3uzy,Interest rates still suck and the best place to put your money is still the stock market.  Nothing has fundamentally changed to cause a crash.  March proved that.  Even in a pandemic there still wasn't a better place to put money so everything was back to normal in 2 months.,2,2021-09-15 02:33:39
hcuro9x,t3_po3uzy,"No puts, only calls.",2,2021-09-15 02:55:20
hcv61s1,t3_po3uzy,Good try. Buying calls,2,2021-09-15 04:30:00
hcvbehg,t3_po3uzy,"Good luck betting against tesla. Looking forward for our transfer of wealth. Good luck following Burry too. And by the way. The only reason Wood is selling Tesla is because she is printing TOO MUCH money with it, and needs to rebalance",2,2021-09-15 05:05:52
hcvcllb,t3_po3uzy,Tesla will grow 50+% for years and years to come. Puts or short on Tesla is an easy way to lose money.,2,2021-09-15 05:14:15
hcvcuog,t3_po3uzy,"Your words don't frighten me fancy man 

I've not even yolo'd my savings yet",2,2021-09-15 05:15:59
hcvivbp,t3_po3uzy,I hope Tesla crashes.. So I can buy more.,2,2021-09-15 05:58:34
hcvkziq,t3_po3uzy,"“Now with fundamentals way off”

LOL",2,2021-09-15 06:14:14
hcvp15j,t3_po3uzy,I don’t want to see a single fucking comment from anyone who started investing in the last 5 years,2,2021-09-15 06:44:44
hcw071v,t3_po3uzy,"Once i saw Dalio suggest that we enter emerging markets like CHINA i stopped reading and purchased SPY calls. I don't care how much money you have, if you suggest for me to remove my money from US equities and move them to Chinese ones i'll hit you with a good ole ""FUCK YOU"" and buy more spy calls. Say it again I dare you!",2,2021-09-15 08:11:16
hcw2mwp,t3_po3uzy,"""And lately, Wood has been selling TSLA""  she sold 0.5% of her TSLA position dude, ETFs have to balance positions ALL THE TIME, 0.5% is not selling shit.",2,2021-09-15 08:29:43
hcwc2si,t3_po3uzy,i dont care for this headline... burry also said amc will tank and go down to dollars.... so seeing his name in the headline and saying he was right again and we were wrong being tied to amc i dont like this headline... fud,2,2021-09-15 09:41:48
hcwefie,t3_po3uzy,I feel like everyone shorting Tesla has no idea why the stock fundamentally went up. Like the earnings growth.. the amazing back to back quarters..,2,2021-09-15 09:59:39
hcwlquj,t3_po3uzy,dalio is in bed with ccp,2,2021-09-15 10:58:18
hcwntda,t3_po3uzy,"The reason why he can afford months or even years “to be right” is because they have billions as you mentioned in AUM. So they always play the long game. When they say we may be in a bubble that’s about to pop, they could be referring to a time period that is months or years in size so for you to make any move based on what they’re saying without confirmation is stupid. Cathy was buying Coinbase and draft kings when they were crashing only to see them to rebound hard. If a crash is gonna happen it’s not gonna be a 1 day event you don’t have to buy anything to prepare especially an option on Tesla. Spy Seasonality chart says dip and September and then rally until Christmas. JPOW said printer still running and not stopping for at least another year, companies continue to report good earnings, unemployment low, inflation dropped…how about any of those facts instead of “predictions” from HF managers who make money on market manipulation. Just be careful that’s all.",2,2021-09-15 11:15:53
hcwyptc,t3_po3uzy,"Honestly this is all nonsense, IMO. These investors are optimizing their funds for the next 12-24 months. It’s not timing the market, it’s time in the market. And for my money, betting against Tesla is about the stupidest thing you could probably do given that the next decade (mind you, not the next 12-24 months) is going to be dominated by electric vehicles and the next wave of disruption is going to be in energy and there is no company better poised to take advantage of it than Tesla. Will Tesla dip in the next 12 months, especially as the market corrects and the chip shortage straitens itself out and production on cybertruck, model Y and 4680 batteries all finally ramp? Yes. Will Tesla dip in the long term while they have a capacity to produce an annual output of 10-20x the number of EVs vs the entire auto industry combined and with autonomous driving and a sub $25K all electric vehicle on the horizon? Hell no. Tesla is about the only sure investment I’d be making right now and holding for a long time.",2,2021-09-15 12:58:32
hcx5pkr,t3_po3uzy,Thank you for your time. The next GREAT CRASH post will be in t minus 10…,2,2021-09-15 14:19:08
hcx8jvz,t3_po3uzy,"Rofl. The TSLA and bubble chart are so far off, it's hilarious. (It relatively dipped a little, instead of whatever that life-crushing chart is. 

OP, are you even trying?",2,2021-09-15 14:56:40
hcxb15o,t3_po3uzy,“Speculation is an all time high” … and then references WSB subscriber count as evidence? Bro i can make 10 burner accounts on here and subscribe all of them in like an hour,2,2021-09-15 15:31:31
hcxhbpx,t3_po3uzy,Broken clocks are still right twice a day son. Now keep shorting the market so I can have more tendies. Dance while the music is playing,2,2021-09-15 17:06:37
hcxm96z,t3_po3uzy,"He talks about ego death and he panders on Wall Street bets. 

I swear you monkeys upvote anything with a graph.",2,2021-09-15 18:19:38
hcy0wkb,t3_po3uzy,🌈🐻,2,2021-09-15 20:56:00
hczyr5z,t3_po3uzy,"Is this the right moment to say ""positions or ban""?",2,2021-09-16 05:03:06
hg54u7n,t3_po3uzy,I don't understand.  I don't care.  Stocks only go up.  Fuck your puts.  Powell goes brrrrr!,2,2021-10-11 03:56:03
hh38jzv,t3_po3uzy,and now he twitters the „we’re all living in TRON.“ time to buy TRON now? 🔮💰📈,2,2021-10-18 17:28:16
hctwngq,t3_po3uzy,"Stop farming for karma. Seriously all these posts are getting ridiculous now. No one likes you, fuck off dumb ape",10,2021-09-14 23:28:48
hcu5e3t,t3_po3uzy,"While I agree with the premise that Burry is probably right, Wood is absolutely not an investing God. And Burry didn't ""hedge"" his TSLA position with GOOG calls - his entire portfolio is a macro-bet on interest rates rising.

I agree w/ you, but your reasons are off.",3,2021-09-15 00:27:16
hcub3i9,t3_po3uzy,"Oh look another cry about the inevitability of a massive market crash, as if anyone gives a fuck.",2,2021-09-15 01:05:18
hcuecz8,t3_po3uzy,Cathie Wood is the current leader of the national single-elimination coin-flipping tournament.  Let's wait and see it through before we start sucking her dick.,4,2021-09-15 01:27:00
hcup5cw,t3_po3uzy,Idk I bought tsla 1/22 700p,2,2021-09-15 02:39:11
hcvan2n,t3_po3uzy,"I believe Burry. Wood is a stupid shill. Dalio is an idiot and the political risk will waste his investments in China. Buffet is also right.

Burry and Buffet. 

They might have to wait a couple of years, but the wheels will eventually fall off, and the crash will be even bigger. Market down 60% if its 2 years out.

Nobody can predict the crash as nobody can predict when the casino bank (FED) will run out of the will to print cash.",2,2021-09-15 05:00:40
hcvknu3,t3_po3uzy,Burry was right about tesla ... Tesla when down to like 600... Now that's over and it's going up. Idk why peoe keep talk about that shit,2,2021-09-15 06:11:48
hcufdki,t3_po3uzy,"Why are you putting the name of Wood next to Buffett, Dalio and Burry? What the fuck?",1,2021-09-15 01:33:45
hcuggkd,t3_po3uzy,My only issue with this is putting Cathy on the list of top investors. She doesn’t deserve that yet.,1,2021-09-15 01:40:51
hcu4iqd,t3_po3uzy,Shut the fuck up. Go suck off the other bears. 150 shares and 2  750c 3/18/22,1,2021-09-15 00:21:26
hcufqxb,t3_po3uzy,"Wood is not one of the best investors of all time, she’s a blip that became popular during covid",1,2021-09-15 01:36:09
hcuqr8i,t3_po3uzy,"There is a delicious irony in people talking about the Dunning-Kruger effect when it is probably real.  


[https://www.mcgill.ca/oss/article/critical-thinking/dunning-kruger-effect-probably-not-real](https://www.mcgill.ca/oss/article/critical-thinking/dunning-kruger-effect-probably-not-real)  


It's almost like those people have an overstated belief in their knowledge.....wait....",1,2021-09-15 02:49:21
hcv4fpc,t3_po3uzy,I 100% agree with you. Tsla is a shit company. I would short the fuck out of it if those put options weren't so expensive. The thing is you know it's gonna pop bad but you don't know when. It could literally be the next day after your put expires and you lost it all for nothing.,1,2021-09-15 04:19:21
hcwuqba,t3_po3uzy,"Wood’s decent at putting together investment vehicles people want and selling them. Biotech ETFs for example. But behind the curtain she’s fucking nuts.

Thinks she’s “acting on behalf of god and executing his will”. Super deep into the Jesus nonsense.

She’s had some success in the market sure, hard not to the last 15 years. But I would be careful matching trading strategies too closely with someone who’s two steps shy of needing to be in the loony bin. Recent success or no.",1,2021-09-15 12:18:21
hcwzt23,t3_po3uzy,As long as Bury holds Rocket Lab I’ll keep holding as well.,1,2021-09-15 13:10:01
he5k33l,t3_po3uzy,Holy shit you’re stupid and also fucked,1,2021-09-25 07:27:02
hctzkda,t3_po3uzy,This year will not crash but probably will on 2022,1,2021-09-14 23:48:24
hcu2gpi,t3_po3uzy,"Bought 100 DRV shares. Waiting for the whole collapse! 
I feel like a financial genius today. 
*not financial advice (yet)*",1,2021-09-15 00:07:44
hcu2uxf,t3_po3uzy,"I think this time is not different, if crash coming, probably it will end up in much higher level. So what is the point to sell? All of you probably would like to buy on ""high"" prices before 2008 crash. I would be happy to get stonks on high prices just before famous black friday, after inflation its like getting for free",1,2021-09-15 00:10:24
hcu92q9,t3_po3uzy,Me neither beating nor being beaten by the market : I am not unlucky nor God - I AM THE MARKET,1,2021-09-15 00:51:48
hcuc3tj,t3_po3uzy,"How did this go from:

Burry is right... 

TO 

I'm doing TSLA Puts?

I came for the bear take, I got a bunch of charts on how TSLA is gonna go down. 

I feel taken advantage of.",1,2021-09-15 01:12:08
hcug7g1,t3_po3uzy,Too long did not read,1,2021-09-15 01:39:12
hcui9ke,t3_po3uzy,Sept/Oct being bad months is normal.  Hard to say a reasonable pull back in these next 2 months means anything about a larger correction.,1,2021-09-15 01:52:55
hcul93q,t3_po3uzy,"Even during global warming whether it’s anthropogenic or not, we are eventually due for the next ice age. 
Rather than everyday stay inside looking out the window saying it’s due to snow, go outside and play. 
Just don’t leave all your winter clothes in storage. :)",1,2021-09-15 02:13:19
hcuph2x,t3_po3uzy,"Oh enough with the psychology. Dunning kruger effect is not accurate enough.

https://www.mcgill.ca/oss/article/critical-thinking/dunning-kruger-effect-probably-not-real


Confirmation bias and overconfidence is a must to make risky bets. It's called wallstreetbets for a reason. If people were so smart enough they would have predicted that a lot of people aren't rational and Tesla will still go up and cashed on that.",1,2021-09-15 02:41:12
hcuq77l,t3_po3uzy,"has the OP heard of ""talking your book""?",1,2021-09-15 02:45:45
hcuvydz,t3_po3uzy,Burry has been wrong so many times! Hows jis inflation bets paying off??,1,2021-09-15 03:23:37
hcuybzy,t3_po3uzy,"what a stupid post. referencing investors. one of whom has a short position against the other.

also your TA graph, there was not top fall and bounce in the major indices.

Finally Burry may be correct, but his housing bets took 2 years to pay off. he can wait that long. can you?",1,2021-09-15 03:39:15
hcuyp5v,t3_po3uzy,"
Michael Burry portfolio is uberbullish on US stocks.

Two short positions on us bonds and Tesla.",1,2021-09-15 03:41:40
hcuzx8j,t3_po3uzy,"Burry, the guy who beats the market once a decade.",1,2021-09-15 03:49:42
hcv1a3a,t3_po3uzy,Op doesn’t like money and hence doing wealth transfer to Pump and dump Musk. Good job!,1,2021-09-15 03:58:34
hcv1jnb,t3_po3uzy,lol buffet market timing,1,2021-09-15 04:00:19
hcv1rpx,t3_po3uzy,This post is why they never let adults talk in Charlie Brown.,1,2021-09-15 04:01:48
hcv3mt5,t3_po3uzy,"Burry has been calling for a crash year after year…I guess he’ll be right one day, but does it count 🥴",1,2021-09-15 04:14:06
hcv4egm,t3_po3uzy,"Buffet is old man who reads the reports.
He doesn’t find any company into his eyes. He should invest into European companies but didn’t do it because he wants English Reports. Bill Gates made a lot of money with investing on BionTech the Sub Company of Pfizer in Germany. Buffet is not the holy boss.",1,2021-09-15 04:19:07
hcv4kkj,t3_po3uzy,Chinese stocks ![img](emote|t5_2th52|4269),1,2021-09-15 04:20:13
hcv67th,t3_po3uzy,Is Michael burry autistic?,1,2021-09-15 04:31:06
hcv6gg6,t3_po3uzy,"Buy Nov SPY calls, got it",1,2021-09-15 04:32:43
hcv72le,t3_po3uzy,So YOLO on Tesla?,1,2021-09-15 04:36:46
hcv8xkn,t3_po3uzy,"Oh, hi Michael. What are you doing here?

&#x200B;

Trying to break even on your tsla puts?",1,2021-09-15 04:49:15
hcv9bha,t3_po3uzy,"You dumb trying-to-sound-smart retard forgot to mention, Wood bought TSLA dip in May and sold a a small position of TSLA when it's been ripping.

nothing wrong with trading retardando",1,2021-09-15 04:51:48
hcv9sdj,t3_po3uzy,Stonks have become stocks again. Stocks can go down.  🐻,1,2021-09-15 04:54:54
hcva9mr,t3_po3uzy,"You realize teslas q3 margins will be ricidulous. Even if the macro economics are correctly in your favor, an innovative, futuristic, cult stock like tesla is a poor choice. There are WAY better shorts out there and you know it.",1,2021-09-15 04:58:08
hcvaild,t3_po3uzy,Instructions unclear. Still DCA'ing.,1,2021-09-15 04:59:49
hcvaxwk,t3_po3uzy,But reddit said where lambo,1,2021-09-15 05:02:42
hcvc1ju,t3_po3uzy,Michael burry is old news fuckem,1,2021-09-15 05:10:20
hcvc6lc,t3_po3uzy,Burry has predicted 20 of the last 3 crashes.,1,2021-09-15 05:11:19
hcvckm7,t3_po3uzy,"How much money has burry and Dalio lost this year ? 
I get and agree with buffet and I have reduced several positions but in total only 12 % wood I have to say I respect her investing theme",1,2021-09-15 05:14:04
hcvcq0k,t3_po3uzy,"People were shilling this TSLA chart at the first run up near covid, the second peak a few months ago, and now again.",1,2021-09-15 05:15:05
hcvdf6k,t3_po3uzy,RemindMe! 4 months,1,2021-09-15 05:19:55
hcvdh6a,t3_po3uzy,"Burry has $632m bucks AUM; all this fuss and that’s what he has?! DFV turned $53k into $40m+ . All I see is Burry is acting in a manipulative way to front run the retail. If he is serious, he should print his trades on the same day as Wood does and DFV did.",1,2021-09-15 05:20:19
hcvdhvg,t3_po3uzy,"I dont know how a website of people that call you a retard can ever give you a sense of ego when you always knew you were retarded even when you realize a 1,000% gain.",1,2021-09-15 05:20:27
hcvdvh6,t3_po3uzy,Yeah everyone that is smart knows if your bearish prediction is wrong then you’re not actually wrong but we are in a bigger bubble now. 🤤,1,2021-09-15 05:23:04
hcvee4a,t3_po3uzy,There's been a handful of times burry has been wrong.,1,2021-09-15 05:26:42
hcvewv4,t3_po3uzy,No reason to tell me I’m dumb. I knew that before,1,2021-09-15 05:30:20
hcvhpy5,t3_po3uzy,"You wrote a lot of nothing, but in general I don’t disagree. However, TSLA already hit Cathies $3000 price target. The target was assigned pre-split.",1,2021-09-15 05:50:14
hcvhrnn,t3_po3uzy,[removed],1,2021-09-15 05:50:34
hcvj0us,t3_po3uzy,You had me up until “TA is lining up…” I don’t eat crayons anymore.,1,2021-09-15 05:59:41
hcvjec9,t3_po3uzy,Men's wearhouse,1,2021-09-15 06:02:24
hcvjm24,t3_po3uzy,Can’t wait to see you post your losses,1,2021-09-15 06:03:58
hcvlizv,t3_po3uzy,"We probably are in a bubble, but could be lots or bull money to be made before the music stops - got gme for that.  

You lost me when you portrayed Chinese stocks in a positive light.  Any bubble our market is in, is peanuts to the bubble that country is in.",1,2021-09-15 06:18:14
hcvmfqi,t3_po3uzy,"If the Market gonna crash shouldn't we just go for negative Beta's stocks? I mean yeah we can short, but if you are a bit more conservative, shouldn't this be a way to make money in the safest way if Burry is right again?",1,2021-09-15 06:25:00
hcvn50p,t3_po3uzy,"Your graph is convincing, yet it is only a graph. We're at the 'first sell-off phase' in your graph first half year 2021. 

2 million Tesla’s × 50k = 100000 million dollar. 100k revenue yearly is an extremely realistic prediction. 30k billion profit yearly - especially if they stop expanding - is extremely likely and 30P/E a market cap of 600k billion is a very bearish projection. Realistic is 5 million Tesla’s produced annually in 2030.

Anything below 600k market cap is very strange. You can short almost any other company in the S&P to make profit EXCEPT Tesla.

Ps. Cathie sold just to rebalance her ETF. it's fake news. Tesla is still in the early investor phase. 2T like Apple is more accurate.",1,2021-09-15 06:30:19
hcvnxc7,t3_po3uzy,First seen in WSB: 32 seconds ago.....,1,2021-09-15 06:36:18
hcvolkg,t3_po3uzy,"Yes this is true, if you look at the logaritmic chart of the dow and draw a line from 1869 to now you will see that we are nearing the upper trend line on which the market most of the time makes a turnaround, when this line is crossed and continues to move up we can see a huge crash like in 1933 when that happened. That can take the dow Jones back to about 8000 in 4 years if it has the same speed as the great recession which it probably won't.",1,2021-09-15 06:41:24
hcvoq3k,t3_po3uzy,Is that you Mike?,1,2021-09-15 06:42:23
hcvp0wk,t3_po3uzy,No one gives a shit - if you predict a bubble bursting without a date or small date range in it you are no better than a taro card reader or someone reading astrological signs.,1,2021-09-15 06:44:40
hcvp1h0,t3_po3uzy,Never confuse brains with a Bull Market.,1,2021-09-15 06:44:47
hcvx8bq,t3_po3uzy,"ARK also bought PFE at the TOP after FDA approval.  PFE has gone down since then.

This goes to show her positions aren’t guaranteed to be correct.

Warren Buffet lost billions on airlines last year.

Look at options action alerts:  sometimes “smart money” is in both bullish and bearish positions.  They both can’t be correct.",1,2021-09-15 07:48:08
hcvxg0e,t3_po3uzy,"Be my guest to short Tesla, if I short anything it will be Tesla's competition that cannot compete",1,2021-09-15 07:49:48
hcvyzbk,t3_po3uzy,China stocks are shit,1,2021-09-15 08:01:58
hcvzmsb,t3_po3uzy,Bottom confirmed,1,2021-09-15 08:06:56
hcw067a,t3_po3uzy,"HOLY shit, you actually have negative IQ. This post is trash, delete it.",1,2021-09-15 08:11:05
hcw3bxl,t3_po3uzy,Lmao these strategies are retarded just like you OP,1,2021-09-15 08:34:55
hcw6b78,t3_po3uzy,Can I get jumped in to Bulls r fuk gang?,1,2021-09-15 08:57:37
hcw6gj2,t3_po3uzy,"How about no?

Beeing a Bear is gay and always has been. It‘s literally playing russian roulette but the revolver is fully loaded except for one chamber. And bears kill themselfes everytime again and again in the hope that they will eventually fire the empty chamber.",1,2021-09-15 08:58:45
hcw7vvk,t3_po3uzy,I'm convinced.  Time to YOLO my entire portfolio into SPXS then buy SPXL once we hit bottom.,1,2021-09-15 09:09:42
hcw80yg,t3_po3uzy,🏳️‍🌈🐻,1,2021-09-15 09:10:47
hcw82ad,t3_po3uzy,🏳️‍🌈🐻,1,2021-09-15 09:11:05
hcw8goy,t3_po3uzy,We aren't here to make money. We're here to buy hope and to have fun,1,2021-09-15 09:14:12
hcw8ob7,t3_po3uzy,Daddy will smite you with his belt![img](emote|t5_2th52|4267),1,2021-09-15 09:15:49
hcw9bxv,t3_po3uzy,"As much as I think you might be right, you couldn't pay me to be a gay bear",1,2021-09-15 09:20:50
hcwas4r,t3_po3uzy,"And yet, wsb apes saw value in GME and AMC. Noone knows what market gonna bring tomorrow. Doesn't matter if it is a fuckin Micheal or Warren. They are at the top of the pyramid because they have fuckin millions and millions in cash waiting to be used for the dip and neither one of us have that kind of money.",1,2021-09-15 09:31:56
hcwavdn,t3_po3uzy,"I think you forgot stonks only go up, welcome to the new normal bear.",1,2021-09-15 09:32:38
hcwazfy,t3_po3uzy,Boooooring,1,2021-09-15 09:33:30
hcwccyl,t3_po3uzy,I once got a power ranger stuck in my ass,1,2021-09-15 09:43:57
hcwcpjx,t3_po3uzy,"I thought this too… the last two dips… “THE TIME IS NOW!”  Then I lost 50% of my portfolio.  Finally after realizing the errors I made, I made back 75%.  Don’t fight the trends…or the Fed.",1,2021-09-15 09:46:36
hcwczni,t3_po3uzy,"OP is good but he's only been here for 32 seconds.

Give him a bit of time to adapt, guys...",1,2021-09-15 09:48:44
hcwggqz,t3_po3uzy,"As I read a lot of this, people kept saying, but what's the catalyst?  The market doesn't just correct for no reason.. but this is the reason: for over a year, the government has been keeping a SIGNIFICANT amount of Americans afloat with free money and guarantees that they couldn't get kicked out of their home during COVID, even if they weren't paying their landlords.  That's all going to come to an end because you literally can't hand out free money forever (that would cause a different kind of crash), so the government has to end it at some point.  It's the right call, this needed to happen.  But a ton of people won't be ready for it.  If the market was slowing going up, maybe it would have been a slight pull back, but the market is out of control, and will need to correct.

And bonus, looks like inflation isn't as bad as we thought, which means the dollar is stronger, which means stocks are about to get corrected.",1,2021-09-15 10:15:22
hcwjlv0,t3_po3uzy,Less talk more trade,1,2021-09-15 10:40:36
hcwkb9p,t3_po3uzy,The big dick,1,2021-09-15 10:46:25
hcwm1sw,t3_po3uzy,So was buying $5k worth of NUE calls a good or bad idea,1,2021-09-15 11:00:50
hcwmgjr,t3_po3uzy,"""....they're the same picture"" like literally!?",1,2021-09-15 11:04:20
hcwsaw1,t3_po3uzy,Ready to buy the dip.,1,2021-09-15 11:55:21
hcwtlqf,t3_po3uzy,"🌈 🌈 🌈 🌈 🌈 🌈 🌈 🌈 🌈 🌈 🌈 🌈 🌈 🌈 🌈 🌈 🌈 🌈 🌈 🌈 🌈 🌈 🌈 🌈 🌈 🌈🐻 🐻 🐻 🐻 🐻 🐻 🐻 🐻 🐻 🐻 🐻 🐻 🐻 🐻 🐻 🐻 🐻 🐻 🐻 🐻 🐻 🐻 🐻 🐻 🐻 🐻   


You know what you.",1,2021-09-15 12:07:27
hcww8vz,t3_po3uzy,The 10 year would be surging right now if we were about to collapse.,1,2021-09-15 12:33:16
hcxlieb,t3_po3uzy,Im jacked. Im jacked to the TITS!,1,2021-09-15 18:09:24
hd05j7f,t3_po3uzy,They will cast another movie.“The short left on shorts 🩳 “,1,2021-09-16 05:50:56
hd58jp7,t3_po3uzy,Burry has a net long position in US equities 🙄,1,2021-09-17 07:57:29
he5fshy,t3_po3uzy,Get the anal lube!,1,2021-09-25 06:54:40
hto5dug,t3_po3uzy,Loss Porn please OP,1,2022-01-22 07:45:57
hctr2nr,t3_po3uzy,"Can somebody summarize this post for me, please?",0,2021-09-14 22:50:32
hcturqg,t3_po3uzy, Bbbbbut did you see the Tesla robot dance?,0,2021-09-14 23:15:57
hcvu55o,t3_po3uzy,Superchode,0,2021-09-15 07:24:04
hcx4g0y,t3_po3uzy,"imma follow my idol Burry and continue adding S&P futures shorts and follow my inner child in adding UPRO longs once a month.

so im well hedged haha.",0,2021-09-15 14:03:15
hcxz15m,t3_po3uzy,"Thanks for the reminder of the end times. I had nearly forgotten in the two second since I looked at pics of AOC’s ass and the rest of the fashion from this years Met gala. 

And now in other news, Norm McDonald announced the Washington Redskins are changing their name to the Washington Rapists, and then he died. R.I.P. Norm.",0,2021-09-15 20:39:38
hcy7esq,t3_po3uzy,Be cash ready ! Despite the fact it’s losing minuscule numbers ( inflation) . When you buy at 20 on the dollar it will be worth it ! Everything is overvalued. Liquidated all my stocks other then retirement accounts. It’s going to be a shit show . Just my thoughts but I’m insane and just ate cornflakes and ketchup for breakfast .,0,2021-09-15 21:48:50
hcxlyo1,t1_hctnv71,Buying as much tesla as i can.,1,2021-09-15 18:15:42
hcv4ujm,t1_hctqo2s,Dalio is campaigning all over the media to offload his China bags ![img](emote|t5_2th52|4271),102,2021-09-15 04:22:03
hcw3enp,t1_hctqo2s,OP doesn’t realize that he doesn’t run any funds anymore. He has really no decision making power for black rock and hasn’t for awhile now,7,2021-09-15 08:35:28
hcunrqa,t1_hctqo2s,"Dalio is a bigger windbag than I thought if he was dumb enough to fall for the Chinese ADS Cayman Islands VIE scam. 

Woo hoo, something to invest in that’s less legitimate than crapcoin!",43,2021-09-15 02:30:00
hctv1nl,t1_hctqo2s,I could honestly see an EPIC Chinese run here soon...  But who the fuck knows.  I'm holding 6/23 baba leaps though and I have no doubt they'll rip.  People are looking for new ideas and shit thats not been rammed so hard it's price has prolapsed pe's asshole.,19,2021-09-14 23:17:49
hcvzegp,t1_hctqo2s,China is f**king him so hard their d••ks are now resembling spoons in a tumbler😝,1,2021-09-15 08:05:10
hcx0lsr,t1_hcuju66,"Copy what the smart people are doing because I'm too dumb? If that's dunning Kruger, then I suppose everything is.",3,2021-09-15 13:18:39
hcunsfz,t1_hctrwjy,I GOT A BIT UNLUCKY,54,2021-09-15 02:30:08
hcudshu,t1_hctrwjy,Don't quit your Wendy's job just yet 🤣,26,2021-09-15 01:23:17
hcxt7eq,t1_hctrwjy,A GOLDEN GOD.,3,2021-09-15 19:42:30
hcvnvx4,t1_hctrwjy,I AM THE MOST AUTISTIC AUTIST,1,2021-09-15 06:36:00
hcyvqam,t1_hctrwjy,A BIOTIC GOD!,1,2021-09-16 00:39:34
hcv3r1x,t1_hcty72r,What we should call all the burry wannabees on this sub.,34,2021-09-15 04:14:53
hcv366t,t1_hcty72r,![gif](emote|free_emotes_pack|poop)![gif](emote|free_emotes_pack|poop)![gif](emote|free_emotes_pack|poop),1,2021-09-15 04:11:06
hcutzd3,t1_hctphmn,Wallstreetbets is slowly turning into wallstreetboomers.,94,2021-09-15 03:10:32
hcv5so1,t1_hctqtvz,"I mean... America's geopolitical game was crazy under Trump. There could have been more intense conflict between the top 2 economies, and the eurozone was also trying to deal with brexit. They were playing with fire with all the tariffs and games. I think Trump launched missiles in the middle east while meeting with Xi just to make a point.  Economic growth was slowing by 2019 before covid came and took everyone's attention, but things weren't going great. Things are calm now, but it's easy to forget how crazy shit was 4 years ago.",-13,2021-09-15 04:28:17
hcumm8h,t1_hctso5d,"Ikr. If GME never happened, wsb would probably still be under 2M",53,2021-09-15 02:22:22
hcvoui5,t1_hctso5d,Ofcourse but how many new people did that bring in who are now speculating?,1,2021-09-15 06:43:19
hcvtsec,t1_hctv3gm,"She kept 99.5% of her shares after a decent run up at the beginning of a breakout and this 🌈🐻 thinks it’s a bearish sign...

How retarded can TSLA bears be? The P/E ratio is going to be sub 100 very soon and Tesla is already more profits than Ford at the beginning of their S growth curve.",39,2021-09-15 07:21:21
hcuay0m,t1_hctv3gm,I love when people cite her selling. They don't understand that her funds have a 10% max on a position. She is always selling Tesla on run ups as a result. OP is just a silly fella.,91,2021-09-15 01:04:17
hcv3w1o,t1_hctv3gm,[removed],1,2021-09-15 04:15:47
hcxfmuo,t1_hcu0nv0,They are getting from the german gov too,3,2021-09-15 16:40:19
hcvix5k,t1_hcu0nv0,"I think that $7500 is only for cars built with union labor, so Tesla won't get the credit but Ford and GM EV would....",-4,2021-09-15 05:58:56
hcuiixk,t1_hctzcm0,"Note: Financial advice. There are these fancy machines you can insert investments in and pull a handle to realize immediate gains. They are sound financial institutions called Harrah’s, Hard Rock, Caesar’s, Bellagio, MGM, and Golden Nugget (among others). Should you experience any kind of dip in your investments, these institutions also offer free alcoholic beverages (except for fucking Hard Rock you cheap asses).",91,2021-09-15 01:54:39
hcw5txp,t1_hctzcm0,"Can goods and bullets homie. 

I hedged and doubled down on gasoline, chrome, and guitars for full Mad Max glory.",6,2021-09-15 08:53:57
hcvxirm,t1_hctzcm0,"""The market"" is not homogeneous. Some sectors are overvalued, but others are undervalued ; some harmed by inflation, others perform well in inflation.",4,2021-09-15 07:50:25
hcuz66e,t1_hctzcm0,"When I start thinking like this, I remember that Warren Buffett, who loves to buy stocks and historically is pretty OK at it, is now holding $150 billion in cash and cash equivalents.

I am about 70% in cash myself at this point.  The kids' college funds are still in the S&P index fund, but I've pulled the plug on most of my active long positions.",0,2021-09-15 03:44:47
hcw9sqz,t1_hctzcm0,Be a fully invested bear. Choose the equities/portfolio balance that suits your needs. Use options and stop losses to hedge against loss and manage risk.,1,2021-09-15 09:24:25
hcwecve,t1_hctzcm0,real estate,1,2021-09-15 09:59:06
hcwmhcz,t1_hctzcm0,"Chinese rope futures, $WEN calls, and $GME.",1,2021-09-15 11:04:31
hcx0gtb,t1_hctzcm0,"I mean, he did say puts on TSLA.",1,2021-09-15 13:17:08
hcvecdz,t1_hctzcm0,China or India,-1,2021-09-15 05:26:22
hcvefi6,t1_hcunc9v,Because being a gay bear all the time is lame as fuck.,13,2021-09-15 05:26:59
hcu492d,t1_hctohq5,winter is coming,29,2021-09-15 00:19:38
hcvhphj,t1_hctohq5,"even poor people these days in most countries have disposable money.  
kids in europe and the USA don't go without often.  


the bubble is just all the extra money and extra people investing.  


no longer is it a game for only the wealthy, but boomers going to boom.  


I remember growing up int he 80s and 90s most kids got really crap brand named trainers etc , were lucky if they had a tv in there room.  


the worlds changed, kids are walking around with hundreds of dollars worth of phone in their pocket",6,2021-09-15 05:50:08
hcvpbvs,t1_hctohq5,"He's right because he makes money and beats the market, not because he predicts a crash every month.",-1,2021-09-15 06:47:00
hcuflhf,t1_hctq34n,Why don’t you be like that guy who was buying SPY $10 Puts at the bottom of the crash last year? Like if SPY reaches $10 we have bigger problems than your options printing.,74,2021-09-15 01:35:12
hcv7w2u,t1_hctq34n,Remindme! 300 days,15,2021-09-15 04:42:18
hcv8j13,t1_hctq34n,lmao. yikes.,9,2021-09-15 04:46:33
hcv8bic,t1_hctq34n,i feel bad for you brother,2,2021-09-15 04:45:09
hcv57l0,t1_hctq34n,Can you please explain what do you mean? I’m new to the game.,0,2021-09-15 04:24:26
hcvg0dt,t1_hcu07k6,"Yep, I've been investing for like.. 3 months, and am currently well over double what I started with doing nothing but buying and selling random stocks.

If a retard like me with absolutely zero knowledge in stocks and finance can consistently make sweet gains like this, pretty sure it's a bubble and it's gonna pop at some point. Good luck everyone.",7,2021-09-15 05:38:05
hcwiadh,t1_hcu07k6,Can you please clarify,1,2021-09-15 10:29:57
hcupya3,t1_hctrwgs,Puts are short are you fucking stupid?,-62,2021-09-15 02:44:11
hcv9z0w,t1_hcu4bgk,This.,7,2021-09-15 04:56:07
hcve45n,t1_hcu4bgk,"Or worse, because he’s been wrong the last 20 times that a crash was imminent, he’s now “due” to be right.",11,2021-09-15 05:24:45
hcw8ycz,t1_hcu4bgk,"Also inflation seems like it’s peaked, lotta big negative numbers in the CPI data, less than expected, prob will see some good numbers for Sept and Oct.  Burry keeps saying we’re going into hyperinflation",2,2021-09-15 09:17:57
hcwrddp,t1_hcu4bgk,"The hot hand is Cathie Woods on her Tesla prediction that came true, and Roaring Kitty on his big squeeze prediction.",0,2021-09-15 11:46:57
hcwr9zc,t1_hcuagx3,lol I just reported the post when he didn't even cite the reason why Cathie had to sell. These Burry circle jerking fan boys are sexually craving to slob on his knob.,7,2021-09-15 11:46:08
hcu2emr,t1_hcu2ekd,"Holy shit. Calm down Chad Dickens.


*I am a bot, and this action was performed automatically. Please [contact the moderators of this subreddit](/message/compose/?to=/r/wallstreetbets) if you have any questions or concerns.*",16,2021-09-15 00:07:21
hcv7emk,t1_hctzw15,😆,3,2021-09-15 04:39:02
hcwfjbc,t1_hctzw15,"you know when you can ""hear words"" I heard that hur durr, that touched me",1,2021-09-15 10:08:02
hctsxsi,t1_hctp7h3,"It does but as long as printing keeps happening projected for the next two years the dollar is weaker and the shares keep rising. Look at Cpi lol

Long story short fed print stocks rise but the dollar is trash.",6,2021-09-14 23:03:22
hcvb2vi,t1_hctp7h3,"Should have just stopped after admitting that you're ""completely ignorant in regards to investment"".",1,2021-09-15 05:03:40
hcupvkb,t1_hcupkdl,"The world is different, more people are investing than ever before, there's more money than ever before, there's a great sharing of information than ever before, there's A LOT that has changed in the past 10 years alone. 

""Now with fundamentals way off, TA lining up, and lots of possible macroeconomic issues in the near future, this looks to me like a great setup for a short. Now of course, nothing is certain in the markets. BUT, if the bubble is about to pop, this could be the trading opportunity of a lifetime. That's why I'm going short."" Big oof here mate. Good luck but I think you're wrong.",2,2021-09-15 02:43:43
hcv8nhb,t1_hctvr3a,Why aren't you playing both sides and buying up TSLA/QQQ puts?  Maybe some calls on SPXS?,1,2021-09-15 04:47:22
hcu67zl,t1_hctpaw7,"Your mistake is you think the bull case for many investors relies on the points or timeline you are making. The robot is something that no serious investor thinks will be relevant for a decade or more (the market cap such a robot would add to TSLA might be tens of trillions... this is way beyond my conception at this time... on the other hand, too far out and risky to invest much based on this). FSD, there are varying opinions but anyone that seriously follows Tesla would know that DOJO will take at least a year to be running properly and then from there add some time for FSD to improve and then be validated. You are perhaps talking 3+ years out. Regardless it does not matter if FSD is ready in 2 years or 5 years or later, what matters is what approach to the problem do you believe is the best, because regardless of when it is solved being the one with the best approach will result in a multi-trillion dollar valuation for FSD alone (oh, wait, TSLA market cap is 740B... it clearly only reflects a bet on FSD and does not assume it is a certainty).

How about consider things like their innovations in manufacturing, especially the massive step-changes that they are in middle of right now. Their large castings are one example and are still a year or two out before it is implemented in every vehicle they make. Their work on 4680 cells, which seems to be moving closer to commercialization, is another massive step-change that will further cut their costs of building cars and allow them to make better cars for cheaper (years before anyone can volume produce solid-state batteries). 

Maybe, don't be aghast, but try to follow what the Cybertruck is beyond just an unusual looking pickup truck (with great specs at better prices than anyone else suggests... although a year or so out from production). The design of the truck is revolutionary as it is not just body on frame. For an EV that is huge. Also such a truck to be economically produced would probably be impossible without new manufacturing processes (single casts, sheet metal being bent, being an EV giving flexibility to the design that ICE does not allow and so on). The problem too many TSLA bears have, is they focus on how much they dislike the design and ignore that the design fundamentally represents a next-gen approach to making pickup trucks. Legacy pickup truck designs you might find out are fundamentally inferior. I suspect that does not end up well for everyone  else.

But yeah, limit the bull case to TSLA to points that the bulls themselves don't really invest based on.",17,2021-09-15 00:32:46
hctpawu,t1_hctpaw7,"Bagholder spotted.

*I am a bot, and this action was performed automatically. Please [contact the moderators of this subreddit](/message/compose/?to=/r/wallstreetbets) if you have any questions or concerns.*",13,2021-09-14 22:38:13
hctvglr,t1_hctpaw7,"Lmao.  RIGHT?!  Dude musk is so played out.  I really lost all respect for the dude, he's gone insane as fuck.  Fucking laserbeam windshield wipers.  Frickin' lazer beamssssssss",-8,2021-09-14 23:20:38
hczl3f5,t1_hctpaw7,"Elon is a salesman, a bullshitter. And you all are lapping it up. He goes around as if he invented Tesla vehicles but he did nothing of the sort, he came in and drove the original founders away.

Ask yourself this, why doesn't Elon dare to ride his own rocket to space like Branson or Bezos? He sends some naive retards instead in case something goes wrong.",1,2021-09-16 03:32:23
hcvgkvx,t1_hctpaw7,"Elon Musk is the advertising budget. If anyone’s bought an electric car it’s because he pushed his company, probably with his own deep pockets.",-2,2021-09-15 05:42:09
hcur98e,t1_hctpaw7,Haha worse than a sex robot. It was more like “here Regan Grimes dressed up as a robot and dancing like an idiot.”,-1,2021-09-15 02:52:36
hcvchok,t1_hctukd5,">ATH of today

ATH of what, sorry? Out of the loop.",1,2021-09-15 05:13:29
hcve0vm,t1_hctukd5,"I think the markets will continue up for a while at least as well. But your post gave me such a headache. 450T to change the market direction? You realize Burry isn't trying to make the price go down himself, right?",1,2021-09-15 05:24:07
hcv0h44,t1_hctpqb7,[deleted],1,2021-09-15 03:53:18
hcvoazb,t1_hcu0dhr,"Will the printer stop though?

Or is it stuck on printing?",1,2021-09-15 06:39:12
hcu8l7a,t1_hcu0l5b,Yesn’t,3,2021-09-15 00:48:35
hcvo623,t1_hcvivbp,Jup,2,2021-09-15 06:38:09
hcx8qfj,t1_hcx8jvz,"BURRY has nothing to do with TSLA, but normal inflation trends",1,2021-09-15 14:59:08
hcv7ieo,t1_hctwngq,🤣,4,2021-09-15 04:39:44
hcxagtc,t1_hcu5e3t,"So many people on wsb are damn forgetting , he making an inflation play !!",1,2021-09-15 15:23:15
hcuhnkk,t1_hcuecz8,👏🏼👏🏼👏🏼 🗣🍆,0,2021-09-15 01:48:49
hcvnuk8,t1_hcvan2n,"Your crash is correct, but everything will crash except Tesla lol",1,2021-09-15 06:35:43
hcv4fqa,t1_hcv4fpc,"Oh my gourd! 


*I am a bot, and this action was performed automatically. Please [contact the moderators of this subreddit](/message/compose/?to=/r/wallstreetbets) if you have any questions or concerns.*",1,2021-09-15 04:19:21
hcvnypi,t1_hcv4fpc,Why is a bad company?,1,2021-09-15 06:36:35
hcubxqo,t1_hcu2uxf,"But at what point does the asset inflation train stop?

Rates have been making lower highs and lower lows. 2018 proved they will never move off 0 again.

The fed wont be able to stop buying bonds. They’ll try and taper but inevitably fail and be forced into redoubling their buying efforts.

Asset owners are getting so rich they are starting to say fuck it to working.

Non asset owners are getting so poor they are also starting to say fuck it to working.

The fed either pulls the plug and we face the worst depression ever or we break society to a point where no one works.",1,2021-09-15 01:10:59
hd1xaxy,t1_hcva9mr,Good idea. Like what?,1,2021-09-16 15:30:06
hcvhrpa,t1_hcvhrnn,"Reddit has a new paid team called **Anti-Evil Operations** which goes around permanently banning accounts for saying bad words. We made automod block them so you don't lose your account for saying a word and getting reported. It's not our rule, it's the entire website now, we're just trying to look out for our people. Sorry.

*I am a bot, and this action was performed automatically. Please [contact the moderators of this subreddit](/message/compose/?to=/r/wallstreetbets) if you have any questions or concerns.*",1,2021-09-15 05:50:34
hctuhti,t1_hctr2nr,"Buy guns, ammo and Tesla sex dolls",3,2021-09-14 23:14:03
hctsa0m,t1_hctr2nr,"He says in the title burry was right buy gme, and also if we’ve made money we’re probably investing gods. I stopped reading after that, too many words.",7,2021-09-14 22:58:50
hcvo4hl,t1_hcturqg,"95% technical men being experts in the field.

What you remember: robot 🤖",1,2021-09-15 06:37:49
hcvm9ww,t1_hcv4ujm,Everybody knows bags made in China aren't worth shit.,51,2021-09-15 06:23:47
hcw5zao,t1_hcv4ujm,![img](emote|t5_2th52|4276),9,2021-09-15 08:55:04
hcxd3fu,t1_hcv4ujm,People would think he is running for president ![img](emote|t5_2th52|4271),1,2021-09-15 16:02:05
hctvzob,t1_hctv1nl,[deleted],83,2021-09-14 23:24:16
hcu47lg,t1_hctv1nl,"Chinese stocks are not going to “rip”.
Especially BABA 
They will not let any company be big enough to challenge anything. Ant is being broken up, won’t be surprised if all their investments in start ups are broken up too.
Been a hard fan of baba
But baba’s baba is giving it a middle finger",22,2021-09-15 00:19:22
hcunhz1,t1_hctv1nl,">I could honestly see an EPIC Chinese run here soon...

Based on what else but your hopes and dreams? China's *cracking* down on their big companies and most worrisome for foreigners, they're looking to eliminate the VIE structure.",19,2021-09-15 02:28:12
hcwpu3g,t1_hctv1nl,you may want to read the Wall St. Journal tonight re: massive Chinese Real Estate concerns.,1,2021-09-15 11:33:20
hcxht5c,t1_hcx0lsr,"He's cherry picking the smart people he chooses to listen and the things they say. Those investors are still primarily long on many big stocks.

Indeed, the whole point of the Dunning Kruger is to look in the mirror, not point fingers.",1,2021-09-15 17:14:15
hcuhmbv,t1_hcudshu,We might need you to recommend us,17,2021-09-15 01:48:35
hcx765q,t1_hcv3r1x,"Armageddotard *noun*

1. Someone who believes that stocks can go down (often using meaningless terms like 'overvalued' or 'speculation' or 'bubble' in their DDs).

Burrytard *noun*

1. An armageddotard who cites Michael Burry as evidence for an impending market crash after watching the Big Short.",2,2021-09-15 14:38:12
hcuw9pv,t1_hcutzd3,Yeah where the fuck are my ornamental gourd guidance posts? Have we moved into being basic ass pumpkin spice futures investors?,50,2021-09-15 03:25:42
hcuy485,t1_hcutzd3,Hey did you guys hear about that new [Kenny G documentary](https://www.imdb.com/title/tt15174040/),4,2021-09-15 03:37:50
hcvupbg,t1_hcutzd3,R/tiktokbets for non boomers,1,2021-09-15 07:28:25
hd1t4ay,t1_hcv5so1,"Lmao shit is a lot less calm than 4 years ago, have you been paying attention to tensions in the East?",7,2021-09-16 14:31:19
hdlg8er,t1_hcv5so1,"Predicting world war 3 in 2001 would be a dumb statement even with 9/11 and all but predicting world war 3 after 2019 is a pretty good prediction. It’s all going to poops this decade with the first card to fall being the economy and USA status as an empire/world police. 
Remember people predicted world war 2 decades before it happened, because history repeats itself and patterns emerge.",1,2021-09-20 22:39:21
hcuxsg2,t1_hcumm8h,"As much as I love what happened to GME, it ruined WSB",76,2021-09-15 03:35:43
hcv44jx,t1_hcuay0m,"Yeah, I don't know what tsla will do next, but it's Cathy woods highest conviction play. She rebalances. That's the only reason she's selling tsla at the moment.",23,2021-09-15 04:17:19
hcv3w2j,t1_hcv3w1o,"Reddit Inc. has banned Seeking Alpha articles sitewide. It's not us as moderators, pinky promise.

To get around this, please repost your comment/thread with the link removed, and the relevant parts of the article copy and pasted. 

You may wish to also include the link with a space in the domain (e.g. ""seek ingalpha.com/..."") so that readers can investigate and come to their own conclusion.

We apologize for any inconvenience this may have caused.

*I am a bot, and this action was performed automatically. Please [contact the moderators of this subreddit](/message/compose/?to=/r/wallstreetbets) if you have any questions or concerns.*",8,2021-09-15 04:15:47
hcvl347,t1_hcvix5k,"It is 7,500 without Union. Additional 4,500 for union (fucking stupid) = 12,000.",12,2021-09-15 06:14:59
hcv834m,t1_hcuiixk,Lol I wonder if the average moron here beats a slot puller,21,2021-09-15 04:43:36
hcuiroh,t1_hcuiixk,Well done! 😂,3,2021-09-15 01:56:15
hcvwblr,t1_hcuiixk,You also get free rooms. Literally can’t go tits up,5,2021-09-15 07:40:56
hcwme7t,t1_hcw5txp,Doof Warrior is that you?,1,2021-09-15 11:03:48
hcvdy3f,t1_hcuz66e,Tons of boomers are holding cash and cash equivalents just waiting for that 25% SPY correction. Then they all plan to go in hard. Which is why there probably won’t be a correction.,26,2021-09-15 05:23:35
hcxjf5j,t1_hcuz66e,You have to look at it as a % of his wealth. He’s not 75% cash.,1,2021-09-15 17:38:49
hcy3961,t1_hcx0gtb,"That’s not investing IMO, that’s betting on failure and causes problems with these “efficient markets”(again, IMO).  Not helpful but thanks for the response.",1,2021-09-15 21:15:45
hcx0nzt,t1_hcvhphj,"This is the most true statement that people will dismiss for it’s simplicity but it is Ocams razor (I misspelled that shit sorry).  I think takes like this are where we actually find some value.  Will be price discovery inn future at just higher PE ratios, maybe even more rotation into stuff we can’t say here",3,2021-09-15 13:19:18
hcunq4n,t1_hcuflhf,"I'm a bear and I love a good bloodbath, but yeah if SPY dropped down to $180 I'd be fucking worried about everything around me",37,2021-09-15 02:29:42
hcv7zhv,t1_hcv7w2u,"I will be messaging you in 9 months on [**2022-07-11 20:42:18 UTC**](http://www.wolframalpha.com/input/?i=2022-07-11%2020:42:18%20UTC%20To%20Local%20Time) to remind you of [**this link**](https://www.reddit.com/r/wallstreetbets/comments/po3uzy/michael_burry_is_right_and_you_are_all_wrong_again/hcv7w2u/?context=3)

[**3 OTHERS CLICKED THIS LINK**](https://www.reddit.com/message/compose/?to=RemindMeBot&subject=Reminder&message=%5Bhttps%3A%2F%2Fwww.reddit.com%2Fr%2Fwallstreetbets%2Fcomments%2Fpo3uzy%2Fmichael_burry_is_right_and_you_are_all_wrong_again%2Fhcv7w2u%2F%5D%0A%0ARemindMe%21%202022-07-11%2020%3A42%3A18%20UTC) to send a PM to also be reminded and to reduce spam.

^(Parent commenter can ) [^(delete this message to hide from others.)](https://www.reddit.com/message/compose/?to=RemindMeBot&subject=Delete%20Comment&message=Delete%21%20po3uzy)

*****

|[^(Info)](https://www.reddit.com/r/RemindMeBot/comments/e1bko7/remindmebot_info_v21/)|[^(Custom)](https://www.reddit.com/message/compose/?to=RemindMeBot&subject=Reminder&message=%5BLink%20or%20message%20inside%20square%20brackets%5D%0A%0ARemindMe%21%20Time%20period%20here)|[^(Your Reminders)](https://www.reddit.com/message/compose/?to=RemindMeBot&subject=List%20Of%20Reminders&message=MyReminders%21)|[^(Feedback)](https://www.reddit.com/message/compose/?to=Watchful1&subject=RemindMeBot%20Feedback)|
|-|-|-|-|",3,2021-09-15 04:42:55
hcweutu,t1_hcv7w2u,The doom clock has been set to countdown mode.,1,2021-09-15 10:02:53
hcv9z29,t1_hcv8j13,It was $17. Just having fun.,6,2021-09-15 04:56:08
hcv9st4,t1_hcv8bic,It was $17 🤷‍♂️,8,2021-09-15 04:54:59
hcv7djf,t1_hcv57l0,"If you are new, go to r/stocks and r/options otherwise you WILL lose money here",26,2021-09-15 04:38:50
hcvma1i,t1_hcv57l0,Basically I'm betting that TSLA will drop to $5 by January 2023. It doesn't have to hit it that number exactly to make money (it's complicated) but there's no way that will happen. But it was very cheap. Just for fun. But what this really means....I threw away $17.,6,2021-09-15 06:23:49
hcuqiod,t1_hcupya3,"Risks of buying puts is limited to the premium paid.

Risks of shorting is unlimited. 

Maybe try to learn a thing or two first…",51,2021-09-15 02:47:48
hcvze83,t1_hcupya3,Wrong. Longing puts means buying a put (positive position). Shorting a put means selling one (negative position).,1,2021-09-15 08:05:08
hcwkekm,t1_hcwfjbc,:),1,2021-09-15 10:47:10
hcu694a,t1_hctsxsi,"> but the dollar is trash

Compared to?",2,2021-09-15 00:32:58
hcv8hlg,t1_hcu67zl,"Yo.

Come join us at the tslalounge",13,2021-09-15 04:46:17
hcwemd8,t1_hcu67zl,"FSD doesn't require dojo, it will just speed it up.

Elon said that once the public beta started it would be about a year from then until it might be ready for regulatory approval.  I dont know if at the time he meant the now current 2k person beta, or what were all waiting for ""the button"" but either way, dojo wasn't part of it.

If he meant the current beta, he's way off.  If he meant the button, then we'll see what happens.",1,2021-09-15 10:01:05
hcu1i1a,t1_hctvglr,[deleted],5,2021-09-15 00:01:16
hcxj6il,t1_hcvnuk8,Tesla crashes all the time... the stonk still goes up. It's an anti gravity machine.,1,2021-09-15 17:35:12
hcu0dyd,t1_hctsa0m,Thank you.,1,2021-09-14 23:53:53
hcwe4v5,t1_hcvm9ww,are you telling me that those LV bags aren't real!?!?!,13,2021-09-15 09:57:26
hcx2zbg,t1_hcvm9ww,Unless I’m holding them. Then I think they are the best while I continue to piss money out my ass.,1,2021-09-15 13:45:28
hcyjpz5,t1_hcvm9ww,iPhones are made in China. You get what you pay for.,1,2021-09-15 23:17:45
hcu0fyx,t1_hctvzob,"Also, their prosperity for all talk makes me think they will be targeting the profits of these companies for redistribution.",28,2021-09-14 23:54:15
hcuew7g,t1_hctvzob,To OP: bears have been showing that same chart since forever. Tesla is at where it is because it is doing something no-one else is capable of doing (maybe except for $NIO).,9,2021-09-15 01:30:33
hcww4af,t1_hctvzob,"Stop crying and buy the dip, maggot.",0,2021-09-15 12:32:00
hcvi6kj,t1_hcu47lg,One only has to be following Evergrande to know this. China is about to have a real estate collapse to deal with. Reason I think they have been reigning in the rest of the market before the whole thing goes tits up.,6,2021-09-15 05:53:33
hcvrtov,t1_hcunhz1,"Where did you read they are looking to eliminate the VIE structure? That would be a disastrous move for china, and completely contrary to the recent signals the CCP has been sending out.
They're making it harder for new chinese companies to IPO oversees yes, and are even gonna work with the SEC to allow transparent auditing of chinese firms. They're *desperate* to get that foreign capital back. Ive read absolutely nothing signaling any intention of removing the VIE structure as a whole",8,2021-09-15 07:06:13
hcusw6u,t1_hcunhz1,I think people are overreacting a little bit.  O well...  Leave a 90 day remind me if you want.  I think out of prestige they'll come back hard.  China and communist countries are all about image and prestige and I doubt they'll let baba go much further.,-7,2021-09-15 03:03:23
hcwwjei,t1_hcunhz1,"Is that fear I smell? Yep, I’m buying the dip. I love scared money.",0,2021-09-15 12:36:09
hcv9mo9,t1_hcuhmbv,We need someone on the inside to give us recommendations just in case we need to apply at Wendy's,5,2021-09-15 04:53:51
hcwel24,t1_hcuw9pv,uh they have a pumpkin spice cold brew now so STFU,5,2021-09-15 10:00:48
hcuz26i,t1_hcuxsg2,Right before that line goes vertical that's when WSB was at its peak.,28,2021-09-15 03:44:03
hcv1bmx,t1_hcuxsg2,"Yeah, once ‘WSB’ was featured on MSNBC as some social justice brigade against Wall Street, it was over.",21,2021-09-15 03:58:51
hcv3ijr,t1_hcuxsg2,"100% agree the sub just hasn't been the same since the GME & AMC craziness. Occasionally I see a post that makes me go, ahh thats the sub I love. The ones that make you stop and go MY GAWD this is either a potential money printer or an amazing troll. 

Sadly, these days I see a ton of obvious bs posts about someone hoping a crayon eater will give them the liquidity to get out of a bad position.",17,2021-09-15 04:13:20
hcvf7ju,t1_hcv3w2j,"No shit, anybody know why this is?",6,2021-09-15 05:32:25
hcw8qr8,t1_hcvl347,"Plus $500 US made, 8k for Tesla and O
only $9000 for the Mexican made Mach-E!…..",13,2021-09-15 09:16:21
hcwm83b,t1_hcv834m,"That's no way to refer to my wife. And no, I don't beat her.

She beats me.",9,2021-09-15 11:02:20
hcwptji,t1_hcv834m,Lol you’re gonna compare me to a slot puller? You’d have to have 5 arms to lose money as fast as me with slots,3,2021-09-15 11:33:13
hcwsoej,t1_hcv834m,No chance,2,2021-09-15 11:58:46
hcvzdpl,t1_hcvdy3f,"Thats what I keep going back to too. If it dips at all, it's bought up and bang. New high next week",3,2021-09-15 08:05:01
hcvvbgw,t1_hcvdy3f,"OK zoomer, this time it really is different.  I consider myself chastened.",3,2021-09-15 07:33:10
hcvyftd,t1_hcvdy3f,Seems like a sure thing. All the boomers will band together and stop the crash! Delusion. Once shit starts crashing people won't go back in until things settle.,1,2021-09-15 07:57:44
hcvoos2,t1_hcunq4n,I have a feeling that's possible. Our economies are weak,0,2021-09-15 06:42:06
hcx0x2p,t1_hcv9st4,You know you can get multiple lottery tickets for less.,1,2021-09-15 13:21:59
hcva8uv,t1_hcv7djf,Thx,3,2021-09-15 04:57:59
hcx1037,t1_hcv7djf,Isn't that why we're here? To lose money with style?,1,2021-09-15 13:22:55
hcuqrsk,t1_hcuqiod,"Ur talking about short selling. There are tons of ways to short a stock, retard.",-46,2021-09-15 02:49:27
hcv73p2,t1_hcu694a,"This is the main question. If every major currency is printing, are there any safe reserve currencies? I immediately think of crypto, but those are so pumped with margin that they sell off worse than equities. Unless... equities are the new reserve currency? It's more difficult to create more shares of Apple than us dollars.",5,2021-09-15 04:36:59
hcuyasy,t1_hcu694a,The more we print the more the dollar ends up trash which is relevant to hopefully the big numbers in the account which then ultimately buy less than pre printer brrrrrrrr.,1,2021-09-15 03:39:02
hcvhvpw,t1_hcv8hlg,One of us!,3,2021-09-15 05:51:22
hcwk8ib,t1_hcwemd8,"Elon has also said his dates are to be understood as not before then.

As to whether DOJO is needed or not is not something we can now until they solve FSD. Until then exactly what is needed is a bit of a guess.

My loose timeline is as follows...

1 year minimum of basic FSD software development including getting DOJO running.

1 year after that of training and refinement.

1 year after that of validation, including finding less common edge cases.

At that point (hopefully sooner, but doubt it) we might see in some local areas where the software has shown itself of capable of working without intervention robotaxi service starting. From there on out, it will be  expanded to more and more areas as they are validated that it can work without intervention.",1,2021-09-15 10:45:46
hcwmvpf,t1_hcwe4v5,The ones that say Louie Vatton?,5,2021-09-15 11:07:54
hcve767,t1_hcu0fyx,"Agreed. I'm still long though... 

Bonds are a bubble

U.S and Canadian Equities are a bubble

Crypto currency is a bubble (for ducks sake does anyone have any clue how much leverage is being used in this space? Like I love Solana and all but damn bro the speculation is insane) 

Housing (not a bubble) 

NFT's (LOL) 

Spacs 

Junk bonds are parabolic 

At least I'm paying less for future FCF. Ya the chinese government will screw these companies over but they won't destroy them. 

Doing a DCF at this point is useless. Everything is parabolic.",10,2021-09-15 05:25:20
hcvml1x,t1_hcu0fyx,"*propensity, not prosperity",4,2021-09-15 06:26:07
hcv7x1r,t1_hcuew7g,"True, I've been seeing this kind of thesis a lot since I started trading a few years ago. Some bears will say ""yeah, well now I'm even more right, and my puts will print harder!"" - they didn't. It could very well take months/years for this thesis to play out, and something entirely different could cause it... so it might not even be an ""I told you so"" moment. I wouldn't be surprised if we see a slight correction or even a crash (in the medium term but not short term) but when people talk about an extreme crash all I can do is chuckle. But I believe cathy too, the next 5-10 years will be something else. If we're talking longterm, these prices won't make a difference to worry about.",6,2021-09-15 04:42:28
hcyjv54,t1_hcuew7g,Not even NIO can do what Tesla is doing. Everyone is at least 5 years behind.,1,2021-09-15 23:18:46
hd2xj3p,t1_hcvrtov,"You are literally a retard, if china would ban VIE it's bad news for all markets and will cause a WHOLE market crash, so if you think that you, should sell all your positions and gtfo the market, too much money involved with VIE's if you betting that you should short the market as everyone have to liquidate their position to cover their China losses",0,2021-09-16 22:15:18
hcuzj9a,t1_hcusw6u,I'm really happy there is dumb money in the market. More for me,5,2021-09-15 03:47:10
hcutefb,t1_hcusw6u,">I doubt they'll let baba go much further.

Do you even understand what they're going to do by eliminating VIEs?",9,2021-09-15 03:06:40
hcxnbo0,t1_hcv9mo9,Or to get the spicy nugget recipe. 🔥,1,2021-09-15 18:34:01
hcwgso3,t1_hcwel24,IM LONG ON THE SPICE BABY,3,2021-09-15 10:18:01
hcv0j1x,t1_hcuz26i,That initial run from like $15 to $100 might have been the most fun I’ve had on the internet with strangers…right before the servers started overloading.,46,2021-09-15 03:53:39
hcvpp96,t1_hcuz26i,Lol nah. At the beginning of this year everyone said peak WSB was March 2020.,5,2021-09-15 06:49:49
hcx20f5,t1_hcvf7ju,Because their articles are shit,5,2021-09-15 13:34:12
hcwce3b,t1_hcw8qr8,"Yeah, you’re right. $8,000",6,2021-09-15 09:44:12
hcydm9y,t1_hcvvbgw,"Don't you just love it when there's a new generation who hasn't seen a crash to tell you sincerely that ""this time it's different"". It's priceless.",2,2021-09-15 22:34:52
hcvdt45,t1_hcva8uv,"Just looking out for you, your money, your move, but before you start yoloing, filter for losses and skim that for a second",5,2021-09-15 05:22:37
hcur3ye,t1_hcuqrsk,"If you say so, retard.",28,2021-09-15 02:51:40
hcv8d9w,t1_hcuqrsk,"Lmaoooooooooo

Nobody tell him",4,2021-09-15 04:45:28
hcw6y7r,t1_hcve767,"Homebuilders, especially some of the less well known builders are cheap af. Input (commodity stocks) are cheap as fuck. Autos are cheap as fuck (arguably). Financials (Especially Citi which is trading at 15% less than tangible book is cheap as fuck). Some media companies like ViacomCBS. Cheap as fuck. Visa has been as flat as an A cup for the year.

There's also some value growth like Alight, Paysafe, and one more company that's profitable that I can't discuss here. If you're willing to stomach the uncertainty, the arbitrage opportunity Xillinx offers allows you to get into AMD at a cheap value growth price.

That's just to name a few. The reason people like Buffet can't get into them is:

1. They might be too small. CCS/M/I homes.
2. He already owns a company that does what they do: Ergo, CCS/M/I homes
3. He doesn't understand them",5,2021-09-15 09:02:31
hd4geo5,t1_hd2xj3p,Did you reply to the wrong person or something?,3,2021-09-17 04:25:44
hcvjx2w,t1_hcuzj9a,"Wtf does that even mean?  How does someone making or losing money get you more or affect your plays...  That's the dumbest fucking statement I've ever read in this forum full of nonsense.  It's Wallstreet, there's enough money to fund fucking intergalactic space travel, and SURELY there's enough for you to go living in your moms basement and continuing your diet of bagel bites, doritos and eighths of shitty weed and colt 45 you like to drink...  I think stonks can handle you buddy..  But hey, good luck you big ""dick more for me"" investor god you.  Good luck.  Please step up your comment game or at least attempt to.  Thanks.",-2,2021-09-15 06:06:14
hcuxqsi,t1_hcutefb,"Pretty sure John McVie will just stand there smiling behind his beard as Christine cucks him once again, this time with LinXi Fuckingham",6,2021-09-15 03:35:24
hcvgagg,t1_hcv0j1x,We had to have a mega thread for gains posts.  It was awesome.,9,2021-09-15 05:40:06
hcznrkq,t1_hcx20f5,"Where do you get your analysis from then, marketwatch?",1,2021-09-16 03:49:58
hcurchx,t1_hcur3ye,"“If you say so”
Lol GME really filled this place with clueless redditors that think they know everything about the stock market",-48,2021-09-15 02:53:12
hcwqofn,t1_hcw6y7r,Homebuilding is very cheap. As are a lot of commodity plays I can't argue with that. You can still find killer deals in healthcare and financials also. But most other sectors are expensive.,1,2021-09-15 11:40:48
hcvklu7,t1_hcvjx2w,"It's a zero sum game idiot. If you lose its going into someone else's account. Dumb money means 💰 for smart money. If you don't comprehend that maybe stay out of the market lol. ""I THINK it's overblown"" is the dumbest thing I've read here. What a coincidence.",2,2021-09-15 06:11:23
hcvllgw,t1_hcvjx2w,"What you think putting money on a communist country that regulates companies into the grave, disappears billionaires and who's economy is based on stealing intellectual property is smart money? That's cute. 

And thats before all the covid shit.",1,2021-09-15 06:18:43
hdag9ut,t1_hcvgagg,Good ol days,2,2021-09-18 11:20:23
hczqrkq,t1_hcznrkq,Funny,1,2021-09-16 04:09:46
hcv36yw,t1_hcurchx,">The dunning-kruger effect is a psychological phenomenal measured in humans, where unskilled people fail to recognize their own incompetence. Not just general intelligence but incompetence in individual fields.",20,2021-09-15 04:11:15
hcvhkkp,t1_hcurchx,"Long put = buying a put and is bearish
Short put = selling a put and is bullish",2,2021-09-15 05:49:11
hcvydz8,t1_hcvklu7,"Stocks are not a zero sum game, options are but not stocks. The total value of the stock market increases with the size of the economy as new companies enter and existing companies grow. If the stock market were zero sum then the entire value of the stock market would stay constant over time.

Since you think stocks are a zero sum game, odds are you are the dumb money.",1,2021-09-15 07:57:19
hcvlhlo,t1_hcvklu7,"You sound like a real smooth cat that's managing some serious assets...  I have no doubt you're really cranking with your 250$ robinhood.  Lol.  Go get it YungBuffet....  You seem like a very likeable human being btw.  I have no doubts you believe you're smarter than anyone.  Have a nice life man, I'm sure you're loved by many and you really like yourself..",1,2021-09-15 06:17:57
hcwwstk,t1_hcvllgw,"Jesus, reading your comments is like watching a retard trying to fuck a doorknob. So much second hand embarrassment. Just stop. For all of us.",1,2021-09-15 12:38:47
hcvt6d3,t1_hcv36yw,So I guess Michael burry didn’t short the housing market since all he did was buy credit default swaps?,4,2021-09-15 07:16:42
hcy4aq0,t1_hcvydz8,"Maybe. But I'm pretty sure you're dead wrong. 

I'm a futures trader anyway.",-1,2021-09-15 21:24:19
hcy3ndq,t1_hcwwstk,"Show me the bull argument or go fuck off on your little drum set, basement dweller.",0,2021-09-15 21:19:01
hcyhcnu,t1_hcy4aq0,"There's no maybe about it, and if you can't deduce it on your own you definitely shouldn't be trading futures. 

If I buy a stock at $1 in 1990, sell it at $10 in 1995 to person B, person B sells it in 2000 at $20 to C, C sells it to D in 2005 at $30, etc. Who lost money?

A zero sum game means for A to make money B must lose, so there's a constant value in the system, the economy isn't like that at all, if I need to explain that, then you 100% shouldn't do any sort of trading.",2,2021-09-15 23:00:56
hd0qhvk,t1_hcy3ndq,Lmao did u just try to insult me by calling me a drummer? Betacuck energy is strong with this one. 😂,1,2021-09-16 08:33:17
hd0qpt3,t1_hcy3ndq,"Also, you didn’t comment on my return on investment posts. When your ROI can compare come talk to me. I’ll give you some actual advice, you dummy.",1,2021-09-16 08:34:58
