comment_id,comment_parent_id,comment_body,comment_score,created_utc
hhbrs98,t3_qbt802,"
**User Report**| | | |
:--|:--|:--|:--
**Total Submissions**|2|**First Seen In WSB**|4 minutes ago
**Total Comments**|0|**Previous DD**|[x](https://www.reddit.com/r/wallstreetbets/comments/qbt802/root_a_buyout_candidate/) 
**Account Age**|8 months|[^scan ^comment ](https://www.reddit.com/message/compose/?to=VisualMod&subject=scan_comment&message=Replace%20this%20text%20with%20a%20comment%20ID%20(which%20looks%20like%20*h26cq3k*)%20to%20have%20the%20bot%20scan%20your%20comment%20and%20correct%20your%20first%20seen%20date.)|[^scan ^submission ](https://www.reddit.com/message/compose/?to=VisualMod&subject=scan_submission&message=Replace%20this%20text%20with%20a%20submission%20ID%20(which%20looks%20like%20*h26cq3k*)%20to%20have%20the%20bot%20scan%20your%20submission%20and%20correct%20your%20first%20seen%20date.)
**Vote Spam (NEW)**|[Click to Vote](https://www.reddit.com/message/compose/?to=VisualMod&subject=vote_spam&message=qbt802)|**Vote Approve (NEW)**|[Click to Vote](https://www.reddit.com/message/compose/?to=VisualMod&subject=vote_approve&message=qbt802)",1,2021-10-20 12:53:19
hhbsolf,t3_qbt802,this gets psoted every week zzzzzzzzz,4,2021-10-20 13:03:13
hhbs6np,t3_qbt802,Lol I mean it hasn't squeezed in 12 months and it's short interest has been >35% the whole time and it's price is -80% ytd sooooo,4,2021-10-20 12:57:40
hhbtmtr,t3_qbt802,"And here is why ROOT is trading at where it is. Root is financially, severely underperforming its competitors on two very basic metrics: Revenue and Gross Margin:

|Company|LTM Gross Margin %|YOY Revenue Growth|
|:-|:-|:-|
|LMND|49.4|\-8.72|
|HCI|19.4|28.71|
|MILE|\-3.0|N/A|
|PLMR|7.5|32.82|
|ALL|31.9|15.91|
|SBRE|40.7|\-11.85|
|PGR|12.0|11.06|
|TRV|28.3|7.29|
|NODK|13.5|12.39|
|**ROOT**|**-17.7**|**-39.79**|

&#x200B;

Lots of very obvious flaws in the companies financials.",1,2021-10-20 13:13:57
hhbwcvy,t3_qbt802,"“Short squeeze”…ya, ok",1,2021-10-20 13:46:42
hhbvluf,t1_hhbs6np,Yep that's what shorting a stock does.,3,2021-10-20 13:37:21
hhbwcw8,t1_hhbwcvy,"Squeeze these nuts you fuckin nerd.

*I am a bot, and this action was performed automatically. Please [contact the moderators of this subreddit](/message/compose/?to=/r/wallstreetbets) if you have any questions or concerns.*",1,2021-10-20 13:46:42
hhbwcwj,t1_hhbwcvy,"Squeeze my dongus you fuckin nerd. 

*I am a bot, and this action was performed automatically. Please [contact the moderators of this subreddit](/message/compose/?to=/r/wallstreetbets) if you have any questions or concerns.*",0,2021-10-20 13:46:42
