comment_id,comment_parent_id,comment_body,comment_score,created_utc
glpnala,t3_larhlw,"sir, I don't believe you are fully aware of how smooth my brain is.",126,2021-02-02 17:19:18
glpmsln,t3_larhlw,"Do you realize how many dumbass Arby’s cashiers joined this sub in the last week? None of them even know how to read, never mind what an API is",134,2021-02-02 17:11:41
glpoocx,t3_larhlw,I wouldn’t be surprised. Wall Street is playing DIRTY.,17,2021-02-02 17:40:16
glpqjod,t3_larhlw,"Smooth brain trying to grow some wrinkles

These are only Failures To Deliver from the first half of January right? (Till the 14th) The ballistic run up (and accompanying volume) only started on the 20th onwards - where we saw Cohens inclusion into the board. means that whatever data we have right now should not be compared to volume from 3 days ago.

If you see this can try crunching the numbers from that time period - the total % should be much higher

No coding experience but can manually crunch. Where do you get your third party volume source?  


edit 1: did it myself - volume is from Nasdaq [https://www.nasdaq.com/market-activity/stocks/gme/historical](https://www.nasdaq.com/market-activity/stocks/gme/historical)  


did table in sheets - see imgur for it [https://imgur.com/a/2MCMu7b](https://imgur.com/a/2MCMu7b)

It looks like there was no significant change even as volume went up? Highest % of FTDs total around only 13% on 7 Jan  


I assume as volume goes up and more people buy shares the FTD should go up exponentially - so will need to see new FTD data against this volume.   


Average FTD % over 1-14 Jan's Volume was 6.22%  


If we apply that to 22 Jan Thurs All time High volume of  197157900, that means shares that failed to deliver should be in the threshold of 12,263,221??   


Please let me know if I am doing this math right 12 million failures to deliver is no joke - more wrinkled apes feel free to add or critique  


notes:  


1. 13 Jan had insane volume but FTDs stayed the same? did they not count it due to market conditions?   

2. Not all FTDs might be naked shorts - but should the number not be parallel to demand?",9,2021-02-02 18:08:30
glpm0pw,t3_larhlw,I saw something I didn't like in here but the user is approved so I ignored it. /u/zjz,28,2021-02-02 16:59:57
glq6xnp,t3_larhlw,"of course it is. 

We are all slaves. Financial slaves.",3,2021-02-02 21:29:58
glpt3p5,t3_larhlw,I am confused why youre using data from a month ago prior to runup. Wouldnt more recent data be more useful?,3,2021-02-02 18:45:51
glpprlj,t3_larhlw,I don't understand what you want to show with this shit. GME has relatively low fails to deliver in comparison to other stocks almost each single day. Is that it?,6,2021-02-02 17:56:41
glpnves,t3_larhlw,Oh my brain 😱,1,2021-02-02 17:28:10
glponxb,t3_larhlw,Nerd.,-11,2021-02-02 17:40:05
glpn3mp,t1_glpmsln,"as a cashier at Arby’s, I can confirm",82,2021-02-02 17:16:20
glpq4cp,t1_glpmsln,Angus Prime Inchillada obviously,6,2021-02-02 18:02:04
glqkgg1,t1_glpqjod,"Yeah keep in mind theres a bunch of caveats here, but main point being there seemed to be a very small period where there was a sudden increase in FTD but then died down. Doesn't seem to match up with my numbers though, so I guess I'll have to double check, but in general the idea is there's no data to show systematic naked short selling when compared to other stocks",3,2021-02-02 23:07:55
glpmf32,t1_glpm0pw,That list probably also includes literally every stock micro-cap that was pump-and-dumped in the first two weeks of Jan lol,21,2021-02-02 17:06:02
glptejb,t1_glpt3p5,SEC Data is only up till 14 jan. we should see 2nd half of Jans data soon (15th of Feb),4,2021-02-02 18:50:11
glqg7cl,t1_glpprlj,"Yeah it’s not that interesting, but it’s basically debunks pretty much every post in this subreddit that uses this data mislesdingly",9,2021-02-02 22:42:33
glq1d5j,t1_glpprlj,"It looks that way to me. The other ""Failed to deliver"" data I've seen on other posts only compared the absolute number of failed-to-delivers, but not as a percentage of the stock's float. In other words, the more shares issued for a company, the more you would expect to be failed to deliver.",3,2021-02-02 20:34:05
glpp4i4,t1_glpn3mp,[deleted],12,2021-02-02 17:47:01
glqpsec,t1_glqkgg1,"Yep, found a bug in my script, thanks for pointing it out, here's a gold star",2,2021-02-02 23:40:31
glpmfcp,t1_glpmf32,I saw something I didn't like in here but the user is approved so I ignored it. /u/zjz,7,2021-02-02 17:06:09
glppyey,t1_glpp4i4,ape AI,8,2021-02-02 17:59:37
glqu3xj,t1_glqpsec,Thanks mate - appreciate it. I think we can only really tell once we see the next set for 2nd half of Jan. Thanks for the in-depth post as always. Have enjoyed your essays from the march crash of covid last year!,2,2021-02-03 00:05:35
glpp9gp,t1_glpmfcp,Loser bot,9,2021-02-02 17:49:04
