comment_id,comment_parent_id,comment_body,comment_score,created_utc
hd7y6bs,t3_pq2t1p,"
**User Report**| | | |
:--|:--|:--|:--
**Total Submissions**|1|**First Seen In WSB**|7 months ago
**Total Comments**|162|**Previous DD**|
**Account Age**|4 years|[^scan ^comment ](https://www.reddit.com/message/compose/?to=VisualMod&subject=scan_comment&message=Replace%20this%20text%20with%20a%20comment%20ID%20(which%20looks%20like%20*h26cq3k*)%20to%20have%20the%20bot%20scan%20your%20comment%20and%20correct%20your%20first%20seen%20date.)|[^scan ^submission ](https://www.reddit.com/message/compose/?to=VisualMod&subject=scan_submission&message=Replace%20this%20text%20with%20a%20submission%20ID%20(which%20looks%20like%20*h26cq3k*)%20to%20have%20the%20bot%20scan%20your%20submission%20and%20correct%20your%20first%20seen%20date.)",1,2021-09-17 23:54:01
hd7ya8m,t3_pq2t1p,This photo stolen from the AMC boards,-1,2021-09-17 23:54:47
hd7yllc,t1_hd7ya8m,More likely they stole it from the same place I stole it from,1,2021-09-17 23:56:54
