comment_id,comment_parent_id,comment_body,comment_score,created_utc
h0cwgpw,t3_nqvln0,"Agree, Tilray is a moneymaker ))",6,2021-06-03 04:35:35
h0cwuxh,t3_nqvln0,I personally use weedmaps. Leafly was cool for strain descriptions in its hay day but I still think weedmaps is ahead by a pubic hair.,4,2021-06-03 04:38:21
h0cwwa7,t3_nqvln0,Well according to Amazon they’re gonna be the weed of weed,4,2021-06-03 04:38:37
h0cxjwb,t3_nqvln0,I have bought so much weed from this service. they they stopped allowing people to use the delivery section of the site.,1,2021-06-03 04:43:17
h0cxnn0,t3_nqvln0,"In the cannabis marketing industry, can confirm weed maps is king",1,2021-06-03 04:44:00
h0cxwi4,t3_nqvln0,Wait wait wait....I can invest in weed maps?,1,2021-06-03 04:45:43
h0cyf6o,t3_nqvln0,"Where am I wrong? That's not their symbol?  Sorry, confused and maybe high.",1,2021-06-03 04:49:20
h0cwhrh,t3_nqvln0,Ummmm no it won't. Leafly beats the pants off weedmaps.,-2,2021-06-03 04:35:48
h0cwmrm,t1_h0cwgpw,"Yes but WeedMaps is the sleeper. Weed related + Tech + great margins + well known brand with big user base + doesn’t touch the plant so goes straight to NASDAQ. 

If you’re looking for plays that touch the plant I’d honestly go with the MSOS such as TCNNF CURLF GTBIF etc but they’re only OTC until they can uplist",4,2021-06-03 04:36:44
h0cwwsw,t1_h0cwuxh,Agreed honestly,2,2021-06-03 04:38:43
h0cx2bl,t1_h0cwwa7,"Wouldn’t be surprised to see a partnership in all honesty. WeedMaps has big connections having been a key cog in the industry for so long. 

Amazon simply stopped workers from getting tested. I think a weed based thing from them could be in the works, just a ways away.",1,2021-06-03 04:39:49
h0cwv1v,t1_h0cwhrh,"To each their own. I used WeedMaps in college and liked the service. Lots of loyal users, plus first movers advantage on the public markets. I’ve heard first hand from many dispo owners that WeedMaps is essential to bringing in customers.",2,2021-06-03 04:38:22
h0cxirk,t1_h0cwv1v,How long ago was that? Weedmaps might as well be the yahoo of weed search engines at this point and now they're trying to get rich by selling a bunch of stock which will certainly go down once it's sized up against it's competition.,-1,2021-06-03 04:43:03
h0cxpnp,t1_h0cxirk,"Literally like a month ago I can quote the guy on here that told me his dispo sales are driven huge by WeedMaps. 

They’re expanding and have a massive head start on other companies in the space. Leafly is good competition but I genuinely think it’s close.",1,2021-06-03 04:44:23
h0cz21v,t1_h0cxpnp,Here in AZ nobody uses it and leafly dominates so that's all I know really. AZ has the highest per capita mmj card holders of any state so I think that's saying something.,1,2021-06-03 04:53:43
h1cavan,t1_h0cz21v,"I’ve never heard of Leafly. Over here in Cali, the state which profits the most from weed industry by far, WeedMaps is the standard.",1,2021-06-11 07:29:04
