comment_id,comment_parent_id,comment_body,comment_score,created_utc
h4s9i2r,t3_ohzght,"
**User Report**| | | |
:--|:--|:--|:--
**Total Submissions**|2|**First Seen In WSB**|3 years ago
**Total Comments**|15|**Previous DD**|
**Account Age**|4 years|[^scan ^comment ](https://www.reddit.com/message/compose/?to=VisualMod&subject=scan_comment&message=Replace%20this%20text%20with%20a%20comment%20ID%20(which%20looks%20like%20*h26cq3k*)%20to%20have%20the%20bot%20scan%20your%20comment%20and%20correct%20your%20first%20seen%20date.)|[^scan ^submission ](https://www.reddit.com/message/compose/?to=VisualMod&subject=scan_submission&message=Replace%20this%20text%20with%20a%20submission%20ID%20(which%20looks%20like%20*h26cq3k*)%20to%20have%20the%20bot%20scan%20your%20submission%20and%20correct%20your%20first%20seen%20date.)
    
Hey /u/Hiei154, **positions or ban.** Reply to this with a screenshot of your entry/exit.",1,2021-07-11 14:38:33
h4s9jjv,t3_ohzght,The weekend is doing a pretty good job stopping it,18,2021-07-11 14:39:08
h4u8i15,t3_ohzght,Oracle software blows. I'm a 🐻.,13,2021-07-12 03:39:10
h4samcu,t3_ohzght,I’ll wait on that pull back coming not buying into fomo on it being overbought. Probably enter at $75-78,11,2021-07-11 14:54:41
h4tci80,t3_ohzght,">Options are extremely cheap on oracle with them sometimes being less than 10 cents even though the stock is at 80$ currently. This means there is alot of gamma squeeze potential with Oracle as it is extremely cheap to buy OTM options for Oracle and thus force MM's to buy shares.

This is not how gamma squeezes work; you need high OI at many strikes across the option chain, and a rapid rise in price.",7,2021-07-11 23:12:09
h4sdiju,t3_ohzght,2400% in debt... cant go tits up lmao 🤡😂,21,2021-07-11 15:38:52
h4t8unz,t3_ohzght,[deleted],17,2021-07-11 22:40:00
h4u094h,t3_ohzght,"From a technology perspective, Oracle is making a living off of legacy deployments and it's only brownfield customers renewing licenses or going to Autonomous.   The general trend in databases is 1) moving towards cloud native, distributed, NoSQL and 2) SaaS usage model + streaming data warehouse (snowflake) makes transactional ACID databases irrelevant as they become an opaque part of the SaaS layer.  Save tons of money on the transactional database and DBA work when the usable data is all streamed into a central source (snowflake).  

Technologically, there is a real existential threat of legacy transactional DBs becoming a second thought, as an opaque part of SaaS layer.",8,2021-07-12 02:30:51
h4sfj0f,t3_ohzght,Let's see how it does next week,3,2021-07-11 16:11:09
h4ww1ze,t3_ohzght,Oracle is a bad company with shitty contracts,3,2021-07-12 20:30:47
h4vinqy,t3_ohzght,"The entire tech industry hates them because they are a company of lawyers who trick companies into restrictive licenses.

To boost their cloud business years back they would go audit random companies using their legacy products and hit them with large fines under threat of revoking access to the software they depended on for any minor violation of the million page contract they license the software under, *unless* said company moved to the cloud version of the same product.

There is no growth when you rule by fear.

Every company that's worked with them quickly had to make it their priority to stop working with them.",6,2021-07-12 10:00:48
h4w3gk4,t3_ohzght,"IV is friggin low ~30%

If IV skyrockets like everything else here you might be onto something!!",2,2021-07-12 13:43:35
h5cowa7,t3_ohzght,"I can see Oracle Linux becoming popular since Centos 8 became deprecated. This really screwed lots of companies.

&#x200B;

People still want to use RHEL 8, but don't want to pay for licensing. 

&#x200B;

Rocky linux is the response to this, but it is going to take years for people to trust this CentOS replacement.

&#x200B;

Oracle Linux 8 is the easiest replacement. Oracle will grow because of this. Free customers essentially.

&#x200B;

They even wrote a script to easily convert your machines to oracle linux 8 from centos 8.

&#x200B;

Centos 8 was the most popular open source enterprise operating system. 

&#x200B;

This is bullish for Oracle.",2,2021-07-16 10:41:04
hnzgw43,t3_ohzght,Nice,2,2021-12-10 21:35:59
hnzqker,t3_ohzght,You were ultimately right,2,2021-12-10 22:52:01
h4s9mp1,t3_ohzght,"you sob i’m in, throwing it all in monday",4,2021-07-11 14:40:22
h4v38ob,t3_ohzght,"They had their run up last week and I had $80 calls which paid nicely, but it will stall just below $90 and fall $5 this week.",1,2021-07-12 07:41:34
h52asp8,t3_ohzght,"It's a dinosaur that's been underperforming forever. Their ""genius"" is buying good products and destroying them.",1,2021-07-14 02:14:34
h4sa1gh,t1_h4s9jjv,"( 。・_・。)人(。・_・。 )

Got em!",8,2021-07-11 14:46:16
h7v38wk,t1_h4u8i15,Then you must be getting fucked.,2,2021-08-06 06:12:14
hg3tpsq,t1_h4u8i15,How's the bear hole?,1,2021-10-10 22:19:51
h4seuak,t1_h4sdiju,Buying calls,4,2021-07-11 16:00:08
h4vvt0y,t1_h4t8unz,"$PSX, $FOUR, seems like there were others , can't remember...",1,2021-07-12 12:10:08
h7v3ay8,t1_h4t8unz,Lol. How is AMD doing now? Genius.,1,2021-08-06 06:12:40
h4virtr,t1_h4u094h,"That, and everyone hates Oracle and their technology. The only way Oracle can sell is to invite clueless CEOs and serve them caviar.",7,2021-07-12 10:01:51
hnzbyou,t1_h4u094h,"See. Here’s the thing. 

If you are a new company starting out for the first time? Sure. Build a db that’s not oracle. I agree. 

If you are a mature company that has been around for more than 40-50 years chances are you got oracle databases. It was the only thing to really build when it came out and every company had to basically use it if you wanted to digitize your books. 

Now…..moving your decades of books off to some new system is….fucking hard. Chances are you need a team of super talented devs. Engineers and run way to do it. 

Any cost you would save on a lift and shit to a new db system basically gets wiped out when you factor in the lifting expenses and years of work it takes. Not to mention that most companies chew through COOs, CTOs, and such. There’s little upside to moving off oracle as a big company. If you stall or fail it’s your job. If you succeed it’s spending the next x years training all your service teams on how to tie into the system and you ailenate yourself anyways. So even if you succeed you’re basically like fuck this. 

Add the fact that India basically teaches their millions of it professionals oracle al through college means you have a cheap workforce to use. 

Amazon got off oracle as a fuck you to oracle. They could afford to eat the cost just to spite oracle. They hired a fucking army to do it. And I mean an army and it still took 5+ years to do it. 

Coca Cola, ford, gm, McDonald’s, they don’t give two shits about moving off oracle.",1,2021-12-10 20:50:20
