comment_id,comment_parent_id,comment_body,comment_score,created_utc
gw48qp9,t3_n01lov,But if $MNMD gives stockholders a factory tour................ To the moon baby!!!!,80,2021-04-28 08:36:36
gw43usb,t3_n01lov,My meme puts and CLNE/BE/BB calls just might let me precariously hang from the next socioeconomic ladder rung.,24,2021-04-28 07:55:45
gw46f94,t3_n01lov,"Pretty much nailed it all, Haha visa bitch!",6,2021-04-28 08:17:16
gw4hupe,t3_n01lov,"Hey u/NrdRage

Thanks for the lead on CLNE; I'm [up 13.5% since buying](https://i.imgur.com/uVz3Wtm.png) in last Thursday.",13,2021-04-28 09:52:16
gw4yn4d,t3_n01lov,wait for Catie to start a ARK fund for shrooms,4,2021-04-28 12:33:01
gw4s78c,t3_n01lov,"My 2¢  on MNMD: i have done LSD about 400 times absolutely helps with anxiety, 2A Trial data imminent. Not many drugs have the anecdotal soon to be scientific evidence of safety and efficacy of treating anxiety with LsD + Psychotherapy 
ya boi is Long AF sep 2020 baby",10,2021-04-28 11:25:32
gw57oyc,t3_n01lov,$GME - is this where the party’s at ?,16,2021-04-28 14:26:25
gw41c6h,t3_n01lov,"Sir, it’s Tuesday.",32,2021-04-28 07:34:44
gw42g5w,t3_n01lov,"$AMD - Mama Su def takes care of  kids....

i propose to adopt company logo (or at least the CPU sector) - Feel the Mojo Ryzen!! ^((all rights not reserved))",9,2021-04-28 07:43:57
gw40zm0,t3_n01lov,Just buy the CLOV tho ya know?,29,2021-04-28 07:31:49
gw41gfn,t3_n01lov,Ahh. Satirical hindsight at its finest,3,2021-04-28 07:35:43
gw43fdz,t3_n01lov,you forgot PLUG,3,2021-04-28 07:52:09
gw46xax,t3_n01lov,Jarron in Kansas said some really fucked up shit. Heard it here first.,3,2021-04-28 08:21:25
gw4cfpd,t3_n01lov,I LOL'd at the Airtag joke. They really are just Tiles,3,2021-04-28 09:07:34
gw4f3ab,t3_n01lov,This is hysterical!!! Especially the aaple drink😂,3,2021-04-28 09:29:28
gw4nm3n,t3_n01lov,Is it bad when I saw FFIV I thought Final Fantasy 4...,3,2021-04-28 10:42:28
gw4bllv,t3_n01lov,"lol good shit. Thx for the CLNE DD btw, up already!",6,2021-04-28 09:00:32
gw59ndc,t3_n01lov,"only gained from MVIS and CLNE lol, thx for the DD btw",4,2021-04-28 14:52:43
gw4nozd,t3_n01lov,"We need to hire some actors to say the above lines in front of a green screen and film them. Plaster each company's logo or scene onto the green screen on post processing, and deep fake the CEOs' faces onto the actors reading the lines.  The OP is a great script writer, let the rest happen!",2,2021-04-28 10:43:13
gw5kc0f,t3_n01lov,"\> $AAPL: We're thinking of inventing something you can drink that consists of hydrogen and oxygen in a 2:1 ratio

Wind",1,2021-04-28 17:40:03
gw5n7ah,t3_n01lov,So puts on SPY?,2,2021-04-28 18:23:51
gw412sn,t3_n01lov,Tesla. You didn’t do Tesla man,5,2021-04-28 07:32:33
gw410k5,t3_n01lov,"Don't forget TIXM (Texas Instruments)

Made great calculators, including the classic TI-85.  Then there is the HP-12C",4,2021-04-28 07:32:02
gw44bgb,t3_n01lov,"No mention of $AMC. Interesting.

There was pretty significant news today.",2,2021-04-28 07:59:38
gw41qhy,t3_n01lov,Is it worth getting on this TSLA dip?,2,2021-04-28 07:38:01
gw4ao2q,t3_n01lov,"No gme, smh",-2,2021-04-28 08:52:47
gw4og0c,t3_n01lov,Wow no GME recap. Downvote,-6,2021-04-28 10:50:05
gw4q7xx,t3_n01lov,FFIV is the best FF.,1,2021-04-28 11:06:37
gw416wa,t3_n01lov,You forgot GME everything else doesn’t matter,-21,2021-04-28 07:33:31
gw42rhm,t3_n01lov,"Ok, ok,  I sooooo needed that. Thank you for taking the time. Freaking awesome!",1,2021-04-28 07:46:36
gw463fu,t3_n01lov,Comedic gold!,1,2021-04-28 08:14:33
gw46xst,t3_n01lov,Comedy Gold here deserves some gold...there you go!,1,2021-04-28 08:21:31
gw48ikr,t3_n01lov,"GE should be : ""They dont care about GE""",1,2021-04-28 08:34:41
gw4kys7,t3_n01lov,Thanks!  Love your posts!,1,2021-04-28 10:18:55
gw4lnld,t3_n01lov,"so uh, no WKHS news then? :(",1,2021-04-28 10:24:57
gw4ok26,t3_n01lov,Now that was was comedy at its finest...I want some of what got,1,2021-04-28 10:51:05
gw4sa46,t3_n01lov,Such a good recap,1,2021-04-28 11:26:20
gw4xba5,t3_n01lov,"Thank you for reminding me of my lack of discipline. Somehow I ended up with snap puts that paid out and mvis calls on the morning dip when I meant to follow your dd. If I break even on those calls I'll be happy, I guess. But, will I ever learn?",1,2021-04-28 12:18:01
gw531wh,t3_n01lov,Read mvis in mr. burns voice,1,2021-04-28 13:25:33
gw59gbb,t3_n01lov,So was msft good or bad? Msnek?,1,2021-04-28 14:50:05
gw5dybj,t3_n01lov,GTE,1,2021-04-28 15:56:55
gw5i5tw,t3_n01lov,"PINS: The top is in, grab your parachutes!!!",1,2021-04-28 17:04:55
gw5j8g2,t3_n01lov,the AAPL bullets are my favorite,1,2021-04-28 17:22:18
gw5mihi,t3_n01lov,If we just focus on one stock at a time. Kill the shorts 1 by 1 . Us little people can make some money 😄. #mavis #moon let’s get more juice!,1,2021-04-28 18:13:41
gw5t155,t3_n01lov,Fun fact: MNMD does research where LSD was first synthesized,1,2021-04-28 19:40:38
gw6l1kb,t3_n01lov,I love your NrdRage,1,2021-04-28 23:34:58
gw8o007,t3_n01lov,I want this every day.  Thanks.,1,2021-04-29 08:39:42
gwt1i6b,t3_n01lov,"PLTR: Hedgefunds - ""We're gonna short these fockers, even if they can cure cancer!""",1,2021-05-04 01:31:32
gw4gfi5,t3_n01lov,PINS is a buy right now.  Microsoft is trying to buy PINS.,-3,2021-04-28 09:40:28
gw41etb,t3_n01lov,Lmao.,0,2021-04-28 07:35:20
gw511y5,t3_n01lov,"Today is Tuesday, my friend.  I get my days mixed up too, especially when I'm up all night researching stocks and fantasizing about telling my wife that I made enough so that she can quit her job.  

I love the recap!",0,2021-04-28 13:01:04
gw604im,t3_n01lov,Buy diho token now it going to the moon!,0,2021-04-28 20:53:02
gw4robw,t1_gw48qp9,Charlie and the boomer factory,25,2021-04-28 11:20:33
gw52noi,t1_gw48qp9,So it doesn’t have a product? I bought 300 of em this morning because I keep seeing it here 🤷‍♂️,8,2021-04-28 13:20:40
gw4v0qs,t1_gw48qp9,Just like a tour at a brewery 👌🏻,3,2021-04-28 11:53:36
gw7y8vn,t1_gw48qp9,The stock price or just the stockholders ![gif](emote|free_emotes_pack|joy) since it will be mind altering.,1,2021-04-29 05:16:47
gw630lt,t1_gw43usb,inshallah,5,2021-04-28 21:18:36
gwah0ql,t1_gw43usb,amen,1,2021-04-29 20:53:55
gw4l3n3,t1_gw4hupe,I'm still waiting for option privileges. Sigh.,4,2021-04-28 10:20:07
gw52fqr,t1_gw4yn4d,ARKP /  Psychedelics  : The Hey What Was I thinking...ahhhh who give a shit anyway fund,2,2021-04-28 13:17:56
gw5axsy,t1_gw4s78c,Can you stare at goats?,2,2021-04-28 15:11:09
gw6je5s,t1_gw4s78c,My depression was lessened after using shrooms once... I should do some again.,2,2021-04-28 23:23:10
gw41ohu,t1_gw41c6h,[deleted],42,2021-04-28 07:37:33
gw42y08,t1_gw41c6h,"No, this is Patrick",7,2021-04-28 07:48:08
gw4fwzm,t1_gw41c6h,sir this is a wendy's,3,2021-04-28 09:36:18
gw4k8hp,t1_gw40zm0,Buy that shit. (Financial advice),14,2021-04-28 10:12:30
gw4hxd3,t1_gw40zm0,🍀🍀🍀🍀🍀🍀🍀🍀🍀🍀,5,2021-04-28 09:52:52
gw4a2d8,t1_gw40zm0,Buy that shit. (Not financial advice),3,2021-04-28 08:47:46
gw54ws6,t1_gw4cfpd,"But Integrated into the ecosystem worth a lot more imo.

Imagine U lose an airtag, the moment you lose it it will appear on other iPhones - tiles does the same?",2,2021-04-28 13:49:38
gwi4eho,t1_gw5kc0f,That one killed me.,1,2021-05-01 11:10:19
gw4ki8u,t1_gw410k5,fun fact: the classic TI-85 had a 6 Mhz processor inside :),3,2021-04-28 10:14:52
gw4fofq,t1_gw44bgb,"Cause AMC is a distraction, don't kid yourself.",0,2021-04-28 09:34:21
gw5ok05,t1_gw44bgb,"'significant'

Here's why:

I had millions - literal millions - of shares of that company. I didn't mind that they were issuing shares to raise capital, because I figured they were going to use the opportunity provided them to make a big move to be able to come into reopening with a real jolt. Maybe a $PLAY acquisition or at the very least a partnership. Use the time to retool their operations to an all in one entertainment option of some sort instead of the tired old model of $20 movie tickets and overpriced chicken sandwiches.

Instead, executive leadership used the money to hand themselves fat bonuses for ""saving"" the company when they literally didn't do anything but let the share price be elevated on sentimentality and meme status and act like they had something to do with it.

Then they asked to issue even more shares. No vision. Just cashing in and using the company like an ATM.

So I voted no. Millions of times. Then spent a few days unwinding my position. The company is dead to me. I don't know why anybody would invest in them. They had an entire year to come up with ideas on how to grow their operations or make a move, and they literally just collected their paychecks and raided the company coffers. That's bad leadership - OP 2 days ago",1,2021-04-28 18:43:32
gw41yzp,t1_gw41qhy,Better off with salsa verde dip.,9,2021-04-28 07:39:58
gw42l06,t1_gw41qhy,Only if you're prepared to see it go down to $600-650 for a while until Elon tweets something and hype builds the price back up again.,3,2021-04-28 07:45:06
gw4380c,t1_gw416wa,Shoo gibbon. Go bother someone else with your monkey shit fight,13,2021-04-28 07:50:26
gw6l4eb,t1_gw6l1kb,but only if CLNE makes my pepe hard,1,2021-04-28 23:35:29
gw5ee99,t1_gw4robw,Charlie and the zoomer factory*,9,2021-04-28 16:04:10
gw56fxm,t1_gw52noi,"It’s product is for sovereign wealth funds and mutual funds etc, to have a way to buy into psychedelic therapies. They wanted to be first to be listed, not first to have a product.",5,2021-04-28 14:09:41
gw5ugzg,t1_gw4l3n3,You can buy the stock; its certainly has enough volatility that it appears like an option sometimes.,5,2021-04-28 19:56:43
gw5mqlc,t1_gw5axsy,"I can, but I mostly stare at cows and water buffalo.",2,2021-04-28 18:17:03
gw43nea,t1_gw41ohu,"LOL!  ""Run rug pull.dll then release the hounds""  Love it!",7,2021-04-28 07:54:01
gw49pa7,t1_gw41ohu,The ironing is delicious,5,2021-04-28 08:44:42
gw4348s,t1_gw41ohu,I thought it was hilarious!,8,2021-04-28 07:49:35
gw4gy0p,t1_gw41ohu,"I'm a retard, can I get a paper and crayon explaining the background of the jokes? Pleasee?",0,2021-04-28 09:44:46
gw4q1gg,t1_gw4ki8u,"Good enough for drugwars, good enough for me",3,2021-04-28 11:04:56
gw58i0c,t1_gw4fofq,I think NrdRage's opinion on AMC is that he stopped giving a fuck about that company around the same time their CEO did.,10,2021-04-28 14:37:19
gw4fqj6,t1_gw4fofq,That these others aren’t?,2,2021-04-28 09:34:50
gw56tpj,t1_gw4fofq,Retard alert 🚨,0,2021-04-28 14:14:52
gw45nfs,t1_gw42l06,Thanks man. Appreciate it. I’ll wait til it drops to around 650 and then buy in.,1,2021-04-28 08:10:47
gw43dml,t1_gw4380c,Remind me! In a year.,-7,2021-04-28 07:51:45
gw6p70n,t1_gw5ee99,its kinda weird that 2 words used as slang for mushrooms are also the names of 2 generations,3,2021-04-29 00:02:45
gw4qllm,t1_gw43nea,That was the best one,2,2021-04-28 11:10:11
gw4sn6w,t1_gw4q1gg,"Used to run that on an 83 Plus...buying and selling Ketamine in Physics like a boss. Well, a dumb ass really",2,2021-04-28 11:29:51
gw4gcvu,t1_gw4fqj6,"You're right, OPs post is low-hanging fruit. AMC could be thrown in there too.",2,2021-04-28 09:39:52
gw5ccwd,t1_gw56tpj,Did you forget what subreddit you're on? You're a true retard.,1,2021-04-28 15:32:24
gw46r1n,t1_gw45nfs,"This is the way. Don't be dumb like me and drop 50k before the announce (ed:  .... when I was feeling certain it would see 700 again.) 

At least I held some back to average down.  ed:  .... when I was feeling certain it would see 700 again.",1,2021-04-28 08:19:59
gw43i4c,t1_gw43dml,"I will be messaging you in 1 year on [**2022-04-27 23:51:45 UTC**](http://www.wolframalpha.com/input/?i=2022-04-27%2023:51:45%20UTC%20To%20Local%20Time) to remind you of [**this link**](https://www.reddit.com/r/wallstreetbets/comments/n01lov/your_market_recap_for_monday_april_27_2021/gw43dml/?context=3)

[**3 OTHERS CLICKED THIS LINK**](https://www.reddit.com/message/compose/?to=RemindMeBot&subject=Reminder&message=%5Bhttps%3A%2F%2Fwww.reddit.com%2Fr%2Fwallstreetbets%2Fcomments%2Fn01lov%2Fyour_market_recap_for_monday_april_27_2021%2Fgw43dml%2F%5D%0A%0ARemindMe%21%202022-04-27%2023%3A51%3A45%20UTC) to send a PM to also be reminded and to reduce spam.

^(Parent commenter can ) [^(delete this message to hide from others.)](https://www.reddit.com/message/compose/?to=RemindMeBot&subject=Delete%20Comment&message=Delete%21%20n01lov)

*****

|[^(Info)](https://www.reddit.com/r/RemindMeBot/comments/e1bko7/remindmebot_info_v21/)|[^(Custom)](https://www.reddit.com/message/compose/?to=RemindMeBot&subject=Reminder&message=%5BLink%20or%20message%20inside%20square%20brackets%5D%0A%0ARemindMe%21%20Time%20period%20here)|[^(Your Reminders)](https://www.reddit.com/message/compose/?to=RemindMeBot&subject=List%20Of%20Reminders&message=MyReminders%21)|[^(Feedback)](https://www.reddit.com/message/compose/?to=Watchful1&subject=RemindMeBot%20Feedback)|
|-|-|-|-|",6,2021-04-28 07:52:47
gw8ejsj,t1_gw6p70n,"I ate a stock certificate and didn't trip balls, this one's certified bullshit",2,2021-04-29 07:23:12
gw5oec6,t1_gw4gcvu,"No it couldn't, and shouldn't.

'I had millions - literal millions - of shares of that company. I didn't mind that they were issuing shares to raise capital, because I figured they were going to use the opportunity provided them to make a big move to be able to come into reopening with a real jolt. Maybe a $PLAY acquisition or at the very least a partnership. Use the time to retool their operations to an all in one entertainment option of some sort instead of the tired old model of $20 movie tickets and overpriced chicken sandwiches.

Instead, executive leadership used the money to hand themselves fat bonuses for ""saving"" the company when they literally didn't do anything but let the share price be elevated on sentimentality and meme status and act like they had something to do with it.

Then they asked to issue even more shares. No vision. Just cashing in and using the company like an ATM.

So I voted no. Millions of times. Then spent a few days unwinding my position. The company is dead to me. I don't know why anybody would invest in them. They had an entire year to come up with ideas on how to grow their operations or make a move, and they literally just collected their paychecks and raided the company coffers. That's bad leadership' Nrdrage",3,2021-04-28 18:41:18
gw43kjs,t1_gw43i4c,Good bot,-2,2021-04-28 07:53:21
gw5oiav,t1_gw5oec6,"That's why I joked it should be included, I know AMC is a joke. Their corporate office never gave a fuck about shareholders. I dumped my stock asap.",1,2021-04-28 18:42:52
gw9kjbi,t1_gw5oec6,"So your a multi millionaire thats posts updates on growin 3 weed plants daily? Not tryin sound like ass, but  any chance youd post proof?",1,2021-04-29 13:43:59
gw5oxqi,t1_gw5oiav,Ok. But you know that there is literally nothing in your comment that alludes to it being a joke? Right? It just makes you look like an AMC retard,0,2021-04-28 18:48:54
gw9szoe,t1_gw9kjbi,Lol that's not me. That's 'Nrdrage' opinion on AMC. They are a big contributor to WSB,2,2021-04-29 15:39:00
gwa6zwo,t1_gw9szoe,"Derp...my b, i see the begin quote now 🤦🏿‍♂️",1,2021-04-29 19:09:02
