comment_id,comment_parent_id,comment_body,comment_score,created_utc
h6ulst7,t3_otdwtt,"
**User Report**| | | |
:--|:--|:--|:--
**Total Submissions**|1|**First Seen In WSB**|5 months ago
**Total Comments**|1|**Previous DD**|
**Account Age**|7 years|[^scan ^comment ](https://www.reddit.com/message/compose/?to=VisualMod&subject=scan_comment&message=Replace%20this%20text%20with%20a%20comment%20ID%20(which%20looks%20like%20*h26cq3k*)%20to%20have%20the%20bot%20scan%20your%20comment%20and%20correct%20your%20first%20seen%20date.)|[^scan ^submission ](https://www.reddit.com/message/compose/?to=VisualMod&subject=scan_submission&message=Replace%20this%20text%20with%20a%20submission%20ID%20(which%20looks%20like%20*h26cq3k*)%20to%20have%20the%20bot%20scan%20your%20submission%20and%20correct%20your%20first%20seen%20date.)
    
Hey /u/EdgarAllansFlow, **positions or ban.** Reply to this with a screenshot of your entry/exit.",1,2021-07-29 00:52:34
h6ut4x5,t3_otdwtt,She's 81 and playing with calls ?! WTF,61,2021-07-29 01:42:46
h6urd3g,t3_otdwtt,I dont believe any government official should be able to buy or sell shit,125,2021-07-29 01:30:37
h6una9s,t3_otdwtt,No they are all insider traders,132,2021-07-29 01:02:40
h6up4yd,t3_otdwtt,let’s see paul allen’s card,12,2021-07-29 01:15:26
h6uryp5,t3_otdwtt,"Look at the returns on these though. I'm a lazy cunt so when is this info released? If it has to be filed as soon as she does it we could literally just make a Pelosi index. Then when congress changes we can also have the most degenerate republican index, we just have to figure out who that is. I could give a shit about politics I'm a souless degenerate and want money, let's figure this out. It's not insider trading if we are just copying people making laws.",35,2021-07-29 01:34:44
h6uuz4u,t3_otdwtt,"What I love about Pelosi is that not only is she open with respect to her corrupt investing, but she does it with call options. She's not even like--let me take 10% in stocks. No no no. Let me buy ITM calls with 30 days to expiration and make several hundred percentage points.",59,2021-07-29 01:55:24
h6v8gjy,t3_otdwtt,"https://represent.us/action/insider-trading/

They succeeded in this btw. It's legal for Congress to engage in insider trading while being illegal for the average citizen.

And then, there was this: https://www.npr.org/sections/itsallpolitics/2013/04/16/177496734/how-congress-quietly-overhauled-its-insider-trading-law",9,2021-07-29 03:29:52
h6uolg0,t3_otdwtt,I like to imagine Pelosi hammered drunk on martinis smoking cigs with one of those fancy filter tips. She is ripping lines off Jose’s muscular glowing mocha colored chest.,20,2021-07-29 01:11:43
h6umufa,t3_otdwtt,"She isn’t the one trading, her husband is trading. Paul Pelosi is a venture capitalist.",48,2021-07-29 00:59:39
h6uu79p,t3_otdwtt,"Im the one placing trades on Nancy’s behalf, shes up bigly but i will just let them expire.",7,2021-07-29 01:50:00
h6v1lqk,t3_otdwtt,"Ooooh yeah json data... that's right, talk nerdy to me 😉",7,2021-07-29 02:41:27
h6uy6ab,t3_otdwtt,It is not degenerate gambling if they have insider information.,13,2021-07-29 02:17:46
h6up96u,t3_otdwtt,Nancy has a very good long hold track [record](https://www.markovchained.com/profiles/view/gov:us-nancypelosi) too,11,2021-07-29 01:16:15
h6v2mxh,t3_otdwtt,Pelosi is my wife’s boyfriend’s wife’s boyfriend’s wife.,6,2021-07-29 02:48:39
h6um2w6,t3_otdwtt,She's the typical alcoholic gambling degenerate speaker of the house.,22,2021-07-29 00:54:28
h6uo3pm,t3_otdwtt,I own 75 shares @150 before the split. It’s all good,3,2021-07-29 01:08:20
h6v5l4j,t3_otdwtt,How are y’all able to find out what politicians invest in?,2,2021-07-29 03:09:26
h6vmapu,t3_otdwtt,Wait. She’s retarded?,2,2021-07-29 05:06:55
h6v0r91,t3_otdwtt,"K so these are people who don’t do their own trading… like most actually wealthy, established Americans. Most people with generational wealth aren’t managing it all from their mobile device in a self-directed brokerage account like some of us. They have financial advisors. They have professionals who, usually within the guidance of a big bank, build and manage their portfolios. I would bet against that the majority can actually tell you what’s in their portfolio let alone what a call, put, expiration, strike price are.",5,2021-07-29 02:35:32
h6vbhr9,t3_otdwtt,1960s Pelosi hot as fuck. 2020 Pelosi rich as fuck. She's winning.,6,2021-07-29 03:51:17
h6va53k,t3_otdwtt,All this bitch does is inside trade and make rules that she doesn’t follow.,3,2021-07-29 03:41:46
h6vdbzv,t3_otdwtt,Term limits.,2,2021-07-29 04:04:13
h6unzfw,t3_otdwtt,She is a fraud and an enemy of the people. Good riddance if she ever steps down from power.,-6,2021-07-29 01:07:31
h6uozuc,t3_otdwtt,She’s scum.,-5,2021-07-29 01:14:28
h6uqk0h,t3_otdwtt,Pelosi can get bent!,-4,2021-07-29 01:25:09
h6vbp4q,t3_otdwtt,Ummm. Because she’s corrupt as hell. Insider trading for which she’s gets a pass.,-1,2021-07-29 03:52:43
h6vn38g,t3_otdwtt,Lmao if you think the crypt keeper doesn’t get insider info imma have to revoke your retard card.,1,2021-07-29 05:12:38
h6voc6j,t3_otdwtt,Shes not playing trades but her brokers not fucking around,1,2021-07-29 05:21:45
h6voobb,t3_otdwtt,Where is the source for the most current data on these Congress people’s stock moves? I was trying to see who’s buying infrastructure shit today based on the talks they had,1,2021-07-29 05:24:13
h6vsmte,t3_otdwtt,And here I thought Nancy Pelosi couldn’t give me an erection..,1,2021-07-29 05:53:07
h6v7rvk,t3_otdwtt,"Corruption, influence peddling, and insider trading are the only ways elected officials can participate in the free market economy.",-1,2021-07-29 03:25:01
h6vmh1u,t3_otdwtt,"Fuck that corporate corrupt twat. I fucking hate her, she isn’t even a Democrat but a Republican in drag. Get money the fuck out of our politically system. Legalized bribery is fucking over this country and the entire planet.",0,2021-07-29 05:08:10
h6upe8v,t1_h6ulst7,"I decided to follow her trade. Started a small position today. 

https://imgur.com/a/PpOv8hR

Have small positions in others just in shares.",3,2021-07-29 01:17:13
h6uuuj9,t1_h6ut4x5,And probably outperforming cathie woods at this rate,57,2021-07-29 01:54:29
h6v7mfh,t1_h6ut4x5,Isn't it her investor husband doing that trading?,13,2021-07-29 03:23:57
h6usag3,t1_h6urd3g,Their fuckery knows no bounds,34,2021-07-29 01:36:59
h6vj8ew,t1_h6urd3g,"Why this isn't a big issue on the campaign trail astonishes me. 

Oh wait, all of them are in on the take, never mind it makes perfect sense why they never talk about it. 

It's a perk of the job.",6,2021-07-29 04:45:25
h6uysx4,t1_h6urd3g,"Yeah I thought that was illegal and called insider trading, but I guess when you make the laws....",11,2021-07-29 02:22:08
h6v9xsm,t1_h6urd3g,Not even groceries?,5,2021-07-29 03:40:20
h6v0v74,t1_h6urd3g,[deleted],3,2021-07-29 02:36:17
h6vlw2c,t1_h6urd3g,"Don’t get me wrong, I hate politicians more than the next one, but why the fuck shouldn’t they be able to buy and sell non-government stocks. I can assure you that their measly million dollars here and there is not the issue. Hedge funds are the issue. And if we’re still being honest, hedge fund fuck ups or how we make money.",1,2021-07-29 05:04:05
h6vdcyc,t1_h6urd3g,"Fuck that, like a government salary is enough for these kinds of positions. I'm fine with it, atleast it means the taxpayer isn't completely footing the bill. 

Besides it wasn't like the stock split wasn't public knowledge. I understand that conflicts of interest are bad, but banning all officials from speculating seems extreme as hell.",-7,2021-07-29 04:04:24
h6vrfqm,t1_h6urd3g,Even their spouse? Pelosi's hubby is a trader and I mean the guy rolls blue chip and pop tech leaps consistently for years and years. Maybe they're just savvy traders with smart investments but maybe you're right. Either way if I was in that position I'd want the benefit of the doubt idk about you.,1,2021-07-29 05:44:09
h6vruut,t1_h6urd3g,Her husband does it for her.,1,2021-07-29 05:47:15
h6vcsey,t1_h6una9s,"I mean, this is a trade you could have easily made from just information from this sub.",22,2021-07-29 04:00:24
h6v03sh,t1_h6una9s,Seriously the only reason they are in the field they are in.,29,2021-07-29 02:31:06
h6vljfc,t1_h6una9s,"It's not just that they have insider information, but how many make decisions and caste votes in order to prop up their positions. How many voted to stay in Afghanistan because they held defense stocks?",5,2021-07-29 05:01:34
h6vd1a0,t1_h6una9s,they lose big too,3,2021-07-29 04:02:08
h6va2bi,t1_h6up4yd,Oh my god,2,2021-07-29 03:41:13
h6uv51w,t1_h6uryp5,That’s the idea 💡. I’ll report back . This is day 2 on the index for me,24,2021-07-29 01:56:33
h6uvhp8,t1_h6uryp5,We need someone on this.. NOW.,7,2021-07-29 01:59:02
h6vcooi,t1_h6uryp5,She hs 45 days to report positions. So fucked up,4,2021-07-29 03:59:41
h6v4ee7,t1_h6uuz4u,"I mean she just does deep itm calls on tech giants.

Not exactly a crazy strategy that requires insider knowledge.",19,2021-07-29 03:00:58
h6vbwpk,t1_h6uuz4u,Didn't she buy tesla calls at the top?,3,2021-07-29 03:54:12
h6uvz9l,t1_h6uuz4u,Burn it down. But until then might as well make money with the other crooks…?,8,2021-07-29 02:02:31
h6vs1ez,t1_h6uuz4u,"You guys are fucking salty, and will cherry pick pelosi but not mention republican sacks of shit who were investigated for insider trading. All she is doing is her husband who is an investor buying MSFT calls, like what insider trading is there?",0,2021-07-29 05:48:37
h6v237t,t1_h6umufa,"Oh never mind then, nothing to see here. They probably don’t even talk to each other.",31,2021-07-29 02:44:49
h6v9tyf,t1_h6up96u,I noticed her RBLX is pre ipo.  It would be impossible to have a 74% gain on it otherwise.,4,2021-07-29 03:39:36
h6vevk9,t1_h6up96u,Average yearly return of 43% damn,2,2021-07-29 04:15:05
h6vohlv,t1_h6vmapu,AUTISTIC,2,2021-07-29 05:22:52
h6uzdmr,t1_h6uuuj9,Damn can someone elect me as Speaker of house? I will make it buy one get one free Wendy’s tendies Wednesdays.,28,2021-07-29 02:26:08
h6vfy1r,t1_h6v7mfh,"Yes. Guy literally buys tech leaps and either take gains or exercise for more shares.

Been doing it for years. I don't like pelosi but every once in awhile ppl always screech about insider trading when her husband literally buys big tech/popular tickers and checks back in a year, rolls it or exercise. 

It's like you need insider info to buy AMZN or something heh.",23,2021-07-29 04:22:33
h6ut3ry,t1_h6usag3,How dare they try and bound my fuckery then!,16,2021-07-29 01:42:33
h6vghu8,t1_h6uysx4,Right!,1,2021-07-29 04:26:24
h6vgrff,t1_h6v9xsm,"Only ramen so they know how it feels, they can have a small food stipend, i should say fuck it and let em starve, as they do so many Americans daily.",7,2021-07-29 04:28:15
h6vhgri,t1_h6v0v74,"Heres the thing i have no problem paying my fair share what i have a problem with is paying for their careless, wreckless, disembodied ways with taxpayer money. And you can suck on that.",3,2021-07-29 04:33:06
h6wnoiw,t1_h6vlw2c,Sounds like you really hate em. I hate Ted Cruz so much I'm gonna go stick a $100 bill in his zipper.,0,2021-07-29 10:00:49
h6vczd0,t1_h6vcsey,Agreed but understand they get heads up waaaay in advance.,2,2021-07-29 04:01:46
h6vvq24,t1_h6vcsey,Who the hell trades based on info from this sub?,1,2021-07-29 06:16:35
h6v0yaf,t1_h6v03sh,"Exactly why I despise ""politics."" You just need to look at their publicly available positions to see they all bipartisan when it comes to insider trading.

You could start with $500 and become a millionaire on insider trading. Here we need to read the DD.

They are not apes and they dont have brains

I",26,2021-07-29 02:36:53
h6vl964,t1_h6va2bi,That tasteful thickness of it,2,2021-07-29 04:59:35
h6x8x39,t1_h6vcooi,"All of her plays are multiyear, so who cares if we get a 45 day delay.",1,2021-07-29 13:21:18
h6vgkcl,t1_h6v4ee7,"I never get these posts.

It's literally all her husband has been doing for years.

He buys big tech leaps, checks back a year later exercise or rolls it. The end. The trades are literally public info lol.

I remember during covid crash ppl were laughing at her AMZN 1600c leaps (i think that was the strike). That obviously worked out.

I mean I don't like pelosi but if there's a smoking gun here you can bet her political opponents would be all over it (as they tried to do eons ago on some Visa shit).",11,2021-07-29 04:26:54
h6vg46j,t1_h6vbwpk,Yeah. Wasn’t it something like a $1200 strike  with a year to expire?,2,2021-07-29 04:23:44
h6v3a00,t1_h6v237t,"You know honestly, I wouldn’t want to talk to my wife either if she was 81",17,2021-07-29 02:53:07
h6v5q5c,t1_h6v237t,Exactly idk what ppl are complaining about here,-5,2021-07-29 03:10:25
h6viysm,t1_h6vfy1r,"Bro my political connections gave me a great tip on some little-known ticker called $MSFT, said it's probably gonna go up long term.",14,2021-07-29 04:43:35
h6wuopj,t1_h6wnoiw,Photos or it didn’t happen…,1,2021-07-29 10:59:42
h6vig87,t1_h6vczd0,"Its possible, but without any evidence, assuming that's the case everytime creates an air of paranoia and kills people's faith in institutions.",7,2021-07-29 04:40:00
h6xa3mj,t1_h6x8x39,Timing is important even on LEAPs.,1,2021-07-29 13:35:11
h6vry6x,t1_h6vgkcl,Except reasonability doesn't sell well so...,1,2021-07-29 05:47:57
h6vhj2t,t1_h6vg46j,"Yeah and like a lot of money went into that, not sure if they are the best at this insider trading thing",1,2021-07-29 04:33:33
h6v4ez7,t1_h6v3a00,Even less when she's Nancy Pelosi,13,2021-07-29 03:01:05
h6voroa,t1_h6vig87,https://www.bloomberg.com/opinion/articles/2021-06-22/members-of-congress-shouldn-t-trade-stocks,3,2021-07-29 05:24:54
h6w2aw4,t1_h6v4ez7,I’d want to hear her bitch about AOC.,1,2021-07-29 07:07:41
h6w0cps,t1_h6voroa,"What if I make a living retail trading and want to go into office? Should it be illegal for congress people to own SPY? Or just individual stocks? Can they still access Roth IRA or 401ks? 

No, if a congress person trades with insider knowledge, they should be charged for insider trading. This is why we can't have nice things apparantly. Some people break the law and don't get punished, and jackasses ask for more extreme laws.",1,2021-07-29 06:52:17
