comment_id,comment_parent_id,comment_body,comment_score,created_utc
hau2c17,t3_pe12t5,"
**User Report**| | | |
:--|:--|:--|:--
**Total Submissions**|6|**First Seen In WSB**|6 months ago
**Total Comments**|137|**Previous DD**|
**Account Age**|1 year|[^scan ^comment ](https://www.reddit.com/message/compose/?to=VisualMod&subject=scan_comment&message=Replace%20this%20text%20with%20a%20comment%20ID%20(which%20looks%20like%20*h26cq3k*)%20to%20have%20the%20bot%20scan%20your%20comment%20and%20correct%20your%20first%20seen%20date.)|[^scan ^submission ](https://www.reddit.com/message/compose/?to=VisualMod&subject=scan_submission&message=Replace%20this%20text%20with%20a%20submission%20ID%20(which%20looks%20like%20*h26cq3k*)%20to%20have%20the%20bot%20scan%20your%20submission%20and%20correct%20your%20first%20seen%20date.)",1,2021-08-30 02:46:01
hau43xb,t3_pe12t5,"Very interesting, we need more DD.",2,2021-08-30 02:58:40
