comment_id,comment_parent_id,comment_body,comment_score,created_utc
gw676ar,t3_n0ehxf,See how the apes have sullied the memory of my boi Chimpu?,3,2021-04-28 21:52:49
gw62q7h,t3_n0ehxf,[removed],7,2021-04-28 21:16:09
gw631to,t3_n0ehxf,Don’t sleep on RLTR. Ultra low float in process of uplisting to Nasdaq. Dont sleep on it apes.,2,2021-04-28 21:18:54
gw661v6,t3_n0ehxf,"Oh does this mean that if I'm riding my bicycle around the Grand Canyon 3000 miles away from people I can take my f****** mask off???

I never realized how much those stupid people living in the cities loved their authoritarianism until now.

And all Jim Cramer does is bitch about it and bitch about getting the vaccine and then not being allowed to do anything while he lives in the stupid liberal Progressive State what the f*** does he expect??

AND THENNNN all these f****** people that can't stand these policies move to Florida or visit Florida.",-6,2021-04-28 21:43:50
gw6ofe1,t3_n0ehxf,"Thanks for this, OP. Nice format.",1,2021-04-28 23:57:46
gw7yf0u,t1_gw62q7h,"Wrong sub, mate.",0,2021-04-29 05:18:02
gw86iyk,t1_gw7yf0u,His context is simply bearish,2,2021-04-29 06:19:12
