comment_id,comment_parent_id,comment_body,comment_score,created_utc
hfmkmjn,t3_q2p1qb,"
**User Report**| | | |
:--|:--|:--|:--
**Total Submissions**|245|**First Seen In WSB**|1 year ago
**Total Comments**|170|**Previous DD**|[x](https://www.reddit.com/r/wallstreetbets/comments/ofjxxj/backtesting_a_trading_strategy_built_purely_on/) [x](https://www.reddit.com/r/wallstreetbets/comments/ncaa4e/using_data_visualizations_to_detect_badfaith/) [x](https://www.reddit.com/r/wallstreetbets/comments/lvje4v/the_efficacy_of_buying_votes_an_analysis_of/) [x](https://www.reddit.com/r/wallstreetbets/comments/nce1jx/using_data_visualizations_to_identify_suspicious/) [x](https://www.reddit.com/r/wallstreetbets/comments/ncazyb/using_data_visualizations_to_detect_badfaith/) [x](https://www.reddit.com/r/wallstreetbets/comments/l1cphm/wallstreetbets_impact_on_the_market/) [x](https://www.reddit.com/r/wallstreetbets/comments/lrdyb0/yesterdays_wsb_discussion_wkhs_hits_the_top_10/) [x](https://www.reddit.com/r/wallstreetbets/comments/n4t05t/an_introduction_to_patent_data/) [x](https://www.reddit.com/r/wallstreetbets/comments/mlfhvd/building_off_the_post_from_yesterday_i_built_a/) [x](https://www.reddit.com/r/wallstreetbets/comments/ner52l/wingstop_wing_has_an_11_growth_in_twitter/) 
**Account Age**|2 years|[^scan ^comment ](https://www.reddit.com/message/compose/?to=VisualMod&subject=scan_comment&message=Replace%20this%20text%20with%20a%20comment%20ID%20(which%20looks%20like%20*h26cq3k*)%20to%20have%20the%20bot%20scan%20your%20comment%20and%20correct%20your%20first%20seen%20date.)|[^scan ^submission ](https://www.reddit.com/message/compose/?to=VisualMod&subject=scan_submission&message=Replace%20this%20text%20with%20a%20submission%20ID%20(which%20looks%20like%20*h26cq3k*)%20to%20have%20the%20bot%20scan%20your%20submission%20and%20correct%20your%20first%20seen%20date.)
**Vote Spam (NEW)**|[Click to Vote](https://www.reddit.com/message/compose/?to=VisualMod&subject=vote_spam&message=q2p1qb)|**Vote Approve (NEW)**|[Click to Vote](https://www.reddit.com/message/compose/?to=VisualMod&subject=vote_approve&message=q2p1qb)",1,2021-10-07 01:20:27
hfmo9wm,t3_q2p1qb,Thanks for the info. Where does this information get posted? Would love to see this regularly.,19,2021-10-07 01:45:28
hfn2365,t3_q2p1qb,How is Bros not a meme stock,13,2021-10-07 03:24:05
hfmpw9k,t3_q2p1qb,"the names are meaningless to me, do you have any info on how well each of these politicians has been doing in the market?",8,2021-10-07 01:56:38
hfnwggv,t3_q2p1qb,Only trader on Congress I trust is Nancy Powell,8,2021-10-07 07:07:20
hfmwbze,t3_q2p1qb,[deleted],7,2021-10-07 02:44:49
hfmtblk,t3_q2p1qb,Is there anyway to get the info quicker?,3,2021-10-07 02:22:10
hfnglht,t3_q2p1qb,"If you watch closely Patrick Fallon bought in at a large position of SQ stock at 2021-10-04.

Insider trading you say .... ? There is not much to it.

He just bought in at the 6 month resistance line where it bounced of ...... so maybe do your own research and stop betting on others.",3,2021-10-07 05:06:01
hfmojf6,t3_q2p1qb,Teehee.  Insider knowledge of what might tank or maybe legislation of what might be?,2,2021-10-07 01:47:18
hfmzubh,t3_q2p1qb,I’d love to see more of this,2,2021-10-07 03:08:33
hfo5srw,t3_q2p1qb,I need congressman Fallon to hold the fort for sq. Haha,2,2021-10-07 08:23:29
hfmq1u2,t3_q2p1qb,"Mmmyes, please keep posting, us little guys need an edge ( I know we see it late compared to when they make their moves,  but it’s better than nothing)

I’m very much of the opinion that they should be forced to disclose within seconds of placing orders, and we all know the NSA can aggregate that info for us on a nice easy dashboard on a cheep website with nothing more than like 20lines of code that even I could prolly kludge together... but alas, I have no say in these things :(",2,2021-10-07 01:57:44
hfndqo8,t3_q2p1qb,Patrick Fallon sucks as much as I do at this. And that dumbass has insider info lmao,1,2021-10-07 04:45:44
hfnnuat,t3_q2p1qb,"So, a credit card payment company, a potato company, and a coffee shop company are the purchases.  What do the tea leaves say about that?",1,2021-10-07 05:59:58
hfo0ggu,t3_q2p1qb,Nice,1,2021-10-07 07:40:28
hfo1gac,t3_q2p1qb,"It's fascinating actually... if you look at the buys and go back on the charts for each stock to the day they bought... its a big dip right before a large increase. 

Must be nice to have that kind of inside info. Keep posting more of this stuff please and thank you! 😊

Take Patrick Fallon for example, he sold a bunch of other stocks on Oct 4th... clearly to buy into SQ during a very convenient dip... next day that stock went up like 10 bucks... and now it's up like 17 ish... Smart moves there Pat.",1,2021-10-07 07:48:46
hfomort,t3_q2p1qb,Good stuff,1,2021-10-07 10:38:32
hfpi6ke,t3_q2p1qb,Good job. Keep it up.,1,2021-10-07 16:59:12
hfrap87,t3_q2p1qb,Looks like Patrick Fallon is getting rid of all his diversification to YOLO on SQ.,1,2021-10-08 02:18:13
hfq3f6h,t1_hfmo9wm,>You can get it here. https://www.smartinsider.com/politicians/,5,2021-10-07 21:10:12
hfo5xzj,t1_hfnwggv,U mean Nancy pelosi,8,2021-10-07 08:24:37
hfouhpk,t1_hfmwbze,Yep,1,2021-10-07 11:53:12
hfo5van,t1_hfmtblk,be a congressman,12,2021-10-07 08:24:02
hftaxui,t1_hfmojf6,"Probably nothing that obtuse.   Congress people and their staff regularly talk to people from all walks of life and whenever an abnormally large number of people have the same focused set of concerns, it might be something worth paying attention to.  It's not like they have access to anything direct, but more that if they're paying attention they have their thumb on the pulse of the economy as a whole, and might have some insight as to which way the wind is blowing in certain industries.  

Also, for those who are particular about CYA, if they're about to get involved with specific entities, it might make sense to sell off any personal financial interest they have in it, so as to not appear to be biased.  Voting on farm subsidies when you own a bunch of farms might look suspicious.  If you sell off all of your farms BEFORE you vote on the subsidies, it's going to make it harder to connect the dots.",2,2021-10-08 11:33:05
hfo0bz8,t1_hfnnuat,They’re betting on consumer spending continuing to grow.,1,2021-10-07 07:39:26
hfq9hyn,t1_hfq3f6h,Bless ![img](emote|t5_2th52|4275),1,2021-10-07 21:59:20
hfq1p4t,t1_hfo5xzj,secretly married last week,4,2021-10-07 20:55:14
hfoc00l,t1_hfo0bz8,"OK, but if that's the case, why sell Amazon?",2,2021-10-07 09:11:52
hfovxr5,t1_hfoc00l,"A piecemeal of a long term position, with significant gains being cashed out for expenses.",1,2021-10-07 12:07:08
