comment_id,comment_parent_id,comment_body,comment_score,created_utc
hn28yjj,t3_r7ylnf,"
**User Report**| | | |
:--|:--|:--|:--
**Total Submissions**|2|**First Seen In WSB**|4 months ago
**Total Comments**|40|**Previous DD**|[x](https://www.reddit.com/r/wallstreetbets/comments/r7ylnf/don_bb_blackberry_the_holiday_gift_for_your/) 
**Account Age**|6 months|[^scan ^comment ](https://www.reddit.com/message/compose/?to=VisualMod&subject=scan_comment&message=Replace%20this%20text%20with%20a%20comment%20ID%20(which%20looks%20like%20*h26cq3k*)%20to%20have%20the%20bot%20scan%20your%20comment%20and%20correct%20your%20first%20seen%20date.)|[^scan ^submission ](https://www.reddit.com/message/compose/?to=VisualMod&subject=scan_submission&message=Replace%20this%20text%20with%20a%20submission%20ID%20(which%20looks%20like%20*h26cq3k*)%20to%20have%20the%20bot%20scan%20your%20submission%20and%20correct%20your%20first%20seen%20date.)
**Vote Spam (NEW)**|[Click to Vote](https://www.reddit.com/message/compose/?to=VisualMod&subject=vote_spam&message=r7ylnf)|**Vote Approve (NEW)**|[Click to Vote](https://www.reddit.com/message/compose/?to=VisualMod&subject=vote_approve&message=r7ylnf)",1,2021-12-03 20:59:21
hn35jrg,t3_r7ylnf,"BB and NOKIA, cockroach stocks that can survive a nuclear
Holocaust and still trade sideways.

Edit: survive not surge",47,2021-12-04 01:01:02
hn2a8ch,t3_r7ylnf,200 at 17.60 🤦‍♂️,104,2021-12-03 21:11:38
hn29qfe,t3_r7ylnf,Sideways Gang!!,92,2021-12-03 21:06:55
hn2iqw0,t3_r7ylnf,I’ve been averaging down for months 😭,72,2021-12-03 22:23:39
hn2sro3,t3_r7ylnf,The last great move of 2021 belongs to BB. Lets go!,17,2021-12-03 23:36:01
hn2epn2,t3_r7ylnf,"I am ready for this. You’ll all laugh. Well I’ll be the last one laughing… and OP. 

If this hits 20 In next two months. I will somehow find a way to use a BB phone for a year.",66,2021-12-03 21:51:16
hn2x37v,t3_r7ylnf,"I keep loading up - but my balls are consistently tickled with promises 

yet here I am buying more!!!",11,2021-12-04 00:05:10
hn35lww,t3_r7ylnf,yall do this every time and i keep buying more,11,2021-12-04 01:01:25
hn2bpsi,t3_r7ylnf,Lets go baby,7,2021-12-03 21:25:14
hn2eigv,t3_r7ylnf,Problem is how much will this tank if its crickets by Christmas….,22,2021-12-03 21:49:38
hn2hhww,t3_r7ylnf,"All those amazing news that have come out have to eventually start reflecting on their financials in order for the stock to catch some momentum. Revenue is still underwhelming for a 5b company, there's no real growth visible right now and they're posting hugely negative earnings.",18,2021-12-03 22:13:55
hn2i4jp,t3_r7ylnf,"Been holding BB for over a year. I am throwing bananas around the yard in excitement for the coming months! I have my first Blackberry phone framed on my fireplace mantle with lights pointed directly at it to show off it’s awesomeness. 

Let’s Go!!",29,2021-12-03 22:18:52
hn4at32,t3_r7ylnf,"My dick can only get so hard for BB, 1200 @ 12 and I’ll keep buying until this baby starts ripping",7,2021-12-04 05:38:08
hn2iw1h,t3_r7ylnf,"Buy and holding, let go BB , THIS is investment",15,2021-12-03 22:24:44
hn32p0h,t3_r7ylnf,"been bag holding BB since January, been telling everyone about BB, ex gf broke up with me cus I bought BB instead of TSLA. if this play doesnt play out imma rope.",13,2021-12-04 00:42:23
hn2wn0n,t3_r7ylnf,Excellent post 🙏,6,2021-12-04 00:02:10
hn33wok,t3_r7ylnf,"Macro concerns could outway the micro wins. Basically if the markets shit, they could come out with a 20B patent sale and only get a mild bump

Also it's BB...so like....good news means sideways or down.",6,2021-12-04 00:50:25
hn4cx7a,t3_r7ylnf,Down ~60% on BB 🥲,5,2021-12-04 06:00:25
hn3g9fp,t3_r7ylnf,I approve this message. I just bought some more shares today & have 1000 shares right now. Ready for lift off 🚀 ✨,5,2021-12-04 02:10:37
hnm8t62,t3_r7ylnf,So BB Dec24'21 15.0 Call ?,3,2021-12-08 01:51:31
hn2rhh6,t3_r7ylnf,"Damn, this happens to me all the  time.  I get all worked up thinking ""this is awesome"" and then I find out it's not financial advice.  Now I'm conflicted.",10,2021-12-03 23:27:04
hn2tmff,t3_r7ylnf,UnBBreak my heart 🥲 1000 shares at 10.05,13,2021-12-03 23:41:51
hn2uib1,t3_r7ylnf,"everyttime i buy BB it takes a nosedive, so yea thank me later *rolls eyes*",8,2021-12-03 23:47:51
hn61bja,t3_r7ylnf,They always do cool stuff at the show. It never reflects a price increase,3,2021-12-04 14:23:29
hn2jg3x,t3_r7ylnf,12000 shares?!? Holy fuck mate im 300 and thought i was doing well 😭,9,2021-12-03 22:28:59
hn295vl,t3_r7ylnf,![img](emote|t5_2th52|4886),9,2021-12-03 21:01:21
hn30ipp,t3_r7ylnf,I'm bag holding $20 shares so I would appreciate you apes buying into this,5,2021-12-04 00:28:05
hn3tiaa,t3_r7ylnf,It will soon be at a great entry price for a swing trade.,2,2021-12-04 03:39:27
hn3qv7a,t3_r7ylnf,[deleted],2,2021-12-04 03:21:37
hn34xk0,t3_r7ylnf,I swear these are bot post,2,2021-12-04 00:57:03
hn2o9yd,t3_r7ylnf,"I just don't see this stock doing all that well. It might hit $12-15 again, but it might also not. I hold a small position in the case I'm wrong and because I really like what BB does, but I honestly don't have much hope of it ever hitting the $20 again.",0,2021-12-03 23:04:30
hn29cdc,t3_r7ylnf,People are still trying to get blackberry to be relevant again?,-8,2021-12-03 21:03:09
hn2ee9g,t3_r7ylnf,Sound like you go full dick deep FOMO and bought in at $28,-14,2021-12-03 21:48:38
hn3noa5,t3_r7ylnf,"4750 @ 10.02
💎🦍",1,2021-12-04 02:59:56
hn45czj,t3_r7ylnf,"December 2012 BB was worth around $12, and they had 18 billion revenue in that year. Now they'll maybe make around 900 mil?",1,2021-12-04 04:59:33
hn5236a,t3_r7ylnf,Bagholders rise up,1,2021-12-04 09:15:10
hn54hmf,t3_r7ylnf,1200 @ $10,1,2021-12-04 09:34:44
hn67735,t3_r7ylnf,"I have a ban bet due foe Christmas Eve, my take $18 by then. No financial advise, but fellow retards, we are unfortunately lost here, people started to be intellectuals and seem to not be into meme stocks anymore. Same FOMO idiots who will buy, once we party on moon. 💎🤲🏻",1,2021-12-04 15:33:58
hn3h99i,t3_r7ylnf,>he thinks it isn't priced in,-3,2021-12-04 02:17:18
hn43oeo,t3_r7ylnf,See you next Christ for the same shit..,-2,2021-12-04 04:48:15
hn3q9d2,t1_hn35jrg,BB is still up 33% YTD.,17,2021-12-04 03:17:31
hn2brmy,t1_hn2a8ch,"All the partnerships and tech are in place, once the earnings reports begin to show increasing revenues BBs price will reflect.",35,2021-12-03 21:25:42
hn4bq8z,t1_hn2a8ch,"pffft, amateur. 40 @ 24.97",5,2021-12-04 05:45:47
hn2mvek,t1_hn2a8ch,[deleted],30,2021-12-03 22:54:19
hn38khx,t1_hn2a8ch,Jesus in rooting for you dude,2,2021-12-04 01:20:39
hn392mv,t1_hn2a8ch,Impresive,2,2021-12-04 01:23:55
hn3iv9h,t1_hn2iqw0,Another opportunity today 😅,18,2021-12-04 02:27:55
hn3l4nv,t1_hn2iqw0,Same we will win fellow brother,5,2021-12-04 02:42:56
hn33lp7,t1_hn2epn2,"If it hits 20 in the next two months, I'll finally break even.",25,2021-12-04 00:48:26
hn2r01m,t1_hn2epn2,Buy and donate for tax purposes!,10,2021-12-03 23:23:40
hn2tp2f,t1_hn2epn2,Remindme! 2 months,11,2021-12-03 23:42:21
hn2iygr,t1_hn2hhww,"I agree, they need to start showing the results to analysts. I believe they will in first half of 2022. The shorter term catalyst is the patent sale. If BB was a new tech/cybersecurity company never linked to cell phones they’d be valued at 20bn I think. There’s alot going on at BB.",21,2021-12-03 22:25:15
hn30s1v,t1_hn2i4jp,"I bought bb same time I bought gme. 

Sold at the same time too... fucking never. 

They can pry those bags from my cold dead hands",9,2021-12-04 00:29:48
hn3875q,t1_hn33wok,Yeah except for the fact that would be 4 times it’s existing market cap.  If Chen announces a deal over 5 billion there will be an instant 100% moon even during bad macro news,9,2021-12-04 01:18:13
hnmqih9,t1_hnm8t62,"Aggressive, I like the Jan calls",2,2021-12-08 03:58:56
hn3ox4v,t1_hn2tmff,"You’re fine you fucking baby, sell calls, reduce basis",8,2021-12-04 03:08:23
hn3xmvk,t1_hn2tmff,"600 at 11, my pain intensifies by the day",2,2021-12-04 04:07:17
hn3cduf,t1_hn2jg3x,Not sure if “doing well” is the right term. I don’t think any of us are “doing well” on this play.,9,2021-12-04 01:45:13
hn46e31,t1_hn3qv7a,with unloading on the second spike - any thoughts of getting back in at current prices?? 2022 thru end of Chen's current contract November 2023 should be interesting for company news??,2,2021-12-04 05:06:31
hn4w6xu,t1_hn34xk0,I mean i wrote it using my fingers on a phone keypad.. which I guess you could consider the phone a robot.,2,2021-12-04 08:27:28
hn29rgh,t1_hn29cdc,"Only then people who miss the ""hard keys"" on phones.",-16,2021-12-03 21:07:11
hn2hbib,t1_hn2ee9g,I dont think it sounds like that at all?,11,2021-12-03 22:12:29
hn2tv5s,t1_hn2ee9g,If that is the case then kudos to the old boy on averaging down 😎,3,2021-12-03 23:43:32
hn9zchq,t1_hn45czj,"Of all the comments this one irks me. Going out of your way to pick a data point and spread fear for what? Here’s a simple counter data point, a year earlier in 2011 BB was $65 per share. It doesn’t mean much towards the new company and the direction they’re going. I dunno maybe you hold puts, if so I wish you luck. Sincerely.",1,2021-12-05 10:55:13
hn3rwbc,t1_hn3q9d2,It’s up less than 20% YTD.,-5,2021-12-04 03:28:36
hn2xzxf,t1_hn2brmy,This has been said for about 4 years now.,70,2021-12-04 00:11:17
hn3aias,t1_hn2mvek,Brutal,10,2021-12-04 01:33:15
hn4385c,t1_hn2mvek,listofburncenters.txt,3,2021-12-04 04:45:11
hn64igy,t1_hn3l4nv,"Same, came down from 19 🙈 to 12",2,2021-12-04 15:00:33
hna67v6,t1_hn4w6xu,No offence to you but I’ve seen same catalysts being mentioned in similar posts like the one you did over a year and BB never really took off.,1,2021-12-05 11:49:08
hn2f7dj,t1_hn29rgh,"Hard keys are dope, fight me.",18,2021-12-03 21:55:23
hn2hikb,t1_hn2hbib,You bought at $28 also?,-11,2021-12-03 22:14:04
hn56bbs,t1_hn3rwbc,It’s up -40% for most of us,13,2021-12-04 09:49:26
hn3uo6y,t1_hn3rwbc,Opened the year at $6.58 vs. $8.79 now. That's up 33.6%,11,2021-12-04 03:47:16
hn2x42e,t1_hn2hikb,"
£9.58 average, you're an angry boy aren't you?",5,2021-12-04 00:05:20
hn3uv03,t1_hn3uo6y,"This is the miracle of statistics, I go out one year and see it’s up 20%.

You frame 2021 and grab an extra 10%.

You do you with BB.",-14,2021-12-04 03:48:34
hn34ab0,t1_hn2x42e,"No worry, it will be a $4 stock by the end of this month. You can load up as much as you want, because it is such a good company and all",-6,2021-12-04 00:52:49
hn3vhod,t1_hn3uv03,1 year and YTD are not the same thing.,21,2021-12-04 03:52:46
hn38bsl,t1_hn34ab0,"If it goes to $4 I'll sell my full portfolio for it, give you $2,000 when I'm a multimillionaire",4,2021-12-04 01:19:05
