comment_id,comment_parent_id,comment_body,comment_score,created_utc
gkfo3lw,t3_l3j1ec,That's actually brilliant and not retarded,9,2021-01-24 03:52:26
gkfpcsx,t3_l3j1ec,I don’t understand any of this.  What should I search for to understand this strategy?,2,2021-01-24 03:58:42
gkfpz5f,t3_l3j1ec,good call,2,2021-01-24 04:02:30
gkfsn0d,t3_l3j1ec,"At a debit of 4.65, that’s potential max profit of $9,535/contract. Right? 

Am noob autist. Not sure how these work.",2,2021-01-24 04:18:55
gkfpt90,t3_l3j1ec,"Honestly boys, I’m a little uneasy that this play may gain traction and drive up premiums. I will hide this post until after market open on Monday.",5,2021-01-24 04:01:23
gkfp2in,t3_l3j1ec,I was considering the same but am moving money from TOS to MERRILL so have to wait it out. Following this tho 🚀🚀🚀,1,2021-01-24 03:57:20
gkfp74b,t3_l3j1ec,That looks pretty good tbh,1,2021-01-24 03:57:57
gkfplt9,t3_l3j1ec,"**I am a bot and identified and tracked the following options picks within this post:**

|**Ticker**|**Strike**|**Type**|**Exp**|**Recorded Premium**|**Recorded Stock Price**|**OI**|**Volume**|
|:-|:-|:-|:-|:-|:-|:-|:-|
|**GOOG**|**$2100**|**BUY CALL**|**2021-02-05**|**$8.23**|**$1901.05**|**47**|**49**

[Realtime ROI](https://www.pickmojo.com/pick/ckka50aedbs640797phr1ik49) | [Track Record](https://www.pickmojo.com/user/Npalmer3/) | [Bot Info](https://www.reddit.com/r/pickmojo/comments/he9ghu/options_picks_tracking_bot_information/) | Leaderboard: [Week](https://www.pickmojo.com/stocks/best-this-week-reddit), [Month](https://www.pickmojo.com/stocks/best-this-month-reddit), [All](https://www.pickmojo.com/stocks/top-reddit) | [Exit this position](https://www.pickmojo.com/reddit_redirect)

**^(*Recorded after market close, will be recorded at the next market open if the premium is within 10% margin. My owner is monitoring these posts, reply with feedback! You can now track comments by mentioning me!)**",1,2021-01-24 04:00:02
gkfq1fk,t3_l3j1ec,"Is this what that would look like? 

Google earnings? https://imgur.com/a/LqqN546

Sorry for the dumb question, just trying to understand further. And I dig your gusto.",1,2021-01-24 04:02:56
gkfqm4g,t3_l3j1ec,"Still some comments coming in, is this not hidden? I may have to delete until Monday opening unfortunately.",1,2021-01-24 04:06:52
gkfrein,t3_l3j1ec,Saw a couple of similar posts on Twitter. Expectation is that google is gonna kill it,1,2021-01-24 04:12:19
gkfsahu,t3_l3j1ec,Can you post your results on 2/5,1,2021-01-24 04:17:14
gkfq7dx,t1_gkfpcsx,"Stock Options, then debit spreads",2,2021-01-24 04:04:05
gkfqvjp,t1_gkfpcsx,r/Investing  it’s where you belong,2,2021-01-24 04:08:41
gkhp2r2,t1_gkfsn0d,A debit of 4.65 x100 since an options contract is always for options on 100 shares. So you pay $465 and maybe get 10g,1,2021-01-24 11:54:34
gkfqdz4,t1_gkfpt90,Everyone's too busy on GME to drop $$ for GOOG 🤣🤣🤣,6,2021-01-24 04:05:24
gkfq9p7,t1_gkfq1fk,"But yeah, should be clear for takeoff",1,2021-01-24 04:04:34
gkfqc2t,t1_gkfq1fk,No such thing as a dumb question. I appreciate your faith and the positive feedback,1,2021-01-24 04:05:02
gkfq84o,t1_gkfq1fk,"Yes but 2100 and 2200, I believe yours are 2110 and 2220",0,2021-01-24 04:04:15
gkfqds9,t1_gkfq7dx,Thanks.,1,2021-01-24 04:05:22
gkfrc0b,t1_gkfqdz4,Truth. I've got less than $30 of buying power right now lmao,3,2021-01-24 04:11:49
gkfqf5n,t1_gkfq9p7,Thank you!! 🙌🚀🚀🚀🙏,1,2021-01-24 04:05:37
