comment_id,comment_parent_id,comment_body,comment_score,created_utc
h6qxfwa,t3_osue3h,"You've marked this submission as an earnings thread. It's important that your post contains earnings estimates and is updated when the actual earnings are released. If this is just a simple discussion or question thread, please change the flair.

*I am a bot, and this action was performed automatically. Please [contact the moderators of this subreddit](/message/compose/?to=/r/wallstreetbets) if you have any questions or concerns.*",1,2021-07-28 04:20:08
h6qxiom,t3_osue3h,I am a bot from /r/wallstreetbets. Your submission was removed because was too short. Please make it a comment if it's not worth expounding on.,1,2021-07-28 04:20:41
