comment_id,comment_parent_id,comment_body,comment_score,created_utc
hmvktjq,t3_r6vk4f,Just YOLO it into TSLA you NERD!,6,2021-12-02 09:51:16
hmvl0tc,t3_r6vk4f,You need to change you position to Doggy!,4,2021-12-02 09:52:43
hmvlksc,t3_r6vk4f,"In a couple years Pokemon is going to be like Voltron - no one but your generation will even know what it is.  
  
The rest looks like garbage. Trim the hedges?",2,2021-12-02 09:56:44
hmvn8be,t3_r6vk4f,Go yolo on WISH,2,2021-12-02 10:08:37
hmvkss4,t3_r6vk4f,"
**User Report**| | | |
:--|:--|:--|:--
**Total Submissions**|1|**First Seen In WSB**|40 seconds ago
**Total Comments**|0|**Previous DD**|
**Account Age**|1 year|[^scan ^comment ](https://www.reddit.com/message/compose/?to=VisualMod&subject=scan_comment&message=Replace%20this%20text%20with%20a%20comment%20ID%20(which%20looks%20like%20*h26cq3k*)%20to%20have%20the%20bot%20scan%20your%20comment%20and%20correct%20your%20first%20seen%20date.)|[^scan ^submission ](https://www.reddit.com/message/compose/?to=VisualMod&subject=scan_submission&message=Replace%20this%20text%20with%20a%20submission%20ID%20(which%20looks%20like%20*h26cq3k*)%20to%20have%20the%20bot%20scan%20your%20submission%20and%20correct%20your%20first%20seen%20date.)
**Vote Spam (NEW)**|[Click to Vote](https://www.reddit.com/message/compose/?to=VisualMod&subject=vote_spam&message=r6vk4f)|**Vote Approve (NEW)**|[Click to Vote](https://www.reddit.com/message/compose/?to=VisualMod&subject=vote_approve&message=r6vk4f)",1,2021-12-02 09:51:07
hmvmjt0,t3_r6vk4f,![img](emote|t5_2th52|4886),1,2021-12-02 10:03:43
hmvl1pl,t3_r6vk4f,![img](emote|t5_2th52|4276),-2,2021-12-02 09:52:54
