comment_id,comment_parent_id,comment_body,comment_score,created_utc
h2zynty,t3_o7osk7,"
**User Report**| | | |
:--|:--|:--|:--
**Total Submissions**|4|**First Seen In WSB**|4 months ago
**Total Comments**|8|**Previous DD**|
**Account Age**|4 months|[^scan ^comment ](https://www.reddit.com/message/compose/?to=VisualMod&subject=scan_comment&message=Replace%20this%20text%20with%20a%20comment%20ID%20(which%20looks%20like%20*h26cq3k*)%20to%20have%20the%20bot%20scan%20your%20comment%20and%20correct%20your%20first%20seen%20date.)|[^scan ^submission ](https://www.reddit.com/message/compose/?to=VisualMod&subject=scan_submission&message=Replace%20this%20text%20with%20a%20submission%20ID%20(which%20looks%20like%20*h26cq3k*)%20to%20have%20the%20bot%20scan%20your%20submission%20and%20correct%20your%20first%20seen%20date.)",1,2021-06-25 22:27:56
h30hflh,t3_o7osk7,They need to focus more on anti-corruption.,7,2021-06-26 00:48:53
h300uti,t3_o7osk7,We’re the anti-trust laws buddy! We push stocks wherever we want it to go,3,2021-06-25 22:45:04
h30wlke,t3_o7osk7,"Why isn’t the federal reserve or central bank ever got in problems for anti trust ? 

Money printer go brrrrrr obviously has problems… but also I feel like anti trust is just what you tell your mom that you do with your friends in college to make her feel like you’re clearly studying hard.",1,2021-06-26 02:43:56
h33u1y8,t3_o7osk7,Not going to for a long time and if they break up amzn the parts are even more valuable.,1,2021-06-26 21:52:38
