comment_id,comment_parent_id,comment_body,comment_score,created_utc
go4a11k,t3_lo7cx4,[deleted],75,2021-02-20 21:45:32
go4kuql,t3_lo7cx4,"With the fed keeping rates low, printing presses going brrrrrr 💵💵💵💵💵💵💵, and another $2 trillion on its way, the ride is gonna continue.",29,2021-02-20 23:33:07
go4a12s,t3_lo7cx4,All I get  from this is the future is colorful lik rainbow and we should huggybear it,15,2021-02-20 21:45:33
go4ehpg,t3_lo7cx4,Bought a couple cheap way OTM SPY puts during the GME insanity.  You’re certainly right about the tinder for this fire but a deep drop isn’t going to happen without some stimulus and I don’t think any of us can see one on the horizon right now. International banking seemed a potential target post crash last year but nothing materialized there. So keep saying this until you’re right but don’t miss too many gains in the mean time.,8,2021-02-20 22:32:53
go4bz7c,t3_lo7cx4,No one cares about anything you're saying.,16,2021-02-20 22:07:11
go4bhg1,t3_lo7cx4,"Says the same guy who thought it was a good idea to hold GME when it was +$300.

https://www.reddit.com/r/wallstreetbets/comments/l6grcc/fuck_the_sec_fuck_the_hedge_funds_fuck_the_media/?utm_source=share&utm_medium=ios_app&utm_name=iossmf",25,2021-02-20 22:01:48
go4c4az,t3_lo7cx4,Somebody give that bear a hug!,4,2021-02-20 22:08:40
go4jff8,t3_lo7cx4,I’m actually a 🌈🐻 in bulls clothing but I think I’ve pushed the limits enough. This can’t go on forever and I’d prefer to avoid getting ass rammed 🙂,6,2021-02-20 23:20:23
go7nvqk,t3_lo7cx4,"Let us know what happens when inflation makes your 50% cash, 25% cash",3,2021-02-21 17:31:11
go4a7vq,t3_lo7cx4,Imagine thriving on failure 👎🏻 stocks only go up anyways so this post doesn’t even make sense,12,2021-02-20 21:47:40
go4z0r4,t3_lo7cx4,SPY will peak at $420.69 on April 20 because Elon musk is running the “Earth” simulation,2,2021-02-21 01:33:58
go4cbvh,t3_lo7cx4,Covid cases up flu cases are waaaaay down. Hmmmmmm someone is lying their ugly fuckin ass off about this whole thing.,4,2021-02-20 22:10:54
go4ew2b,t3_lo7cx4,"So, sell... high?",1,2021-02-20 22:36:48
go4hpkg,t3_lo7cx4,OEHH I LIKE I LIKE,1,2021-02-20 23:04:12
go4itnn,t3_lo7cx4,Ur mum a 🌈🐻,1,2021-02-20 23:14:44
go4pc1e,t3_lo7cx4,got puts for that,1,2021-02-21 00:12:45
go51xf3,t3_lo7cx4,your money will be printed away....,1,2021-02-21 01:57:34
go5fc03,t3_lo7cx4,Enjoy letting your cash sit idle and lose value as DC continues to just print print print.,1,2021-02-21 03:47:43
go7p3v5,t3_lo7cx4,"If you're going heavy on cash, at least hedge against inflation and pick up some Physical gold! 
But totally agree with you we are in bubble land, when it pops we all fall down. 
The hangover is going to be fuckin reked. It's like having a night on the beers, only to end up on the shots followed by the sauce. 1929 two point fucking o

I'm heavy gold, with dry powder at the ready. Well some dry powder, I just can't stop buying the fucking dip!",1,2021-02-21 17:51:44
go4e9x1,t3_lo7cx4,"Pay with your life, the duller the knife, the longer it takes💎💎💎💎🚀. 
(The longer it takes) 
But now it's your turn, the ashes will burn, and wither away.
Leaving your bones, out on the stones, picking them clean. 
(Picking them clean)
Carving the truth, while harvesting you, to feed the machine. 
👹To feed the machine👹

Why must the blind always lead the blind?
(Get back in line, get back in line)🐻🌈
Why do I feel like the fault is mine?
(Get back in line, get back in line)🐻🌈
Why must the weakest be sacrificed? 
(Get back in line, get back in line)🐻🌈
No more questions, get back in line!🐻🌈
(Just get back in line!)🐻🌈🐻🌈🐻🌈🐻🌈

This is the way we need to stand up against

edit: HODL🙌🙌💎💎🦍🦍🦍🚀🚀🚀🚀🪐",-4,2021-02-20 22:30:45
go4a5f0,t1_go4a11k,Inverse is what I'm doing....,8,2021-02-20 21:46:54
go4lg74,t1_go4kuql,Yes...printing presses is a variable and fed will do what it can at any major market correction...this will inflate prices.  Now two potential effects that I don't see in the short term: inflation and US bond yields increasing substantially.,-8,2021-02-20 23:38:25
go4ffmb,t1_go4ehpg,Agreed...the valuations can get more fucked in frenzy...could go up another 20 or 30% or more.  Fear when others are greedy...,1,2021-02-20 22:42:10
go4c3ld,t1_go4bz7c,Obviously....the euphoria around valuations wouldn't be so nuts if anyone did,-6,2021-02-20 22:08:28
go4e6hp,t1_go4bhg1,Timing and context is everything.  Was he saying hold at 300 before it went up to 500?,6,2021-02-20 22:29:49
go4bp69,t1_go4bhg1,Only held puts😆,-9,2021-02-20 22:04:10
go4jlgr,t1_go4jff8,My twin...lol,3,2021-02-20 23:21:53
go4ksi1,t1_go4a7vq,Tf u talking about lmao price correction isn’t failure,6,2021-02-20 23:32:34
go4aaz2,t1_go4a7vq,*stonks,7,2021-02-20 21:48:39
go4f2vr,t1_go4a7vq,The point is that a lot of things are overvalued right now. The economy isn’t doing well but the stock market is?!?!?! That literally doesn’t make any sense. How can stocks have a great 2020 when 2020 was a complete shit show for most of the world?,2,2021-02-20 22:38:39
go4azvx,t1_go4a7vq,Market could go to 0 and as long as I have put I wouldn’t care a single bit,1,2021-02-20 21:56:22
go4d3np,t1_go4cbvh,"Wtf is the flu sir...never heard of it?...haha! They need to title an article: 'COVID, the cure for the Flu'...haha. That damn thing just magically disappeared",7,2021-02-20 22:18:48
go4ck1q,t1_go4cbvh,"They are...so you think valuations being at or above pre-covid levels makes sense with bigger debt loads and lower equity?

What risk is there for COVID to mutate rendering the vaccines ineffective?  Still about 2 yrs away from vaccinating the whole world....that's a lot of time for mutations..",2,2021-02-20 22:13:12
go4gcbj,t1_go4e9x1,This is full retard.  Never go full retard.,5,2021-02-20 22:51:00
go4fno4,t1_go4e9x1,Wth is this?,2,2021-02-20 22:44:22
go4akd6,t1_go4a5f0,We are inversing you. Im buying SPY $450c,45,2021-02-20 21:51:35
go5ae6v,t1_go4lg74,Rates for both the 10 and 30 year hit one-year highs yesterday...,3,2021-02-21 03:07:22
go4ch48,t1_go4c3ld,You are talking to a bunch of people that have like 12 dollars on robinhood and call themselves investors. Wasting your breathe.. just maintain your portfolio and make your money lol..,7,2021-02-20 22:12:22
go4cd99,t1_go4bp69,So you're saying you held...,4,2021-02-20 22:11:16
go4aebt,t1_go4aaz2,Yes. 😞,4,2021-02-20 21:49:41
go4fy1i,t1_go4f2vr,"You seriously don’t get it? Savings accounts are worthless. That’s why ppl are in the market more than ever before.

Until there’s a reason not to be, or if the big whales 🐳 fuck us all over. Nothing will change.",12,2021-02-20 22:47:10
go4i104,t1_go4f2vr,Valuations are linked to interest rates and not unreasonable right now,3,2021-02-20 23:07:13
go4g3xx,t1_go4f2vr,Yep...stock market is a little speculative though trying to forecast the future economy...but it does not look good...hence total market Cap to GDP is 194%.  But also need to understand it will be a little inflated due to risk free or bond rates driving money into the stock market...until they start rising.,1,2021-02-20 22:48:47
go4cyno,t1_go4ck1q,"Yeah, trying to save everyone while fucking the economy is a total Democrat move. 

2 years is a lot of time for mutations, 8 months is not enough time for an effective vaccine to be made, tested, and then rolled out unless you were already expecting this and just so happened to also guess the correct strain in time before it mutates. These people are so full of shit it hurts.",-9,2021-02-20 22:17:23
go4i988,t1_go4fno4,Nickelback dude,2,2021-02-20 23:09:23
go4c3na,t1_go4akd6,SPY to the moon! 🚀🚀🚀,23,2021-02-20 22:08:29
go4ao4t,t1_go4akd6,Don't buy just one contract pussy...and kiss my ass,-31,2021-02-20 21:52:43
go5be92,t1_go5ae6v,It'll be interesting to see where they go.  Still pretty low but increasing enough will change market dynamics.,-3,2021-02-21 03:15:28
go5wbph,t1_go4ch48,I’ll have you know I have $17.32 in my acct.. about 40% more than that,1,2021-02-21 06:14:54
go4csaf,t1_go4ch48,Well spoken from a wise man....,1,2021-02-20 22:15:35
go4h1r0,t1_go4fy1i,"Yes...but even with savings and bond rates near 0, there will still be a tipping point of supply/demand for stocks based on their value.  Who knows where that is tho.  BUT you hit the nail on the head...when risk free rates are garbage, it WILL increase the value of equities.",7,2021-02-20 22:57:50
go4jxx3,t1_go4fy1i,But that’s exactly what will happen the big whales will eventually all pull out and we won’t even know what the fuck hit us. I think that’s the most likely catalyst that will fuck us all at this point and we won’t know when that’s happening until it’s too late,3,2021-02-20 23:24:59
go4k61d,t1_go4i104,"Yes but interest rates aren't the only driver.  Actual fundamentals are important.  As long as there is a buyer for a seller, then valuations do not matter.  Right now they  do not matter.  BUT when they do matter, then things will change.  I think they are unreasonable based on several fundamental metrics...but that don't matter yo.",1,2021-02-20 23:27:01
go4d31f,t1_go4cyno,Bingo.  Love the comment.,-9,2021-02-20 22:18:37
go4azw5,t1_go4ao4t,Who are you to tell me what to do with my money are you a financial advisor,26,2021-02-20 21:56:22
go5zmuc,t1_go5wbph,Big gains,1,2021-02-21 06:44:07
go4iau5,t1_go4h1r0,"That’s why the current ipo renaissance is so good! Me I desperately want spaceX ipo! 

Imagine if a lot of small business could ipo too! The tipping point might be pretty far ahead for the overall market.",0,2021-02-20 23:09:49
go4l7gg,t1_go4jxx3,"It won’t completely fuck us though. Vanguard fidelity ark etc aren’t going anywhere. And depending on how much we make before they would pull out, it might not matter.

Not to mention that if whales pull out they have to go back to other crappy investments or savings.

I could see them partially pulling out of a lot of foreclosures start happening. Or if the fed significantly raises interest rates. But a full pullout, I’m not seeing the catalyst.",2,2021-02-20 23:36:15
go4ka2y,t1_go4k61d,We’ll see,1,2021-02-20 23:28:00
go4bfep,t1_go4azw5,"Looking for a financial advisor on WSB. LOL.

Get offended at one contract comment...why the fuck are you even here?",-49,2021-02-20 22:01:11
go4ivai,t1_go4iau5,If we were in the midst of the dot com bubble...we'd be still a year away from that tipping point...but returns will be muted on a lot of investments for years and years...I want SpaceX too.,1,2021-02-20 23:15:09
go6etxs,t1_go4l7gg,At some point they will get spooked and they will have the info before we do :(,1,2021-02-21 09:01:55
go55139,t1_go4bfep,"How do those downvotes taste, gay bear",7,2021-02-21 02:22:50
go4ea49,t1_go4bfep,🕹🛑 will squoze and coincidentally the market will 📉📉📉 at the same time,1,2021-02-20 22:30:48
go4kpjk,t1_go4ivai,I agree with you. I expect some stocks will continue trading sideways for now. Options are all the more important for returns.,1,2021-02-20 23:31:49
