comment_id,comment_parent_id,comment_body,comment_score,created_utc
gxmdlkq,t3_n98618,"Post removed, violated content guidelines rule.",1,2021-05-11 00:01:31
gxmbcub,t3_n98618,I might have enough liquidity post squeeze to re invest Into other stocks but right now all my assets are well diversified into gme and AMC.,4,2021-05-10 23:45:56
gxmbrh2,t3_n98618,This is the wsb DD I have missed for so long ever since the start of GME,1,2021-05-10 23:48:48
gxmdot9,t3_n98618,why’s it removed ??,1,2021-05-11 00:02:08
gxmbiwf,t3_n98618,This makes me want to buy on all the things.,1,2021-05-10 23:47:08
gxmd84h,t3_n98618,"im up over 1000% on penn since i bought it, i would let portnoy plow my wife and welcome him as my new wifes boyfriend  


for that reason, im in",1,2021-05-10 23:58:54
gxmg5in,t1_gxmdlkq,Come again?,1,2021-05-11 00:19:24
gxmgqr0,t1_gxmg5in,Read it,1,2021-05-11 00:23:29
gxmiz51,t1_gxmgqr0,"Because he didn’t post positions? Or because he made it all up?

I thought it was a decent DD but you should at least give the reason for removing it if it turns out he was just bullshitting about it or if the DD was truthful and he just didn’t post positions",1,2021-05-11 00:39:03
gxmjlj1,t1_gxmiz51,"Is this your DD posted on an alt? 

They haven’t asked me about the post but I would tell the OP to remove images and all mentions of cryptocurrency. It violates the rules.",1,2021-05-11 00:43:25
gxmjzkp,t1_gxmjlj1,No it’s not I was just wondering because I entered the position and wanted to reread it but it’s all good,3,2021-05-11 00:46:10
gxmkcn3,t1_gxmjzkp,"Usually they ask but he hasn’t. It’s the crypto that’s the issue. Rarely ever take down DD - and only if it breaks a rule. If he ends up reposting without that it’ll stay up, and you should still be able to read it since you have the link. Removed content isn’t deleted. Only if the OP deletes it.",1,2021-05-11 00:48:42
gxn6se9,t1_gxmkcn3,"Nah, removed posts are like comments: ""[removed]""",2,2021-05-11 03:26:05
