comment_id,comment_parent_id,comment_body,comment_score,created_utc
gtc0xru,t3_mjt9o5,I think GSAT is a better 5G plan than NOK,2,2021-04-04 18:01:18
gtc1jmf,t3_mjt9o5,Bro... You need to do some deep.research and find the companies run by minorities and women. That's where all this money is going.,2,2021-04-04 18:11:33
gtc0sam,t3_mjt9o5,Don’t you think that this is already priced into those stocks and the market as a whole?,1,2021-04-04 17:58:42
gtc17c6,t3_mjt9o5,I’ve been following the steel industry lately.,1,2021-04-04 18:05:44
gtc1sme,t3_mjt9o5,I am a bot. This Discussion does not look like it has generated enough approval to stay on /r/wallstreetbets.                                        We algorithmically cull certain submission flairs whose response is not above a certain threshold to try and keep the page clean.,1,2021-04-04 18:15:39
gtc0ox7,t3_mjt9o5,$GME?,-5,2021-04-04 17:57:07
gtc1akm,t1_gtc0xru,Nice.,2,2021-04-04 18:07:16
gtc1486,t1_gtc0sam,"I agree with you, but since a lot of the investment will happen in arrears (through separate acts), I think the news of those specific acts passing shall create some momentum in the future.",1,2021-04-04 18:04:17
gtc0ysc,t1_gtc0ox7,[deleted],2,2021-04-04 18:01:45
gtc12ka,t1_gtc0ox7,"Yes. That's where DFV stands, and that's a whole lotta lead pipe right there. And it's Long on GME.",0,2021-04-04 18:03:30
gtc1utu,t1_gtc1akm,Nice,1,2021-04-04 18:16:42
gtc1fbp,t1_gtc0ysc,No. It was a joke tho.,1,2021-04-04 18:09:29
