comment_id,comment_parent_id,comment_body,comment_score,created_utc
giyu4tv,t3_kvjjuo,Only company with the rocket emoji- PLTR. Telling sign.,138,2021-01-12 12:26:24
giys45x,t3_kvjjuo,“ Elon giveth and Elon taketh away “ - that's going on my tombstone 🪦,59,2021-01-12 12:07:55
giyplzj,t3_kvjjuo,"Pltr 🚀?
Anyone not willing to hold till feb's earnings is a pussy.",60,2021-01-12 11:45:30
giyva6m,t3_kvjjuo,[removed],19,2021-01-12 12:37:23
giytff9,t3_kvjjuo,Tomorrow you’re gonna have to add $CCIV to this list.,17,2021-01-12 12:19:50
giyqbf7,t3_kvjjuo,"I should share my portfolio instead of my mbti / star sign next time I meet someone. 

This way they’ll also know I can’t pay for the date.",14,2021-01-12 11:51:50
giys9wm,t3_kvjjuo,$MT is so accurate!,10,2021-01-12 12:09:21
giz5nat,t3_kvjjuo,PSTH and SPCE hit me hard but true,10,2021-01-12 14:34:15
giywsr8,t3_kvjjuo,Notice how PLTR is the only one with 🚀🧐,12,2021-01-12 12:52:02
giypxur,t3_kvjjuo,$CRSPR: You’ve transcended the desire to retire at 30 because you know biological immortality means you’ll be working for thousands of years.,11,2021-01-12 11:48:24
giysmpw,t3_kvjjuo,"Where the fuk is PRPL?
#PRPLnurpleGang",10,2021-01-12 12:12:39
giyvsbo,t3_kvjjuo,ZOOM is spot on lmao,3,2021-01-12 12:42:14
giz33m3,t3_kvjjuo,RKT: your favorite number is 20,5,2021-01-12 14:01:54
giyqiqg,t3_kvjjuo,F,3,2021-01-12 11:53:38
giytzh2,t3_kvjjuo,"CRSR: Overlooked, left forgotten in my parents basement. Time to finish up my hentai marathon.",3,2021-01-12 12:25:00
gizkxy1,t3_kvjjuo,"Ok you got a snort and a few chuckles early, but from F on down I was basically hyperventilating. Good work man",3,2021-01-12 18:39:06
gizm4ix,t3_kvjjuo,"Ah, I see someone here has been exposed to Patek Philippe marketing. A man of culture or a rap aficionado, I assume.",3,2021-01-12 18:58:49
giypkmu,t3_kvjjuo,How did you get a list of my portfolio?,3,2021-01-12 11:45:10
giyywzx,t3_kvjjuo,"That makes Melvin Capital Judas... Judas betrayed Jesus, Melvin Capital betrayed their investors.....
🧐
All fuckin in.",2,2021-01-12 13:14:10
giyzbnx,t3_kvjjuo,Half this sub belongs in the $NKLA bubble,2,2021-01-12 13:18:29
giz0a6i,t3_kvjjuo,this reminds me of myspace.,2,2021-01-12 13:28:58
giz0e1u,t3_kvjjuo,"Got into tsla at 788, out at 880, waiting to get back in. 

2002 Honda Accord here I come",2,2021-01-12 13:30:11
gizavy2,t3_kvjjuo,"For real though, how quickly will spacex ipo shoot to the moon once/if it's actually released? A day?",2,2021-01-12 15:50:56
gizzp1m,t3_kvjjuo,PLUG; I AM UP 1300% To bad it was only $100,2,2021-01-12 21:56:59
gj5evme,t3_kvjjuo,I GEUSS GOD IS REAL AFTER TODAY $GME 🚀🚀🚀🚀🚀🚀🚀🚀,2,2021-01-14 04:19:09
giyplcw,t3_kvjjuo,TSLA $1000C 1/15 in Papa Elon we trust,5,2021-01-12 11:45:21
giypk9h,t3_kvjjuo,The reference the amazon is true slowly but surely gets more and more valuable too,3,2021-01-12 11:45:05
giyqr2r,t3_kvjjuo,Watching PLTR trade sideways for weeks has been the greatest thing ever. Those retards were soooo damn loud and annoying,7,2021-01-12 11:55:42
giyxttu,t3_kvjjuo,Pltr is not a meme stock. It is a serious company and a long term stock. Don't put PLTR on the same list as GME,3,2021-01-12 13:02:30
giypozj,t3_kvjjuo,Pretty good,2,2021-01-12 11:46:14
giyqv5o,t3_kvjjuo,Yo free jack,1,2021-01-12 11:56:46
giyy5s4,t3_kvjjuo,Ok now do CHWY...my white whale.,1,2021-01-12 13:06:01
giz3t3f,t3_kvjjuo,ICLN because it’s good for mama Earth,1,2021-01-12 14:10:34
giz4l8w,t3_kvjjuo,PLTR that’s me,1,2021-01-12 14:20:18
giz9pqs,t3_kvjjuo,"As someone who bought one share of AMZN not for myself but for my younger sibling who doesn't have enough money to buy it himself, that is darned true.",1,2021-01-12 15:32:41
gizacdx,t3_kvjjuo,I want $IPOE to attain meme status. It suits all the requirements!,1,2021-01-12 15:42:20
gizhmk2,t3_kvjjuo,AMZN is the truth.,1,2021-01-12 17:41:53
gizqxj6,t3_kvjjuo,"Me: WSB is fun for the memes but the people there seem to be a bit mentally challenged
Also me: owns 4 of the stocks on this list",1,2021-01-12 20:13:18
gizuj8s,t3_kvjjuo,Patek Amzn Gang 🙌,1,2021-01-12 21:00:51
gizxez0,t3_kvjjuo,"No BangBus, GRWG, or LAZR?",1,2021-01-12 21:33:39
gj0tklu,t3_kvjjuo,Hahaha I am balls deep in MT right now and that description fits me 100%,1,2021-01-13 02:02:13
gj1oido,t3_kvjjuo,"Hi my name is Colonal Retard and I bought nikola at 18, since I have been studying at WSB UNIVERSITY and have learnt that tesla is love and tesla is right and that $crsr is 🚀🚀🚀🚀🚀🚀🚀🚀🚀🚀🚀",1,2021-01-13 05:56:19
gj1r7yt,t3_kvjjuo,"GME gang is pretty accurate... You gotta have conviction of faith to hold this stock.... Im up 35k kn this bitch but mama didnt raise no 🧻👋 bitch.....

💎💎💎👋s only bitches",1,2021-01-13 06:17:26
gj2dpmq,t3_kvjjuo,$SOLO is next,1,2021-01-13 09:30:54
gj3dmx1,t3_kvjjuo,Where is jack ma indeed,1,2021-01-13 16:03:32
giypnzw,t3_kvjjuo,🍞🚀🧀🧠💎🍞🚀🧀🧠💎,1,2021-01-12 11:46:00
giyq0pd,t3_kvjjuo,Lol,1,2021-01-12 11:49:06
giyq3we,t3_kvjjuo,I don't see SIGL anywhere on here.,0,2021-01-12 11:49:55
giz71np,t3_kvjjuo,"Get this horoscopes shit outta here

No bitches here",-1,2021-01-12 14:53:30
giyup2g,t1_giyu4tv,You've cracked the code!!!,35,2021-01-12 12:31:46
gj1r2f2,t1_giys45x,Obituaries just read $ROPE,3,2021-01-13 06:16:12
giyrlm0,t1_giyplzj,Till or through?,15,2021-01-12 12:03:19
gizkri5,t1_giyplzj,"Shares going to unlock and drop it to 15-20.

 🚀💥",3,2021-01-12 18:36:01
gizryww,t1_giyplzj,Honestly holding till 50 or 2 years whatever comes second.,2,2021-01-12 20:27:47
gizaasg,t1_giyva6m,Laying low bud,7,2021-01-12 15:41:38
giz8iyd,t1_giysmpw,That mattress company?,5,2021-01-12 15:14:55
gj01fhk,t1_gizavy2,Assuming they have not physically reached Mars by then,1,2021-01-12 22:13:33
giyrbqb,t1_giyqr2r,Saying something like this about PLTR before February just means your hands are made of kleenex,29,2021-01-12 12:00:49
giyy55u,t1_giyxttu,"Sir, this is a Wendy's",27,2021-01-12 13:05:50
gizf22a,t1_giyxttu,"it's a meme

it's gonna make me meme rich",9,2021-01-12 16:58:28
gj1qv26,t1_giyxttu,You take that back you communist retard.... We're going to send you a post card from the moon that way you can at least get a chance to see what it looks like 🔫🔫 pew pew shots fired,1,2021-01-13 06:14:37
gj25w43,t1_giyxttu,Okay but I still don't know what they actually do.,1,2021-01-13 08:20:48
giyzkob,t1_giyup2g,"Pltr 💎🍆, my pull out game weak like my ability to stimulate my waifu",17,2021-01-12 13:21:10
giysxll,t1_giyrlm0,yes,30,2021-01-12 12:15:20
giz15r8,t1_giyrlm0,"Judging by snowflakes lockup perf, I’m easy holding. 

Expecting dip due to fear before lockup expires, so might get more shares and keep selling calls to make up any further dip.

Either that or they explode with Thiel waiting to scoop up more holdings.",10,2021-01-12 13:39:01
gizshsa,t1_gizkri5,[deleted],1,2021-01-12 20:34:55
gizw9yu,t1_gizkri5,"Highly doubtful
And i only say this because I can't find a single similar situation to confirm that possibility",-1,2021-01-12 21:21:17
gizh6lv,t1_gizaasg,"He couldn’t send a tweet or something and say “hey, I’m alive, it’s all good guys”???",4,2021-01-12 17:34:20
gj0myvi,t1_giz8iyd,lol i'll never forget the DD that called them a TECHNOLOGY company because they had just bought a second mattress making machine.,5,2021-01-13 01:12:51
gizutg6,t1_giz8iyd,Comfort innovation company! They’re a tech company same as Tesla!,2,2021-01-12 21:04:20
giywu1b,t1_giyrbqb,"One ply and wet. 

Diamond hands go home and fuck the prom queen.",6,2021-01-12 12:52:24
gj2d9ws,t1_gj25w43,"I heard they make rockets or something??? Maybe like spacex? But what do I know, I'm only a PLTR shareholder 🤷‍♂️ 🚀🚀🚀🚀🚀",2,2021-01-13 09:26:55
giyugez,t1_giysxll,This is the way,5,2021-01-12 12:29:30
gizun36,t1_gizshsa,I really don’t want pltr to go 20 or below either,3,2021-01-12 21:02:10
gizxh7z,t1_gizw9yu,💥 💥  💥  💥  💥  💥,1,2021-01-12 21:34:19
gizhmbv,t1_gizh6lv,"Nope, then he would not be lying low anymore",9,2021-01-12 17:41:46
gj0yao3,t1_gj0myvi,"TeChNOLgyYY  =>  9,001 P/E",1,2021-01-13 02:37:43
giyx51e,t1_giywu1b,Is that a The Rock reference? A man of culture I see 🧐,3,2021-01-12 12:55:28
gj2eyj8,t1_gj2d9ws,Oh I should've mentioned I own some shares too. I don't let my ignorance stop me from hopping on this rocket 🚀,1,2021-01-13 09:42:15
gj25nm5,t1_gizhmbv,Why is he lying now?,1,2021-01-13 08:18:45
