comment_id,comment_parent_id,comment_body,comment_score,created_utc
gmyjdez,t3_lhp50l,"Someone said this earlier, and I liked it:

If more than 50% of the topics on WSB are stocks you hold, it's probably time to sell.",284,2021-02-12 01:21:26
gmymeii,t3_lhp50l,"Lmao I literally wokeup this morning premarket, saw they were +20-30% and was like “oh let me just cash these out cause I feel like this will end badly” went back to sleep and then when I woke up again they were at like -40% and feel like I dodged a bullet. My portfolio cant afford another hit when I’m already 💎🙌🏼 GME BITCHES",109,2021-02-12 01:42:08
gmyh7pd,t3_lhp50l,">  diversify your portfolio

I only bought the most memeworthy stock, TLRY. 

> Liquidity Check

Yes I hydrated. 

> IV Percentile

Volatility in weed stocks is good, means they will ""light up""

> Options strategy 

My strategy is to take out student loans and use them to buy weed options that expire at the end of the week

> Strike Price

I always buy the farthest OTM so I stand to gain the most money",150,2021-02-12 01:06:27
gmyovdb,t3_lhp50l,"Got into APHA Tuesday, small position, had doubts. When it spiked the next morning I closed out up 50%.

It kept going up, then after a small retrace, my lizard brain, filled with bias, whispers... it's go time...

I get back in at 10x position size and watch it close up that day.

At open today, the -15% stop loss I had on it triggered.  Initially saved me from being down like -35%

HOWEVER -lizard brained- I went back in thinking its a temporary retrace again so I'm getting a discount.  So... siting at -10% now, so a bit over -20% overall.

Pleas fly again.",36,2021-02-12 01:58:57
gmyit40,t3_lhp50l,"I went from all in calls to all in puts, lost a bit on APHA but I’ll get over it.",21,2021-02-12 01:17:32
gmz2p0s,t3_lhp50l,"This guy literally predicted this shit and saved a lot of people from fucking up. 

https://www.reddit.com/r/wallstreetbets/comments/lhf2qw/how_a_shortgamma_squeeze_on_tilray_is_causing_the/?utm_source=share&utm_medium=ios_app&utm_name=iossmf",12,2021-02-12 03:35:20
gmyovae,t3_lhp50l,"Sold APHA at  $23 today, could had sold for $30 yesterday. Not too bad since I bought for $9.",11,2021-02-12 01:58:56
gmyhx2k,t3_lhp50l,These will come back. You have losers taking losses and shorts taking profits. They won't come back tomorrow obviously but they'll be coming back up before you know it. Weed and psychedelic year for sure. Obvious pump and dump but they'll make a comeback.,48,2021-02-12 01:11:20
gmznecr,t3_lhp50l,I purchased Aphria like a month ago at $13 and this week saw it jumping up and was happy. Bought like 4 more cause I’m poor and come to find out it was all the tards on here pumping weed stocks because someone posted their gains,6,2021-02-12 06:03:34
gmzbtm5,t3_lhp50l,"Not feeling the FOMO anymore, FOMO cured",5,2021-02-12 04:39:48
gmyxuaz,t3_lhp50l,"Just to be clear, it’s fairly impossible to bet on options when I only have a few hundred to throw around, correct? I’m fine with losing money, it’s practice, and this is how we learn— it’s my tuition. I’ve just been trying to figure out the simplest and cheapest way to practice with options. Like find a call that’s only .10¢ a share? Drop 10 bucks here and there on puts? It’s still not clicking for me on how it all works. But thanks to this great post I’m getting there. Reminds me of learning poker.",5,2021-02-12 03:01:10
gmygtyx,t3_lhp50l,"Sir, this is a GameStop dispensary.

*I am a bot, and this action was performed automatically. Please [contact the moderators of this subreddit](/message/compose/?to=/r/wallstreetbets) if you have any questions or concerns.*",29,2021-02-12 01:03:49
gmyjmmj,t3_lhp50l,"I sold all my SNDL at the top today.  These momentum stocks are crazy.  If you see them early enough and then realize that they're gonna tank pretty much the next day, you can make some money.  But damn people need to be careful.  Every person I know IRL except 1 has bought all these momentum stocks at the top.  A day after I tip them off.",24,2021-02-12 01:23:12
gmz95tz,t3_lhp50l,"Are we in the inverse WSB phase again huh?

From Tesla to this, it goes in waves.",4,2021-02-12 04:21:00
gmyv8wu,t3_lhp50l,Inverse WSB looking like an actual strat.,5,2021-02-12 02:43:21
gmzvc0h,t3_lhp50l,"Lost 11k over the past to days

Stay strong boyos",3,2021-02-12 07:05:14
gmzd93h,t3_lhp50l,No way this doesn’t bounce back after such a huge sell off. Like this is a bit extreme.,3,2021-02-12 04:50:03
gmz5vl7,t3_lhp50l,You have FOMO?  Look at TLRY,3,2021-02-12 03:57:31
gn0l687,t3_lhp50l,"I went in on SNDL, gained 1300. Then transferred to APHA as ppl said SNDL was a pump n dump but APHA has long potential. And lo and behold I lost 150 before thankfully the stop-loss kicks in.",2,2021-02-12 10:47:02
gmykejc,t3_lhp50l,Alpha is already recovering and going up. Buy the dip now folks. I doubled just my position on apha!,17,2021-02-12 01:28:29
gmzqvlx,t3_lhp50l,"I'm not really complaining about SNDL, I bought 450 share at .33 a pop, so as long as it stays above that I'm good.",2,2021-02-12 06:30:24
gmzjrd6,t3_lhp50l,Yea I closed APHA at a 350% gain because this sub mentioned it. Also MU is up.,2,2021-02-12 05:36:36
gmzbfvr,t3_lhp50l,Just cashed out... with 8 dollars profit. Was up 300 dollars yesterday. Damn!!,2,2021-02-12 04:37:05
gmz3kd8,t3_lhp50l,I bought in expecting pot heads to blindly buy it then sold at the peak and shorted it. I only wish I jumped in earlier I could have made 20K,2,2021-02-12 03:41:26
gmyxs1j,t3_lhp50l,"Classic Buy High Sell Low, WSB way",2,2021-02-12 03:00:43
gmyojql,t3_lhp50l,Great post. Saving it for future reference.,2,2021-02-12 01:56:47
gmyo13z,t3_lhp50l,I didn't realy lose anything with sndl actually made some profit but I'm in the red now on apha which isn't too bad since it should go back up,2,2021-02-12 01:53:13
gmyr0wz,t3_lhp50l,[deleted],7,2021-02-12 02:13:56
gn2kz29,t3_lhp50l,"I saved this, this is really helping me get into trading and research based on my own opinions and findings",1,2021-02-13 00:16:15
gn0z4wc,t3_lhp50l,I’ll go further than one line when you understand how to properly use punctuation marks.,1,2021-02-12 12:57:05
gn084gg,t3_lhp50l,Ill stick with WeedMD and see where the stock takes me.,1,2021-02-12 08:52:35
gn06gz4,t3_lhp50l,Paid Melvin shill here. Just came here to offer support for people who didn't buy GRSO with their shill money.,1,2021-02-12 08:38:22
gn056uv,t3_lhp50l,"Can't buy at the top when you blew all your money on GME. 

Disclaimer: I eat crayons with my average basis of $29.95.",1,2021-02-12 08:27:14
gn00vp0,t3_lhp50l,[removed],1,2021-02-12 07:50:30
gn00rqj,t3_lhp50l,[removed],1,2021-02-12 07:49:37
gmzz0up,t3_lhp50l,"Day Traders- trying to snipe .5% 10,000 shares at a time.",1,2021-02-12 07:35:09
gmzumh6,t3_lhp50l,[removed],1,2021-02-12 06:59:38
gmzsjjq,t3_lhp50l,[removed],1,2021-02-12 06:43:22
gmznnmz,t3_lhp50l,I've been long in a specific weed stock buying for the last year and a half while it kept going down and it bottomed out at .07-.08 $cad and yesterday it got up to .18... please pump that shit up guys hahahaha,1,2021-02-12 06:05:32
gmzndvz,t3_lhp50l,"I bought into they hype cause ""legislation is coming"". I did try to do some research on seeking alpha but I couldn't make sense of the numbers, so I decided I'd throw 2 bills at two of the stocks that had been buzzing. I was up and set a sell order but I got greedy. Live and learn I guess. Good write up though.",1,2021-02-12 06:03:28
gmzdmna,t3_lhp50l,My butthole hurts,1,2021-02-12 04:52:45
gmza31y,t3_lhp50l,I made $7!,1,2021-02-12 04:27:32
gmyzu92,t3_lhp50l,"Just double mask and get your vaccine already, will ya?",1,2021-02-12 03:15:19
gmyzjpf,t3_lhp50l,This is an excellent guide/reminder for people. Thank you for putting the time and effort into this post.,1,2021-02-12 03:13:14
gmyr6p6,t3_lhp50l,I STRUGGLED thru a day trade that toughness into a3 week swing with tilray Around 19 and finally got it with a small prodit. Then this bullshit yesterday that I missed,1,2021-02-12 02:15:03
gmyhzl7,t3_lhp50l,"This is WSB, not a support group",3,2021-02-12 01:11:49
gmypnqt,t3_lhp50l,I tried to post a chart that shows the hedgie shorts on large company stocks. That was a no go.,1,2021-02-12 02:04:21
gmyp2wj,t3_lhp50l,"Uh-oh, here it comes...",1,2021-02-12 02:00:22
gmynqfi,t3_lhp50l,Sold TLRY 17.5 calls that expire in March to buy GME. Its too sad for me to want to fomo into Weed stocks. If this dip continues might put some skin into the game.,1,2021-02-12 01:51:12
gmylc2l,t3_lhp50l,This is the way !,2,2021-02-12 01:34:54
gmynq5y,t3_lhp50l,So my PLTR 02/12 48c probably won’t print. Got it.,1,2021-02-12 01:51:09
gmyhmdg,t3_lhp50l,Sold this morning for a gain. just bought 2 apha 1/21/22 $5 calls for $14 will average down if i keeps going down. This is easy money if tlry can hold above $25,2,2021-02-12 01:09:17
gmz2iqp,t3_lhp50l,"I learned hard from GME, was up 20k at some point and diamond handed back down to 5.8k which I sold this Monday. Now I learned and hard and reflected what trader I want to be, 4 days later and I’m up to 7.2k by sticking to my shit. Thanks 🙏",1,2021-02-12 03:34:04
gmyhbav,t3_lhp50l,Head over to psychedelic stocks: LKYSF (NUMI) and RVVTF. You’ll be fine.,0,2021-02-12 01:07:10
gmyjyea,t3_lhp50l,"Cannabis farmers start new grows in February with the sun naturally flipping (flowering) them about September. You cannot really sell much during those months prior, unless you're growing hydroponically, selling seeds, or selling clones of the new seedlings. 

Try it out in your own grow tent/gardens. Set a timer to mimic sunrise/sunset and start a grow now of anything like tomatoes, greens, lettuce, or anything of the sort.",-2,2021-02-12 01:25:26
gmyns7g,t1_gmyjdez,Inverse WSB positions used to print lol.,115,2021-02-12 01:51:32
gmyplv5,t1_gmyjdez,"Made 800% going up, and when I found out you retards were jumping in, I made 400% on it going down. This sub has turned into a pump and dump scheme that’s very easy to predict. 9 million people chasing money with their life savings. I love it.",107,2021-02-12 02:03:59
gmz3wu6,t1_gmyjdez,"I sold SNDL when I saw the $4 opening drop to $2.80 in a matter of minutes, and then how much volume there was plus the halt.",3,2021-02-12 03:43:50
gn0inwg,t1_gmyjdez,I had both APHA TLRY before this sub got it's teeth in it. Also I haven't been reading here lately. Should of sold but I didn't.im ahead still tho.,2,2021-02-12 10:24:48
gmyw9hd,t1_gmymeii,I had these stocks before the recent buzz and I went to sleep happy now I wake up a sadboi. Luckily I bought lower than they are now. I figured we had at least one more day of greeeeeen babyyyy.,19,2021-02-12 02:50:19
gmz4h6u,t1_gmymeii,I've been holding my weed stocks.for 2 years seeing the spike was fun but even after the pull back I'm still up. This spike didn't get close to my cash out price,9,2021-02-12 03:47:45
gn0qsg7,t1_gmymeii,"You are like the anti-me. I looked at the top and literally said to myself, ""Every time I worry that I'm going to miss out on the big action if I take profit now, it's the top. I should cash out now. Ah, fuck it, YOLO, I'll let it ride a few more hours.... in fact, lemme buy a call right here, it'll feel good when I wake up."" Fortunately I didn't ape in very much to begin with, I wasn't THAT retarded.",2,2021-02-12 11:36:46
gmyhvdp,t1_gmyh7pd,This is the way,23,2021-02-12 01:11:01
gmyprv0,t1_gmyh7pd,">My strategy is to take out student loans and use them to buy weed options that expire at the end of the week

You belong here.",7,2021-02-12 02:05:09
gn34u7p,t1_gmyh7pd,"> I always buy the farthest OTM so I stand to gain the most money

FD Deluxe",1,2021-02-13 02:39:50
gmyuosc,t1_gmyovdb,"I was already dOwn 7k, decided to jump in and lost another 2k from weed. Can’t catch a break",13,2021-02-12 02:39:26
gn0amwh,t1_gmyovdb,There is no such thing as a discount on the stock market. The shares trade at what people value them at nothing more and nothing less. Thinking of them in “discount” is a bad mindset to have,3,2021-02-12 09:14:38
gmzvg6t,t1_gmyovdb,LMAOOOOOO,2,2021-02-12 07:06:09
gmymxqa,t1_gmyit40,Coulda sold mine at a 2k profit but held to a 500 profit smh. At least I got out in time,9,2021-02-12 01:45:45
gmyo1hg,t1_gmyit40,[deleted],-2,2021-02-12 01:53:17
gn1j8zj,t1_gmyhx2k,Yeah I wouldn’t bet on it. Could be years before these stocks reclaim yday‘s highs.,1,2021-02-12 17:23:55
gmyzk01,t1_gmyxuaz,"Buy cheap options is the quickest way to get discouraged. It is easy to get sucked in but they rarely print. If you go this route, remember a $0.10 to $0.20 rise is a doubling and you may not see better as it decays.",4,2021-02-12 03:13:17
gmyzlqq,t1_gmyxuaz,How about just trade the stocks themselves? You can learn without risking your capital lol,2,2021-02-12 03:13:38
gmyzgip,t1_gmyjmmj,"Maybe stop fucking telling people about assets experiencing unsustainable momentum? 

Especially when they dont understand trading vs investing

Youre the one setting them up for failure",11,2021-02-12 03:12:37
gmz404w,t1_gmyjmmj,Is there a sub that isnt being pump'd and dump'd hard by GME people? Shits annoying for sure.,5,2021-02-12 03:44:28
gmylarz,t1_gmyjmmj,What’s the next one...,6,2021-02-12 01:34:39
gmyq7ab,t1_gmyjmmj,Also asking for a friend,1,2021-02-12 02:08:08
gmzl1s8,t1_gmzbfvr,better $8 profit than -$300 loss,4,2021-02-12 05:46:04
gmz9xg4,t1_gmz3kd8,[deleted],7,2021-02-12 04:26:25
gn00vpu,t1_gn00vp0,"To avoid new account spam, your account has been blocked from posting until you get more karma. Do *not* message the mods.

*I am a bot, and this action was performed automatically. Please [contact the moderators of this subreddit](/message/compose/?to=/r/wallstreetbets) if you have any questions or concerns.*",1,2021-02-12 07:50:31
gn00rrz,t1_gn00rqj,"To avoid new account spam, your account has been blocked from posting until you get more karma. Do *not* message the mods.

*I am a bot, and this action was performed automatically. Please [contact the moderators of this subreddit](/message/compose/?to=/r/wallstreetbets) if you have any questions or concerns.*",1,2021-02-12 07:49:37
gmzumij,t1_gmzumh6,"Your account is too new. You will be eligible to start posting tomorrow. If your post still doesn't go through tomorrow, read this message again.

*I am a bot, and this action was performed automatically. Please [contact the moderators of this subreddit](/message/compose/?to=/r/wallstreetbets) if you have any questions or concerns.*",1,2021-02-12 06:59:38
gmzsjlp,t1_gmzsjjq,"To avoid new account spam, your account has been blocked from posting until you get more karma. 

*I am a bot, and this action was performed automatically. Please [contact the moderators of this subreddit](/message/compose/?to=/r/wallstreetbets) if you have any questions or concerns.*",1,2021-02-12 06:43:23
gmz2jrc,t1_gmz2iqp,No problem.,1,2021-02-12 03:34:16
gmymtdu,t1_gmyjyea,They grow indoors.,8,2021-02-12 01:44:54
gmyp5zq,t1_gmyns7g,The old SPY days,30,2021-02-12 02:00:57
gn07po3,t1_gmyns7g,Those days are back i think,13,2021-02-12 08:49:02
gmyr1tx,t1_gmyplv5,"You’re an idiot if you think 9 million people are even investing in the shit posted here, let alone their life savings.",79,2021-02-12 02:14:07
gmzzci6,t1_gmyplv5,I don’t think they understand that you actually have to put in work to separate the good from bullshit and think critically to identify opportunities.,5,2021-02-12 07:37:51
gmyzoma,t1_gmyplv5,I need to learn how to bet against. Seems like a real easy way to make cash against these shiny penny idiots.,3,2021-02-12 03:14:12
gmyxu4v,t1_gmyplv5,There has been around 200k active users on WSB during market hours this week. Over 8 million Subbed. During Peak GME we have 1-1.5 million active on the Sub during market hours and after hours. A majority of the people here for GME are long gone and just didn’t unsub or simply lost their stimulus check and haven’t been back.,7,2021-02-12 03:01:08
gn1r22b,t1_gmyplv5,I actually like pump and dumps .,1,2021-02-12 19:26:57
gmza2jt,t1_gmz3wu6,There was quite a large volume trading during early morning. Ya usually only see thousands traded in the AM. Not the millions per hour,2,2021-02-12 04:27:26
gmzdkwk,t1_gmz4h6u,"I've been holding since the election results and seeing the gains and subsequent falls has not been cool.

I literally took Mon-Wed off from the market and work and like I had cleared most of my short term gains and was like oh I'll ignore the market since I don't have any volatile stocks.

...well that fucking changed.",4,2021-02-12 04:52:24
gmz70v7,t1_gmz4h6u,"I’ve been holding some for 2 years and I still haven’t recovered those. Oh 20% day on ACB or MJ? Still -80%. I don’t have much money in them, otherwise I wouldn’t just let them sit to rot.",2,2021-02-12 04:05:41
gmyi3oo,t1_gmyhvdp,"What does ""margin call"" mean?",15,2021-02-12 01:12:37
gmyj91g,t1_gmyhvdp,This is the way.,3,2021-02-12 01:20:37
gmzvigz,t1_gmyo1hg,No one cares about 300$,1,2021-02-12 07:06:39
gn1y4hf,t1_gn1j8zj,Lmao,0,2021-02-12 21:00:01
gmz35tm,t1_gmyzk01,"Dude I’m fully ignorant on this front. I’m not an idiot. I’m not a kid I’m a grown man but I just don’t have the knowledge. I’m not greedy, or desperately looking for a get rich quick scheme. It’s fun. I like it as a hobby and if I can make some money cool. BUT— I just don’t understand the mechanics. If there’s a contract for a stock that’s $1 and the shares are .10¢ a piece. That’s a $10 contract, say it expires in one week and the strike price is $1.50. If it hits $2 before that expiration date— I exercise the call and make $100. AM I UNDERSTANDING THIS. Do I have to buy the hundred shares then and sell them myself?",1,2021-02-12 03:38:36
gmz4537,t1_gmyzlqq,I’m doing that too,2,2021-02-12 03:45:25
gmz5j5e,t1_gmz404w,"For sure, but I'm not about to link them here.  No one should.  That should be a bannable offense.",1,2021-02-12 03:55:08
gmyqqcm,t1_gmylarz,Your mom,4,2021-02-12 02:11:51
gmz1sdh,t1_gmylarz,"Payless Shoes to the moon

🚀👞🌝 👞🚀",4,2021-02-12 03:28:56
gmzf0sh,t1_gmz9xg4,That's seems like more work than shuffling stocks.,1,2021-02-12 05:02:41
gmyoh8c,t1_gmymtdu,"The purpose of a greenhouse is to control temperature and humidity, not the sun. The flowering process starts because of the sun. The yield of a cannabis plant grown from February to October is still much larger than the yield of a plant grown on a standard 60-90 day cycle.",0,2021-02-12 01:56:18
gn0irv9,t1_gn07po3,Yeah it’s hard to filter out the noise from newer members who think this is r/investing.,6,2021-02-12 10:25:48
gmys05y,t1_gmyr1tx,More than half of those are people that subed during GME run and probably don’t have a cent invested or care to even click this sub now,41,2021-02-12 02:20:41
gmysnw0,t1_gmyr1tx,"I’m definitely an idiot, but yeah with how much exposer this sub has received - 9 million viewers is probably accurate and after gme everyone has some skin in the game and the new traders are looking for their next fix.",1,2021-02-12 02:25:15
gn085zn,t1_gmyxu4v,They'll have another $1400 to YOLO soon,3,2021-02-12 08:52:57
gmzn13m,t1_gmzdkwk,Same boat. Tried to promise myself I wouldn’t look today and I was up $200. Got a text saying the stock was blowing up on Reddit and it immediately started tanking. Just might delete the app for a few weeks. A month of gains lost in a day. Gotta 💎🙌🏼 this bitch now.,5,2021-02-12 06:00:44
gmze68u,t1_gmzdkwk,"This is a blip, just diamond hand",-1,2021-02-12 04:56:38
gmyj4ew,t1_gmyi3oo,Similar to “spam call” or “account services” basically you just don’t pick up and/or ignore and they eventually stop calling..,35,2021-02-12 01:19:43
gmyizr0,t1_gmyi3oo,They're calling to give you some margin! I don't know what kinda sauce that is but sounds good to dip mozzarella sticks in,13,2021-02-12 01:18:49
gmyr773,t1_gmyi3oo,"They said ""Margarine Call"". You're supposed to make toast or bagels.",5,2021-02-12 02:15:08
gmzejqp,t1_gmyi3oo,When you are really drunk at the bar in the NYSE basement and you slur out a request for more gin in your G & T.,3,2021-02-12 04:59:19
gmzzm9e,t1_gmyi3oo,You have to experience it to really know,1,2021-02-12 07:40:07
gmzplf9,t1_gmyi3oo,It's that fake butter stuff.,1,2021-02-12 06:20:24
gmz86zd,t1_gmz35tm,"You have it generally right. However, you don't have to actually execute an option if you buy. You can sell the option at any time. You also don't need to diamond hand them until they expires as worthless. Did I buy puts for SNDL this morning and flip them at 50% mark up 30 minutes later... yes I did because I like that return rate. I also have had a lot of vaccines... 

You are unlikely to find much value in $0.10 options. You are also unlikely to find good value at $1 stocks. The reason, stocks less than a dollar run the risk of delisting from major exchanges, which is not bueno. Don't spend your time kicking around stocks just because they are cheap. If you want to trade options (a generally terrible idea, but god I love them), look for things YOU think are likely to move big in one direction or the other and buy something that actually has a chance to end ITM. Keep in mind I am/nor is anyone here your financial advisor. Play these games with money you can afford to lose and not care about. If $100 is a lot, DON'T DO IT. If you are learning, I highly recommend stock purchases. Why? if you are wrong, you won't BK on your first roll of the dice because you actually own something that is probably not going to drop to zero in a week. An option that goes tits up expires worthless (or maybe -80% when you throw in the towel).

One more note: read a lot! there are a lot of complex option strategies you can execute to limit risk (also limits rewards). There are also ones that create mega risk (avoid these unless you have cash to burn). There are people who know a lot more than me here and you can learn many new things. However, there are a lot of idiots who know nothing (like me) who shout terrible advice and have no idea what they are talking about. Read the responses and read for yourself. There are terrible ideas that get downvoted and there are smart things being said that are also being downvoted. You are dealing with irrational 16 year olds potentially who have no clue what's up. Like",6,2021-02-12 04:14:06
gmzan8j,t1_gmz35tm,"You have 1 of 2 choices:

1. “Exercise the option”. This means you actually buy 100 shares at $1.50. You can hold on to these shares, or immediately sell them. In the above example, you would buy 100 shares at $1.50 (-$150). You could sell these shares immediately for (+$200). Your profit would be $200-$150-$10(the price you paid to purchase the option)= $40.

2. You can sell the option itself, which is now likely worth at least $40. This choice is usually preferable and does not require you to actually buy the 100 shares.

To learn more, I would recommend watching a guy called InTheMoney on Youtube, he’s very well spoken and does videos for all “skill levels”.",6,2021-02-12 04:31:30
gn0v77z,t1_gmz35tm,"My complete, 100% newb undestanding of options, but coming from a strongly analytical background in other fields that involve probability, is this: options allow you to play with the risk/reward profile of a stock.   


If you're pretty certain a stock is going to rise past a certain point, you shift all the reward above that point (higher payouts than just buying & holding, if it goes above that price) and all the risk below that point (much greater losses than if you just bought and held to the same price, for prices below that point). And it gets more complicated from there. For instance, you can shift the risk/reward so it pays off if the stock moves more than a certain amount in either direction, and only lose money if it moves less than that amount. You can change it so your losses are fixed... you lose if the stock moves against you at all, but the amount you lose doesn't depend on how far against you it moves.  There's a million variations.  


But if you don't have a pretty good idea of where the stock is going, options aren't going to help you, because you can't change the *overall* risk/reward to make it more favorable to you overall. You can only change it to make the risk/reward more or less favorable within certain pre-selected price ranges, and if you're wrong, the loss is going to be proportionally higher, because you can't eliminate risk, you can only move it out of the way to where you think the price won't be.  


I think the easiest way to understand it is to look up ""beginner options strategies"" on Google, and look at some graphs that show you how the different options change the risk/reward of a trade compared to just buying the stock. I actually downloaded an option grapher into Excel (google *corporate finance institute option graph excel*) and played with it for hours, that helped a lot.   


The only other thing worth saying is, options differ from buy & hold in that it only matters where the price is by a certain date. If you usually trade with stoplosses, and the price dips below your stoploss, you lose the trade. With options, *sometimes*, it's se up so your only possible loss is the money you paid upfront for the option, so you don't need stoplosses after that, either it's worth something by expiration or it's not, and no other movements matter, even if it temporarily dropped to zero the meantime. Geneally, this costs you some profits, but as someone who gets stopped out of a lot of trades at the bottom only to watch price immediately recover, I see the appeal in this.   


Whew, didn't mean to write a novel. I actually only knuckled down and learned all this stuff yesterday, so I'm kind of explaining it to reiterate it to myself, too.  I just made my first option trade last night. If SNDL is over $3.50 by market close tomorrow, I'll make some good money. What are the odds?",1,2021-02-12 12:17:52
gmz6p45,t1_gmz5j5e,LOL agreed I was more hoping for a PM with a place I dont have to decode emojis like Im a fucking Egyptian Anthropologist for retards.,3,2021-02-12 04:03:21
gmz4afi,t1_gmyqqcm,pump and dump,3,2021-02-12 03:46:26
gmyuh75,t1_gmyqqcm,thanks i’ll look into it,2,2021-02-12 02:37:56
gmyyznn,t1_gmyoh8c,That is what the lights are for. I live in Colorado and have friends growing large operations. All indoors and all artificial light. The get energy from solar on the roof but they do not grow via sunlight. They seem to being doing fine in regards to quality and yield.,3,2021-02-12 03:09:18
gmzatcf,t1_gmys05y,I'm stillclicking the sub but yeah not investin lol,7,2021-02-12 04:32:42
gmzkp0h,t1_gmys05y,"actually joined for the rush, didn't buy GME because college poor fuck, actually started to learn some stuff, this is fun",5,2021-02-12 05:43:23
gmyuhfp,t1_gmysnw0,"No, it’s not accurate. Look at the number of people online every day, it’s not even 1 million, let alone nine. They might have subscribed to the subreddit but that doesn’t mean that they’re investing based on what the idiots in the sub Reddit say, especially after how much it’s gone downhill in the past couple of weeks. And of that group, the vast majority aren’t putting in more than they can afford.",14,2021-02-12 02:37:59
gmykn6q,t1_gmyj4ew,Just like debt collectors. Just ignore and they’ll go away,27,2021-02-12 01:30:08
gmzb3qa,t1_gmz86zd,"thank you man, I get it. I just need a simple start. Not even to make money, just to learn the ropes a bit. Appreciate the response",2,2021-02-12 04:34:42
gn06sjz,t1_gmzan8j,"Thank for very much for the response. That guys videos are what started my interest about a year ago. There just certain “mechanisms of action” that I don’t understand sometimes, and if I don’t know what one single concept is— the rest of the video doesn’t make any sense. If that makes sense. Thanks again!",1,2021-02-12 08:41:08
gmzc7yw,t1_gmz6p45,"Bruh how do I know you're not a bot.  HUH!?  Fuckin Melvin.

Need some reddit meta before we can proceed",2,2021-02-12 04:42:41
gn1svqb,t1_gmyuh75,Err: can’t find URMOM in NYSE,1,2021-02-12 19:53:48
gmz2k6f,t1_gmyyznn,"I've seen those too, but could those operations be the baseline of the product supply with a large portion especially in California continuing to be farms? The licensing fees are insane for a portion of the market in some states, allocating between cultivation, transportation, sales, etc... so I can see a lot of farmers toughing it out through the bugs, humidity change, temperature, rain if lucky, in order to start with the land they already own. There could also be additional regulations in some states or licensing fees for a grow facility. 

How much was  your friends startup fees in Colorado? How much did they pay for their large facilities? How much were the cost of tanks, lights, pumps, tubing, air stones, soil/coco, perlite, nutrients, and anything of the sort?",1,2021-02-12 03:34:22
gmzsgda,t1_gmzkp0h,You're not learning shit here. If you want to learn go to tastytrade it's free learning and they do live shows everyday trading the market.,6,2021-02-12 06:42:42
gmyuxyn,t1_gmyuhfp,"I think you’re looking at online as a concrete stats for how many viewed this sub on any given day. The amount of viewers is insane. Even if you have 750k concurrent users... that’s insane. And most of us are trading, yolo or not. You’re not in WSB if you like looking at nature pictures.",3,2021-02-12 02:41:15
gmze2l4,t1_gmzc7yw,"NOT A BOT! YOUR A BOT!!!

Lmao I hear you though. What kind of meta were you thinking?",1,2021-02-12 04:55:55
gn0hj4a,t1_gmzsgda,"Oh i learned nothing here, this jusy put my interest in the direction of reading about the market and trading lmao, nonono i would not come here for advice, we are all autists here",2,2021-02-12 10:14:47
gn0axat,t1_gmzsgda,"I learned quite a bit, easy when you know nothing",1,2021-02-12 09:17:09
gmyvpx4,t1_gmyuxyn,"I’m not disagreeing that there’s a lot of people here, there is. It’s just not 9 million people trading each day on the advice of the sub Reddit, and once again, most of them are not putting in insane amounts.",7,2021-02-12 02:46:35
gn0b15i,t1_gmyuxyn,">You’re not in WSB if you like looking at nature pictures.

I'll just.. move out.. then...",2,2021-02-12 09:18:05
gn07wdv,t1_gmyuxyn,"Hey, i love looking at nature pictures ***AND*** gambling an entire year's salary on 0dte calls",1,2021-02-12 08:50:40
gmyxt3w,t1_gmyvpx4,"I agree with that. I just think that 1 man with a billion is as powerful as a billion with one dollar. Although that’s an extreme example, I feel like a lot more people take advice from these subs then we think because the reach is further than we know. But yeah, I was saying a little much by stating their life savings and shit. But I see where you’re coming from.",2,2021-02-12 03:00:56
