comment_id,comment_parent_id,comment_body,comment_score,created_utc
gx46o3o,t3_n5zalq,Nobody is gonna read this book of text,6,2021-05-06 12:41:01
gx46qot,t3_n5zalq,Puts on $SOS ?,6,2021-05-06 12:41:51
gx46ruh,t3_n5zalq,GLXY,2,2021-05-06 12:42:14
gx47tde,t3_n5zalq,Daisy Domergue ain’t to be trusted partner.,1,2021-05-06 12:54:23
gx46qle,t1_gx46o3o,They already are.,-4,2021-05-06 12:41:49
gx47m4n,t1_gx46qot,$RKT redemption,2,2021-05-06 12:51:58
gx48t25,t1_gx47tde,Lol...?,1,2021-05-06 13:06:22
gx48y6y,t1_gx48t25,Just google Daisy Domergue for reference.,1,2021-05-06 13:08:07
gx4982u,t1_gx48y6y,Lol!,1,2021-05-06 13:11:27
