comment_id,comment_parent_id,comment_body,comment_score,created_utc
hmxtajq,t3_r79i4i,"
**User Report**| | | |
:--|:--|:--|:--
**Total Submissions**|2|**First Seen In WSB**|3 weeks ago
**Total Comments**|0|**Previous DD**|
**Account Age**|10 months|[^scan ^comment ](https://www.reddit.com/message/compose/?to=VisualMod&subject=scan_comment&message=Replace%20this%20text%20with%20a%20comment%20ID%20(which%20looks%20like%20*h26cq3k*)%20to%20have%20the%20bot%20scan%20your%20comment%20and%20correct%20your%20first%20seen%20date.)|[^scan ^submission ](https://www.reddit.com/message/compose/?to=VisualMod&subject=scan_submission&message=Replace%20this%20text%20with%20a%20submission%20ID%20(which%20looks%20like%20*h26cq3k*)%20to%20have%20the%20bot%20scan%20your%20submission%20and%20correct%20your%20first%20seen%20date.)
**Vote Spam (NEW)**|[Click to Vote](https://www.reddit.com/message/compose/?to=VisualMod&subject=vote_spam&message=r79i4i)|**Vote Approve (NEW)**|[Click to Vote](https://www.reddit.com/message/compose/?to=VisualMod&subject=vote_approve&message=r79i4i)",1,2021-12-02 23:10:04
hmxtdzm,t3_r79i4i,Index fund,3,2021-12-02 23:10:44
hmxteu3,t3_r79i4i,Yes investing in actively managed funds generally underperforms the S&P 500 in the long run,1,2021-12-02 23:10:54
