comment_id,comment_parent_id,comment_body,comment_score,created_utc
hjkjs0s,t3_qo4gnp,"
**User Report**| | | |
:--|:--|:--|:--
**Total Submissions**|1|**First Seen In WSB**|9 months ago
**Total Comments**|3|**Previous DD**|
**Account Age**|1 year|[^scan ^comment ](https://www.reddit.com/message/compose/?to=VisualMod&subject=scan_comment&message=Replace%20this%20text%20with%20a%20comment%20ID%20(which%20looks%20like%20*h26cq3k*)%20to%20have%20the%20bot%20scan%20your%20comment%20and%20correct%20your%20first%20seen%20date.)|[^scan ^submission ](https://www.reddit.com/message/compose/?to=VisualMod&subject=scan_submission&message=Replace%20this%20text%20with%20a%20submission%20ID%20(which%20looks%20like%20*h26cq3k*)%20to%20have%20the%20bot%20scan%20your%20submission%20and%20correct%20your%20first%20seen%20date.)
**Vote Spam (NEW)**|[Click to Vote](https://www.reddit.com/message/compose/?to=VisualMod&subject=vote_spam&message=qo4gnp)|**Vote Approve (NEW)**|[Click to Vote](https://www.reddit.com/message/compose/?to=VisualMod&subject=vote_approve&message=qo4gnp)",1,2021-11-07 01:01:56
hjkk07b,t3_qo4gnp,"You belong here, retard.",17,2021-11-07 01:03:29
hjklona,t3_qo4gnp,Why can’t you just buy fds like a normal person,7,2021-11-07 01:15:00
hjkk22t,t3_qo4gnp,Why not just use the 3x index ETFs?,5,2021-11-07 01:03:49
hjklx5e,t3_qo4gnp,![img](emote|t5_2th52|4276),2,2021-11-07 01:16:36
hjkm4ze,t3_qo4gnp,"Why not using a cfd with 20, 50 or 100x?",2,2021-11-07 01:18:04
hjkn14h,t3_qo4gnp,Why not do Goog leaps?,1,2021-11-07 01:24:10
hjknqh2,t3_qo4gnp,"Yes yes, bet against the money printer",1,2021-11-07 01:29:08
hjkor6y,t3_qo4gnp,3x is to much especially in a stock with talks of antitrust.,1,2021-11-07 01:36:18
hjkq3bk,t3_qo4gnp,Google was at 2876 at one point last week and also hit 3000.,1,2021-11-07 01:45:45
hjkkvpt,t1_hjkk22t,Parts of TQQQ is too frothy (Tesla) and the boomer index's won't go up enough,5,2021-11-07 01:09:28
