comment_id,comment_parent_id,comment_body,comment_score,created_utc
h7djnp3,t3_ow462h,"
**User Report**| | | |
:--|:--|:--|:--
**Total Submissions**|9|**First Seen In WSB**|1 month ago
**Total Comments**|234|**Previous DD**|
**Account Age**|1 month|[^scan ^comment ](https://www.reddit.com/message/compose/?to=VisualMod&subject=scan_comment&message=Replace%20this%20text%20with%20a%20comment%20ID%20(which%20looks%20like%20*h26cq3k*)%20to%20have%20the%20bot%20scan%20your%20comment%20and%20correct%20your%20first%20seen%20date.)|[^scan ^submission ](https://www.reddit.com/message/compose/?to=VisualMod&subject=scan_submission&message=Replace%20this%20text%20with%20a%20submission%20ID%20(which%20looks%20like%20*h26cq3k*)%20to%20have%20the%20bot%20scan%20your%20submission%20and%20correct%20your%20first%20seen%20date.)",1,2021-08-02 08:51:45
h7dqrd5,t3_ow462h,Nice write up. I love the CRISPR next level shIT sentence lol! Check out other CRISPR companies BEAM NTLA EDIT. Big week for NTLA and EDIT. 282k yolo here on EDIT,23,2021-08-02 09:54:26
h7e0n7b,t3_ow462h,"What about $COIN ? I mean, you cant forget that one",30,2021-08-02 11:23:34
h7dlo1y,t3_ow462h,This could have easily been a 2 dudes rubbing wieners story.,19,2021-08-02 09:09:41
h7dn9fk,t3_ow462h,Not the cathie nudes I wanted. But a very good review on mama cathie nether the less. Here's to your M.A.R.S theory coming ture.,31,2021-08-02 09:23:43
h7dzfi6,t3_ow462h,\*starts a slow clap\*,7,2021-08-02 11:12:18
h7fgseo,t3_ow462h,Blah blah blah Tesla starts with a 7 today and not a 6.,7,2021-08-02 21:56:21
h7dqyqc,t3_ow462h,This deserves way more love. I like your magic drawings. Please say nice things about bb next 🌚,6,2021-08-02 09:56:17
h7dtcd7,t3_ow462h,So up or down?,4,2021-08-02 10:17:04
h7gca5g,t3_ow462h,Dude putting NFLX in ARKX was a baller move. How are the astronauts suppose to entertain themselves when they are in space. They Netflix and chill in space making NFLX a space company.,4,2021-08-03 01:48:47
h7dpmg8,t3_ow462h,Where nudes?,7,2021-08-02 09:44:25
h7ft746,t3_ow462h,"I like how all the retards were simping for Cathie in this sub 24/7 until she bought HOOD and then the same users went full on incel shitting on her age, intelligence and gender because she bought an IPO stock like any other normal big investor would buy LOL

You guys never cease to amuse me",3,2021-08-02 23:32:14
h7easal,t3_ow462h,"She stinks bro. Cathie continuously underperformed before Tesla blew up. None of her analysts have a ph.d and very few have a masters. Following Cathie is a sure fire way to blow up any account

I would absolutely snort some white powder off of the creases that form on her saggy ass",8,2021-08-02 13:09:26
h7e8csx,t3_ow462h,PLTR has so much upside.,6,2021-08-02 12:41:21
h7dzcvz,t3_ow462h,"WKHS’s chart looks good. Must be that West Point MIT grad that starts tomorrow... 😙🤔

Could be Oshkosh said they might lose in court 😙🤔

Maybe those new patents😙🤔

Could be the Q2 earnings 😙🤔

They are on UPS’s webpage 😙🤔🤣😂",5,2021-08-02 11:11:36
h7dwz73,t3_ow462h,Solid TA,2,2021-08-02 10:49:40
h7dylp5,t3_ow462h,👍,2,2021-08-02 11:04:31
h7ebp52,t3_ow462h,"Fuck you, Loyod on CRSP. 5x dick size with the tech.",2,2021-08-02 13:20:20
h7ebuhs,t3_ow462h,You left out the innovation of $COIN that has done so Well Cuz ARK couldnt wait a week to buy it… even retards here Do better then that. Hell most here Are too late 🤣,2,2021-08-02 13:22:07
h7eq9gj,t3_ow462h,She dropped sklz 😣,2,2021-08-02 16:44:09
h7fl84j,t3_ow462h,Don't forget NNDM,2,2021-08-02 22:31:42
h7gzzsw,t3_ow462h,Where the fuck is the TLDR,2,2021-08-03 04:41:26
h7dvqo0,t3_ow462h,"Still believin in ARKK....TSLA, BABA, PLTR",3,2021-08-02 10:38:15
h7djmym,t3_ow462h,I saw something I didn't like in here but the user is approved so I ignored it. /u/zjz,3,2021-08-02 08:51:34
h7e1l6e,t3_ow462h,Best fucking post ever. I still want to shit on her chest.,4,2021-08-02 11:32:18
h7dou0p,t3_ow462h,"Okay so help me understand here because I didn't read almost any of this and the charts appeared to go up and down and lay flat.

Based on your research, I should:

1. Buy long dated ATM ARM Calls?.

2. Do credit spreads on TSLA?

3. Short CLOV?

Please just respond with y/n on eacb.",1,2021-08-02 09:37:29
h7e3w1a,t3_ow462h,"Where cathie OF?
Would outperform any ark fund.",2,2021-08-02 11:54:09
h7eoj86,t3_ow462h,She's just a degenerate gambler just like us,2,2021-08-02 16:17:44
h7duavk,t3_ow462h,Cathie Wood is the anti-Midas. Anything she touches turns to shit.,2,2021-08-02 10:25:28
h7duqy1,t3_ow462h,"What were the chances that this hedge fund manager happened to be female, happened to be smoking, and happened to have the last name Wood.",0,2021-08-02 10:29:28
h7dvcsh,t3_ow462h,This autist knows his wood,1,2021-08-02 10:34:45
h7e94ha,t3_ow462h,I bet oh Cathie is smokin underneath that nerdy persona . Tear u up lol,1,2021-08-02 12:50:05
h7ef4aa,t3_ow462h,god works in mysterious ways .. :),1,2021-08-02 14:03:19
h7eq1n8,t3_ow462h,">stratospheric p/e of over 1,000 in 2020...

You're using trailing p/e to value a company with revenues growing more than 50% per year? What is this? Value investing for retards?

All growth companies look ""stratospheric"" by trailing p/e, because investors are buying future performance, not past or present. These companies deliver slim-to-zero earnings today because they reinvest their cash flows so they can deliver exponentially greater earnings tomorrow.

Was AMZN stratospherically overvalued when its p/e hit 3600 in 2012? Its shares are worth 13x more today.

Were SQ, SHOP, and ROKU astronomically overvalued in 2019 when their p/e ratios were all infinity? They've all become multi-baggers since. 

If you must use trailing p/e ratios as your lens, stick to boring companies whose revenues haven't grown since Warren Buffett was delivering newspapers.",1,2021-08-02 16:40:45
h7dupxh,t3_ow462h,Pltr is shit never touching that fuck,-10,2021-08-02 10:29:12
h7e0609,t3_ow462h,"i can't believe I'm done reading this novel, hilarious but I need a two-word summary",1,2021-08-02 11:19:08
h7eokeo,t3_ow462h,"i have PLTR, SQ and TSLA, does it means im smarter as her or she's dumber like me?",1,2021-08-02 16:18:13
h7f14ma,t3_ow462h,She has a face like a frying pan,1,2021-08-02 19:20:10
h7f43a4,t3_ow462h,really lost faith in this sub when mfs started buying up workhorse,1,2021-08-02 19:55:15
h7fd67z,t3_ow462h,"No doubt, Cathie woof, and J. Cramer make a good couple LMFAO!!!!!!!",1,2021-08-02 21:25:36
h7fe4b5,t3_ow462h,Cathie and the chairman I fucking lost it lol,1,2021-08-02 21:33:50
h7fh80h,t3_ow462h,Nice pump Catherine,1,2021-08-02 21:59:57
h7frmw8,t3_ow462h,Woodstock haha,1,2021-08-02 23:20:33
h7gls6w,t3_ow462h,Cathy wood is a hack,1,2021-08-03 02:57:40
h7gm2o1,t3_ow462h,competition lmfao,1,2021-08-03 02:59:47
h7gx5dm,t3_ow462h,"nice chartalysis, neat",1,2021-08-03 04:20:35
h7halbu,t3_ow462h,"Wait, she has ROKU?",1,2021-08-03 06:00:23
h7ijhsj,t3_ow462h,I want wood nudes still,1,2021-08-03 12:07:29
h7is1dn,t3_ow462h,I enjoyed this,1,2021-08-03 13:39:44
h7j3llg,t3_ow462h,CLOV F,1,2021-08-03 16:14:54
h7jbsqh,t3_ow462h,It akes five years for her plays to play out u just need one 10x to get nd avg 20% returns per year over 5 years if u own 10 stocks.,1,2021-08-03 18:15:12
hdizo8z,t3_ow462h,Most fun I’ve had not learning anything since that badminton elective!,1,2021-09-20 07:34:38
h7e6m2w,t3_ow462h,"BARF!!!!


R.I.P. our ol' WSB's communityl


TNANK YOU FOR YOR SERVICE!😪",-1,2021-08-02 12:22:12
h7e87vt,t1_h7dqrd5,Why big week for them ?,3,2021-08-02 12:39:46
h7f49ia,t1_h7e0n7b,it like marrying the chunky girl two weeks after she say she slim up,19,2021-08-02 19:57:13
h7fdk90,t1_h7e0n7b,"Yeah, I didn't want to go down that road because *forbidden topic*... but, yes, her timing there was even worst than with HOOD.",6,2021-08-02 21:28:58
h7e05fj,t1_h7dlo1y,Kinda is....it looks like cramer is bottom to woods and her strap on 🍆🤺,14,2021-08-02 11:18:59
h7e7j8n,t1_h7dn9fk,what is m.a.r.s.,3,2021-08-02 12:32:15
h7dz7gh,t1_h7dn9fk,Cathie’s nether,3,2021-08-02 11:10:11
h7e83up,t1_h7dzfi6,.................................................................clap,3,2021-08-02 12:38:30
h7fgsgj,t1_h7fgseo,"Bagholder spotted.

*I am a bot, and this action was performed automatically. Please [contact the moderators of this subreddit](/message/compose/?to=/r/wallstreetbets) if you have any questions or concerns.*",0,2021-08-02 21:56:22
hd3hcuc,t1_h7fgseo,This thread didn’t age well OP…. lmao,1,2021-09-17 00:29:26
h7e4pod,t1_h7dtcd7,Parabolic.,7,2021-08-02 12:02:30
h7gxjx1,t1_h7gca5g,I had never taken a close look at what she actually had in her funds until I put this together. Had a good laugh at some of the shit she clearly put in there to try to mitigate her gambling losses...,3,2021-08-03 04:23:32
h7g1p32,t1_h7ft746,"You're like months late.

And also full of shit. Plenty of people criticized Cathie even during her massive over performance because it relied entirely on TSLA. Most people take a nuanced approach and say she isn't Jesus but she's made some good calls.

Way before she went in on HOOD people have been making fun of her for COIN LOL",2,2021-08-03 00:33:15
h7eup24,t1_h7easal,"In all fairness, WSB is a surefire way to blow up any account too",8,2021-08-02 17:50:52
h7epsl1,t1_h7e8csx,Loading on dirt cheap calls for earnings pump.,2,2021-08-02 16:36:53
h7e4yst,t1_h7dzcvz,I often check the collegiate affiliation of employees at companies I buy. Open patents being a distant 47th,0,2021-08-02 12:05:00
h7fk6tv,t1_h7ebp52,Calls on horse cock.,3,2021-08-02 22:23:33
h7fe74d,t1_h7ebuhs,"I left out COIN on purpose, because it touches on the *forbidden topic* and to discuss it properly I would have had to go down that road. Also, this shit was already way too long. 

Still, you are not wrong. And she made the same mistake again with HOOD.",1,2021-08-02 21:34:32
h7e8adk,t1_h7dvqo0,Long PLTR ARKG,5,2021-08-02 12:40:34
h7duswt,t1_h7djmym,"Thank you, kind wizard.",5,2021-08-02 10:29:58
h7e7shl,t1_h7djmym,Long live vivi 🙌,2,2021-08-02 12:35:02
h7dwxxt,t1_h7dou0p,*offers crayons and waits for answers*,6,2021-08-02 10:49:20
h7dxb28,t1_h7duavk,"1.3 million shares of HOOD just before it's entire business model gets outlawed and they get investigated by FINRA....

Ya....",4,2021-08-02 10:52:43
h7dvzel,t1_h7duqy1,And there happened to be a 1984 Michael Douglas film that I happened to remember watching as a child just as I thought about writing a Cathie Wood themed post that just happened to fit perfectly with her relationship to Jim Cramer.,2,2021-08-02 10:40:27
h7f4c8q,t1_h7duqy1,she is not a hedge fund manager…,1,2021-08-02 19:58:05
h7ff31t,t1_h7eq1n8,I noted the estimates for this year and next.... And I noted they're heading in the right direction. It was a *positive* comment on the performance of the company.,3,2021-08-02 21:42:09
h7dx6nc,t1_h7dupxh,Good. More for me.,13,2021-08-02 10:51:34
h7fehxa,t1_h7dupxh,"I like PLTR, but I'm wrong **a lot**, so....",3,2021-08-02 21:37:09
h7e8bq9,t1_h7dupxh,lol.   Your a fucking moron,1,2021-08-02 12:41:01
h7e4tdi,t1_h7e0609,Short Tesla,5,2021-08-02 12:03:30
h7fefb8,t1_h7e0609,"Sorry, but I only have one mode: verbose.",3,2021-08-02 21:36:30
h7eusdx,t1_h7e0609,TL; DR - Got wood?,2,2021-08-02 17:52:12
h7febjg,t1_h7eokeo,"Smarter, assuming you didn't buy COIN or HOOD on IPO day. Or WHKS... God, I need to stop shitting on that company. I do own CLOV, after all...",1,2021-08-02 21:35:36
h7fiah7,t1_h7fe4b5,"I was going to make an Anna & the King meme for that one, but I couldn't find a good picture for it. And I this took way too long as it was...",1,2021-08-02 22:08:34
h7emw5l,t1_h7e87vt,"Guess they will publish trials this week. 
CRSR is the champ tho. NTLA was awesome aswell.",3,2021-08-02 15:53:01
h7ex58b,t1_h7e87vt,Earnings tomorrow for both. EDIT clinical update expected late September,1,2021-08-02 18:25:11
h7fdmfn,t1_h7e7j8n,The Mother of All Rallies,3,2021-08-02 21:29:30
h7fhwmc,t1_h7fgsgj,It’s not bagholding when you’re way waaaaay up stupid bot.,5,2021-08-02 22:05:26
h7fiey9,t1_h7fgsgj,Good bot.,2,2021-08-02 22:09:32
h7ghz6o,t1_h7g1p32,"> You're like months late. And also full of shit.

Did you know that masturbating frequently helps reduces the chance of getting prostate cancer?",2,2021-08-03 02:30:19
h7e54ed,t1_h7e4yst,Try harder,2,2021-08-02 12:06:37
h7fv5wt,t1_h7fe74d,Her argument is of course ”long term” hah,1,2021-08-02 23:46:36
h7e56xo,t1_h7dxb28,#😂😂😂,1,2021-08-02 12:07:21
h7e4reg,t1_h7dvzel,What was the name of it?,1,2021-08-02 12:02:58
h7j2sxu,t1_h7ff31t,"That's like using BMI to claim Arnold Schwarzenegger was morbidly obese when he competed, and that he became less obese but was still dangerously at risk of obesity-related diseases later. 

BMI is a completely bullshit measure of bodybuilders' health, regardless of whether you think Arnie's BMI is going in a ""positive"" direction. Likewise, p/e remains a completely bullshit measure of any growth stocks' health. 

You're using p/e to argue that TSLA is improving but still precariously overvalued, and ""it is going to bleed"" because competition.

OK, so was it smarter to invest in TSLA in 2019 when its share price was $50 and its p/e was infinity, or is it smarter to invest now with a share price around $700 and an infinitely cheaper p/e of ~370?

P/E leads investors to totally nonsensical conclusions about growth companies. It's worse than worthless.

-----------------

**Competition**

You're arguing that competition is going to tank TSLA's share price — but how? By competitors stealing market share and cutting into Tesla's sales?

OK. Let's put aside the facts that no company has announced any models that compare favourably with a directly competing Telsa model on price/performance, and that no company plans to approach Tesla's current EV production capacity anytime soon.

Let's assume that Tesla's share of the global BEV market will fall drastically from the 25% it owns today. 

BEVs [are only about 4% of the global car market](https://www.jato.com/q1-2021-ev-global-sales-at-the-same-level-as-2017-full-year-figures/) today. They will become ~100% of the global car market by 2030 or 2040, depending on whose estimates you believe.

That means BEV sales will grow from ~2.5 million per year to ~100 million+ per year in 2030 and keep growing. If TSLA loses 80% of its market share by then (down to 5% of the global market), its unit sales will still grow from 500,000 per year to 5 million.

That's 10x growth even *if* competition wipes out Tesla's market share.

In reality, competition won't dent Tesla's growth, because production is the primary constraint in the BEV market. 

[This chart](https://pbs.twimg.com/media/E7tB-bVXsAEvofO?format=jpg&name=large) illustrates the global demand curve for EVs and internal combustion engine (ICE) cars.

Tesla and every other carmaker will be able to sell every half-decent EV they can build, and still only meet a fraction of the demand for EVs over the next decade+.

Chevy will keep selling every Bolt it makes, even though nobody actually wants a Chevy Bolt.

Unfortunately for traditional carmakers, their EV sales won't make up for the much greater losses in their ICE sales. They have so much capital tied up in their declining ICE production, they'll struggle to build enough EV production capacity to stay afloat.  

Tesla is aiming to build 20 million cars per year by 2030, and the primary limiting factor will be battery supply. It's planning to build or source 3 TWh of batteries per year by then. 

Volkswagen aims to overtake Tesla as the world's biggest EV maker, but it [only plans to use 300 GWh of batteries by 2030](https://driving.ca/auto-news/news/volkswagen-hikes-battery-cell-demand-in-aggressive-ev-expansion).

How is VW going to beat Tesla's EV sales with 1/10th the battery supply?

How is competition going to be a problem for Tesla if demand far outstrips supply for everyone? 
 
------------

**Side note on ARK's holdings allocations**

Why are you criticizing ARK for making TSLA its largest position as it outperforms its other holdings?

Don't you want your largest position to be one if its best? Would you rather put the biggest chunk of your money into one of your worst performers?

ARK is doing what every good investor should do: put the most money in the biggest winner.",1,2021-08-03 16:03:21
h7gi0la,t1_h7fehxa,Yeah I am still confident in it but at least this year I have been wrong more often than not so…,1,2021-08-03 02:30:36
h7fh0a9,t1_h7febjg,"nope, didnt get into COIN cos I was waiting for a cheaper entry, lucky to dodge that bullet. Not into HOOD.   


My entire portfolio consists of BB (bag holding at 19.35$), UPRO and the 3 above.  


hope ur CLOV prints!",2,2021-08-02 21:58:10
h7fj0fo,t1_h7fiah7,It's the funniest shit I've seen all week (and it's Monday!),2,2021-08-02 22:14:19
h7gh37a,t1_h7fhwmc,"That's it, dispel any uncertainty that you got owned by the bot.",4,2021-08-03 02:23:51
h7e5y1y,t1_h7e54ed,Obvious projection,0,2021-08-02 12:15:12
h7e766r,t1_h7e56xo,"Not to mention the class action lawsuits that everyone and their mother is part of.

Literally open and shut case at this point.  CEO lying under with to congress, Citadel setting good up for the fall guy.

The list goes on.",0,2021-08-02 12:28:15
h7fdvbo,t1_h7e4reg,[Romancing the Stone](https://www.imdb.com/title/tt0088011/).,1,2021-08-02 21:31:40
h7gus7n,t1_h7gh37a,[What makes you so sure about that?](https://imgur.com/QJmdhIc),1,2021-08-03 04:03:00
h7e66gc,t1_h7e5y1y,I’ll help. https://imgur.com/a/SKZfsbP,3,2021-08-02 12:17:40
h7gxrhi,t1_h7fdvbo,I was joking lol I read the post,1,2021-08-03 04:25:04
h7eu7gt,t1_h7e66gc,I mean that's not exactly impressive it's an auto plant with a couple of dozen vehicles on a lawn.  GM shits  that out on a lunch break.,2,2021-08-02 17:43:47
h7gy4tr,t1_h7gxrhi,"Oh, my bad. I wasn't sure if you really couldn't tell from just the poster... I mean, it is a really old movie at this point.",1,2021-08-03 04:27:47
