comment_id,comment_parent_id,comment_body,comment_score,created_utc
gztncdi,t3_nnbwrs,"By the end of the year? Lol those are rookie numbers. Fucking day traders, I can't wait for the market to crash",5,2021-05-29 08:52:58
gztnffz,t3_nnbwrs,Oooof,3,2021-05-29 08:53:48
gztnnjy,t3_nnbwrs,You paid money for this account to post this nonsense.  Jesus.,3,2021-05-29 08:56:02
gztnojh,t3_nnbwrs,Fucking bellhop posting a gain flair then says he is at a net gain on AMC and GME because he bought at the peak.  Get the fuck out of here.,2,2021-05-29 08:56:19
gztni9p,t3_nnbwrs,"50 & 300 what’s OP smoking? It’s  more like 
More like 50,000 and 300,000 😎by the end of the summer",2,2021-05-29 08:54:34
gztnjxo,t3_nnbwrs,"100 amc 

1000 GME 

And that’s when it gets really spicy",1,2021-05-29 08:55:02
gztnw0e,t3_nnbwrs,Alright so uh u/The_Three_Nuts this is not a gain and is someone literally calling to P*MP the stock.,1,2021-05-29 08:58:19
gztoexc,t3_nnbwrs,"Assumed typo and should be 500,000 and 3,000,000. Otherwise f.o.h",1,2021-05-29 09:03:29
gztoryc,t3_nnbwrs,I can speak for AMC I own some THE FLOOR IS 100K,1,2021-05-29 09:07:06
gztpzxe,t3_nnbwrs,GMR has already been past $300 and we're still holding. Add more 0000000's 😁,1,2021-05-29 09:18:59
gzts7de,t1_gztncdi,"nah if it crashes anyways; I'll end my life that's why I'm holding for apes, I swear on that",3,2021-05-29 09:40:02
gztuj9t,t1_gztnffz,power to the gamers.. thank you,1,2021-05-29 10:01:54
gztnw5q,t1_gztnnjy,😂😂😂,1,2021-05-29 08:58:22
gztscwx,t1_gztoexc,I didn't have space for the full title.,1,2021-05-29 09:41:29
gztshlx,t1_gzts7de,Bro keep holding I think you will be pleasantly surprised next month😉🦍🚀🚀,1,2021-05-29 09:42:44
gztskoq,t1_gztshlx,[deleted],1,2021-05-29 09:43:34
