comment_id,comment_parent_id,comment_body,comment_score,created_utc
hezn1z8,t3_pzb7mq,"
**User Report**| | | |
:--|:--|:--|:--
**Total Submissions**|8|**First Seen In WSB**|5 months ago
**Total Comments**|43|**Previous DD**|
**Account Age**|6 months|[^scan ^comment ](https://www.reddit.com/message/compose/?to=VisualMod&subject=scan_comment&message=Replace%20this%20text%20with%20a%20comment%20ID%20(which%20looks%20like%20*h26cq3k*)%20to%20have%20the%20bot%20scan%20your%20comment%20and%20correct%20your%20first%20seen%20date.)|[^scan ^submission ](https://www.reddit.com/message/compose/?to=VisualMod&subject=scan_submission&message=Replace%20this%20text%20with%20a%20submission%20ID%20(which%20looks%20like%20*h26cq3k*)%20to%20have%20the%20bot%20scan%20your%20submission%20and%20correct%20your%20first%20seen%20date.)
**Vote Spam (NEW)**|[Click to Vote](https://www.reddit.com/message/compose/?to=VisualMod&subject=vote_spam&message=pzb7mq)|**Vote Approve (NEW)**|[Click to Vote](https://www.reddit.com/message/compose/?to=VisualMod&subject=vote_approve&message=pzb7mq)",1,2021-10-02 00:10:33
heznq7w,t3_pzb7mq,"Buying 200k call options OTM on GOOG Would be much more interesting. 
Just saying 😜",1,2021-10-02 00:15:21
hezoo6h,t3_pzb7mq,Huge mistake 🤣😂,1,2021-10-02 00:22:06
