comment_id,comment_parent_id,comment_body,comment_score,created_utc
hpxayk3,t3_robxjj,WSB really won’t let you post this?!?!,8,2021-12-25 23:46:51
hpxazuw,t3_robxjj,Go to another fucking group;),2,2021-12-25 23:47:11
hpxamg4,t3_robxjj,"Squeeze these nuts you fuckin nerd.

*I am a bot, and this action was performed automatically. Please [contact the moderators of this subreddit](/message/compose/?to=/r/wallstreetbets) if you have any questions or concerns.*",1,2021-12-25 23:43:47
hpxb46m,t1_hpxayk3,[deleted],1,2021-12-25 23:48:19
