comment_id,comment_parent_id,comment_body,comment_score,created_utc
gv4z7wq,t3_mu5tq2,After skimming through your profile I see you’re always posting these updates. Your efforts are highly appreciated by new traders like myself who dove head first into the market and decided to learn on the way,135,2021-04-20 06:46:39
gv3u5gi,t3_mu5tq2,April 22nd is going to spicy af,64,2021-04-20 01:45:14
gv3v4wz,t3_mu5tq2,Nice write-up.,30,2021-04-20 01:52:10
gv4ww4v,t3_mu5tq2,Thank U 👍,4,2021-04-20 06:27:49
gv4szfk,t3_mu5tq2,"It’s crashing, that is happening",9,2021-04-20 05:57:13
gv4xjri,t3_mu5tq2,"My problem with that so called targeted advertising, is that it never shows ads for my hobbies that I frequent daily. Instead its when I one day look up lawn mowers, that it decides to personalize my ads. The rest of the time it is stupid political ads and random car insurance ads.",7,2021-04-20 06:33:04
gv57bvl,t3_mu5tq2,"Is this the new, daily chimpu update?",2,2021-04-20 07:54:09
gv5jjgk,t3_mu5tq2,"What does this mean?

"" would have amounted to approximately 80% of all taxes levied against the profits ""

They abracadabra'd away enough income to save 80% on their tax bill?",2,2021-04-20 09:38:33
gv5pgbk,t3_mu5tq2,Followed you my man! Thanks for what you do. 🔥,2,2021-04-20 10:29:39
gv722hv,t3_mu5tq2,Facebook and Google can fuck off with their data orgies.,2,2021-04-20 20:49:03
gv4l20s,t3_mu5tq2,Thx for update!,2,2021-04-20 04:58:37
gv4rno5,t3_mu5tq2,[deleted],0,2021-04-20 05:47:16
gv4vz9i,t3_mu5tq2,I hope to fuck quest has a good earnings call so my may 21st calls print,1,2021-04-20 06:20:36
gv56eo5,t3_mu5tq2,"OLN, manufacturer of ammunitions and other things, is going to post earnings this friday too.",1,2021-04-20 07:46:28
gv60tjf,t3_mu5tq2,"This is a great overview, thank you!  What sources do you use to gather data for the highlights?",1,2021-04-20 12:20:51
gv6c2oa,t3_mu5tq2,"""Wedges under the machine""

If that's not a metaphor for or modern existence I don't know what is.",1,2021-04-20 14:45:11
gv6enrt,t3_mu5tq2,"> ""on choices that are no choices at all""

This statement is ironic coming from Apple.",1,2021-04-20 15:23:19
gv77k18,t3_mu5tq2,"Snap has been doing poorly recently, do you think there’s going to be another boost after earnings?",1,2021-04-20 21:37:09
gv56179,t1_gv4z7wq,Please don't hesitate to send me a DM with any trading or investing questions you may have!,78,2021-04-20 07:43:16
gv3y0ls,t1_gv3u5gi,"I am excited for tomorrow, Johnson and Johnson as well as Netflix and Lockheed Martin!",26,2021-04-20 02:12:18
gv4k069,t1_gv3u5gi,">re of the change to legislation still allows companies established before it’s passing to exploit th

Why 22nd? Those report are suppose to be good again since last week was a good surprise.",2,2021-04-20 04:51:07
gv4kyr1,t1_gv3u5gi,Why?,1,2021-04-20 04:57:57
gv5fh08,t1_gv3u5gi,What happens?,1,2021-04-20 09:03:33
gv3xvku,t1_gv3v4wz,Thank you! I publish one every Monday.,53,2021-04-20 02:11:21
gv4x8nr,t1_gv4ww4v,You can always DM me with any trading or investment questions you may have :),3,2021-04-20 06:30:34
gv5rhpl,t1_gv5jjgk,"They skipped their US taxes on the $100B. There were international taxes still levied, but the US portion amounted to 80% of the total they would have paid had they not used this exploit.",2,2021-04-20 10:47:57
gv5rilu,t1_gv5pgbk,Luv u,1,2021-04-20 10:48:11
gv99dy2,t1_gv722hv,Thays anti Semitic,1,2021-04-21 06:16:23
gv5r5gx,t1_gv4l20s,My pleasure! Dm me with any questions,2,2021-04-20 10:44:49
gv4rp5u,t1_gv4rno5,"Added /u/gintdm as an approved submitter. Hey OP, mention any crypto, SPACs, or stocks under the market cap lower bound (1 billion) and this will be revoked.",2,2021-04-20 05:47:36
gv4y8sd,t1_gv4vz9i,"Analyst estimates place Quest Diagnostics Q1 '21 earnings at 3.72/share. This is under previous earnings of 4.48 and 4.31/share (Q4 '20 and Q3 '20 respectively), but in line with Q3 '20 analyst estimates of 3.73/share. Overall the company has posted a good year, up from Q1 '20 earnings of $0.94 and Q2 '20 earnings of $1.43. Quest has a market cap of $17 Billion.",1,2021-04-20 06:38:40
gv730k9,t1_gv6c2oa,kind of morbid isn't it haha,1,2021-04-20 20:57:48
gv7gp17,t1_gv77k18,"Snap is trading $7 off its all time high despite posting negative earnings for the last four fiscal quarters. When SNAP can start posting positive earnings, which it is approaching with earnings last quarter of only -$0.07, trading sentiment will turn and we will begin to battle for that all-time-high again. Until this company can start posting a profit you're going to be hard pressed to gather enough support from investors to push a $90B stock up that $7, 12%. Hope that helps and always feel free to DM me :)",1,2021-04-20 22:46:56
gv5ivvy,t1_gv56179,"Damn, what a nice guy",34,2021-04-20 09:33:00
gv4w6v8,t1_gv4k069,Did you mean to quote that line?,3,2021-04-20 06:22:12
gv3yy1j,t1_gv3xvku,It's appreciated bro,15,2021-04-20 02:18:49
gv4jyre,t1_gv3xvku,Nice every Monday write-up,4,2021-04-20 04:50:51
gv5ie3q,t1_gv4x8nr,When do I not lose money? Haha. Thanks for the updates 😭🥲,2,2021-04-20 09:28:47
gv7a52h,t1_gv5rhpl,Many thanks.,2,2021-04-20 21:58:03
gv4ub1b,t1_gv4rp5u,I made sure to only include large cap stocks,1,2021-04-20 06:07:26
gv6tojp,t1_gv5ivvy,A fuckin nice guy indeed. Cheers!,11,2021-04-20 19:17:22
gv4vrm4,t1_gv4jyre,My pleasure! You can always DM me throughout the week with any market questions you may have!,8,2021-04-20 06:18:55
gv5r40l,t1_gv5ie3q,Dm me,1,2021-04-20 10:44:28
