comment_id,comment_parent_id,comment_body,comment_score,created_utc
hnwisxb,t3_rcrpjd,"
**User Report**| | | |
:--|:--|:--|:--
**Total Submissions**|1|**First Seen In WSB**|2 months ago
**Total Comments**|3|**Previous DD**|
**Account Age**|4 months|[^scan ^comment ](https://www.reddit.com/message/compose/?to=VisualMod&subject=scan_comment&message=Replace%20this%20text%20with%20a%20comment%20ID%20(which%20looks%20like%20*h26cq3k*)%20to%20have%20the%20bot%20scan%20your%20comment%20and%20correct%20your%20first%20seen%20date.)|[^scan ^submission ](https://www.reddit.com/message/compose/?to=VisualMod&subject=scan_submission&message=Replace%20this%20text%20with%20a%20submission%20ID%20(which%20looks%20like%20*h26cq3k*)%20to%20have%20the%20bot%20scan%20your%20submission%20and%20correct%20your%20first%20seen%20date.)
**Vote Spam (NEW)**|[Click to Vote](https://www.reddit.com/message/compose/?to=VisualMod&subject=vote_spam&message=rcrpjd)|**Vote Approve (NEW)**|[Click to Vote](https://www.reddit.com/message/compose/?to=VisualMod&subject=vote_approve&message=rcrpjd)",1,2021-12-10 05:27:25
hnwiw2r,t3_rcrpjd,This is wallstreetbets when you are actually smart,112,2021-12-10 05:28:01
hnwj3ze,t3_rcrpjd,I wish i had that kind of patience to hold ITM options that long,61,2021-12-10 05:29:28
hnwnv31,t3_rcrpjd,Beautiful fucking play. And you listed your entry-exit. Great job,45,2021-12-10 06:01:43
hnwiyn7,t3_rcrpjd,Teach me old wise master.,21,2021-12-10 05:28:29
hnwv91n,t3_rcrpjd,I had a few of these Jan 22 calls but paper handed them a 300% gain (and paid short term capital gains tax). Thanks for reminding me that I could have had an extra 150k,29,2021-12-10 06:52:46
hnwmqir,t3_rcrpjd,Thank you for keeping my dream alive,9,2021-12-10 05:54:06
hnwl4d9,t3_rcrpjd,These were ITM when you got them right?,12,2021-12-10 05:43:12
hnxso6k,t3_rcrpjd,I’m surprised we don’t see more of these longer held COVID crash moves. I like to think I’d leverage myself to the tits 5 times over if I was trading in March of 2020. Had no clue the opportunity back then though.,5,2021-12-10 10:59:02
hnwv2fr,t3_rcrpjd,The damn stock needs to split. So we can gamblize that shit.,7,2021-12-10 06:51:30
hnwz7ry,t3_rcrpjd,Exquisite,2,2021-12-10 07:20:54
hnxmt32,t3_rcrpjd,Great work man patience of a samurai (or something),2,2021-12-10 10:16:40
hnwkzh8,t3_rcrpjd,[deleted],5,2021-12-10 05:42:15
hnxposo,t3_rcrpjd,"When purchasing long DTE options, what’s your concern with stock splits? Been wanting to rip some 6 month AAPL calls and try this but scared of a split",0,2021-12-10 10:37:16
hny3ftb,t3_rcrpjd,Which LEAP would you get to replicate something like this?,1,2021-12-10 12:20:32
hny8z06,t3_rcrpjd,Well played. Imagine you bought 10 xD,1,2021-12-10 13:06:36
hny93nh,t3_rcrpjd,Niioooccceee,1,2021-12-10 13:07:45
hny9fmp,t3_rcrpjd,I don’t have the patience to do this. Props to you,1,2021-12-10 13:10:45
hnyp82o,t3_rcrpjd,[deleted],1,2021-12-10 15:58:18
hny4k9e,t3_rcrpjd,[deleted],0,2021-12-10 12:29:32
ho0h2mu,t3_rcrpjd,[deleted],0,2021-12-11 01:51:55
hnzj93a,t1_hnwj3ze,Me too. I learned Patience is more then just a virtue.,1,2021-12-10 21:55:42
hnx6r86,t1_hnwiyn7,Buy LEAPS for big tech. It’s that easy.,35,2021-12-10 08:16:08
hnwllvk,t1_hnwl4d9,"No, it was far out of the money. The strike price is $2,500 and GOOG was trading at about $1,450 when I opened the position.",47,2021-12-10 05:46:28
hnwx6tf,t1_hnwkzh8,"I clicked on your post history and your most recent submission is in r/ShortSqueeze, so there's your problem",20,2021-12-10 07:06:18
hnxrogg,t1_hnxposo,I advise you to do some more research before buying options. Say google splits 3:1 at 3000/share. If you have one 3000c it will split as well to three 1000c,5,2021-12-10 10:51:42
hnxsmzh,t1_hnxposo,not being a retard helps!,5,2021-12-10 10:58:47
hnztmqt,t1_hny3ftb,I wouldn't try to replicate it - it was a good buy based on many things specific to the time I opened it.,3,2021-12-10 23:14:29
hnyp973,t1_hnyp82o,"I will be messaging you in 3 months on [**2022-03-10 07:58:18 UTC**](http://www.wolframalpha.com/input/?i=2022-03-10%2007:58:18%20UTC%20To%20Local%20Time) to remind you of [**this link**](https://www.reddit.com/r/wallstreetbets/comments/rcrpjd/1620_to_49000_on_goog_call_9292012821/hnyp82o/?context=3)

[**CLICK THIS LINK**](https://www.reddit.com/message/compose/?to=RemindMeBot&subject=Reminder&message=%5Bhttps%3A%2F%2Fwww.reddit.com%2Fr%2Fwallstreetbets%2Fcomments%2Frcrpjd%2F1620_to_49000_on_goog_call_9292012821%2Fhnyp82o%2F%5D%0A%0ARemindMe%21%202022-03-10%2007%3A58%3A18%20UTC) to send a PM to also be reminded and to reduce spam.

^(Parent commenter can ) [^(delete this message to hide from others.)](https://www.reddit.com/message/compose/?to=RemindMeBot&subject=Delete%20Comment&message=Delete%21%20rcrpjd)

*****

|[^(Info)](https://www.reddit.com/r/RemindMeBot/comments/e1bko7/remindmebot_info_v21/)|[^(Custom)](https://www.reddit.com/message/compose/?to=RemindMeBot&subject=Reminder&message=%5BLink%20or%20message%20inside%20square%20brackets%5D%0A%0ARemindMe%21%20Time%20period%20here)|[^(Your Reminders)](https://www.reddit.com/message/compose/?to=RemindMeBot&subject=List%20Of%20Reminders&message=MyReminders%21)|[^(Feedback)](https://www.reddit.com/message/compose/?to=Watchful1&subject=RemindMeBot%20Feedback)|
|-|-|-|-|",1,2021-12-10 15:58:43
hny5p6s,t1_hny4k9e,I'm not surprised WSB can't read.,1,2021-12-10 12:38:43
ho1lozf,t1_ho0h2mu,"(2986 - 2500)*100 = $48,600. Options are leveraged and profits are based on the actual stock point gain, not the usual percentage gain you’d use with stocks",1,2021-12-11 06:21:28
hny3eq2,t1_hnx6r86,LEAPS?,5,2021-12-10 12:20:18
hnwmo9l,t1_hnwllvk,"Now think If u had bought 10 of these ,,,,",12,2021-12-10 05:53:41
hnwpk7k,t1_hnwllvk,That could have easily expired out of the money. Nice work!,21,2021-12-10 06:13:09
hnxel4b,t1_hnwllvk,How did you figure there is a remote chance it hits $2500 in September?,4,2021-12-10 09:15:14
hnwpmew,t1_hnwllvk,"Oh, I thought that said 9/20/21 ,but you got this in 2020",8,2021-12-10 06:13:35
hnwxg1p,t1_hnwx6tf,If you can think for yourself there's some good plays on that sub,2,2021-12-10 07:08:08
hnxsplk,t1_hnxrogg,"I’ve been trading shorter term options (less than 1m DTE) for a few years so I got the jist, I just never actually thought about a split until now. The one article I found didn’t mention a change in strike price, they said you’d just receive more contracts which didn’t seem correct. Does a split typically pump up IV or does it do anything else to the options pricing? Like I said I’ve been trading for about 4 years but there’s still a lot I’ve just never experienced",0,2021-12-10 10:59:19
hnzkdaf,t1_hnxsmzh,Guess I’m screwed,1,2021-12-10 22:04:42
hnzw2iw,t1_hnztmqt,Got it. What do you think are similar plays now ?,0,2021-12-10 23:31:53
ho1xvc7,t1_ho1lozf,[deleted],1,2021-12-11 07:47:52
hny7z0z,t1_hny3eq2,When you jump headfirst and buy without any research because its a big company. You do leaps :),10,2021-12-10 12:57:46
hnyjbau,t1_hny3eq2,Low energy ass plays stupid,4,2021-12-10 14:48:49
hny7xl6,t1_hny3eq2,LEAPS!,2,2021-12-10 12:57:25
ho17wmy,t1_hnwmo9l,this is how gambling addictions start,6,2021-12-11 04:49:12
hnz31eb,t1_hnwmo9l,Imagine 100😱,3,2021-12-10 19:08:48
hnxqlon,t1_hnxel4b,OP posted in r/ValueInvesting with more of an explanation.,1,2021-12-10 10:43:56
hnxkgrt,t1_hnwxg1p,"Any play with an options chain there is literally free money. 

Because the people there are so fucking dumb. If you get in early, buy calls for dirt cheap and dump after the first run up. 

If you're too late buy Puts around the average price history for the last 3 months maybe a month or two out. Enjoy when the pumpers start dumping and the stock plummets. 

It's just too easy. 

Unfortunately most of the trash they push there don't have options.",1,2021-12-10 09:59:14
hnxmb0c,t1_hnwxg1p,"Some might say that ""thinking for yourself"" is subjective in and of itself. Got any examples of how to use the sub properly?",1,2021-12-10 10:12:53
hnxxjpc,t1_hnxsplk,IV might go up a bit when a stock split is announced due to psychological factors. Based on recent splits the stock tends to go up even though there is no fundamental change. https://www.nasdaq.com/articles/splitting-stocks-changes-them-fundamentally-2020-09-24,3,2021-12-10 11:35:05
hnyn23q,t1_hnxsplk,"when the stock splits, you get more contracts, which all go up in value as the stock rises, so you could even take profit on some of the position without selling your whole original investment of 1 single contract",1,2021-12-10 15:31:01
ho00x69,t1_hnzw2iw,"I'm not sure there are any. This felt like an obvious good bet. In terms of the potential for a big payout, probably the most similar position I have now is a call on Amazon expiring in 2023 that I opened in August for $5,000.",2,2021-12-11 00:05:20
ho54nek,t1_ho1xvc7,"he bet that value of google stock would be atleast close to 1000$ more than what it was trading at that time over a period of year.  lot of things have to go right. 
he had the conviction that it would. 

if google didn’t reach close to 2500, it would expire worthless. now he has a contract to buy 100 shares of google at 2500 which is now trading at 2947.",2,2021-12-12 01:25:25
ho03hio,t1_hny7z0z,"totally agree - not sure why everyone didn't jump on the opportunity when GOOG dipped in Sept 2020 to the $1,500 level. I thought the fact that there was a high probability its market cap would double within the next year was pretty obvious too",4,2021-12-11 00:22:30
hnzz3as,t1_hnz31eb,Imagine 1000,2,2021-12-10 23:52:50
hny0my7,t1_hnxmb0c,"Don’t chase, set your own price targets and entry points, know when a play is dead, know what a good set up looks like",1,2021-12-10 11:58:48
hnzklwa,t1_hnxxjpc,"That makes sense to me. I’m going to do some analysis on AAPL, MSFT and GOOG and see what I can’t find. Is there anyway to backdate options pricing?",0,2021-12-10 22:06:33
ho017fj,t1_ho00x69,Got it. Thanks. How much did you pay for it back to then in Aug?,0,2021-12-11 00:07:17
ho55b3y,t1_ho54nek,[deleted],1,2021-12-12 01:30:00
ho0780h,t1_ho03hio,would you say same about AMZN. Although haven't dipped its been around 3400 for a year now,3,2021-12-11 00:47:11
ho0ckx3,t1_ho03hio,Money was tight for me at that time so I didn't get in on it. Part of me wishes we could see the market dip like that again in 2022. Another part of me wishes a dip like that never happens again (for my mental health).,1,2021-12-11 01:22:30
hz55vih,t1_ho03hio,are you playing the split that is supposed to happen in July?,1,2022-03-03 12:29:28
hnzv4o0,t1_hny0my7,"Those all seem subjective too, no?",1,2021-12-10 23:25:11
ho5ekxt,t1_ho55b3y,"no. that’s not right. the same option contract was worth 1600 earlier. now it’s worth 49k. so he converted 1.6 to 49.
he doesn’t have to buy 100 shares @2500 and then sell at 2970 to realize that. that’s redundant and unnecessary. 
he can just sell that contract to anyone and get that profit. 
that is, he doesn’t need 250k capital to realize profit. 

say you owe your friend 10 bucks and your friend owes you 100, your friend just gives you 90. he doesn’t have to go through that 10 and 100 exchange.",2,2021-12-12 02:34:09
ho5hlyw,t1_ho5ekxt,[deleted],1,2021-12-12 02:55:36
ho5k4fg,t1_ho5hlyw,"Thats correct. the contract itself has increased in value.contract increased in value because it is tied to share price and as share price increases contract value increases because the probability of it becoming in the money increases.

person buying it probably thinks it is going to further higher or market maker buys it to create market for it. take a look at open interest for specific contract.

\>That person is going to pay $49,000 for the right to buy 100 Google shares for $2,500 dollars? Or I guess, the buyer will buy it hoping that the stock will go up even further?

Yes to all of it except That person would be out $50000 if GOOG drops less than 2500 on expiry date.",2,2021-12-12 03:13:10
ho5kkiz,t1_ho5k4fg,[deleted],1,2021-12-12 03:16:24
ho5kt28,t1_ho5kkiz,"yes that would be retarded indeed. do that for stocks which are already trading at their low ranges. 

amd, pypl, sq, nvda . buy the leap at the money or slightly in the money",2,2021-12-12 03:18:05
