comment_id,comment_parent_id,comment_body,comment_score,created_utc
gzid2br,t3_nlgpgh,"We get a **lot** of meme submissions. To make sure only the absolute best make it through, we've disallowed static (picture) memes. 

If you *strongly* believe your meme is higher quality than all the memes currently on r/wallstreetbets/hot, then you may message the moderators.

I know this is disappointing, and you probably put some hard work into this, but this is how we keep the WSB feeds clean for everyone, including the /new feed. 

Thanks for understanding, and may your tendies be golden, and portfolio be green.

*I am a bot, and this action was performed automatically. Please [contact the moderators of this subreddit](/message/compose/?to=/r/wallstreetbets) if you have any questions or concerns.*",1,2021-05-26 21:12:27
