comment_id,comment_parent_id,comment_body,comment_score,created_utc
h1ufnzz,t3_o0czbg,If it has over 2 paragraphs of DD I'm all in!!!!!!!!!,24,2021-06-15 21:21:20
h1uhyep,t3_o0czbg,Very underrated play. Space internet without needing extra hardware is huge.,14,2021-06-15 21:41:16
h1uf86y,t3_o0czbg,"Noice - if Bezos burns up on reentry, I like SpaceMobiles shot at dominating space",14,2021-06-15 21:17:24
h1ufds4,t3_o0czbg,When I look at this chart in relation to SPCE i can’t help myself from buying more. This is gonna take me to tendie town,15,2021-06-15 21:18:50
h1ufs8g,t3_o0czbg,TAM is like 5 Billion people. I own a stack of warrants to pay for son’s college.,13,2021-06-15 21:22:23
h1ugcyu,t3_o0czbg,"Hot shit, I'm all in with next month's rent money",13,2021-06-15 21:27:28
h1uexf0,t3_o0czbg,All those rockets are shaped like penises. Bullish.,9,2021-06-15 21:14:41
h1ugpea,t3_o0czbg,Okay buying more I guess. Lmao,10,2021-06-15 21:30:30
h1uhp65,t3_o0czbg,"This one is a good shares investment, it will explode soon",10,2021-06-15 21:39:04
h1ustom,t3_o0czbg,"i just sold some lumber, im in!",9,2021-06-15 23:06:23
h1v56io,t3_o0czbg,Great post. I'm in with 7100 shares 9.31 avg,9,2021-06-16 00:37:31
h1up74u,t3_o0czbg,Fuck it I’m in,8,2021-06-15 22:39:08
h1upvzp,t3_o0czbg,Not enough crayon. Too many words. I'm in.,9,2021-06-15 22:44:21
h1v65n0,t3_o0czbg,"From a technical point of view, the setup also looks like it can bust any moment. Buying shares, let's gooo apes",7,2021-06-16 00:44:21
h1uvve4,t3_o0czbg,I’m in already if those fuckers are not a scam they’ll be worth $500 a share,8,2021-06-15 23:29:03
h1vf4yx,t3_o0czbg,I’m in pussy,7,2021-06-16 01:46:10
h1v741n,t3_o0czbg,That dd had pictures of rockets!! I’m in!! 🚀,6,2021-06-16 00:50:46
h1vdb04,t3_o0czbg,in for 1k shares,5,2021-06-16 01:33:34
h1uexcz,t3_o0czbg,"Great post, will take a look at this one today",12,2021-06-15 21:14:40
h1uf2ns,t3_o0czbg,Does this technology work from my parents basement? Need to stream my wife's OnlyFans to buy more hot pockets,14,2021-06-15 21:15:59
h1vdp67,t3_o0czbg,"I'm skeptical that the tech works. You said in your post that the satellite signal can penetrate two walls, or an airplane cabin - I'm highly highly skeptical. Do you have any sources that can corroborate this? Also, even assuming that the satellite signal was strong enough to downlink to your phone, how do you expect your phone to uplink to the satellite through those same walls and then hundreds of miles through free space to the said satellite? Their website FAQ has a question ""How does the technology work"" and they literally just say ""It's a secret"". 

I used to work in satellite payload and antenna design, and I currently work with commercial cellular devices. I feel uniquely qualified to say ""this shit stinks"". If there's any actual proof that the tech works and is scalable, I'd love to see it.",1,2021-06-16 01:36:18
h29ux15,t3_o0czbg,Bought this shit and immediately lost 5%. Pump and dump bullshit.,1,2021-06-19 08:48:25
h1x8c0r,t3_o0czbg,[removed],1,2021-06-16 10:20:59
h1y8tmr,t3_o0czbg,I'm in at 10.40 with 9k let's go,1,2021-06-16 17:46:30
h201inx,t3_o0czbg,"Lol no. This will end up like Iridium Part 1 in 1999. Instead, you should invest in Iridium Part 2 (Iridium NEXT), who actually has side business taking care of the debt (Aireon) in the meantime while they get military contracts for their polar orbits and proprietary waveforms.",1,2021-06-17 02:59:30
h3lwmng,t3_o0czbg,[removed],1,2021-07-01 05:23:34
h3lwqo2,t3_o0czbg,/u/the_three_nuts I front ran Deutsche Banks Price Target. (and tried to link to a no-no article).,1,2021-07-01 05:24:25
hbr31pt,t3_o0czbg,Would irdm present a scary competitor?,1,2021-09-06 08:41:36
h1upffq,t3_o0czbg,"Pump and dump 

This place has become a cesspool",-9,2021-06-15 22:40:52
h1v941t,t3_o0czbg,Market cap is $516M.  Mods will remove this.,-7,2021-06-16 01:04:23
h1v81sh,t1_h1ufnzz,without reading I hope!,5,2021-06-16 00:57:08
h1xfvzc,t1_h1ufnzz,Someone should do an analysis. Is there a correlation between return and the length of a DD,1,2021-06-16 11:26:40
h1vuic6,t1_h1uf86y,Call options for Bezos burning up on reentry.,5,2021-06-16 03:36:39
h1uikse,t1_h1uhp65,"Yeah shares are very solid here. Company seems very committed to non-dilutive financing and many shares are held by insiders and strategic partners.

FDs are risky cuz space has delays. I have leaps and shares.",9,2021-06-15 21:46:30
h1uf8qx,t1_h1uf2ns,Try charging her boyfriend rent,8,2021-06-15 21:17:33
h1ve5qb,t1_h1vdp67,Always cool to read a contrarian view. My basis for investment is trusting the DD that Rakuten ATT American Tower and Vodaphone did. Outside that I am just a moron who can read. Here's a video with some tech shit: https://www.youtube.com/watch?v=zUm3PyiLU0E&ab_channel=SPACAnpanman,6,2021-06-16 01:39:30
h1vgk85,t1_h1vdp67,"It depends, would you say you're more qualified to talk on this than David Marshack? Honest question, not being snarky.",3,2021-06-16 01:55:58
h29uzbq,t1_h29ux15,lol. Ok. If you bought when I posted you could have sold from 9.5->12. But it’s not a one week play.,1,2021-06-19 08:49:01
h306962,t1_h29ux15,Hi.,1,2021-06-25 23:25:57
h3lw2y2,t1_h29ux15,hows now? /u/TheSlipperiestSlope ?,1,2021-07-01 05:19:24
h3lwmny,t1_h3lwmng,"Reddit Inc. has banned Seeking Alpha articles sitewide. It's not us as moderators, pinky promise.

To get around this, please repost your comment/thread with the link removed, and the relevant parts of the article copy and pasted. 

You may wish to also include the link with a space in the domain (e.g. ""seek ingalpha.com/..."") so that readers can investigate and come to their own conclusion.

We apologize for any inconvenience this may have caused.

*I am a bot, and this action was performed automatically. Please [contact the moderators of this subreddit](/message/compose/?to=/r/wallstreetbets) if you have any questions or concerns.*",1,2021-07-01 05:23:34
hbr3hm7,t1_hbr31pt,>	If ASTS proves to be successful IRDM would be an easy short ala long GOOG short YHOO.,1,2021-09-06 08:45:05
h1v993k,t1_h1v941t,https://imgur.com/a/q2NdBsG 1.7B,5,2021-06-16 01:05:22
h1ulj7e,t1_h1uikse,Yea def not an options play but perfect buy in for value play on shares,5,2021-06-15 22:10:34
h1vin6v,t1_h1vgk85,"I don't know who that is, and I'm sure there are more qualified people to talk on it than I am. If it's that guy in the video the OP linked, sure he said some stuff that sounds technical. It's also just a video of a dude talking to a webcam with no sources, no data, no links, just a man talking. 

Personally would not invest until they show real proof that the technology works and is scalable. Of course, if you wanna get in on the ground floor now is the time to buy.",1,2021-06-16 02:10:31
h3lx0ry,t1_h3lw2y2,It turned out to be a Dump and Pump. 🚀,1,2021-07-01 05:26:34
hbr51ea,t1_hbr3hm7,My concern is irdm already has satilites and in some videos they plan to do something similar.,1,2021-09-06 08:57:50
h1v9m7y,t1_h1v993k,Well Yahoo is wrong.  Any chance you can check a terminal on AMTX?  It's a RNG producer.  I have refrained from writing up DD because of market cap.,-3,2021-06-16 01:07:57
h3lx7j7,t1_h3lx0ry,lol Deutsche Bank disagrees. Gave a $35 price target,1,2021-07-01 05:28:01
hbsr209,t1_hbr51ea,From my limited understanding (read: am dumb) the satellite is the easy part. The hard part is having a business model that works. IRDM is fucked because they are a dedicated device and charge by the minute on their own plan. ASTS will work with existing telcos like ATT who already have the customers and a demand. Don’t need to raise awareness and hope Johnny goes out and finds about the plan.,1,2021-09-06 19:46:47
hbss1wn,t1_hbsr209,Same. We all here to help boarden our knowledge of opportunities. You sound right. Irdm has their equipment setup already for sat. Not sure if it's hard for them to change.,1,2021-09-06 19:58:27
