comment_id,comment_parent_id,comment_body,comment_score,created_utc
h2lu6o5,t3_o5bfvw,"
**User Report**| | | |
:--|:--|:--|:--
**Total Submissions**|7|**First Seen In WSB**|5 months ago
**Total Comments**|50|**Previous DD**|[x](https://www.reddit.com/r/wallstreetbets/comments/o5bfvw/amd_merger_incoming_breakout_catalyst_34_weeks/) 
**Account Age**|2 years ago|[^scan ^comment ](https://www.reddit.com/message/compose/?to=VisualMod&subject=scan_comment&message=Replace%20this%20text%20with%20a%20comment%20ID%20(which%20looks%20like%20*h26cq3k*)%20to%20have%20the%20bot%20scan%20your%20comment%20and%20correct%20your%20first%20seen%20date.)|[^scan ^submission ](https://www.reddit.com/message/compose/?to=VisualMod&subject=scan_submission&message=Replace%20this%20text%20with%20a%20submission%20ID%20(which%20looks%20like%20*h26cq3k*)%20to%20have%20the%20bot%20scan%20your%20submission%20and%20correct%20your%20first%20seen%20date.)",1,2021-06-22 09:55:48
h2lv5pb,t3_o5bfvw,"I’m heavy into AMD, I think it will have a similar run up as Nvidia, and the great part is it’s not even overextended like Nvda is. 50 calls 7/30/21 @ $82.50c, and 20 calls 8/20/21 @ $80c",76,2021-06-22 10:04:44
h2m6o9n,t3_o5bfvw,"I've been eyeing up $AMD for awhile now. Somehow this stock still hasn't flown off the shelves despite having the best processors on the consumer market, bar none. And this is coming from a guy with an Intel rig. $NVDA meanwhile has done nothing but fly. This is a twofer.

Their leadership under Dr. Su is amazing, and now we have all of this tasty good news.

Gonna have to save up for some LEAPS calls here. This is too promising to pass up.

Those July strikes and expiry are really aggressive, however. I think that's a hard sell. LEAPS only for me.",56,2021-06-22 11:58:00
h2m30v2,t3_o5bfvw,"07/16 is a monthly, 07/09 a weekly. This difference may explain some of the open interest disparity.",38,2021-06-22 11:20:22
h2mbfkj,t3_o5bfvw,"AMD$ THE ORGINAL MEME STOCK 

ALONG SIDE MU$

MU 90$ calls",37,2021-06-22 12:51:58
h2luqox,t3_o5bfvw,Finally some top tier DD. I’m in.,83,2021-06-22 10:00:52
h2luk8g,t3_o5bfvw,"Will be buying calls. Thank you sir.

Edit: Up 25% on said calls. Thank you again sir.",78,2021-06-22 09:59:14
h2lwuib,t3_o5bfvw,"""As many of us know $AMD has been trading sideways and down for the past year."" 

alas, a truer statement has not once been said",73,2021-06-22 10:20:29
h2lv5b7,t3_o5bfvw,Dang I wish I could read. That looks halpful,112,2021-06-22 10:04:38
h2mf9ky,t3_o5bfvw,Dude I’m extremely bullish on AMD as well but you gotta buy farther out calls my man.,22,2021-06-22 13:39:42
h2lvt4b,t3_o5bfvw,Hold my vodka,15,2021-06-22 10:10:49
h2lx8o5,t3_o5bfvw,AMD ? I’m in . Only thing I see holding back the tendies is NVDIA. We all know about stocks dropping hard after they split so my only thing to keep on eye on is Nvidia. I want to see them get clapped before grabbing these AMD calls.,19,2021-06-22 10:24:10
h2m1xhu,t3_o5bfvw,$10k in calls opening tomorrow at $83 IV is dumb low,16,2021-06-22 11:09:17
h2lwl62,t3_o5bfvw,Got a august contract for this baby ❤️,12,2021-06-22 10:18:09
h2m2jto,t3_o5bfvw,"I'm overall bullish on Amd as well but I'm not sure about the month timeline you got set up here, definitely gonna be checking out leaps thanks for the DD.",15,2021-06-22 11:15:34
h2mhwl5,t3_o5bfvw,"That's fantastic TA bro! Lemmy back you up a little here. 

On 6/9/2021 1.5mil shares were traded at $80.07 in one transaction.  This could be buying, or selling.  unknown.  But, since we're above that $80 level, it could be buying.  

on 6/7/2021 1 mil shares were traded @ $81.41. We're above those levels, so, could be buying.

on 6/2/2021 1mil @ $81.71.  We're above those levels, so, could be buying.  

on 5/21/2021 1.07mil shares were traded $77.20. Again, we're above so, could be buying. 

Now, you can trace 1mil shares traded in a single shot all the way back to 3/9/2021 ranging from $73.96 all the way up to the most recent large trade @ $81.71 that happened on 6/7/2021. 

You have to go all the way back to 2/18/2021 to find a 1mil trade that was done at a higher price than where we're at now.  So, Wall Street may have been accumulating 25+ mil shares of this stock. Since we haven't really seen any new large trades in a few weeks, they may have fully entered their position and, like you said, are waiting for the catalyst to move it up.   


Happy trading, bro and best of luck!",12,2021-06-22 14:15:22
h2lxsiz,t3_o5bfvw,Yee! I’m in!!,12,2021-06-22 10:29:24
h2maz88,t3_o5bfvw,Cramer has been saying this for the last year,10,2021-06-22 12:46:37
h2lvcbw,t3_o5bfvw,Tl;dr?,9,2021-06-22 10:06:25
h2moitk,t3_o5bfvw,You can never go wrong with Mama Su. 150 shares @ avg $82. Let's goooooooo!!!,9,2021-06-22 15:55:07
h2mqdpg,t3_o5bfvw,"dude..... this is.... really well presented.   
Need to research a bit more myself just to double confirm but man this is damn convincing,   
thank you sir for the write up!!!",9,2021-06-22 16:25:31
h2mr0np,t3_o5bfvw,AMD is the next big deal,8,2021-06-22 16:35:53
h2nre1v,t3_o5bfvw,AMD is gonna fly once the merger is approved. It’s a no brainer to buy this under $100. This is going to be a $250 stock at the minimum. I’m planning on buying more leaps.,8,2021-06-22 23:16:43
h2m0tp1,t3_o5bfvw,"Perfect. Everyone is looking for the next AMC and it was right here in the alphabet this whole time: AMD. 

🚀🚀🚀",28,2021-06-22 10:58:11
h2mb77o,t3_o5bfvw,This is some top notch DD. AMD has a bright future ahead! Thank you for sharing.,7,2021-06-22 12:49:15
h2mld5r,t3_o5bfvw,Saying you have proof and then proceeding to provide a link to motley fool = facepalm moment.,7,2021-06-22 15:05:43
h2md2lv,t3_o5bfvw,"My PC is running on an amd ryzen 5 3600, runs smooth as hell. Amd is making leaps in their cpu technology and they’re widely regarded as being superior to intel in the multi-core functions of their chips. Graphics-wise though, I’m sticking with nvidia",5,2021-06-22 13:11:46
h2miw3o,t3_o5bfvw,Sounds like I should buy back my $90c I sold for July on AMD...,5,2021-06-22 14:29:28
h2nr07j,t3_o5bfvw,"OP you left out another potential Catalyst. 

Samsung and AMD are working on an Exynos mobile chip with ray tracing - TheVerge, June 1 2021

AFAIK, this is the 1st time AMD is working on any CPU/GPU related to mobile phones/devices. And you know how big mobile gaming is (Hello COD Mobile, PUBG Mobile and Fortnite). Nvidia has the Tegra Chip (found in Nintendo Switch and Tesla Model S vehicles). I’m seriously awaiting AMD’s answer with RDNA technology. Potentials are limitless. Just look at the Xbox Series S/X and Playstation 5 with that sweet RDNA 2 technology.",6,2021-06-22 23:13:46
h3lql90,t3_o5bfvw,Well this has aged well,5,2021-07-01 04:38:41
h2m4x0w,t3_o5bfvw,Why’d you cross out the value and returns?,5,2021-06-22 11:39:26
h2mgmvb,t3_o5bfvw,Shorts have been fucking up this stock for far too long,4,2021-06-22 13:57:51
h2mn8mt,t3_o5bfvw,"I’m glad I’m not the only one, I literally scratch my head every day at how in the world AMD isn’t trading higher. Holding 06/22 $90 and $110 calls about $45k worth.",4,2021-06-22 15:34:21
h2n4wt5,t3_o5bfvw,Love AMD but Idk about merger hype anymore. Anyone remeber the Aphria Tilray merger? My account does....,4,2021-06-22 19:58:23
h2n5tq8,t3_o5bfvw,This is reminding me I should buy my AMD leaps back.  $100 for 2023 incoming,4,2021-06-22 20:08:50
h3kckin,t3_o5bfvw,"Whelp, wish I bought a helluva lot more of them $90 calls... I'm up 570% on the measly 4 that I did buy.",4,2021-06-30 22:39:15
h2lv9e8,t3_o5bfvw,DD with no screenshots of their positions?,7,2021-06-22 10:05:40
h2m33ij,t3_o5bfvw,"Just read up on the merger and found that supposedly itll be complete by at least 2021, with uk/eu voting on some approval thing first week of july (im looking to buy waaay otm calls for 7/9 soon) but says china wont be voting until later in the year and are more likely to disapprove the deal. either way its a good merger",3,2021-06-22 11:21:04
h2m60aw,t3_o5bfvw,Thanks for the DD.,3,2021-06-22 11:50:53
h2megqp,t3_o5bfvw,Buying the 7/16 ones as well,3,2021-06-22 13:29:31
h2mh458,t3_o5bfvw,Buy 2023 85c and chill. $$ will come to you. Sell calls if you're feeling greedy :),3,2021-06-22 14:04:19
h2mj3bu,t3_o5bfvw,Those contracts will make you a rich man.,3,2021-06-22 14:32:25
h2mwlkm,t3_o5bfvw,"Cant but calls, leaps etc form my country. Shares also seem like a good play no?",3,2021-06-22 18:06:53
h2n0h5h,t3_o5bfvw,"Nice writeup, had a chuckle on this:

> Is there TA to support this? You bet there is

There is not a single scenario where you couldn't construct some meaningless, elaborate TA, that confirms any thesis.",3,2021-06-22 19:03:32
h2n78af,t3_o5bfvw,"You’re doing the lord’s work. 

AMD Position: 200 shares, 20 LEAPS (0122 - 0323), 2 CCs - about 98% of my portfolio.",3,2021-06-22 20:23:54
h2nq5ph,t3_o5bfvw,Why not buy XLNX if you are bullish on the merger? More upside there.,3,2021-06-22 23:07:12
h2nsdsg,t3_o5bfvw,"provides FA + TA, and calls it 'YOLO'.. what a nutter. i'm part of this exclusive gang now i suppose!? lol",3,2021-06-22 23:24:16
h2ougq2,t3_o5bfvw,"Placed my first option call ever, thanks.",3,2021-06-23 04:08:18
h2v036n,t3_o5bfvw,Been in on amd,3,2021-06-24 15:09:23
h3fyck9,t3_o5bfvw,"Just stopping back to say thank you OP for this DD I read a week or so back that led me to options. Printing hard today for me. 

Thx a lot.",3,2021-06-29 22:31:05
h3g01mv,t3_o5bfvw,"Also Stopping by here (after this morning's UK approval) to thank OP for the wonderful DD i read back last week as well, please share with us your gain porn after the EU antitrust goes through.",3,2021-06-29 22:44:08
h3h3ph7,t3_o5bfvw,Shares and $100 calls for September reporting in.,3,2021-06-30 03:30:03
h3houna,t3_o5bfvw,"Thank you OP for this valuable DD. I am 190% and 100% in profit with my $80 and $90 call options. It's option certificates though, no real options. When is the best time to sell them (not thinking about the AMD price)? The day they become ITM? Once they are ITM ate they print even faster or do they slow down?",3,2021-06-30 06:05:20
h3kc0yo,t3_o5bfvw,I just took profits on my 83.5c 7/16/21 for 350% gains. Thank you!,3,2021-06-30 22:35:16
h3n6td9,t3_o5bfvw,You legend! What a run this has had over the past month. I absolutely loved your DD.,3,2021-07-01 11:48:59
h2mbju5,t3_o5bfvw,"AMD is a rocket ship set to explode!!! I have 25 k in shares avrg 70 and 10k in call 100$ strikes jan 2023 , wouldnt be surpise this stock push past 200 $ before they expire, very safe play , you never loose with AMD and when it pop , IT POP!!!!! Im adding 7 16 call tomorrow to join you :)",7,2021-06-22 12:53:23
h2n7jap,t3_o5bfvw,"I'm late to the party, but this post reeks of confirmation bias.  
Let's ignore the fact that semiconductors have been underperforming recently and AMD's chart is not great looking.   
**RED FLAGS**  

- You quote a market cap of 200-300B in 1-2 years, which is doubling their market price and equating or surpassing INTC's market cap (~225B), on a merge that would bring the combined entities **total revenue** to something like 12-13B annually, compared to INTC's **77B** annual revenue. These numbers don't add up _at all_.  
- SA article quoted  
- Your time frames are really specific; first off the merge is expected to happen by _year end_, and second you're looking at charts no longer than a week in time.  
- You fail to understand that while ~19k in option volume is a lot, for AMD it's par for the course and what you saw there was probably a shift in position from one expiration, the June monthlies, to the July monthlies and is by no means an indication ""that someone on the street knows something"".    

 I've a high level of confidence this trade will fail",7,2021-06-22 20:27:03
h2lx2im,t3_o5bfvw,"1. Nvda is not a merger play, it's a stock split play as arm merger is not approved and I would bet it's not due to fang 2. Chinese regulators apparently take a year to investigate?",4,2021-06-22 10:22:34
h2mdumj,t3_o5bfvw,"How can the UK, EU, and China block a merger of two US companies? Do you have a link I could read about that by any chance? 

Is it just that the merged company wouldn't be allowed to keep doing business in those particular countries? It seems if the companies merged it would be harder to deny doing business with them.",2,2021-06-22 13:21:34
h2mi7d8,t3_o5bfvw,Great DD.,2,2021-06-22 14:19:38
h2miwnf,t3_o5bfvw,The news about the merger having no issues getting approved seems easily accesible. Why hasn't the market price this in yet?,2,2021-06-22 14:29:41
h2n1yz1,t3_o5bfvw,"Absolutely love the DD, keep it up bro",2,2021-06-22 19:23:16
h2n8di9,t3_o5bfvw,buying these calls onces fidelity approves my options app,2,2021-06-22 20:35:35
h2nlzva,t3_o5bfvw,"Nice. I may have to wait for another pay day to buy in, but AMD is on my list.",2,2021-06-22 22:34:48
h2o97zm,t3_o5bfvw,"Hello, is worth to put like 100$ on Amd stocks? Or is it more about putting a lot of money on it?I know nothing about trading, just stumbled upon this post while browsing the sub.",2,2021-06-23 01:30:42
h2qpgv3,t3_o5bfvw,"I agree with all this.  I also read in seeking alpha that it is very likely to be approved by all, but that China could take its sweet time.  Even into 2023.",2,2021-06-23 14:27:39
h2tlpgx,t3_o5bfvw,"What does $CCs and IV mean? Is there a ""wallstreetbets dictionary"" somewhere?",2,2021-06-24 06:43:31
h2w2c6j,t3_o5bfvw,"This is working out for me, I appreciate you",2,2021-06-24 22:48:05
h2w738p,t3_o5bfvw,Made a little off this.,2,2021-06-24 23:23:47
h33qbmi,t3_o5bfvw,I just got 20 contracts of $90 strike calls expires 20/8. After reading your post it gives me hope and confident that I am on the right boat to my bright future.,2,2021-06-26 21:14:44
h37siti,t3_o5bfvw,I see AMD having a tesla like run soon,2,2021-06-27 22:46:32
h3dif3h,t3_o5bfvw,Merger doesn’t close until November get shares or leaps,2,2021-06-29 06:37:41
h3l8s3o,t3_o5bfvw,Amd can talk over Intel just about everything. Don't let Intel survive. Nvidia is way way overvalue. Amd is the top.,2,2021-07-01 02:29:50
h3m28tk,t3_o5bfvw,OP please keep reposting this daily,2,2021-07-01 06:07:14
h3mv6tf,t3_o5bfvw,Nice DD man. Congrats on your gains! Up 80% on LEAPS,2,2021-07-01 10:09:43
h2md406,t3_o5bfvw,"You are failing to realize a few key bear considerations for AMD: 

-Every major software company is starting to look at bringing chip design in house in the same way that apple launched the M1 and left intel left to out to dry. Amazon’s AWS for example doesn’t want to pay AMD a heavy margin for their slightly modified general purpose ARM design that Amazon could do better/cheaper for their instances. It’s public knowledge that they are building their own chips to use for AWS services. Microsoft doesn’t want to use the power hungry and inefficient chips of yore either on Azure or the devices they are selling- you could even imagine them eventually bundling windows and windows chips to OEMs for a discount. 

-The Tesla deal is garbage. AMD sells more chips from Xbox sales in a day than they will sell in a year on premium Tesla models (S+X).

-The real winners (other than big tech SW companies) are ASML (semi manufacturing devices used by intel, and TSMC among others) and NVDA (I believe that the ARM deal will go through). If the ARM deal goes through, every major player in the tech space will need to pay out licensing fees to NVDA if they are not using NVDA chips. That combined with SW development ecosystem NVDA offers makes it pretty compelling IMO.",7,2021-06-22 13:12:15
h2mjx7d,t3_o5bfvw,I lost faith in your DD as soon as you linked Motley Fool.,5,2021-06-22 14:44:24
h2m95ef,t3_o5bfvw,I see “synergy” I buy puts lol,2,2021-06-22 12:25:24
h2mbscj,t3_o5bfvw,Priced in or nah?,2,2021-06-22 12:56:11
h2mbtle,t3_o5bfvw,Ape see ticker ape buy,2,2021-06-22 12:56:37
h2m4suf,t3_o5bfvw,"Umm I got halfway through and then you compared the volume for the monthly expiry to a weekly expiry.

Like have you ever traded options before?

I’m super long AMD, but frankly this DD is mediocre.",2,2021-06-22 11:38:12
h2mgdtf,t3_o5bfvw,Options are risky. AMD has nearly 20% short interest. This stock will face some downward pressure. Amazing company and execution but the price won't reflect that.,1,2021-06-22 13:54:25
h2mnka9,t3_o5bfvw,"You are comparing a weekly and a monthly.

Also you are comparing volume.

👎",1,2021-06-22 15:39:29
h2n4e5d,t3_o5bfvw,Def looking for a safe bet until i can get in on the ground floor on the next great ape.  I had heard about GME for the first big run.  I wish I had dove in for the second great GME run.  It wasnt until my brother said he bought $8 per share of AMC that got me paying attention but he didnt tell me about it until it was at $25 at which he told me its not too late to jump in.  He was right.  I dont think its too late now to make some money on AMC and I do think itll rocket but certainly greater risk for a not as big payout as if i bought at 8-25$ a share.  Im gonna watch the price of AMD next few days to see if it goes any lower.  Thanks for this post.,1,2021-06-22 19:52:26
h2m22wl,t3_o5bfvw,"No clue what all that means, but will be day trading the FUCK out of AMC as it has already made my June, for real. Not a big trader here. Small gains are best gains. 💯",-7,2021-06-22 11:10:48
h2m2imh,t3_o5bfvw,[removed],1,2021-06-22 11:15:13
h2odrdd,t3_o5bfvw,"Loaded up on 07/16 $90c, 01/22 $140c and 01/23 $150c. Let’s go AMD 🚀🚀🚀🚀",1,2021-06-23 02:04:14
h2oh73e,t3_o5bfvw,Remindme! 2 weeks,1,2021-06-23 02:30:00
h2orgp4,t3_o5bfvw,Remindme! 1.5 week,1,2021-06-23 03:46:34
h2ouaic,t3_o5bfvw,"If the merger approval would be a catalyst for amd, would it not be a better play to buy xilinx instead? It's trading at a discount if you compare it's price to amd and the exchange rate of 1.7234 when the merger goes through.",1,2021-06-23 04:07:01
h5dow09,t3_o5bfvw,So it’s 16th now. How’s your end?,1,2021-07-16 17:53:41
h2metp5,t3_o5bfvw,thought this said AMC. Shit.,-2,2021-06-22 13:34:04
h2m183t,t3_o5bfvw,But GME is also about to break out and why would you want to put money in anything else,-9,2021-06-22 11:02:10
h2n91fn,t3_o5bfvw,[deleted],-4,2021-06-22 20:42:11
h2mw8kl,t3_o5bfvw,maybe time to buy some zebrassss,-2,2021-06-22 18:01:11
h2mw8km,t3_o5bfvw,maybe time to buy some zebrassss,-2,2021-06-22 18:01:11
h2mw8kn,t3_o5bfvw,maybe time to buy some zebras,-2,2021-06-22 18:01:11
h2pjysr,t3_o5bfvw,HAHA! do you know the difference between volume and open interest for options?,0,2021-06-23 07:38:26
h2w2e77,t1_h2lu6o5,"Hey OP, thanks for this. You're a real one.",2,2021-06-24 22:48:31
h2mn5sw,t1_h2lu6o5,Nice. I have 3 shares.,3,2021-06-22 15:33:09
h2mgo8x,t1_h2lv5pb,[deleted],19,2021-06-22 13:58:22
h2m71pc,t1_h2lv5pb,Those are all really aggressive. I would worry about theta decay. I've seen $CLNE for instance have nothing but good news and only languish. Maybe this will be different.,-3,2021-06-22 12:02:03
h2ni0ui,t1_h2m6o9n,"XLNX is a lower growth, established company. That and supply constraints made it painfully obvious that AMD's growth is capped - but only in the short term. It's a great buy to hold for at least 2 years but a shit short term trade I think.",11,2021-06-22 22:02:51
h2mlwd6,t1_h2m6o9n,What do you mean by LEAPS,4,2021-06-22 15:13:54
h2m7czs,t1_h2m30v2,why are there more monthlies than weeklies?,10,2021-06-22 12:05:27
h3omo3l,t1_h2mbfkj,"How is amd a meme stock? Pretty new to wsb and I haven't heard of amd here before, I've been invested in amd since about their first Ryzen release",1,2021-07-01 22:03:53
h2o8hau,t1_h2luqox,"Fuck me, I'm in with 295 shares.",3,2021-06-23 01:25:13
h2m71ve,t1_h2luk8g,pump and dump tomorrow morning guaranteed lol,54,2021-06-22 12:02:06
h2lwxf8,t1_h2lwuib,Seems insane to me that it has been. They are a fantastic company.,48,2021-06-22 10:21:14
h2naxm3,t1_h2lwuib,[deleted],7,2021-06-22 21:00:18
h2muqvx,t1_h2lv5b7,Same girl,15,2021-06-22 17:37:15
h2nb9p3,t1_h2mf9ky,"Agreed, I've been stocking up on >$100 calls for March and June 2022 and also gonna get some more shares, already have 100.",3,2021-06-22 21:03:27
h3dj0bj,t1_h2mf9ky,This is helpful,1,2021-06-29 06:42:38
h2no9fv,t1_h2lx8o5,Can you explain what exactly you mean?,3,2021-06-22 22:52:33
h2m2083,t1_h2m1xhu,That's what first drew my eye to it. The potential for a huge gain is present. It's been forgotten and there is something that could cause it to move ahead,9,2021-06-22 11:10:04
h2lwply,t1_h2lwl62,I looked at that contract. I definitely think it's solid. I am probably being a little greedy in my own position. I've considered trimming to august.,6,2021-06-22 10:19:16
h2m2x0y,t1_h2m2jto,No problem! It's just an idea. I look for ideas as a hobby.,10,2021-06-22 11:19:17
h2n9k8f,t1_h2m2jto,"If you read the article OP mentioned, the average approval timeline for China for semiconductor companies is 300 days. NVIDIA was over 300 days as well. That would put an estimated approval time of Summer 2022 which is almost a full year later than these option expiration dates. Leaps seem to be the play.",3,2021-06-22 20:47:16
h2mhzjg,t1_h2mhwl5,That's some fantastic insight. I really appreciate it. Gives me something to noodle on while I game tonight. Thank you for taking the time to share,6,2021-06-22 14:16:34
h2lye20,t1_h2lxsiz,Best of luck friend. I hope it works out for both of us.,9,2021-06-22 10:35:01
h2lvho7,t1_h2lvcbw,There's a merger approval coming within the next 3-4 weeks. It'll push the stock price up.,22,2021-06-22 10:07:48
h3djerj,t1_h2lvcbw,AMD is growing massive Ryzen and EPYC will reach Ryzen market share numbers. AMD purchase of Xilinx adds another $3B in annual revenue and access to new markets (defense telecom). Oh and did I mention their at a 30 p/e today vs NVDA 100 p/e,1,2021-06-29 06:46:01
h2m1k45,t1_h2m0tp1,Ha. I didn't even notice. That makes it cute.,11,2021-06-22 11:05:31
h2nr5g4,t1_h2nr07j,I am aware of this one but not super familiar with it so I didn't include it. Thank you for educating me on it,5,2021-06-22 23:14:52
h2m54rx,t1_h2m4x0w,For my privacy. I don't want people to know how much money I have.,3,2021-06-22 11:41:40
h2n9ub0,t1_h2mgmvb,[deleted],4,2021-06-22 20:49:59
h2lvf9q,t1_h2lv9e8,I'll post it now.,8,2021-06-22 10:07:11
h2lw1u9,t1_h2lv9e8,Screenshot is uploaded.,3,2021-06-22 10:13:07
h2m47y8,t1_h2m33ij,Same take away I had but I think china is likely,3,2021-06-22 11:32:19
h2m66jc,t1_h2m60aw,You're welcome. I hope I am right. Writing it out helped my thinking,3,2021-06-22 11:52:41
h2ngcx8,t1_h2mwlkm,Shares are always great. Just do what you are comfortable and play with. It isn't risk free,1,2021-06-22 21:48:58
h2nqbqn,t1_h2nq5ph,I liked the pricing of AMD options better and $AMD is described as the ones owning most of the xlnx shares moving forward,3,2021-06-22 23:08:30
h3fyoz7,t1_h3fyck9,No problem. This has kind of exceeded my short term expectations. I expect maybe 90 by eow but it could pull back. 90 probably next week,2,2021-06-29 22:33:46
h3g0gpq,t1_h3g01mv,"You're welcome. I probably won't be sharing what my gains are. As I mentioned to the moderator in the original thread, I don't actually like to share what money I have. I am glad it's working out for you. be sure to manage your position carefully. It's exceeding my expectations.",1,2021-06-29 22:47:18
h3hr5b8,t1_h3houna,"So this is really something you need to decide on your own. I can't manage your position for you.

If you're happy with the money you've made you should always cash it out, but yes, it could run farther. It could also pull back and then you lose what you've gained. 

Some people use a *winnings only* strategy. In other words, selling a portion of your position equal to your initial investment. This means you can't lose money now. 

I usually pull out some after a big multiplier and either:

1) buy more time--i.e, rolling your contracts farther otm and to a longer date. But this can be risky for many reasons. It just means you can weather a short term fade.

2) sell a portion, keep it in cash, ready to buy a dip if it forms.

If you're ITM, yes, you can suddenly have your gains increase rapidly. This is a very difficult decision.

When it comes to options you should ask yourself a question.

Would I buy this contract right now for this price? Meaning, if you are holding 50 contracts at 2.00 that say expire in 2 weeks, would you still buy it today? If so, you hold. It doesn't matter what price you bought it at. What matters is the price it's at now and how you feel about the trade going forward day by day.

Remember most contracts expire worthless. Something like 90% do. Yes, the ones that don't make tons of money. 

You'll have to make your own decision. I always recommend de risking.

Pull out your initial investment and let the rest ride. You'll just make less, but you won't lose money.

And people do lose money. A lot of it.",4,2021-06-30 06:23:25
h3n7wzl,t1_h3n6td9,Thanks.,2,2021-07-01 11:58:56
h2mbo8t,t1_h2mbju5,hey how i take this thing off under my name ? i dont know what the hell is that,7,2021-06-22 12:54:51
h2pdhyp,t1_h2n7jap,Amd earnings expected to grow 50 percent this uesr,3,2021-06-23 06:40:39
h3vkf1i,t1_h2n7jap,How’re your confidence levels today,1,2021-07-03 09:45:01
h2lxj9z,t1_h2lx2im,I am aware. I described it as black magic stock split,5,2021-06-22 10:26:58
h2mj21i,t1_h2miwnf,Great question. I believe the market is aware and that's why the on balance volume is increasing as they acquired shares. Now why hasn't the prices moved with it? Shorts is the only explanation I have.,2,2021-06-22 14:31:54
h2o9ggb,t1_h2o97zm,"Well, I guess it depends on what kind of risk you're okay with. It's possible $AMD goes down to 50$ a share some day and you'll lose half of your 100$ or so. If you're okay with that, then you can. It isn't going to make your 100$ into 1000$ if that's what you're looking for unless you buy the right option at the right moment. If you buy a share I think you could get 20-50$ in a year or so",1,2021-06-23 01:32:28
h2vh04z,t1_h2tlpgx,"Yes, it's called the google.",3,2021-06-24 19:30:25
h2vbg6m,t1_h2tlpgx,Covered calls and implied volatility,2,2021-06-24 18:12:08
h35eo5i,t1_h33qbmi,20/8????? You misdated it bruh!!,2,2021-06-27 05:59:37
h3laldv,t1_h3l8s3o,"I agree. I think we're witnessing the sunsetting of intel. I think it's just going to be slow going. I think Intel declines over the next 2-4 years unless their new CEO innovates. The technology blocks they're suffering are severe.

$INTC does have a chance since they fabricate their own chips instead of using foundaries. If they can nail that, $INTC is back in the game. Especially since the current environment in the USA is to fabricate our own chips and not through someone like $TSMC

Regardless, $AMD should take a piece of the pie because their time is now.",1,2021-07-01 02:43:10
h2ml209,t1_h2md406,Wow. I was bullish on AMD hard but your views are indeed spot on. What about the AMD Xilinx Merger??,5,2021-06-22 15:01:02
h2msk19,t1_h2md406,"Licensing fees are a pittance compared to NVidia revenues. They are not looking to reap huge profits from licensing revenues, they're looking to foster a monopoly situation. Simply licensing ARM isn't good enough for them, as they can't lock out competitors this way.

Impossible to pick winners at this early stage (and there might not be a clear winner, which is the best outcome for consumers). I think much of it will come down to whether an unholy alliance forms between Intel and AMD on the open source software front. NVidia closed ecosystem cannot hope to compete with a competent open source alternative.",5,2021-06-22 17:01:25
h2mfjvr,t1_h2md406,Those are solid points. I do stand by my DD however. But I understand what you're describing. I just interpret some things differently. Best of luck my friend,6,2021-06-22 13:43:21
h2n194y,t1_h2md406,"Not sure this is the correct take on AMD.

-You are underestimating the costs and software investment necessary to develop a competitive piece of ARM silicon, AMZN, Appl and Samsung have the scale to support their own chips, but few others. For cloud, Amd and google are able to offer better perf/$ than AWS with their new T2D instances as OP mentioned. Microsoft seem to like AMD's SEV feature that they use in their Confidential VM's. The shift to custom silicon was driven by Intel stagnation, with AMD executing on TSMC's leading nodes this trend may slow or reverse.

-This reinforces the first point, if custom Silicon with strong software was easy Tesla would have rolled their own. Another win for AMD's Semi-custom business on TSMC silicon. Sony and Msft sell millions of consoles, but choose to leverage modern AMD silicon and the x86 ecosystem.

-NVDA/ARM merger is not a certainty, UK consider it strategic and ARM china is in open rebellion. Nvdia openly state they plan to make their own ARM server chips, taking away ARM's independence and fueling RISC-V competition.",3,2021-06-22 19:13:54
h2m9moz,t1_h2m95ef,Fair enough! Gotta go with what you feel is right,1,2021-06-22 12:31:03
h2mm7ad,t1_h2m95ef,Can you explain,1,2021-06-22 15:18:31
h2m4vhx,t1_h2m4suf,I have! Compare others if you want.,2,2021-06-22 11:38:58
h2mi8zf,t1_h2mgdtf,"wrong, 7% short interest",2,2021-06-22 14:20:15
h2m2in1,t1_h2m2imh,"Reddit Inc. has banned Seeking Alpha articles sitewide. It's not us as moderators, pinky promise.

To get around this, please repost your comment/thread with the link removed, and the relevant parts of the article copy and pasted. 

You may wish to also include the link with a space in the domain (e.g. ""seek ingalpha.com/..."") so that readers can investigate and come to their own conclusion.

We apologize for any inconvenience this may have caused.

*I am a bot, and this action was performed automatically. Please [contact the moderators of this subreddit](/message/compose/?to=/r/wallstreetbets) if you have any questions or concerns.*",2,2021-06-22 11:15:14
h2ohayp,t1_h2oh73e,"I will be messaging you in 14 days on [**2021-07-06 18:30:00 UTC**](http://www.wolframalpha.com/input/?i=2021-07-06%2018:30:00%20UTC%20To%20Local%20Time) to remind you of [**this link**](https://www.reddit.com/r/wallstreetbets/comments/o5bfvw/amd_merger_incoming_breakout_catalyst_34_weeks/h2oh73e/?context=3)

[**CLICK THIS LINK**](https://www.reddit.com/message/compose/?to=RemindMeBot&subject=Reminder&message=%5Bhttps%3A%2F%2Fwww.reddit.com%2Fr%2Fwallstreetbets%2Fcomments%2Fo5bfvw%2Famd_merger_incoming_breakout_catalyst_34_weeks%2Fh2oh73e%2F%5D%0A%0ARemindMe%21%202021-07-06%2018%3A30%3A00%20UTC) to send a PM to also be reminded and to reduce spam.

^(Parent commenter can ) [^(delete this message to hide from others.)](https://www.reddit.com/message/compose/?to=RemindMeBot&subject=Delete%20Comment&message=Delete%21%20o5bfvw)

*****

|[^(Info)](https://www.reddit.com/r/RemindMeBot/comments/e1bko7/remindmebot_info_v21/)|[^(Custom)](https://www.reddit.com/message/compose/?to=RemindMeBot&subject=Reminder&message=%5BLink%20or%20message%20inside%20square%20brackets%5D%0A%0ARemindMe%21%20Time%20period%20here)|[^(Your Reminders)](https://www.reddit.com/message/compose/?to=RemindMeBot&subject=List%20Of%20Reminders&message=MyReminders%21)|[^(Feedback)](https://www.reddit.com/message/compose/?to=Watchful1&subject=RemindMeBot%20Feedback)|
|-|-|-|-|",1,2021-06-23 02:30:48
h5e8pj9,t1_h5dow09,Overall it went well.,1,2021-07-16 21:32:20
h2m1egv,t1_h2m183t,"Well, you can trade whatever you like to. I personally believe gme is overplayed. The IV doesn't give much juice for the squeeze now",2,2021-06-22 11:03:57
h2nas42,t1_h2n91fn,Just stop.,3,2021-06-22 20:58:51
h2nckjb,t1_h2mgo8x,You have lots of time. Chill. Will be double at some point before expiration,6,2021-06-22 21:15:38
h3diqya,t1_h2mgo8x,Yeah merger will close in Nov and we will see $120 by then,4,2021-06-29 06:40:27
h2m8mls,t1_h2m71pc,Aggressive? Those are already ITM. He's hoping those become far ITM and make a nice chunk.,22,2021-06-22 12:19:30
h2pt7ns,t1_h2ni0ui,Spot on. FPGAs are not the growth driver for AMD (or any company for that matter).,2,2021-06-23 09:01:23
h2twqt5,t1_h2ni0ui,"q1 2020 -> 2021 AMD had +93% revenue / profit. they also increased their guidance for the 2021 year to +50% growth.

How much more growth do you want?",2,2021-06-24 08:21:06
h3diyrk,t1_h2ni0ui,Xilinx has better margins and sells $3b into markets AMD doesn’t touch (defense  and telecom),2,2021-06-29 06:42:16
h3ky4p9,t1_h2ni0ui,What was that?,2,2021-07-01 01:15:04
h2mlypv,t1_h2mlwd6,Really long dated call options. Like several months to years out. Typically in the money or at the money.,15,2021-06-22 15:14:55
h2mf8y3,t1_h2m7czs,bc they don’t open up the weeklies until a few weeks before. Investors and institutions had months to buy monthlies,18,2021-06-22 13:39:29
h3omxmf,t1_h3omo3l,"Amd was about 12$ in 2018

Wsb was obsessed with it 

And one day it became the monster u see today but was a meme small computer chip company before that",1,2021-07-01 22:05:57
h2metu5,t1_h2m71ve,[deleted],73,2021-06-22 13:34:08
h2mc81h,t1_h2m71ve,"You really think a wsb post can trigger pump and dump of a $100 billion market cap company? This ain’t CLOV, CLNE, WISH etc",50,2021-06-22 13:01:25
h2m7dpl,t1_h2lwxf8,"Meanwhile, all the garbage that is usually shoveled through this sub. Here comes u/Tay_Tay86 with the MVP play.",28,2021-06-22 12:05:40
h2ncc4s,t1_h2naxm3,"Aaand? Whatcha gonna do now. Stay on the top of nvda, or rotate back to Su?",3,2021-06-22 21:13:29
h2q3sil,t1_h2no9fv,"So on stocks that people have HIGH interest in buy before it splits right ? That’s why we see that constant trend up and then the drop a day or two right after it splits….. we’ll I want to see if that happens because there’s only like 4 big semiconductors people really pay attention to. NVDA , INTC , AMD, TSM. So what usually happens when one drops the others will too unless there’s news that benefits one and hurts another. NVIDIA being such a big impact on the chip maker momentum I can see them holding back the rest if they drop after they split. It’s completely possible that it doesn’t happen but when it comes to options , all it takes is one day to really destroy the contract premium. So I’m just playing it safe , there’s definitely opportunity in what the OP shared with us but we each have a strategy, that’s just mine .",3,2021-06-23 10:34:12
h2md29k,t1_h2lwply,It just feels so safe and anxiety free I love AMD,4,2021-06-22 13:11:39
h2mi6im,t1_h2mhzjg,"Anytime! To get this kind of information, you can use LiveVol or join up in Stefanie Kammerman's JavaPit.  She's known as 'The Stock Whisperer' and worth all the money it takes to join her trading room.  The training she provides is top notch too, so, 100% worth the investment.",4,2021-06-22 14:19:19
h2lx66e,t1_h2lvho7,Any link or why do you think it will happen within the next month ?,7,2021-06-22 10:23:31
h2nz24h,t1_h2nr5g4,No prob. Trust in Mama Su! Thanks for the great DD,3,2021-06-23 00:14:44
h2m55pn,t1_h2m54rx,But that’s the point? Plus we could do the math already,7,2021-06-22 11:41:56
h2nqau4,t1_h2n9ub0,There’s arbitrage in the xlnx merger that includes shorting amd. Be informed before you sling out insults,3,2021-06-22 23:08:18
h2lwdhu,t1_h2lvf9q,Lol no wonder you think it's gonna happen soon. I'm high on AMD too but I don't know about 3 to 4 weeks.,3,2021-06-22 10:16:09
h2o8ulp,t1_h2ngcx8,"Not risk free of course. I just have a serious hard time seing AMD dropping stock price in the long term.... But yeah, who knows.",2,2021-06-23 01:27:55
h2nzxrp,t1_h2nqbqn,Fair enough. I dont know about the options. But stocks only XLNX is a better bet if you think merger breezes through because you get paid the risk premium of the merger failing.,1,2021-06-23 00:21:17
h3i4bcp,t1_h3fyoz7,"Read somewhere that EU approval is happening either tomorrow or Thursday. Wasn’t just a shitpost, there was some means of evidence but I can’t find the post now. Anyway, what’s your take on approval date now that UK is set? Of course, I will take your opinion with a grain of salt and it’s not financial advice.",2,2021-06-30 08:11:46
h3g2lve,t1_h3g0gpq,"we could see continued testing of the 90 level till the end of the week, but expecting it to  cap off a solid week, especially with expected neutral PMI and favourable Jobs data coming in on thurs and fri respectively. If the EU news releases this week, we might see a strong bullish break beyond 90 EOW. IMO this would be a really good setup for Selling CSPs regularly till early 2022, and assignment wouldnt be too bad as well. How might you play this out in the near to mid term?",2,2021-06-29 23:03:33
h3hs2ew,t1_h3hr5b8,"Thank you! Very wise words, not common hear I guess.

But you confirm that options/ option certificates which are ITM continue to print and print even faster if the underlying continues the upward trend (let's say steadily, to compare)? Or would OTM or ATM options print faster, would I sell and direct reinvest?",2,2021-06-30 06:30:51
h2mhldl,t1_h2mbo8t,LOL,6,2021-06-22 14:10:55
h2pwyn8,t1_h2pdhyp,Lmao ok so that justifies this? Earnings as in what? EPS? Do you even know how that's calculated?,1,2021-06-23 09:33:53
h3y71o2,t1_h3vkf1i,"The same? A short-term move to the upside, still well below the here-quoted price target, does not change the fact that this analysis is flawed and one-sided.",1,2021-07-04 03:27:32
h2oajtd,t1_h2o9ggb,"Thank you, that's what I wanted to know. Son not really worth for me , the 100->1000 was more what I was searching for. And one more question out of curiosity. If I happened to buy a GameStop share when all the shit was going down (that's how learned about this sub) how much would I have made (approximately if I had sold at almost the peak)?",1,2021-06-23 01:40:35
h3gjj60,t1_h2vh04z,You're my hero,3,2021-06-30 01:05:17
h2n9w7g,t1_h2ml209,"It’s definitely a positive. I would argue that Xilinx has limited growth ahead though…FPGAs are an expensive tech to manufacture compared to ASICs. As it gets easier and easier to build and manufacture ASICs (with the help of a Fab), there’s less of a need for some of their customers to go with FPGAs. I don’t see them going away ever, but I’m just not sure what sort of growth has been modeled in already into their valuation. I’m also not too sure if there is any real synergy with AMD- to me, it mainly seems like another diversified revenue stream.",3,2021-06-22 20:50:28
h2n8y3p,t1_h2mfjvr,"I am rooting for your calls, I don’t currently have any position (bearish or otherwise) so would not be mad if Lisa Su made your dreams come true.",2,2021-06-22 20:41:16
h2n8py7,t1_h2n194y,"I recognize that the costs of chip design are crazy, but it turns out that AMD’s biggest customers are also the most competent and well endowed. We have already slowly started to see this with ML accelerators in the cloud. Sure, Microsoft, Google, Amazon may like a specific chip feature from AMD, but that doesn’t mean that they don’t have a long term roadmap to replace with their own chips. I would suggest reading about Amazon Graviton, if you don’t think the big guys are gunning to replace the intel/AMD.

-Tesla premium models are exceptionally low volumes. Even Tesla as a whole doesn’t build enough cars to justify building their own general purpose compute and graphics chips yet- as you said, it’s very expensive. Tesla already did build their own silicon for autopilot inference- I don’t believe full self driving will ever work with their current sensor suite, but that’s a totally separate problem.

-I agree, it’s not a certainty and there is risk of other architectures replacing ARM in the industry, but I’m not super optimistic that will happen for a long time. I would still argue it’s definitely a bearish concern for AMD.",3,2021-06-22 20:39:01
h2msfjx,t1_h2mm7ad,I just hate corporate speak that’s meaningless lol. “Synergize outside the box” and shit like that. It’s like how any person/company talking about “changing the world” I automatically assume is gonna try to start a grifting cult like that weird ass WeWork guy.,2,2021-06-22 16:59:15
h2nb7j5,t1_h2mm7ad,[deleted],1,2021-06-22 21:02:54
h2nh48o,t1_h2m8mls,"Exactly. I’m betting on $90+ share price by august, and $100+ by December 2021.",6,2021-06-22 21:55:16
h2mbbbj,t1_h2m8mls,Wow I'm retarded. And on top of that it's like 1 AM. My b.,12,2021-06-22 12:50:35
h2ue8bh,t1_h2twqt5,People want a lot of growth and they need a lot to justify the multiple. I think it's undervalued with a 3 year investment horizon. Might be some disappointed people over the next 6 months though.,2,2021-06-24 10:55:12
h3djb43,t1_h3diyrk,"AMD needs to get into defense and telecom, XLNX is trying to get into datacenters, they both need to cooperate and packaging and fabric technology, it's a good fit.

But this market favors revenue growth over consistent profitability and that's just the way it is.",2,2021-06-29 06:45:09
h2nuqtx,t1_h2mlypv,[deleted],1,2021-06-22 23:42:10
h3otjdr,t1_h3omxmf,"Ah, didn't know about that, I got in quite a sum around $10, was my own personal yolo, I thought Ryzen will either be the new best thing and I'll get some good gains or AMD hammers the final nail in their coffin and I'm going down with the ship 😂",1,2021-07-01 22:55:57
h2mg9sf,t1_h2metu5,"I meant for options. Since this has been posted, you can bet the IV for those July calls will be through the roof tomorrow morning, much higher than today.",17,2021-06-22 13:52:53
h2n2arv,t1_h2metu5,You think they aren’t pushing narratives here??,4,2021-06-22 19:27:23
h2n9s0a,t1_h2metu5,Yes forget the pump and dump!!!,1,2021-06-22 20:49:23
h2nh5t4,t1_h2mc81h,Yeah... I seriously doubt we can move a huge company like this. This is just an idea,5,2021-06-22 21:55:38
h2ohn8b,t1_h2ncc4s,i have decided to stay in NVDA until the shares split at least. i decided to buy these shares instead of an RTX 3090 and do not regret that at all,1,2021-06-23 02:33:23
h2lxesk,t1_h2lx66e,Yes. So there's a seeking alpha article that was written today for instance with all of the dates laid out. However wsb rules prohibit linking to them. I highly recommend googling it yourself.,14,2021-06-22 10:25:48
h2m58r3,t1_h2m55pn,"Which is why I usually don't post DD. You're welcome to remove my post if that's an issue. Just trying to share an idea

Yeah, true. Good point about the math",3,2021-06-22 11:42:49
h2lwhmd,t1_h2lwdhu,The merger dates for approval are pretty much set. I believe it's on the paperwork. The option chain I believe is evidence of wallstreets thinking regarding it.,8,2021-06-22 10:17:14
h3i6vgt,t1_h3i4bcp,I think itll come for sure by end of July. But yes I think next week is possible. Probably the week after,1,2021-06-30 08:33:18
h3g4oxn,t1_h3g2lve,"Near to mid term I would be keeping an eye on QQQ and SPY and US02Y/US10Y for signs of a pull back. This does have amazing momentum currently as the market remembers it exists. It could pump up to 92 but if I was sitting around there I might sell a portion of my position in order to be able to buy a dip. Yes, you may make less in the end, but you'll potentially start saving some of your gains. 

If I wanted to hold. Now that a short term gain has multiplied by say 2-4x I would eye two year long leaps. 

If I wanted to gamble I would hold my position as is.

The big threat is the $SPY. I believe that the market top is approaching. We will have turmoil again next month. I do believe a market top is coming by as early as august, but probably in the Oct 2021-feb 2022 range as the fed starts coming to grips with higher than expected inflation. Bullard basically tipped the hand of the fed a week ago. Yes, jpow pretty much pounced on him but that's a preview of what's ahead. So in the short term they are the ones who can take a wrecking ball to every trade on the market.

No matter what though I don't sell all of my position unless I am happy with the money I have made. The EU still has to give the green light but my small understanding is that it doesn't matter as much as the UK in this case. However, that's another catalytic event. But it'll pack less punch because one has already happened.",1,2021-06-29 23:19:15
h3g59cc,t1_h3g2lve,"Additionally, the best way to answer this question is the following:

Look at the current price of your option. Would you purchase it again right now for that amount? Every day you hold an option you should ask yourself this because you basically are since options are all or suck.",1,2021-06-29 23:23:28
h3hsxhi,t1_h3hs2ew,"It's a yes and no type situation. What happens is every option contract is sold at a premium per share correct? If you sell an option, the seller gains whatever the premium is per share. That premium is calculated via a number of greeks that includes time left on the contract, historical volatility, etc. if a contract starts as OTM this value is considered an 'extrinsic' value. In other words it is total bull shit.

When a contract moves from OTM to ITM, a conversion takes place and that extrinsic value gets converted to intrinsic. For example. If a call closes at 90$ on the last day and the original strike was for 85. Then the value of that contract is 5. And wall street will always buy it for about 5. If you had to sell it to someone for 4.9 because you can't execute it wall street will always buy it because they instantly make the difference in price.

&#x200B;

If a contract becomes ITM well ahead of the expiration date, you start getting intrinsic value dumped into your extrinsic value. A lot of times that can be a lot more than the extrinsic. In the case of AMD, the historical IV was very low due to it being sold off for a year.  This caused it to not have many variations in price and the premiums call sellers were getting was very low. This means you can quickly outpace your premium costs for buying the contract. That's why I seek out low IV. Not high IV like $GME. That needs something like a 20% move to break even on contracts. AMD just needed like 8%. 

&#x200B;

And you can give it months to do so.",3,2021-06-30 06:37:54
h2nahjv,t1_h2mhldl,what is that? wtf lmao,2,2021-06-22 20:56:04
h30lwuk,t1_h2pwyn8,AnalYst forecasts and they are killing it in the server and cpu sector,3,2021-06-26 01:22:25
h2oaulg,t1_h2oajtd,"You can look on charts and always find a spot where you 'could have' gotten 5x 10x and 20x your money. That's what everyone wants. It's exceptionally rare and hard to predict.

$gme had a short interest of over 100% which was insane. Nothing else in the market does. 

You're going to have to do what Cathie Wood is trying to do. You need to find the next Tesla, Apple, or Netflix. 

But all of wall street is trying to do that too.

Good luck.",1,2021-06-23 01:42:47
h2nf6yy,t1_h2n8py7,"Mega caps always gonna be tempted to vertically integrate, Amd and indeed Nvidia's goal with these is to out pace development to keep their edge. The T2D press materials don't name Graviton, but it shows the new competitive landscape. 

The google/tsla deals shows with competitive perf/w, x86 remains an appealing platform. 

Ip rev is generally low, softbank want rid of ARM for a few reasons, low rev growth being one of them. I agree tho, the market loves the deal, so Amd bearish.",3,2021-06-22 21:38:57
h2ngtfj,t1_h2nb7j5,I admit I can be wrong. No one should take a trade they aren't comfortable with. This is what I am doing and I am sharing it. I'll probably lose my money with my luck. You gotta do you,0,2021-06-22 21:52:46
h3lclfe,t1_h2ue8bh,I am certainly not disappointed,2,2021-07-01 02:57:54
h3dla1w,t1_h3djb43," AMD revenue growth in data center CPU looks to be very strong in next 12/24 months (10% mark share today, up from zero 2017, some folks see >50% mark share as a possibility in that timeframe)",3,2021-06-29 07:01:33
h2nv09l,t1_h2nuqtx,"Because OTM leaps will decay faster. 

Yeah, a lot of people recommend .90 delta leaps. They're just exspensive is all.",2,2021-06-22 23:44:09
h2n4kvm,t1_h2mg9sf,August calls it is,7,2021-06-22 19:54:36
h2nc4ly,t1_h2mg9sf,Maybe. But not because of this post ;),3,2021-06-22 21:11:34
h2lxiaa,t1_h2lxesk,🤙🏼,7,2021-06-22 10:26:43
h2lxv95,t1_h2lxesk,"Says both parties can agree in up to 3 weeks , but chinas antitrust trust agency will take “ considerably” longer , thoughts ?",6,2021-06-22 10:30:07
h2mfo4q,t1_h2lxesk,I actually did not see the dates in today’s article. Did I miss them? I just read that there is the expectation,2,2021-06-22 13:44:56
h2melj2,t1_h2m58r3,"$5232 lol. 

It’s fine bro. Nobody cares. It’s a good bet. And it doesn’t reveal your whole account. Just this position.",11,2021-06-22 13:31:13
h2lx0p7,t1_h2lwhmd,I hope you're right. I have a couple 7/9s but wanna pick up some leaps.,3,2021-06-22 10:22:06
h3g6rsc,t1_h3g59cc,"Appreciate the detailed but concise response. Recently discovered options as an excellent way to boost returns as opposed to ""get lucky"" schemes hence finding new plays in different option strats to boost my otherwise dull pf return. It seems that people who consider economic fundamentals in tandem with market sentiment are starting to become a rare breed.",2,2021-06-29 23:34:39
h3ht74y,t1_h3hsxhi,"Awesome, thx!",2,2021-06-30 06:40:01
h2naiso,t1_h2nahjv,help me plz i look retarded,3,2021-06-22 20:56:23
h2obd2p,t1_h2oaulg,Thanks for taking the time to reply,1,2021-06-23 01:46:34
h2nh2xr,t1_h2n4kvm,August is a good contract!,1,2021-06-22 21:54:59
h2lybkn,t1_h2lxv95,Sure! So I am bias so take what I say and make your own decision. I believe the critical decision is not china. I believe it's the UK and EU. Once that ball starts to roll it will go through. Once the news breaks of UK and EU approval I believe the stock will move. My thinking is that Wallstreet is 'calling it' for July 16th based on the options chain. I believe they have the info you and I lack,3,2021-06-22 10:34:22
h2m75s8,t1_h2lxv95,yeah China is a total wildcard imo and can fuck up this entire short term play,3,2021-06-22 12:03:16
h2mg2bz,t1_h2mfo4q,They are there. One is written one is given as end of month,1,2021-06-22 13:50:08
h2lxn71,t1_h2lx0p7,"I hope so too. I do believe we will get the first approval nod by EOM. Regardless, with the market bouncing 7/9 isn't a bad date. Just higher risk exposure.",3,2021-06-22 10:28:01
h3htkl3,t1_h3ht74y,Sure. Have fun.,1,2021-06-30 06:42:57
h3htpim,t1_h3ht74y,"By the way, you should take a look at the 1D chart for solar. I am probably not going to write a post about it, but I've been watching it for a while. It's been hot lately and I am expecting it to get hotter. Take a look at the ETF $TAN. 

&#x200B;

It's cool price action. I am not suggesting it for a play. Just saying that funny things are happening in the solar sector right now.",1,2021-06-30 06:44:04
h2qq4e7,t1_h2naiso,"top right where it says how many users are on the wallstreetbets sub right now, you will see a checkmark to turn off your flair.",1,2021-06-23 14:36:52
h2lyho8,t1_h2lybkn,Bold assessment my man ! Gonna do some more looking into it and see where the 7/30 85c land in the morning ! Best of luck !,3,2021-06-22 10:35:56
h2m5izz,t1_h2lybkn,I have most of my calls expire July 16th...  bought after last Er... I really hope you are right!,3,2021-06-22 11:45:48
h2m7bt2,t1_h2m75s8,It absolutely can. It's not risk free. But I would say no trade is.,4,2021-06-22 12:05:05
h2r2qit,t1_h2m75s8,"China is just posturing. That's why they say it will take ""longer"". They'll just wait for EU and UK. If they both say ok to the merger china will too, so they don't look like retards if EU or UK said no.",1,2021-06-23 17:57:09
h2mguti,t1_h2mg2bz,"am i blind? I’ll have to check again. Thanks for the response

edit: wow I am blind. Thanks",2,2021-06-22 14:00:49
h2lynp3,t1_h2lyho8,I wouldn't post it to wallstreetbets if I didn't think it was a bold play. It could go tits up. It could go golden. I am just here to give an idea of something that's not a short squeeze.,20,2021-06-22 10:37:27
h2m5ktr,t1_h2m5izz,Crossing my fingers for both of us..and my toes!,3,2021-06-22 11:46:20
h2m112s,t1_h2lynp3,That’s why we play the game 🤙🏼,5,2021-06-22 11:00:12
