comment_id,comment_parent_id,comment_body,comment_score,created_utc
giujck6,t3_kuvj27,"Considering both Apple and Google just banned the download of Parler, the app conservatives were starting to move to instead of twitter, I don't see a mass exodus in that sense. They'll just ban the next one for the same reason if it starts to cut into their user base.",11,2021-01-11 14:06:55
giuec11,t3_kuvj27,Yup . At open,33,2021-01-11 13:09:27
giugaeq,t3_kuvj27,"There is some value to the volume of tweets that take place on Twitter. That is a lot of big data.

But the platform does a terrible job monetizing the users and the ad platform is absolutely bad.

Now, with the catalyst event of censoring the POTUS...

🐻ish",19,2021-01-11 13:31:01
giuhunz,t3_kuvj27,"Nah, but it will dip short term",6,2021-01-11 13:48:54
giuj21q,t3_kuvj27,"The only thing keeping twitter afloat is the fact that everytime a competitor starts to take hold google and apple deplatform them and cherry pick posts to fit the narrative. 

Writing an app to post 200 characters publicly on a webpage isn't exactly cutting edge.",24,2021-01-11 14:03:20
giulksb,t3_kuvj27,[deleted],5,2021-01-11 14:34:50
giue481,t3_kuvj27,"Short Twitter, buy Square",15,2021-01-11 13:07:07
giue04j,t3_kuvj27,Yes. Fuck Dorsey.,25,2021-01-11 13:05:52
giujami,t3_kuvj27,"I think the play is otm 40p Jan 2022, Twitter basically invited world governments regardless of political ideologies to regulate social media platforms. 

unintended consequences",6,2021-01-11 14:06:16
giudicj,t3_kuvj27,Yes let’s do it. Need a tech hedge anyway,8,2021-01-11 13:00:37
giudv7d,t3_kuvj27,"AH Friday’s saw it drop some, i can see it continuing for a little bit, but i wouldn’t expect it to stay down for long.",7,2021-01-11 13:04:23
giun4sz,t3_kuvj27,"This company just realized it’s strong enough to tell the most powerful 🥭 in the world to fuck off and u wanna short long term

What in the fuck is wrong with u

Everything tech gonna sell this week but cmon fool",7,2021-01-11 14:55:12
giuhb8v,t3_kuvj27,Same. LFG.,3,2021-01-11 13:42:32
giuew6w,t3_kuvj27,Twitter won’t dip whatever Trump decides to use next will probably spike,7,2021-01-11 13:15:28
giurkh0,t3_kuvj27,You're overestimating the number of people that will leave Twitter. A couple of crying maga supoorters aren't going to make a material difference to price. There's better ways to spend your money,5,2021-01-11 15:49:54
giudl37,t3_kuvj27,Thinking about a Monday short but my portfolio is tied up. It's certainly on my radar.,6,2021-01-11 13:01:24
giuljwm,t3_kuvj27,the entire world will be shorting twitter,5,2021-01-11 14:34:32
giuk4ls,t3_kuvj27,If anything twtr will go up both as a reopening play and as a small business play.,2,2021-01-11 14:16:29
giul1t5,t3_kuvj27,Asap at open yep,2,2021-01-11 14:28:08
gium059,t3_kuvj27,no,2,2021-01-11 14:40:23
giugx99,t3_kuvj27,I’m looking to buy puts tomorrow on this trash heap of a hipster company,5,2021-01-11 13:38:05
giuk3u1,t3_kuvj27,I’m sure Twitters numbers are through the roof this recent campaign cycle so I expect people will be buying up the dip tomorrow.,3,2021-01-11 14:16:13
giuen0g,t3_kuvj27,"It's not going to dip as much considering the ones migrating to another platform are those that wants to ""incite violence"" or post obscene materials. In a business perspective, companies would still use twitter ad services for promotional offers. Parler is pretty much one sided demographics tbh",5,2021-01-11 13:12:42
giudi6b,t3_kuvj27,I was thinking the same thing you are tbh,4,2021-01-11 13:00:34
giuos5f,t3_kuvj27,"I’ll buy the dip like all of Wall Street will. Twitter will be as popular as ever despite the conservatives outcry, which is literally always more bark than bite. Small dip, major recover. Just look at the accounts here claiming to short sell. All low activity because they came here just to gossip and try and make Twitter look bad. Same thing happening on Stocktwits. Don’t be so gullible or you’ll get burnt.",3,2021-01-11 15:17:21
giulx7w,t3_kuvj27,"In 2018 more than 85% of Twitters revenue came from advertisers which totaled $2.6 billion. The number is impressive but most of those dollars correlate directly with active user accounts. 

Twitter is already inflated by Trump shining a spotlight on it and turning it into his preferred method of communication. 

With no diversity and an already inflated SP and the potential of millions of users deactivating accounts shorting is probably a safe bet.",2,2021-01-11 14:39:20
giuwhc0,t3_kuvj27,"It's going to beat earning, expecting a run up. Also people who follow trump follow 100s of others at the same time. What u think they r gonna leave and do what? Go where? They need their dopamine fix from Twitter. Twitter is can always unban Trump too retards. Don't u retards follow papa Musk? Now if Twitter banned Elon, I'd short the shit out of it. But trump idgaf. My 2 cents.",2,2021-01-11 16:46:06
giv05nc,t3_kuvj27,"yea twitter is going to die

at least jack has SQ so he will be ok",2,2021-01-11 17:40:00
givfft6,t3_kuvj27,"Nah, it’ll open low enough",1,2021-01-11 20:25:25
givqlrp,t3_kuvj27,Sure did.,1,2021-01-11 22:03:59
giwc8ys,t3_kuvj27,"Bought a few short term calls, ride the 3% of of todays dip and dump.",1,2021-01-12 00:36:03
gj8pa3r,t3_kuvj27,!remindme January 2023,1,2021-01-15 00:26:52
giugkeg,t3_kuvj27,Wait till trump wins and it'll go to $20.00,0,2021-01-11 13:34:06
givohq2,t3_kuvj27,This douchebag had the gall to kick trump off during msrket close. Seriously fuck that guy.,0,2021-01-11 21:46:46
giue5m4,t3_kuvj27,There is good DD on this in another post,-2,2021-01-11 13:07:32
givm192,t1_giujck6,"> They'll just ban the next one for the same reason if it starts to cut into their user base.

The fact this doesn't terrify you concerns me.",9,2021-01-11 21:25:40
givg64q,t1_giujck6,Gab has its own servers. They knew amazon was fucky,3,2021-01-11 20:31:24
giuyicr,t1_giujck6,Gab is having a huge influx of users according to the CEO [https://gab.com/a/posts/105535456035327534](https://gab.com/a/posts/105535456035327534) and judging by how slow the site has been running today I'm inclined to believe him. Gab had the foresight to not rely on cloud services run by one of the big tech companies (possibly due to past experiences).,2,2021-01-11 17:11:47
giv07ku,t1_giujck6,"gab is the next spot and they have their own metal

gab is a mossad honeypot tho",1,2021-01-11 17:40:56
giugml6,t1_giugaeq,"Not to mention it does seem to be an ""addictive"" product. But yeah those are my thoughts exactly.",3,2021-01-11 13:34:48
giuogmy,t1_giulksb,Same tho. Just got leaps on the Friday dip.,3,2021-01-11 15:12:56
giy27rh,t1_giulksb,Let's swap notes in two years. Winner buys loser a cup of autistic tears.,2,2021-01-12 08:27:32
giugf56,t1_giue04j,fuck Dorsey's beard,5,2021-01-11 13:32:28
giuf7jk,t1_giue04j,Dorsey literally one of the best CEOs in the game,-12,2021-01-11 13:18:54
giwno0g,t1_giue04j,Dorsey is working towards making twitter decentralized.,0,2021-01-12 01:52:11
giuow65,t1_giun4sz,"That's kind of why. A) power to shut down the king != revenue, and B) my thesis is that exactly because they exercised that power there will be an exodus of users, which are the lifeblood of a social network",4,2021-01-11 15:18:54
givgdvv,t1_giun4sz,I dn if you’re on Twitter but they didn’t just ban President Trump. They banned a lot of top conservative Twitter accounts at once. The content this weekend was way down.,2,2021-01-11 20:33:05
giui4eg,t1_giuew6w,ehhh... they lost a poop ton of ad revenue and their revenues were already smoke and mirrors,3,2021-01-11 13:52:07
gj09gdw,t1_giurkh0,"Yeah but, no one signing up for Twitter now that Trump is gone. If anything its a good indication of the Company's overall direction the last few years",3,2021-01-12 23:23:28
giv3un1,t1_giuljwm,And I’ll be buying a dip . I think we all know that the people who will be fleeing the app are low income and in other words deplorable when it comes to the market,0,2021-01-11 18:28:23
giuklhh,t1_giuk3u1,"Don't disagree, but my  question is do they bleed users / will there be a great migration in the next \~2 years towards other platforms / apps?",2,2021-01-11 14:22:23
giueyps,t1_giuen0g,"I've seen calls for leaving from tons of folks across the spectrum, not just viking coup attempters. Most damning probably this: [https://balajis.com/how-to-gradually-exit-twitter/](https://balajis.com/how-to-gradually-exit-twitter/)",2,2021-01-11 13:16:13
giv0fec,t1_giuen0g,"post obscene materials? 

you do realize almost all of Twitter's revenue is porn related right? 

If Twitter banned porn it would go the way of Tumblr within months",1,2021-01-11 17:44:49
giuggkg,t1_giuen0g,boomers are too stupid to create their own platform,-8,2021-01-11 13:32:54
giuel76,t1_giudi6b,Yep just trying to sanity check if there's an angle I'm missing. An (apparently) hard business to monetize + deluge of users leaving + currently inflated valuation seems like a strong short case.,1,2021-01-11 13:12:10
giuvmo1,t1_giuos5f,"Somebody with common sense here. People are too quick to apply their politics and beliefs, or as you say, they came here just to make noise. 

There's no question that Twitter will stop being used for presidential business and lose some traffic, but Trump actually made Twitter a household name and it won't go away any time soon. Jack still has the challenge to better monetize it though. The stock has not had the impressive growth that other social networks have had. I think that's the most important factor for TWTR going forward.",3,2021-01-11 16:35:32
giv0bmz,t1_giuos5f,It is a leftist echo chamber now. People only use(d) it to argue with each other. It was already dying pre 2016 but Trump ironically saved it,3,2021-01-11 17:42:57
giuzkx8,t1_giuos5f,Conservatives don't use Twitter. They use Facebook mostly.,2,2021-01-11 17:30:00
giuyvoz,t1_giuos5f,Strongest cope in this thread,0,2021-01-11 17:18:04
giuh2rg,t1_giugkeg,"It's not about trump or not It's about subscribers  they pay freaken millions to attract subscribers, but yet; Lose millions at an instance with this action. At least they could of thought about something else to resolve the situation. Don't these executives learn that they are enraging the fire more. Doesn't make sense?!?! Revenue will drop probably by half now, WTF.",3,2021-01-11 13:39:50
giugxmy,t1_giugkeg,r/alexjonesbets,2,2021-01-11 13:38:12
givdzkr,t1_giue5m4,"Theres also a lowkey good DD from late last week about going long on twitter.

I'm not touching this with a 10 ft pole",1,2021-01-11 20:13:17
giuep47,t1_giue5m4,">There is good DD on this in another post

Can you link it?",0,2021-01-11 13:13:19
givyxhx,t1_givm192,"I didn't say it was good. Check my comment history, you'll see how I view things.",1,2021-01-11 23:06:29
givz5bl,t1_givg64q,"But how does this matter if Apple requires you to go through the App Store to download something? People will have to use the web browser, which I'm not inclined to believe will happen.",1,2021-01-11 23:08:06
giv3fdl,t1_giv07ku,[deleted],3,2021-01-11 18:23:28
givons3,t1_giugml6,"If you look at the data, virtually no one has near the interaction as trump. Bernie, obama, aoc and biden have very little interaction. Twitter had ay $16 before trump was elected. Trump pretty muchade the platform for the last 4 years.",1,2021-01-11 21:48:09
giyd4ds,t1_giy27rh,[deleted],1,2021-01-12 10:00:42
giugpxs,t1_giugf56,Hey man I wish I could grow a beard like that,-2,2021-01-11 13:35:52
giugyj5,t1_giugf56,How does one physically fuck a beard,-1,2021-01-11 13:38:29
giui8dk,t1_giuf7jk,"lol... I hope you have a bumper sticker that says ""full retard mode engaged"" or you at least work a Tweeter",8,2021-01-11 13:53:24
giugy9k,t1_giuf7jk,Lmao,4,2021-01-11 13:38:24
giuh6tb,t1_giuf7jk,full retard,3,2021-01-11 13:41:06
giv49d6,t1_giuow65,"Trump crazies are a very small minority, even most republicans hate them. There will be a small dip at open ,then we will all buy the dip and we will have an ath by eow",2,2021-01-11 18:33:17
giupfhc,t1_giuklhh,What alternatives do you suggest?,1,2021-01-11 15:26:01
giupllf,t1_giuklhh,why would there be? nothings even remotely on twitters radar,1,2021-01-11 15:28:09
giugsb2,t1_giuggkg,You realize boomers created the internet right,14,2021-01-11 13:36:35
giuufjv,t1_giuh2rg,"It's all about trump, they just deleted an account with 90 million followers, quite possibly the most active one on the platform, if thats not a bullish indicator by the zero fucks given by jack dorsey, then I don't know what to tell you. This thing deserves a lot more credit",2,2021-01-11 16:21:42
giwk1wi,t1_givz5bl,"New Gab phone coming to market soon, also I use web browser for everything already. Why download Twitter app?",2,2021-01-12 01:25:48
giv4xfg,t1_giv3fdl,"what was mossad's interest in reddit with ghislaine maxwell's operation?

look into the founder Torba",2,2021-01-11 18:40:57
giyodrj,t1_giyd4ds,[deleted],2,2021-01-12 11:34:31
giyjosy,t1_giyd4ds,Works for me 🐱,1,2021-01-12 10:54:35
gj9atrb,t1_giugyj5,"*You don't wanna know* about it, *believe me*

\- Walter Sobchak",1,2021-01-15 03:06:12
giv0hkz,t1_giuufjv,Trump was by far the largest driver of traffic on twitter,2,2021-01-11 17:45:52
giwln78,t1_giwk1wi,"I didn't know about the Gab phone, but in my opinion, it will go the way of Windows phones. No one will make apps for it because there are no users. I had a windows phone for years hoping developers would adopt it, but it never happened and then it died. And that was an established company and brand.",1,2021-01-12 01:37:04
gj1hgag,t1_giyodrj,"There is a 17 hour delay fetching comments.

I will be messaging you in 1 year on [**2022-01-12 03:34:31 UTC**](http://www.wolframalpha.com/input/?i=2022-01-12%2003:34:31%20UTC%20To%20Local%20Time) to remind you of [**this link**](https://np.reddit.com/r/wallstreetbets/comments/kuvj27/anyone_shorting_twitter/giyodrj/?context=3)

[**CLICK THIS LINK**](https://np.reddit.com/message/compose/?to=RemindMeBot&subject=Reminder&message=%5Bhttps%3A%2F%2Fwww.reddit.com%2Fr%2Fwallstreetbets%2Fcomments%2Fkuvj27%2Fanyone_shorting_twitter%2Fgiyodrj%2F%5D%0A%0ARemindMe%21%202022-01-12%2003%3A34%3A31%20UTC) to send a PM to also be reminded and to reduce spam.

^(Parent commenter can ) [^(delete this message to hide from others.)](https://np.reddit.com/message/compose/?to=RemindMeBot&subject=Delete%20Comment&message=Delete%21%20kuvj27)

*****

|[^(Info)](https://np.reddit.com/r/RemindMeBot/comments/e1bko7/remindmebot_info_v21/)|[^(Custom)](https://np.reddit.com/message/compose/?to=RemindMeBot&subject=Reminder&message=%5BLink%20or%20message%20inside%20square%20brackets%5D%0A%0ARemindMe%21%20Time%20period%20here)|[^(Your Reminders)](https://np.reddit.com/message/compose/?to=RemindMeBot&subject=List%20Of%20Reminders&message=MyReminders%21)|[^(Feedback)](https://np.reddit.com/message/compose/?to=Watchful1&subject=RemindMeBot%20Feedback)|
|-|-|-|-|",1,2021-01-13 05:02:37
gixkkg3,t1_giwln78,That was before tech censorship was rampant,1,2021-01-12 06:01:11
