comment_id,comment_parent_id,comment_body,comment_score,created_utc
h6wnny4,t3_oto5rw,"
**User Report**| | | |
:--|:--|:--|:--
**Total Submissions**|6|**First Seen In WSB**|7 months ago
**Total Comments**|2353|**Previous DD**|
**Account Age**|1 year|[^scan ^comment ](https://www.reddit.com/message/compose/?to=VisualMod&subject=scan_comment&message=Replace%20this%20text%20with%20a%20comment%20ID%20(which%20looks%20like%20*h26cq3k*)%20to%20have%20the%20bot%20scan%20your%20comment%20and%20correct%20your%20first%20seen%20date.)|[^scan ^submission ](https://www.reddit.com/message/compose/?to=VisualMod&subject=scan_submission&message=Replace%20this%20text%20with%20a%20submission%20ID%20(which%20looks%20like%20*h26cq3k*)%20to%20have%20the%20bot%20scan%20your%20submission%20and%20correct%20your%20first%20seen%20date.)",1,2021-07-29 10:00:42
h6wq9uh,t3_oto5rw,[deleted],100,2021-07-29 10:22:01
h6wsohn,t3_oto5rw,[deleted],77,2021-07-29 10:42:13
h6wpc5b,t3_oto5rw,"Thank you for aiming this at beginners.  I’ve been options trading for 2 years and have done plenty of research.  Although, this feels like I learned English yesterday and I’m reading an MIT doctoral thesis on quantum physics, I appreciate that you “dumbed it down”.",109,2021-07-29 10:14:17
h6wprq4,t3_oto5rw,"I see that you are not an educator, ma’am.",24,2021-07-29 10:17:53
h6wolvc,t3_oto5rw,[deleted],72,2021-07-29 10:08:17
h6wpj7o,t3_oto5rw,This is simplified for beginners????? 🤕,44,2021-07-29 10:15:55
h6wxo3n,t3_oto5rw,Thats a lot of words... Ima bookmark this to read while i poop,7,2021-07-29 11:26:22
h6wnuyh,t3_oto5rw,[deleted],17,2021-07-29 10:02:15
h6wytvc,t3_oto5rw,"You lost me after ""A"".",6,2021-07-29 11:37:03
h6woyu9,t3_oto5rw,Didn’t understand any of this. I’m going back to watching animal attack videos.,14,2021-07-29 10:11:14
h6wolns,t3_oto5rw,"i usually just skip to the end of DDs and look for these indicators:


🚀🦍🤑💸💵💰💎👐 - stonks only go up, CALLS


🤡 - clown play, where it goes, no one knows, YOLO


🐻🌈 - oh shit it's a bear, PUTS",20,2021-07-29 10:08:14
h6wp1qm,t3_oto5rw,Calls on 4D printing food companies. ❤️,3,2021-07-29 10:11:54
h6ws28c,t3_oto5rw,"Hah, [Wiener process](https://en.m.wikipedia.org/wiki/Wiener_process).",4,2021-07-29 10:37:01
h6wsoou,t3_oto5rw,"Saved the post to fully read, thank you",4,2021-07-29 10:42:16
h6yfi9v,t3_oto5rw,Did this guy just post math to wsb,3,2021-07-29 21:53:03
h6zops5,t3_oto5rw,"This is a constipated toilet read...when I can concentrate the most and understand the literature.

Thanks for the information, will read it later when I can focus...",5,2021-07-30 03:09:37
h6wr9cd,t3_oto5rw,You expect me to read this?,8,2021-07-29 10:30:15
h6wuuly,t3_oto5rw,I feel like binomial options pricing would have been a better place to start for beginners.,3,2021-07-29 11:01:09
h6wyqur,t3_oto5rw,"Great post (I didn’t actually read it) but the title looks hella informative and I bookmarked it for the future .
Sincerely,
- 🦧",3,2021-07-29 11:36:16
h6x01u6,t3_oto5rw,Esh not enough pictures. I’m going to have to pass on having my wife’s boyfriend read this one to me.,3,2021-07-29 11:48:35
h6xyzms,t3_oto5rw,Buy 60 days out.  Organic stop loss,3,2021-07-29 19:17:52
h6yao19,t3_oto5rw,"You need graphs and walls of text to say that contract prices go up and down with IV, and IV goes up and down independent of share price?",3,2021-07-29 21:13:38
h6yd2gx,t3_oto5rw,I just opened this and the fidelity alert saying NOK just hit 6 dollars popped on my phone. Well played,3,2021-07-29 21:33:32
h6yo30w,t3_oto5rw,"He's basically saying sell puts/calls when volatility is high, and buy when its low and your tissue paper model suggests otherwise.",3,2021-07-29 22:57:40
h7277nh,t3_oto5rw,I don't understand why anyone would post beginner's guides on a forum of experts,3,2021-07-30 16:23:25
h6x6cpx,t3_oto5rw,"I'm pretty sure the OP is saying in a rather long-winded yet informative way is that if you don't have the slightest idea what those words  mean, then you likely shouldn't be trading options.",7,2021-07-29 12:52:45
h6wsz59,t3_oto5rw,"Fellow apes, what he is saying is this... I think...

Implied vol = distances between branches on the tree to swing up to the highest, sweetest fruit.  Unless you are a very strong ape, the probability of you grabbing those branches all the way up is low, very low.  Lower implied vol = easier to climb tree, but less reward.

Or, rather, the exponent in a brownian motion equation dictates how hard it is to identify the projected thing in it's exact location in time on it's probabilistically expected path, in time.",5,2021-07-29 10:44:48
h6wsgg5,t3_oto5rw,So you saying buy LEAPS? I'M all in,2,2021-07-29 10:40:20
h6x9nfi,t3_oto5rw,Tldr: if you buy fds you are literally asking to be fucked,2,2021-07-29 13:29:56
h6xe385,t3_oto5rw,"I’m still trying to process this.., thanks tho!!",2,2021-07-29 14:24:48
h6xh7fr,t3_oto5rw,"*Checks post, re-checks title*   
If teaching is your day job: quit. Or charge insane tuition.",2,2021-07-29 15:06:45
h6y6d1h,t3_oto5rw,Can somebody summarize this in ape speak? 🦍🦍,2,2021-07-29 20:35:23
h6ycv1x,t3_oto5rw,Love it bro. Tanks 4 this.,2,2021-07-29 21:31:53
h70vw96,t3_oto5rw,So you're saying buy more GME?,2,2021-07-30 08:27:39
h6wo98t,t3_oto5rw,Unga-bunga?,1,2021-07-29 10:05:24
h6xient,t3_oto5rw,"So buy options when IV Rank and IV Percentile is under 30?

What time frame should we look back on if we’re playing weeklies to 30+dte? 1 mo? 3 mo? 6 mo? 1 year?",1,2021-07-29 15:23:45
h6ybubv,t3_oto5rw,oh boy another options guru 🤦‍♂️man definitely rode out his GME calls to zero,1,2021-07-29 21:23:28
h6wzfma,t3_oto5rw,My 👀 glazed over...,1,2021-07-29 11:42:44
h6wzs2v,t3_oto5rw,Okay all in,1,2021-07-29 11:46:00
h6x4b9t,t3_oto5rw,You expected me to read that shit?,1,2021-07-29 12:30:54
h6x6535,t3_oto5rw,"The volatility that is priced into options is not backward looking (historical volatility), but forward looking (expectation of future volatility, or implied volatility (IV)).- no this is incorrect. you can only price volatility based on the past. how do you price in something that's based in the future?",1,2021-07-29 12:50:28
h6x7wwi,t3_oto5rw,Use graphs to explain to beginners. Helps much.,1,2021-07-29 13:09:58
h6x8ric,t3_oto5rw,So yourself there’s a chance...,1,2021-07-29 13:19:34
h6xswly,t3_oto5rw,I am sorry I didn't even survived the first line,1,2021-07-29 17:57:47
h6xxj1f,t3_oto5rw,Not enough rocket emojis. Didn’t read,1,2021-07-29 19:00:04
h6xzdub,t3_oto5rw,"Yo, thanks for this but I'm wondering what the guide 3 steps before this is called?",1,2021-07-29 19:22:31
h6xzxhd,t3_oto5rw,So where is your loss porn?,1,2021-07-29 19:28:53
h6y1bck,t3_oto5rw,Commenting to read later thanks!,1,2021-07-29 19:44:22
h6y67sw,t3_oto5rw,[deleted],1,2021-07-29 20:34:02
h705p81,t3_oto5rw,"So,  where should I be shooting for on my dart board?",1,2021-07-30 05:07:24
h70c6m9,t3_oto5rw,">The present value of the first cash flow is easy: it equals -K \* e-r T, where e is Euler's constant and r is the risk-free rate of borrowing

Oh, yes. Easy. I must've forgotten to apply Euler's constant.",1,2021-07-30 05:53:57
h71s6uj,t3_oto5rw,Weird flex,1,2021-07-30 13:06:47
h73ttw2,t3_oto5rw,"[https://www.investopedia.com/thmb/qR19XhSOkPgYayKLsHwX\_JLWVBM=/1280x0/filters:no\_upscale():max\_bytes(150000):strip\_icc():format(webp)/BlackScholesMerton-56a6d22e3df78cf772906866.png](https://www.investopedia.com/thmb/qR19XhSOkPgYayKLsHwX_JLWVBM=/1280x0/filters:no_upscale():max_bytes(150000):strip_icc():format(webp)/BlackScholesMerton-56a6d22e3df78cf772906866.png)

If this image looks like gibberish to you save yourself the trouble of even trying to read the OP.",1,2021-07-31 01:27:24
h6wqo6b,t1_h6wq9uh,Appropriate username is appropriate,34,2021-07-29 10:25:19
h6ya0ph,t1_h6wsohn,"I know. ""This is for beginners""...starts talking using words for experts.",18,2021-07-29 21:07:57
h6zv15w,t1_h6wsohn,I refuse to learn how options work until someone figures out how to explain them with emojis.,7,2021-07-30 03:53:37
h6wpsov,t1_h6wpc5b,"> I’ve been options trading for 2 years and have done plenty of research.

If you've been trading options for 2 years and not gone bankrupt, you don't really need the fancy math. Experience is a much better teacher.",59,2021-07-29 10:18:07
h6x47s0,t1_h6wpc5b,ELIreallysmart,4,2021-07-29 12:29:55
h6wyjeo,t1_h6wpc5b,[deleted],2,2021-07-29 11:34:19
h6x49zc,t1_h6wpc5b,Yup,1,2021-07-29 12:30:32
h6xa5eh,t1_h6wolvc,and no colored lines either.,10,2021-07-29 13:35:46
h6xgbag,t1_h6wolvc,No crayons,8,2021-07-29 14:54:20
h6wx8dw,t1_h6wpj7o,"yeah definitely, options are complicated. still not sure why I'm losing money tho, I suppose I still need an advanced course",14,2021-07-29 11:22:23
h6x6juy,t1_h6wpj7o,"Yeah...like seriously....:(

I don't even know like...when someone sells calls or puts, do they personally decide the price or does a bunch of people with calculators somewhere decide it!!??

(Or a computer?)",5,2021-07-29 12:54:55
h73v7pt,t1_h6wpj7o,"Also, keep in mind, mathematically understanding options a little bit does absolutely nothing for you. The only value in understanding the math behind options comes from when you understand it REALLY well, and can then do statistical arbitrage on that. If you can do things like this, go work in New York. The information you will get working at some firm is going to help you tremendously. 

If not, the actual pricing model for options is irrelevant to you. What is important to understand, and the ACTUAL beginner option pricing model to follow is, options price move with stock price (delta), the longer it takes for your option to be in the money the less money you can sell it for (theta), and the more the price moves around, the more you will have to pay for options (volatility) 

Options in this case are primarily a tool of leverage, not statistical arbitrage based off misspricing. In other words, you believe the STOCK, not the derivative is mispriced, and need to get leverage on the trade. When you understand this, you can also do some simple math to understand why options are generally safer than buying stocks. You can make more money, with less, and also lose less money when you lose. 

I know this goes against everything you would hear about options but that's how they actually work when you understand how they work to an actual beginner level. 

I would not even say what OP is trying to get into is ""advanced"" level, it's a level beyond that. What he is trying to do is to get you to understand that option prices are just like stock prices, and the market has to find efficiency for the price compared to the stock. In the past this was actually very bad, meaning you could easily find mispriced options that would be risk free or low risk money for you, or asymmetrical risk wise. An example of this would be in the original model used to price options, it assumed symmetry. In other words, stock go up and down equally. Because that wasn't true, calls were actually cheaper than puts because the price was more likely to make calls in the money and less likely to make puts in the money, so you were getting deals on calls. You can find A LOT of factors that go into a pricing model, and trade around said factor. 

But were not fucking nerds so let's buy FD's based off Covid on $SPY instead.",2,2021-07-31 01:37:18
h6xga3m,t1_h6wxo3n,"I like thinking on the shitter, without a pen, I'm forced to be mentally sharp.",4,2021-07-29 14:53:53
h6wyyip,t1_h6wxo3n,+1 😂,1,2021-07-29 11:38:17
h6wo4j3,t1_h6wnuyh,It's a few short steps from unga-bunga -> survival functions.,7,2021-07-29 10:04:21
h6woyhr,t1_h6wolns,"Thetagang thanks you for your donation, until a 5 sigma move runs over them.",7,2021-07-29 10:11:09
h6wtrbm,t1_h6ws28c,😂,2,2021-07-29 10:51:36
h6wrzes,t1_h6wr9cd,"If you ever find it hard to sleep, this can be good bedtime reading.",12,2021-07-29 10:36:20
h6x4ci4,t1_h6wr9cd,I tried. But I don't speak the language.,3,2021-07-29 12:31:15
h6wviuc,t1_h6wuuly,"Naw, should have started at how do develop a machine learning algo to reverse engineer which market makers are using which versions of black-sholes-merton-every last name to price their options, then trade against the flaws in those models.  Way easier to understand.",4,2021-07-29 11:07:05
h6wst7r,t1_h6wsgg5,"Buy when IV dips so you don't get IV crushed.  Also, buy LEAPS.",6,2021-07-29 10:43:22
h6xgvg2,t1_h6x9nfi,"Unironically, FDs can be great bets if you make them when the odds are not stacked against you. Most people bet when the IV is high, and on strikes that are too OTM to be influenced by a directional move, so they end up donating their money even when they get the price action correct.",3,2021-07-29 15:02:08
h6xksqg,t1_h6xient,"> So buy options when IV Rank and IV Percentile is under 30?

That can be a rule of thumb to follow, but it might not always be possible (e.g., you want to bet on something because you think something will happen, but IV isn't your friend at that time). In such cases, you can use IV + the greeks to judge your margin of error, and hence, decide how close to ATM you should be. 

> What time frame should we look back on if we’re playing weeklies to 30+dte? 1 mo? 3 mo? 6 mo? 1 year?

TBH, there is no one answer. I personally like buying LEAPS after something has IV crushed the options chain, which is a set-and-forget kind of trade, but you can do many things depending on how active you want to be. Try out a few things with manageable position sizes and figure out what you like the best.",2,2021-07-29 15:58:05
h6xg4tb,t1_h6x6535,"> you can only price volatility based on the past. how do you price in something that's based in the future? 

Those selling the option obviously can't know what exactly the volatility is going to be, they just have a baseline expectation that they ""bake into"" the price of the option (hence the term ""implied volatility"" or IV). This need not correspond with what really happens.",1,2021-07-29 14:51:49
h73xndl,t1_h6x6535,"Those are basically saying the same thing. The past volatility sets the expectation for future volatility because the most likely thing for something to do is what it already was doing, so you don't care so much about the past as much as you do what it means for the future. That being said, you are correct.",1,2021-07-31 01:54:37
h73xr95,t1_h6y67sw,"Options had nothing to do with that, you just had no idea what you were doing.",1,2021-07-31 01:55:24
h6yw913,t1_h6wqo6b,"OP, can you beginner Deez Nutz for me?",6,2021-07-29 23:54:58
h70k8dr,t1_h6zv15w,"😂😆😃🙂🤡🙁😩😢😭

These are the range. From left to right, it goes 1 to 8 value and 0 for clown. You tell you’re friend that no matter what face the clown has, you will pay him: 😩 much sad in 1 months time and pay him 6value because that face is worth 6. Meaning you will buy the clown for 6 no matter if it’s worth actualy 1 or 8 at end of month. When 1 month comes: the clown is actually more sadder and has this face: 😢, but you paid him 6 for 😩 face but now it’s actually worth 7. 

So you have the right to buy the clown that is worth 7 for only 6- netting you 1$ profit. 

Now if at months end, the face was 🙂, this is 4 value. But you promised to buy any face for 6 value so you lost 2$. 

Now you understand futures. Options are basically the same.",11,2021-07-30 06:54:53
h6wzx62,t1_h6wpsov,I'm an expert at going bankrupt. If you need any help lemme know,39,2021-07-29 11:47:21
h6ws69e,t1_h6wpsov,"Experience in the past few months cost me 12k. Down to my last $100 and its yoloed in a SPY call lol. Good education, but still nowhere close to understanding it fully.  Just 2 weeks ago learned about IV crush with netflix... and this week with Tesla (fuck that guy musk). Thanks for the post!

PS: how can I tell if my option might get wrecked by the IV because of earnings? is it if the option expires during earnings week?",8,2021-07-29 10:37:59
h6wq6wd,t1_h6wpsov,"lol that’s what I’m banking on.  Still up 80% all time, but I feel like I have a good grasp on it.  I hope to understand everything you wrote at some point, but it’s great to see someone sharing worthwhile knowledge.",3,2021-07-29 10:21:20
h6x535x,t1_h6wyjeo,If u eat them in the right order ATVI calls go up,3,2021-07-29 12:39:03
h6x4an0,t1_h6wx8dw,Luck. It's all luck.,15,2021-07-29 12:30:43
h6xbogq,t1_h6x6juy,"If you try to sell an option contract for more than people are buying them for then no one buys it... but technically  you can set the price to whatever, it just won't sell.",5,2021-07-29 13:54:15
h73wkbk,t1_h6x6juy,"You are actually getting into the concept of auction markets themselves. The entire point behind the stock market is we believe the market to be efficient. That means that whatever an asset is worth, the market will find that price. That's why people can make a lot of money trading actually. You just have to know before other people that the market is going to find some price for some thing, and trade based off the potential future price. 

There are multiple formulas you can use to derive what the price of an option SHOULD be. 

[https://corporatefinanceinstitute.com/resources/knowledge/valuation/option-pricing-models/](https://corporatefinanceinstitute.com/resources/knowledge/valuation/option-pricing-models/)  


The thing is, none of these models are perfect. What is perfect is, in a market with a lot of liquidity, the fair value will be found automatically. The reason is, say you could make 5 dollars instantly by buying a contract. The moment you notice this, you would buy the contract and sell it to make your 5 dollars. Well, now that ""free money"" is gone, and all the free money will go as fast as it can be found, leaving you with the actual price of the security. In other words, the only people willing to sell things to you are the ones selling it for a price that makes sense for them (they don't instantly lose 5 dollars) and you only want to buy things where you gain (you don't want to lose 5 dollars by buying it) so you meet in the middle. Through that very simple action, combine with external factors like interest rates (of the things you hold, the money you spend, the money you can borrow and whatever) everything will price itself out in an environment so that when a person does a trade they don't instantly lose money. 

The entire point of trading is you are just looking for some value that is lower than what it actually should be, and by finding that and exploiting that you contribute to bringing it's value to it's actual fair price. If GME is worth 2 dollars, and you think it's worth 50, and a bunch of retards on reddit do too, you just all start buying it at the price the people selling it think it's worth. Eventually, the people who thought it was worth 2 are gone, so its worth 3 now, and then those people are gone, and eventually the only people left are the people who think it's worth 50. Because you thought it was worth 50, you are now willing to sell it, and if nobody is willing to buy it for that price, it is in fact not worth 50, so to sell it you must sell it at 49, because somebody thinks its worth 50 as well but would only pay 49 for it, because why would they just pay what it's worth? That process can happen for a long time until eventually a large mass of people think it's worth 60. 

Options get priced exactly the same as this with a shitload of more random variables effecting their ACTUAL provable value. As in, there exist a certain value of an option (stocks too, because they pay dividends) that pricing it any lower would instantly make the purchaser money. Once you get beyond that though, the price is just set by sentiment and risk models, like stocks.",2,2021-07-31 01:46:55
h6x4kk3,t1_h6woyhr,Sigma balls more like,4,2021-07-29 12:33:32
h6xh7sa,t1_h6wviuc,"The model that I laid out here is obviously too simple, but some morals (like the ones I highlighted) are more general. If this helps even one person think deeper about what they're betting on, how to judge the odds against them, and prevents them from losing money in an avoidable manner, I'll be happy.",4,2021-07-29 15:06:54
h6x58d5,t1_h6wviuc,"At that point, may as well go full NN",1,2021-07-29 12:40:37
h73xbv9,t1_h6xgvg2,"In general, the entire point people are betting on FD's is because they want to maximize the possible return. Obviously, the probability of this actually working is almost 0, that's why they are called FD's. In fact, fundamentally if the odds are not stacked against you, it isn't a FD. If you think there will be some directional move in your favor for an event that happens tomorrow so you pick up ATM options to basically get a leveraged fixed cost trade you are not buying FD's, you are just buying options. 

&#x200B;

If you look at the moon and notice the face you see in the moon looks like it's smiling a little so it's probably going to be a good day, so you should buy 450 EOD exp spy calls, those are FD's. Nothing was going to really help you make this a good trade. Even buying deep ITM calls to just try to get the 1 delta wouldn't make sense because you are literally just randomly gambling and then also greatly limiting the return you could make compared to the .01 cost of the option that will definitely not print.",1,2021-07-31 01:52:18
h8isofw,t1_h6yw913,[removed],1,2021-08-11 19:21:28
h6wt555,t1_h6ws69e,"The IV on the options chain will be jacked up prior to the event, and die after the event, so it becomes very hard for price action to move the needle in your favor unless it's larger than the implied move. You can look up the size of the implied move online or calculate it yourself from the prices of ATM options.",9,2021-07-29 10:46:16
h6xlvzi,t1_h6x4an0,Assuming efficient markets priced in a frictionless environment …,2,2021-07-29 16:14:04
h6xejjb,t1_h6xbogq,"What calculations do they make personally when they are deciding what price to set?

Do they just look at what other people are doing, or is there a standard method everyone uses to calculate the price they want to sell at?

Do they determine the bid ask spread.  Sorry, in advance.",2,2021-07-29 14:30:49
h6xx8e3,t1_h6xh7sa,I'm being sarcastic.  It is a fine write-up.,2,2021-07-29 18:56:17
h6x9ajg,t1_h6x58d5,Full neener neener,2,2021-07-29 13:25:41
h73ysia,t1_h73xbv9,"You’re right, I was just thinking of FDs as 0DTEs.",1,2021-07-31 02:02:55
h8isoh7,t1_h8isofw,"Reddit has a new paid team called **Anti-Evil Operations** which goes around permanently banning accounts for saying bad words. We made automod block them so you don't lose your account for saying a word and getting reported. It's not our rule, it's the entire website now, we're just trying to look out for our people. Sorry.

*I am a bot, and this action was performed automatically. Please [contact the moderators of this subreddit](/message/compose/?to=/r/wallstreetbets) if you have any questions or concerns.*",1,2021-08-11 19:21:28
h6x6kot,t1_h6wt555,So that’s why my call option lost 50% value when the market opened this morning. I was dumb founded and you helped me understand.,3,2021-07-29 12:55:10
h6x6hvt,t1_h6wt555,"So a $35 call on say XYZ stock that's currently trading at $25 implies it will go up by 29%, so if IV is around that its a bust and if its say four times (just a random guess) that at 116%, it might move in my favor?

Edit: I think I messed that up... it should be other way (29% IV = win / 116% IV = lose)?",1,2021-07-29 12:54:19
h6xfsfj,t1_h6xejjb,"Bids are people trying to buy, asks are people trying to sell. The spread is just created by all the options orders in between the two being filled.

How exactly options are priced is complicated. But it's based on things like time until expiration, volatility, interest rates, the options price in relation to the stocks price. Research the ""Greeks"" and you will understand what goes in to determining an options price better.

At the end of the day though there are people calculating everything and deciding what to sell/buy their contracts for, there are people who just go with whatever the options are priced at the time, and there are people with no clue what's going on just throwing money in to a blackhole",6,2021-07-29 14:47:08
h6xgcqv,t1_h6x6kot,Glad to be of help.,3,2021-07-29 14:54:54
h6xgk67,t1_h6x6hvt,"The IV is annualized, I gave the formula to convert it to the duration to expiry in the post. In practice, your broker will also give you the probability of being ITM, which is simplest to refer to (think of it as the odds on the bet you're making). If they don't give it to you, the delta of the option is a good approximation.",2,2021-07-29 14:57:45
h6xho13,t1_h6xfsfj,"So lets say I want to buy a call on rh. Is there an easy way with just knowing the current price of the stock, the price of the call per share & the break even price to know if it is a crappy deal?

I mean some have to rise SO much in price, just to break even. Like huge jumps from the current price. (break even already calculated, say.)

& obviously small changes that are a likely are very expensive & maybe not worth it as could be putting the money for something else to be tied up with such small profit.

& some deals seem good, but then it is not traded much, so when it comes times to sell, maybe there are no buyers...",1,2021-07-29 15:13:19
h71fogh,t1_h6xgk67,"Really appreciate the replies, I still have to go over everything you said in your post!",2,2021-07-30 11:07:16
h6xih8o,t1_h6xho13,"Don't go far out of the money unless you're considering it a lottery ticket.


If you have to go too far to afford the contract, you're probably going to lose your money anyway.",2,2021-07-29 15:24:46
h6xj0pc,t1_h6xih8o,"Yeah....but the ones ITM are so expensive & the longer dates are so expensive to then why even tie up your money there for so long compared to anither potential investment? Then those are considerations.

Just for people who have tons of money already that they don't mind tying up some of it.

And then sometimes if you do find a good deal, it is a small stock that maybe even at the time you wanted to sell at the hypothetical price it is worth, there are no actual buyers, because it is not traded much.

I tried once & that happened. I tried to sell & it wouldn't fill 2 days in a row. Would have to keep canceling & putting in a lower price just to finally not lose the money put in. (For a call contract).

And also, since you said anyone can set any price, it doesn't matter in that it could be ITM, but still a crap contract for what price they want. 

Or nor crap, but just overpriced compared to other comparable deals up & down the ladder of offerings or compared to a similar stock.",3,2021-07-29 15:32:34
h6xjtq0,t1_h6xj0pc,"If you can't afford it then don't buy it. I've had to lose a bunch of money to figure that out. Occasionally you might win but you probably won't. 


Or honestly just keep buying spy calls a couple of weeks out on every dip. If it goes down more then double down. Probably the best strategy I found after getting over my ego and realizing that stocks don't have to do what I think makes sense.",6,2021-07-29 15:44:06
h6xk9a6,t1_h6xjtq0,"Ok. So no easy way to do comparative analysis on different contract offerings if fair or overpriced?

That you know of?",1,2021-07-29 15:50:10
h7152ct,t1_h6xk9a6,"I know there are sites you can subscribe to that give you more data on options but I've never paid so I don't know how helpful it is.

You should be able to see the Greeks for each option through your broker though",1,2021-07-30 09:38:58
