comment_id,comment_parent_id,comment_body,comment_score,created_utc
h3mnmks,t3_obawi4,"
**User Report**| | | |
:--|:--|:--|:--
**Total Submissions**|1|**First Seen In WSB**|3 days ago
**Total Comments**|2|**Previous DD**|
**Account Age**|8 years|[^scan ^comment ](https://www.reddit.com/message/compose/?to=VisualMod&subject=scan_comment&message=Replace%20this%20text%20with%20a%20comment%20ID%20(which%20looks%20like%20*h26cq3k*)%20to%20have%20the%20bot%20scan%20your%20comment%20and%20correct%20your%20first%20seen%20date.)|[^scan ^submission ](https://www.reddit.com/message/compose/?to=VisualMod&subject=scan_submission&message=Replace%20this%20text%20with%20a%20submission%20ID%20(which%20looks%20like%20*h26cq3k*)%20to%20have%20the%20bot%20scan%20your%20submission%20and%20correct%20your%20first%20seen%20date.)",1,2021-07-01 09:06:01
h3p9b4r,t3_obawi4,Pubm 60$ calls. Loading up!!,6,2021-07-02 00:54:31
h3mord8,t3_obawi4,MGNI>,7,2021-07-01 09:15:52
h3mzffj,t3_obawi4,Dude don’t mean to hijack a post but why tf can’t I post here?? Keeps getting removed and can’t even read the damn mod message bc it says it’s not available??? Fuck u mod,5,2021-07-01 10:45:53
h3mtv0p,t3_obawi4,Nice try. Fetch isn’t going to be a thing…,2,2021-07-01 09:58:48
h3moxz0,t3_obawi4,AMZN CALLS,1,2021-07-01 09:17:26
h3mrxrm,t3_obawi4,TLDR ?,1,2021-07-01 09:42:55
h3mrv4v,t3_obawi4,"Makes sense for a short term YOLO play, but I wouldn't do any kind of long term investing in any ad tech company. They're way too reliant on other players in the ecosystem - Google, Apple, etc. could kill their business overnight.",0,2021-07-01 09:42:19
h3mor7o,t3_obawi4,XPEV,-2,2021-07-01 09:15:50
h3mvowv,t1_h3mord8,I like MGNI as well. But my thinking is the tight share structure of pubm at 8.97mill shares over mgni at 128mill has more potential for large price movement. Plus the 40ish% short interest says to me its primed for a squeeze.,5,2021-07-01 10:14:02
h3msud5,t1_h3mord8,This,2,2021-07-01 09:50:25
