comment_id,comment_parent_id,comment_body,comment_score,created_utc
gow5mqx,t3_lt8lf1,Does this mean the Hedgies are exiting there positions in other stocks in order to cover GME?,1,2021-02-27 05:43:15
gow5oim,t3_lt8lf1,Qqq sold off before the weekend why is everything conspiracy when it’s not? beta of companies doing exactly as they are expected to.,1,2021-02-27 05:43:29
gow6mh0,t3_lt8lf1,So QQQ sold and caused the drop or did hedgies drop their position on all the stocks which caused QQQ to drop? HrrrMmmmm 😝 sounds like a Q spiracy to me.,1,2021-02-27 05:48:23
gow88aa,t1_gow5mqx,Yes thats what I’m alluding to with the QQQ sell off.,1,2021-02-27 05:56:31
gow6337,t1_gow5oim,This is coordinated by MM.,0,2021-02-27 05:45:35
gow67ds,t1_gow6337,"No it’s not you are seriously just uninformed.

That’s all expected they have pretty much neutral betas of 1 and will follow the Dow spy and qqq. They always follow each other expecially after a red week no one holds over the weekend.",1,2021-02-27 05:46:11
