comment_id,comment_parent_id,comment_body,comment_score,created_utc
gi5qjkj,t3_kqs5j0,"1) Only 200 employees joined the union

2) Tech companies try to avoid unions and Google does not officially recognize this union.

3) If they cause any trouble/making any demands, they will be laid off, Software Engineers grow on trees, especially for companies like Google that can have their pick of the litter. (People spend hundreds of hours practicing on LeetCode and applying trying to get into Google)",41,2021-01-05 15:22:15
gi5njfi,t3_kqs5j0,"Go ahead and short a company flush with billions in cash that employs many of the smartest people in the world during a technological crescendo towards singularity, because they spend a little bit of time worrying about gender pronouns.

Let us know how that works out.",80,2021-01-05 14:39:05
gi60ykt,t3_kqs5j0,This is even more stupid than shorting GME.,7,2021-01-05 18:13:45
gi6fv5l,t3_kqs5j0,"This is just a political rant post.

Also, https://finance.yahoo.com/news/alphabet-target-price-raised-2-055308951.html",8,2021-01-05 21:47:01
gi5v88l,t3_kqs5j0,"Calls it a dead company, uses it everyday to jerk his timber",7,2021-01-05 16:36:36
gi5uldt,t3_kqs5j0,Good luck shorting the king of search and online ads that has billions in cash reserves.,5,2021-01-05 16:26:21
gi5uu57,t3_kqs5j0,"Wow, imagine investing during an unprecedentedly bullish market and shorting one of the richest, most ubiquitous, and most innovative companies of all time just because you hate liberals 

Can’t wait to see your loss porn 🤷‍♀️",12,2021-01-05 16:30:17
gi5xw5h,t3_kqs5j0,Puts on straight white men at Google,10,2021-01-05 17:21:21
gi5mimw,t3_kqs5j0,"Can you believe they spun off Boston Dynamics because of this BS? Unfortunately, I have a March call otherwise I would've joined your short effort!",6,2021-01-05 14:25:30
gi5s6ev,t3_kqs5j0,"I wouldn't bet against them. They have some of the best CS research in the world (NLP, CV, anything else related to those) and they're able to integrate it with their products perfectly.",3,2021-01-05 15:47:37
gi5ljwu,t3_kqs5j0,[removed],10,2021-01-05 14:13:08
gi7g54l,t3_kqs5j0,"Can't wait to see your loss porn.


Remindme! 1 month",2,2021-01-06 02:41:50
gi5ncek,t3_kqs5j0,"long GOOGL tards, did you see AlphaFold",4,2021-01-05 14:36:27
gi676sb,t3_kqs5j0,These shitheads get paid 350k/year and they're trying to unionize over SJW shit. Google gonna throw em out on their ass.,4,2021-01-05 19:56:07
gi5ze84,t3_kqs5j0,Positions or ban,2,2021-01-05 17:46:59
gi68wq4,t3_kqs5j0,"Nah bruh, this is small potatoes I’m buying leaps....",2,2021-01-05 20:21:29
gi6pzzd,t3_kqs5j0,Just make sure to post your losses.,2,2021-01-05 23:21:35
gi6u95h,t3_kqs5j0,"The risk for $GOOG is the Oracle vs. Alphabet case that the SCOTUS is due to decide on, not a 0.01% of dipshits.",2,2021-01-05 23:56:29
gi5m3e7,t3_kqs5j0,In the mid 2010s tech championed this behavior but now it’s turning into a monster that will fuck them over,4,2021-01-05 14:20:02
gi6xu5i,t3_kqs5j0,"Positions or ban, pussy

You come at the king, you best not miss. And GOOGL is the king.",1,2021-01-06 00:24:06
gm24kir,t3_kqs5j0,"I would say one constructive thing. Everyone can not invest in any company for whatever reason. I just wouldn’t short. Especially &GOOG as it is a beast, just don’t own the stonk and grow your money retard.",1,2021-02-05 08:43:36
gi5osl3,t3_kqs5j0,Good luck 👍,1,2021-01-05 14:56:29
gi6dn1x,t3_kqs5j0,i agree! dont touch any company that has a union with a 10 ft pole!,0,2021-01-05 21:22:26
gi5sula,t1_gi5qjkj,Not to mention the fact that many employees are working there in positions way below their qualifications. People working in their canteens have more masters degree than this entire sub combined.,9,2021-01-05 15:58:13
gi5o6zg,t1_gi5njfi,"people's bar for ""smart"" is pretty low these days...",-12,2021-01-05 14:48:01
gi5nsnj,t1_gi5njfi,It is a dead end company dude. They are FANG in name only. Their culture is notoriously lax for the industry they are struggling to make any meaningful products. Tell me one reason I should buy GOOG when I can buy Amazon?,-31,2021-01-05 14:42:33
gi5vf10,t1_gi5v88l,That's Pornhub bro. I'm happy you call it timber though. Based.,-5,2021-01-05 16:39:41
gi62vqc,t1_gi5uu57,"don't underestimate him, he's obviously based and knows that libtards ruin everything",4,2021-01-05 18:46:51
gi5mual,t1_gi5mimw,Sell a call at a lower strike than your purchased one. Now you have a bearish call credit spread.,3,2021-01-05 14:29:46
gi5m281,t1_gi5ljwu,[removed],6,2021-01-05 14:19:37
gi7pvx9,t1_gi7g54l,"There is a 1 hour delay fetching comments.

I will be messaging you in 1 month on [**2021-02-05 18:41:50 UTC**](http://www.wolframalpha.com/input/?i=2021-02-05%2018:41:50%20UTC%20To%20Local%20Time) to remind you of [**this link**](https://np.reddit.com/r/wallstreetbets/comments/kqs5j0/short_goog_dd_inside/gi7g54l/?context=3)

[**CLICK THIS LINK**](https://np.reddit.com/message/compose/?to=RemindMeBot&subject=Reminder&message=%5Bhttps%3A%2F%2Fwww.reddit.com%2Fr%2Fwallstreetbets%2Fcomments%2Fkqs5j0%2Fshort_goog_dd_inside%2Fgi7g54l%2F%5D%0A%0ARemindMe%21%202021-02-05%2018%3A41%3A50%20UTC) to send a PM to also be reminded and to reduce spam.

^(Parent commenter can ) [^(delete this message to hide from others.)](https://np.reddit.com/message/compose/?to=RemindMeBot&subject=Delete%20Comment&message=Delete%21%20kqs5j0)

*****

|[^(Info)](https://np.reddit.com/r/RemindMeBot/comments/e1bko7/remindmebot_info_v21/)|[^(Custom)](https://np.reddit.com/message/compose/?to=RemindMeBot&subject=Reminder&message=%5BLink%20or%20message%20inside%20square%20brackets%5D%0A%0ARemindMe%21%20Time%20period%20here)|[^(Your Reminders)](https://np.reddit.com/message/compose/?to=RemindMeBot&subject=List%20Of%20Reminders&message=MyReminders%21)|[^(Feedback)](https://np.reddit.com/message/compose/?to=Watchful1&subject=RemindMeBot%20Feedback)|
|-|-|-|-|",1,2021-01-06 03:48:34
gm24sp1,t1_gm24kir,I didn't short. This was not serious.,2,2021-02-05 08:45:22
gi6vv3f,t1_gi5sula,fr it’s so competitive with all these rycecels and asians you’re better off being chad,1,2021-01-06 00:08:37
gi5stnu,t1_gi5nsnj,"Because Deep mind will eventually solve damn nearly every problem we have ,and make them a gazillion dollars.",8,2021-01-05 15:57:49
gi5o39a,t1_gi5nsnj,I don't care what you buy.,25,2021-01-05 14:46:35
gi5rsey,t1_gi5nsnj,YouTube,2,2021-01-05 15:41:32
gi5n4ld,t1_gi5mual,"I think the decline of GOOG has started because of the SJW thing, becoming too big, and Pichai's incompetence, but I think it will still go up a bit based on previous momentum/perceptions. It's definitely the next yahoo.",6,2021-01-05 14:33:33
gi5ti50,t1_gi5stnu,Making money is unethical. Google will put it on open source for ethics.,-12,2021-01-05 16:08:45
