comment_id,comment_parent_id,comment_body,comment_score,created_utc
hii7g3m,t3_qibwit,"
**User Report**| | | |
:--|:--|:--|:--
**Total Submissions**|4|**First Seen In WSB**|4 months ago
**Total Comments**|34|**Previous DD**|[x](https://www.reddit.com/r/wallstreetbets/comments/p7ema1/enthusiastic_about_enthusiast_gaming_holdings_inc/) [x](https://www.reddit.com/r/wallstreetbets/comments/qibwit/join_me_and_cathie_wood_in_the_metaverse_why_i/) [x](https://www.reddit.com/r/wallstreetbets/comments/opdhdc/clf_earnings_alltime_quarterly_records_in_revenue/) 
**Account Age**|9 months|[^scan ^comment ](https://www.reddit.com/message/compose/?to=VisualMod&subject=scan_comment&message=Replace%20this%20text%20with%20a%20comment%20ID%20(which%20looks%20like%20*h26cq3k*)%20to%20have%20the%20bot%20scan%20your%20comment%20and%20correct%20your%20first%20seen%20date.)|[^scan ^submission ](https://www.reddit.com/message/compose/?to=VisualMod&subject=scan_submission&message=Replace%20this%20text%20with%20a%20submission%20ID%20(which%20looks%20like%20*h26cq3k*)%20to%20have%20the%20bot%20scan%20your%20submission%20and%20correct%20your%20first%20seen%20date.)
**Vote Spam (NEW)**|[Click to Vote](https://www.reddit.com/message/compose/?to=VisualMod&subject=vote_spam&message=qibwit)|**Vote Approve (NEW)**|[Click to Vote](https://www.reddit.com/message/compose/?to=VisualMod&subject=vote_approve&message=qibwit)",1,2021-10-29 20:40:38
hiiitcm,t3_qibwit,Was up 120%.  Was on a call and missed it and now down… oof,16,2021-10-29 22:07:40
hii9od5,t3_qibwit,Thanks! I just put my lifesavings in!,29,2021-10-29 20:58:50
hii8gbj,t3_qibwit,Good luck. Last day trading is a bit tricky for me. I will watch though,5,2021-10-29 20:49:04
hiilnt9,t3_qibwit,"I was with you, i jumped into 40 335 @.27 calls but that large drop after the first surge had me feeling this wasn’t going to rocket so sold out at @.35. Made a few at least",4,2021-10-29 22:27:30
hiia7vx,t3_qibwit,Graphs and numbers - Fuck it im in.,8,2021-10-29 21:03:08
hii9it3,t3_qibwit,"Lol fuck it I'll get on this short bus. I mean tbh that entry point isnt bad, for the potential return if this thing even goes tits up just a little.",5,2021-10-29 20:57:36
hii91lk,t3_qibwit,"when Google did this in 2015, it jumped 5% in a (couple of days)twice - once after announcement in August and again after name change in October 2015",3,2021-10-29 20:53:48
hiie18x,t3_qibwit,"jumped in, 10 contracts. let’s get it boys. pump n dump",3,2021-10-29 21:32:34
hiifjmy,t3_qibwit,This was the play man,2,2021-10-29 21:43:55
hiiflxq,t3_qibwit,Lmao up 120% from open,2,2021-10-29 21:44:23
hiifzd5,t3_qibwit,"Up over 100% in less than 15 minutes, good looks my dude.",2,2021-10-29 21:47:09
hii8h2j,t3_qibwit,Ok. Why not.  I just put in an order for 3 contracts.  ODTE $330 @.50.  I could use the cash for the weekend.,1,2021-10-29 20:49:15
hiicma3,t3_qibwit,shhh i like this,1,2021-10-29 21:21:44
hiihovj,t3_qibwit,I threw a third of my account into LEAPS when FB hit $310. Easy money considering the usual overreaction on Wall Street dropping that shit way below EMA200 just to bounce like a mfer.,1,2021-10-29 21:59:37
hiiaebc,t3_qibwit,"This is suckerberg's company right? If yes, fuk the commie mf. Don't wanna be in cohorts for censoring the world over.",-8,2021-10-29 21:04:33
hii8d76,t3_qibwit,Make everything Trump again,-7,2021-10-29 20:48:21
hiigjbu,t3_qibwit,John Carmack (CTO) https://youtu.be/BnSUk0je6oo,1,2021-10-29 21:51:11
hij3vuh,t3_qibwit,Sooooo....I'm late to the party lol,1,2021-10-30 00:28:53
hijaoee,t3_qibwit,FB is behind GME in the Metaverse my man. Wait until Cathie finds that out. She will scoop that meme stock up faster than you can say whistleblower.,1,2021-10-30 01:12:46
hijnsye,t3_qibwit,Oof,1,2021-10-30 02:37:33
hikeach,t3_qibwit,"If Cathie is jumping in, I'd jump out. She is not bae anymore.",1,2021-10-30 05:33:41
hii8p3n,t3_qibwit,My zillion $MVRS leaps will thank you if it closes above 330,0,2021-10-29 20:51:02
hiifba7,t3_qibwit,[deleted],0,2021-10-29 21:42:11
hiifkwh,t3_qibwit,Cheers op,0,2021-10-29 21:44:10
hiifqmb,t3_qibwit,Anybody else read as Met A Verse?,0,2021-10-29 21:45:20
hiii05u,t3_qibwit,"so this worked, rode the morning wave worh this exact play",0,2021-10-29 22:01:51
hiii1w1,t3_qibwit,Bought 10 contracts at $50 and sold half at $115.,0,2021-10-29 22:02:12
hiiici0,t3_qibwit,"I see words and I see green, all in must win.",0,2021-10-29 22:04:21
hiipmpq,t3_qibwit,"Hilariously $MMAT is also seeing a boost from $FB announcement of name change. Is there really any connection between the metals and the Oculus VR tech? Or is it just retail investors investing in anything with the word ""Meta"" in it?",0,2021-10-29 22:54:36
hiijpwo,t1_hiiitcm,fucking same lol,3,2021-10-29 22:14:06
hiicf0z,t1_hii9od5,"lol, youre doing it wrong",1,2021-10-29 21:20:13
hii8oty,t1_hii8gbj,"It is, any ODTE contract out of the money is. but the 20-1 payoff justifies it",3,2021-10-29 20:50:58
hiic694,t1_hiia7vx,what else do you need!?,4,2021-10-29 21:18:24
hiicd63,t1_hii9it3,"exactly, very good chance it expires worthless, but buy 5 options for $300 and enjoy the fireworks",3,2021-10-29 21:19:51
hiix53y,t1_hii91lk,"Shit that's good to know, thanks",2,2021-10-29 23:44:52
hiihvhr,t1_hiie18x,"Pump n dump on a 800b company by a few retards. You def belong here.

It's a rebound from an exaggerated sell-off.",10,2021-10-29 22:00:55
hii8ql9,t1_hii8h2j,By an Oculus with the gains,3,2021-10-29 20:51:22
hiii1wz,t1_hiiaebc,Fuck off. We here to make money.,10,2021-10-29 22:02:12
hii8ky0,t1_hii8d76,It could be in the MetaVerse,5,2021-10-29 20:50:06
hijnxp9,t1_hij3vuh,The party got busted after 30 minutes …,1,2021-10-30 02:38:27
himymjo,t1_hikeach,How come?,1,2021-10-30 20:52:00
hii8t4y,t1_hii8p3n,Did they change ticker name already?,1,2021-10-29 20:51:56
hiigwan,t1_hiifba7,Another cheap entry with some return is the 350 Strike with 0DTE. If it is mooning this is your ticket to ride...,0,2021-10-29 21:53:47
hij7rav,t1_hiijpwo,And now it’s basically worthless,3,2021-10-30 00:53:52
hiiofkj,t1_hii8oty,"How’s that workin out for ya? Looks like you’re down pretty bad already. But you’ve only got 10 contracts so, rip your babystreetbet",4,2021-10-29 22:46:32
hiid551,t1_hii8oty,Straddle/Strangle strategy?👀,-1,2021-10-29 21:25:45
hiidl91,t1_hiicd63,"Hell ya! This is still a casino, right? Doesnt turn into a Wendy's until 4pm on fridays if it's the same casino I remember .",1,2021-10-29 21:29:09
hijravv,t1_hiicd63,Thanks for the extra beer money for the weekend. Quick pump n dump this morning to get the weekend started woot woot!,1,2021-10-30 03:00:52
hii8vkq,t1_hii8ql9,I’ll be buying groceries and hockey gear.  And laying my wife’s horses vet bills.  Lol.,11,2021-10-29 20:52:27
hijyeij,t1_hiii1wz,"https://mobile.twitter.com/jack/status/1451733913961783299 here's what the other big tech moron is saying, so good luck holding onto worthless paper soon... Well at the least you can use it to wipe your butt and skip the toilet paper run.",1,2021-10-30 03:47:32
hii96d3,t1_hii8t4y,"Not yet, on December 1st",1,2021-10-29 20:54:52
hijttk8,t1_hij7rav,yup i got my dick beat in on this one hahah shit,2,2021-10-30 03:17:40
hiiogw2,t1_hiiofkj,"> I'm down $2,500 per contract.",3,2021-10-29 22:46:47
hiig4zm,t1_hii8vkq,">And laying my wife’s horses vet bills.  Lol.

Damn bro, your wife wasn't satisfied with a human bf?",3,2021-10-29 21:48:17
hijzvup,t1_hijyeij,"Good luck with your cult, retard",4,2021-10-30 03:57:04
hijzfyx,t1_hijttk8,I only bought 3 contracts but at .6.  Went .1 over to make sure I got them as recently I’ve lost out on a bunch that went way up as my limit was off by a penny or 2….,2,2021-10-30 03:54:14
hiit449,t1_hiiogw2,"u/visualmod you’re becoming more and more human every day. It’s unnerving, but also, I for one welcome our new robot overlords",7,2021-10-29 23:18:14
hiiio40,t1_hiig4zm,Too small for her,4,2021-10-29 22:06:39
