comment_id,comment_parent_id,comment_body,comment_score,created_utc
gwf8mz4,t3_n1to9d,"If he's in, I can't afford to be in.",214,2021-04-30 21:28:13
gwf8f9a,t3_n1to9d,This isn’t super original but also not completely retarded. Probably means you’ve got the timing right. might just go fucking all-in,47,2021-04-30 21:26:23
gwf9auj,t3_n1to9d,"|3 /-\ |/| |< §

Lol automod r fuk",23,2021-04-30 21:33:51
gwf8sx9,t3_n1to9d,"Love it. Baba september 270's will look nice next to all of my CLNE lol.

Let's ""tank"" on this one! 
Oh, wait ...",17,2021-04-30 21:29:37
gwfa8oj,t3_n1to9d,"Thanks papa Chad for this week's DD

Was expecting ENPH, bought some during the dump, yet I'm still -4% lol 

Looking back at your infrastructure deal DD, do you still think it may be worth it to buy WKHS at this discount?",11,2021-04-30 21:41:30
gwfrcbe,t3_n1to9d,"Poohbear , pornstar Chynas clit and re-education camps all in the DD , I’m in 🤙",10,2021-04-30 23:47:38
gwfa9rg,t3_n1to9d,"This is the one DD of yours I feel most hesitant on.  (If only because of ethical disagreements and this being a LEAP-only play.)

Still, hope you don't plan on leaving Reddit anytime soon. These have all been great.",32,2021-04-30 21:41:45
gwf9tsg,t3_n1to9d,Thanks u/Nrdrage!,10,2021-04-30 21:38:07
gxlvznl,t3_n1to9d,Looks like I timed my entry totally wrong and I'm way down on this.  Given that it's now at $220 instead of $230 would you double down?,10,2021-05-10 21:51:58
gy0jhom,t3_n1to9d,Any comments after earnings? I thought 220 was a bloody day... ouch,10,2021-05-14 03:30:04
gwfd81i,t3_n1to9d,i sell on amazon and use baba to source suppliers. youre spot the fuck on.,18,2021-04-30 22:04:47
gwfdqso,t3_n1to9d,Would you give up on your BB '23 $30s+?,5,2021-04-30 22:08:42
gwfkujc,t3_n1to9d,"Man, those LEAPS are still real expensive! Looking at the calls expiring today and extrapolating out to November, how much could ITM calls that far out stand to be worth? If it's only like 2x, then why risk it on calls that are that expensive? HELP ME UNDERSTAND!",5,2021-04-30 23:00:52
gwhl5n6,t3_n1to9d,"Charlie Munger buys BABA. I think oh that might be a good idea to look into   u/nrdrage recommends BABA. Shit, I’m in!",5,2021-05-01 08:16:06
gxm9pe2,t3_n1to9d,My baba September call is HURTIN,6,2021-05-10 23:34:15
h0bvfmy,t3_n1to9d,"Replying today, it sits at ~$219. Are we still feeling good about it? It seems like BABA is a value trap these days - no reason for it to be so stagnant but there it is anyway.",6,2021-06-03 00:24:27
gwfbzji,t3_n1to9d,"Apes follow DFV. The monkeys with the highest IQ’s (Chimps), follow NrdRage. 
  
I’m balls deep in CLNE, but BABA will surely be a nice long term play. I like the stock.",11,2021-04-30 21:55:13
gwfd34q,t3_n1to9d,"Fuck it, in with 10 of those oct 280c,",4,2021-04-30 22:03:45
gwfhn04,t3_n1to9d,"This is my second favorite weekly write up on wsb, right after retired fuzzyblankeet",5,2021-04-30 22:37:35
gwfrisu,t3_n1to9d,"He said ""leaps"", so that means July through September of next year?",5,2021-04-30 23:48:54
gwfvhmo,t3_n1to9d,u/NrdRage Why the shift on $BB? You talked it up in your post last week claiming it was a long bag hold. Has your opinion changed on it or do you just believe $BABA has more upside in the near future and $BB is still a far off play?,9,2021-05-01 00:16:57
gwfahav,t3_n1to9d,Will be putting profits from my $SPY puts yesterday into this one,3,2021-04-30 21:43:27
gwfc5u3,t3_n1to9d,I'm in for 10 9/16 270c. Will work through the others when my MT calls roll over. Thanks for the time and knowledge.,3,2021-04-30 21:56:35
gwffas2,t3_n1to9d,"Bought 1 call for 270 in September, godspeed brother!",3,2021-04-30 22:20:21
gwfmdq0,t3_n1to9d,Would you consider putting money into a south american online ecommerce monster like mercadolibre? They also took a 25%ish plunge recently,3,2021-04-30 23:12:03
gwft7d8,t3_n1to9d,"Thanks for another great DD. Every single one of your posts is another new wrinkle.

I missed the best CLNE entry point, thinking about entering if/when it touches around 11,13, do you think it might fall even lower? I entered AMD at around 84,02 with a somewhat big position. The market has been pretty red the last 3/4 days, can we expect the bounce back starting next week?

Thanks again!",3,2021-05-01 00:00:43
gwwnv6j,t3_n1to9d,Good time to get in now?,3,2021-05-04 21:56:25
gy2ge05,t3_n1to9d,"If it's in a call, losses on your books

You can't get rid of the BABAdook!",3,2021-05-14 13:28:17
gwfl82s,t3_n1to9d,"All big businesses in China get to where they are because of one thing - connections with the government. You can never be a heavyweight without their intervention. Jack Ma has forever ruined the trajectory of BABA. They will have a target on their backs now. 

They will no longer have the monopoly they had in e-commerce with TaoBao. They can no longer get major brands to only sell on their platform, so Tao Bao sales will be adversely affected.

Their mobile payment domination in china with 支付宝/Alipay is about to take a hit with the launch of the Chinese government digital currency which uses its own app.

They are now more limited in their ability to collect and sell personal data because of new government regulations. 

BABA will forever be Jack Ma’s company, even if he isn’t directly in charge. He made a huge mistake criticizing the government, so he and his company will forever pay the price. Politically China has a couple sides vying for power behind the scenes. Jack Ma is aligned with the players who aren’t in power, so that will also negatively affect him and BABA. Change in china can come quickly and efficiently. Someone with high level government connections can easily create a new BABA type company and they will get the full support of the government.",8,2021-04-30 23:03:39
gxzdj5o,t3_n1to9d,"you suck at this LMAO u/NrdRage ,you’re 0/3 on your last 3 picks 😂😂😂 imagine believing this guy is a billionaire who chooses to live like a normal person

i buy puts on things this guy suggests and they always print in the short term",6,2021-05-13 22:37:07
gxzyu70,t3_n1to9d,lol this one sucked,4,2021-05-14 01:08:35
gwfeuoa,t3_n1to9d,"In general, i think this presidency means big things for chinese stocks. I started a china watchlist the other day.

Thoughts on HUYA/DOYU? Feels like another good chinese play, eyeing 20/15 Jan Leaps.",4,2021-04-30 22:17:03
gwg0m2g,t3_n1to9d,"President Harris bahaha. I love it and with that I’m
In!!",5,2021-05-01 00:52:45
gxajsxr,t3_n1to9d,Can we expect a Friday DD today? I think I am asking on behalf of a lot of people ;-),3,2021-05-08 00:53:22
gwf89i7,t3_n1to9d,"As always nice write-up.  
Do you have any opinion on pinduoduo?",2,2021-04-30 21:25:03
gwfhd01,t3_n1to9d,Im always happy to see your DD.,2,2021-04-30 22:35:34
gwfhflc,t3_n1to9d,"I don't mess with China companies, but respect the effort put into this DD. Look forward to hearing more about the other 14 stocks you plan on holding through Merciless May.",2,2021-04-30 22:36:06
gwfhvk9,t3_n1to9d,"For us plebs that don't have the $700 in powder lying around (or to be able to scale in on that option), consider a $270/275c debit spread. Midpoint right now is right around $1 with 4 bagger max profit potential.

Using 25/50/25 scale in methodology NrdRage mentioned previously, that's ~$400 cost, with potential to average down if needed, and $1,600 profit. 

Volume will be more difficult to come by so the 280 may make more sense. Midpoint around 1.80 right now.",2,2021-04-30 22:39:19
gwfn7kz,t3_n1to9d,The question that is missing is how much did he paid for his last car?,2,2021-04-30 23:18:03
gwfuiai,t3_n1to9d,"You think I can't fuck up? My very first option, I bought a 242.5 call for may 14th the day it shot up over 10% the very peak is when I bought that option, my dumbass was trying the fabled buy high sell higher strategy, so far I'm fucking it right the fuck up.

It's good though, I bought a smarter call a couple of days later, and invested most of my portfolio into them the Friday before the 10% increase so I'm not really complaining",2,2021-05-01 00:10:00
gwfw19c,t3_n1to9d,[deleted],2,2021-05-01 00:20:44
gwg9e5x,t3_n1to9d,"BABA is a black sheep.

Thanks for the post NR!",2,2021-05-01 01:55:15
gwgaasc,t3_n1to9d,Atleast they still smoke menthols in china. Freedom.,2,2021-05-01 02:01:50
gwgkgz5,t3_n1to9d,"Thanks for this one man, good stuff.  I've been on Baba for 3 years now and stopped buying after the Jack Ma incident.  After reading your DD, I'm going in hard again.",2,2021-05-01 03:17:58
gwgy2a4,t3_n1to9d,I'm probably gonna yolo baba calls soon. Only concern right now is Apple's change of privacy policy that is expected to impact Baba's targeted advertising which makes up for 40% of their revenue,2,2021-05-01 05:04:38
gwh9owl,t3_n1to9d,"300 shares at $228. Looking to liquidate and YOLO calls into earnings. Any thoughts? Price is so low, if earnings beat estimates (which they will, if you follow AMZN earnings and extrapolate to China), the stock will pop. It went up 9% in one day just by being fined 2.8 billion dollars. If the stock reacts this well to good news, I salivate at what will happen on earnings.",2,2021-05-01 06:38:04
gwhe13c,t3_n1to9d,"Geez, I love your style! Any chance you're planning to write a novel or a book?",2,2021-05-01 07:15:17
gwhk1qg,t3_n1to9d,300 shares of CLNE big copy,2,2021-05-01 08:06:37
gwhs24r,t3_n1to9d,"I bought 25k worth of stock and will buy 10k worth of leaps soon I think. Many analysts have it on strong buy too, this seems sure fire.",2,2021-05-01 09:15:57
gwpcyd3,t3_n1to9d,"https://www.voanews.com/east-asia-pacific/voa-news-china/chinas-central-bank-works-ant-tencent-develop-digital-currency possible catalyst for a reversal and good short term gain, although I haven't had a chance to cross reference other sources and look into the details",2,2021-05-03 04:03:29
gx6ih0m,t3_n1to9d,"Currently I'm down bad, -50%",2,2021-05-07 02:32:01
gxauo3z,t3_n1to9d,"Bought more 2023 460c, someone is finally providing liquidity at an OK price",2,2021-05-08 02:12:07
gy5l5yc,t3_n1to9d,"So I am still in on Baba.  Question is when do I add more, wait for a new bottom and some recovery or just all in Monday?",2,2021-05-15 06:42:53
gwh15fa,t3_n1to9d,Had me at Chynas clit,3,2021-05-01 05:29:06
gxzi719,t3_n1to9d,Ouch - time to cut your losses here. SLAM DUNK!!!,4,2021-05-13 23:10:50
gwgd2np,t3_n1to9d,Thanks homie. Been bullish on them for a while and wondering when sentiment would start turning. I will take the calls i can and ride this out as well,2,2021-05-01 02:22:10
gwgdlbo,t3_n1to9d,"Idk. A lot of their valuation was in their share of Ant financial. I think the reason they’re remaining depressed is because of how big a hit Ant’s business took. To me, they’re no “cheaper” relative to their current status than they were when they were sitting at 330 with a lucrative Ant IPO on the way. I don’t buy the value argument.",2,2021-05-01 02:26:00
gwgqzax,t3_n1to9d,"Why LEAPs vs shares?  The leverage gives you more for the way you play?

PS. I appreciate your long explanations.  Full-time gen-x engineer here, I enjoy learning about this system from your perspective. Even if it is after hours.",2,2021-05-01 04:08:22
gwhzukt,t3_n1to9d,Chyna’s clit is bigger than my Dick,2,2021-05-01 10:26:45
gwgnknw,t3_n1to9d,"You are the first person outside of my family to refer to her Majesty as President Harris...I'm glad someone else isn't pretending Joe Biden is President

&#x200B;

Good DD, just bought some",1,2021-05-01 03:42:15
gwf8f0g,t3_n1to9d,"All Chinese stocks are pretty undervalued ATM IMO. China stocks have taken a beating recently

IQ, BABA, JD, PDD, NIO -- it's probably a lot of collateral from Archegos.",1,2021-04-30 21:26:20
gwgk09z,t3_n1to9d,Never investing in Chinese company bullshit,1,2021-05-01 03:14:23
gwgw8nm,t3_n1to9d,Chaddy u/NrdRage \- Your DDs always make my PP say GG. Excellent work as always. Fun read and looking forward to increasingly technical write-ups.,1,2021-05-01 04:50:02
gwffx9n,t3_n1to9d,"I mean I'm all about making money... But do we really want to be investing or money into an enemy? Lol I mean... because you know, the whole communism thing? Lol, can me crazy but I don't know if investing into Chinese companies is a bright long term idea. Just a thought, might not be good for your kids and grandkids future.",-5,2021-04-30 22:24:58
gwfeo0n,t3_n1to9d,"The only thing I don't like about this is in making money you're helping support CCP hostile world domination. 

For that reason, I'm out and I'm sorry to say but sadly it's true I hope there'll be no tendies for you.",-10,2021-04-30 22:15:42
gy03c10,t3_n1to9d, N E C K B E A R D,-1,2021-05-14 01:39:59
gwfbkau,t3_n1to9d,Deeply appreciate this write-up!,1,2021-04-30 21:51:54
gwfgei3,t3_n1to9d,i... am... inevitable.,1,2021-04-30 22:28:32
gwfgm6z,t3_n1to9d,lol,1,2021-04-30 22:30:06
gwfipck,t3_n1to9d,What’s this fella’s success rate on these calls?,1,2021-04-30 22:45:19
gwfj53f,t3_n1to9d,"I hate China, but I love money.  I guess I'm in because this is a no brainer for the latter",1,2021-04-30 22:48:30
gwfjlhy,t3_n1to9d,ALIBABA INTELLIGENCE,1,2021-04-30 22:51:46
gwflmng,t3_n1to9d,"You should also look at their previous attempts to internationalize. They have failed many aggressive entries with europoors with  due to lack of understanding of the culture and have chosen a ""startup"" approach with a small locals team that will take some time to gain traction.

If the same approach is used with Ameritards this DD will be a (very) long time winner",1,2021-04-30 23:06:34
gwfmfpi,t3_n1to9d,"Made a fresh new account at Interactive Brokers and can finally do options properly so this comes eyactly right. Thanks again for your work here. 

Unrelated but NVTA eaenings are coming up. Any expectations?",1,2021-04-30 23:12:27
gwfon2a,t3_n1to9d,Good god man look at what you've done to the volume of calls and their price. Too pricey for me to play. Best I could do right now would be Oct 15 300 strike for 445 and it's already down -3.66%,1,2021-04-30 23:28:20
gwfpgz3,t3_n1to9d,Excellent DD as always!,1,2021-04-30 23:34:22
gwfs9kz,t3_n1to9d,Ma ma monkey,1,2021-04-30 23:54:07
gwfu2ea,t3_n1to9d,Excellent DD. When do you think the sweet spot for selling these Calls will be?,1,2021-05-01 00:06:51
gwfuug1,t3_n1to9d,Howard Stern's Penis.,1,2021-05-01 00:12:25
gwfvxqs,t3_n1to9d,Fuck it I’ll buy a 100 shares in my Roth,1,2021-05-01 00:20:03
gwfx75o,t3_n1to9d,"You forgot to mention AliYun, which is their cloud services, kinda like AWS. They dominate that market.",1,2021-05-01 00:28:51
gwg3hyc,t3_n1to9d,"Thanks. still can't implement your DDs for another couple months, but i use them to learn and i appreciate it hella",1,2021-05-01 01:13:12
gwg3sdi,t3_n1to9d,"RH Sep calls @ 270 are approximately $7. That means I'd have to pay $700 for the right to buy 100 share at $270 on that date, right?

Does it make more sense to just buy $2,100 in shares now and not have to worry about the timing component than spend ~$2100 on 3 consecutive months of timing:price gambles?",1,2021-05-01 01:15:15
gwg449f,t3_n1to9d,Nerd rage from amp ybor? That would be something lol,1,2021-05-01 01:17:36
gwg7jfi,t3_n1to9d,"How could ISRG ever be a debacle, love them",1,2021-05-01 01:42:01
gwgcap2,t3_n1to9d,I'm in. 51 contracts acquired. Where's my 10x?,1,2021-05-01 02:16:29
gwgjvx7,t3_n1to9d,Fuck it. September 270 it is,1,2021-05-01 03:13:27
gwgtw2w,t3_n1to9d,"I like the play but Im an idiot, so i bought 3 6/04 $260c 🙃 probably goodbye to that 💰",1,2021-05-01 04:31:25
gwgy2ye,t3_n1to9d,""" Expected 47% YOY growth, ...""

The CCP said to expect 6% annual growth in China instead of the double digits. I heard someone today on Bloomberg News say that the S&P500 in USA goes up 2.5x for each 1% in national fiscal growth. Alibaba would then be similar or less, would it not? If true, then 15% YOY would be the peak expectation, but lack of investment sentiment might indicate a lack of user sentiment too. If Chinese are skeptical, then USA investors should be more so.",1,2021-05-01 05:04:46
gwh0ywg,t3_n1to9d,"Next DD = $OXY? Chrlorine shortages + increased demand for gas this summer = phat stax Q4 for them?  

I know you're all on the clean/renewable train and I'm right there with you, but figured this one might be an interesting one given that US producers of chlorine are basically them and Clearon, and OXY has the advantage of being in petrochem so they'll doubly benefit from this summer?",1,2021-05-01 05:27:39
gwha2xn,t3_n1to9d,I’m in,1,2021-05-01 06:41:22
gwilrrf,t3_n1to9d,This is a really good reading piece with some surprisingly innovative theories that can actually come to fruition,1,2021-05-01 14:41:35
gwilw01,t3_n1to9d,"BABA is not enroaching Lazada’s turf. They own lazada. Currently however, Lazada is losing out to Shopee ($SE) in terms of e commerce for SE Asia. Lazada is still losing BABA’s money fighting for market share in SE Asia.

Fun fact: Tencent owns 22.6% of $SE",1,2021-05-01 14:43:17
gwj6yxm,t3_n1to9d,"I was already in, but I added some Nov 310s. Good to get my bias confirmed",1,2021-05-01 20:09:09
gwjn88w,t3_n1to9d,Responding to save post... Butts.,1,2021-05-01 22:46:22
gxe8616,t3_n1to9d,"I'm with ya my dude an easy 90% of my portfolio is in BABA. This is also a great play if you dislike inflation in the USA as foreign companies will increase in value as the dollar becomes less valuable 😉

THURSDAY WE FEAST!",1,2021-05-08 23:19:17
gxyy9i4,t3_n1to9d,"If this premarket dip holds, it's looking like a good buying opportunity. Earnings doesn't seem to justify a sell off after the beating it's already had. But I am retarded.",1,2021-05-13 20:32:18
gyhkq43,t3_n1to9d,Bag holding since my avg is 283.50... I’m tired of averaging down.,1,2021-05-18 04:23:51
gz2mrbf,t3_n1to9d,How we looking on this one?  In on some 9/17 270C at $4.75.  Still a layup?,1,2021-05-23 01:09:28
h00wpes,t3_n1to9d,BABA is also the most bought stock between the superinvestors (on www.dataroma.com) for Q4 2020 and Q1 2021,1,2021-05-31 07:15:23
gwfwf4u,t3_n1to9d,[deleted],-21,2021-05-01 00:23:24
gwfj3nv,t3_n1to9d,No TLDR?,-6,2021-04-30 22:48:13
gwfd5zd,t3_n1to9d,Creg stock 76% short interest do your own dd,-4,2021-04-30 22:04:21
gwffmkb,t3_n1to9d,FYI: Amazon didn’t invent cloud computing.,-2,2021-04-30 22:22:45
gwfzn87,t3_n1to9d,"It’s sad because the inevitability of China’s spot at number 1 and the implications that will have on how people see democracy, or whatever it is that we have",0,2021-05-01 00:45:59
gwgfray,t3_n1to9d,"When the students are ready, the teacher will appear. Thanks NrdRage for showing the way",0,2021-05-01 02:42:06
gwgl6kb,t3_n1to9d,[deleted],0,2021-05-01 03:23:27
gwgtpeb,t3_n1to9d,Maybe when it drops sub 200 i might get a call,0,2021-05-01 04:29:57
gwf9q1s,t1_gwf8mz4,My wife agrees with you,27,2021-04-30 21:37:16
gwg5dh9,t1_gwf8mz4,"You can’t afford not to be in, bb",3,2021-05-01 01:26:34
gwf9uoo,t1_gwf8f9a,[deleted],37,2021-04-30 21:38:19
gwg5lce,t1_gwf8f9a,I’d go all in on the CLNE play before I went all in on BABA,5,2021-05-01 01:28:06
gwf9of4,t1_gwf9auj,[deleted],36,2021-04-30 21:36:54
gx519xn,t1_gwf8sx9,Hey quick question. I learned that leaps mean at least one year. Are we talking about September 2021 or 2022?,1,2021-05-06 19:48:37
gwfat3b,t1_gwfa9rg,[deleted],51,2021-04-30 21:46:04
gxlwm03,t1_gxlvznl,[deleted],8,2021-05-10 21:56:56
gwgt1ow,t1_gwfd81i,"how do you not get undercut by amazon themselves? also, how do you ensure your suppliers deliver on time?",2,2021-05-01 04:24:42
gwgaw3t,t1_gwfkujc,"If the price goes to 300, it’s more like 4-5x. At least that’s how it appears to my chimp brain...",3,2021-05-01 02:06:09
gxlkxy5,t1_gwfkujc,Hopefully you held off. I got in around 227 :/,1,2021-05-10 20:11:00
gx2x8ym,t1_gwhl5n6,you are so right. I'm also all in. I am waiting for the tendies printers to come 💎💎💎 Munger has such strong hands that this was his first purchase since 2013. 8 years waiting for this opportunity! 💎🙌,2,2021-05-06 06:11:44
h32n9uk,t1_h0bvfmy,$230 now,1,2021-06-26 12:02:05
gxb1dwc,t1_gwfd34q,My exact reaction,1,2021-05-08 03:03:20
gwfzpzo,t1_gwfhn04,"I'd say bless up, but it feels like I'd be stepping on his hallowed toes. u/fuzzyblankeet, are you out there?",3,2021-05-01 00:46:31
gwfw3u9,t1_gwfvhmo,[deleted],21,2021-05-01 00:21:12
gwhdc9f,t1_gwfvhmo,"Thanks for asking this, I was unclear on it and am in that play cause I really like it and his leap call made more sense in gains than my measly shares so I switched to it. 

/u/NrdRage really appreciate all you do. I hope you have an amazing weekend!",1,2021-05-01 07:09:14
gwfyrm6,t1_gwft7d8,CLNE will defo drop to 10.70 range,2,2021-05-01 00:39:52
gwgal18,t1_gwft7d8,Can you link the CLNE DD?,1,2021-05-01 02:03:56
gwwtlaf,t1_gwwnv6j,I wish I had waited to get in now lol,7,2021-05-04 22:37:18
gwfnc06,t1_gwfl82s,[deleted],12,2021-04-30 23:18:56
gxbaf6k,t1_gxajsxr,[deleted],8,2021-05-08 04:14:02
gxal9qg,t1_gxajsxr,[deleted],16,2021-05-08 01:03:53
gwfo591,t1_gwfn7kz,[deleted],10,2021-04-30 23:24:43
gwgyde5,t1_gwfuiai,Never change <3,2,2021-05-01 05:07:02
gwfwq0y,t1_gwfw19c,[deleted],4,2021-05-01 00:25:31
gx6jxzg,t1_gx6ih0m,[deleted],6,2021-05-07 02:42:16
gx71pli,t1_gx6ih0m,"If you buy options that have low OI, it can make it look a lot worse than it is. The day starts with low ball bids and your position is judged by the mid-point. Look at what they are actually selling for. You're probably not as bad off as it looks, unless you bought FDs, which weren't part of this trade idea.",2,2021-05-07 04:44:13
gy5le7d,t1_gxauo3z,That seems really aggressive.  It would need to 2.3x  in a year and a half for you to break even.,1,2021-05-15 06:44:51
h32ndmk,t1_gy5l5yc,Wait for a pull back to 225/221 or 215,1,2021-06-26 12:03:16
gxzlw4g,t1_gxzi719,"LOL, he’s so bad at this look at his last 3 “DD’s”",0,2021-05-13 23:37:18
gwgrbcz,t1_gwgqzax,[deleted],5,2021-05-01 04:11:02
gwf9fex,t1_gwf8f0g,"this

wallstreet doesn’t like uncertainty and while
undervalued it gets a lot worse if china keeps hating
on winnie the pooh",2,2021-04-30 21:34:53
gwhi1de,t1_gwf8f0g,"Sorry for a derail, op (if it is). 

Just curios, but what metric is NIO undervalued?",1,2021-05-01 07:49:38
gwhimig,t1_gwgk09z,"Leaps aren't an investment. It's a derivative.

China won't get a penny unless you exercise.",3,2021-05-01 07:54:37
gwfh00s,t1_gwffx9n,You think somebody here buying some call options is going to have an effect on the future of China?,15,2021-04-30 22:32:58
gwhgue5,t1_gwffx9n,I honestly can’t tell if you’re trolling... lol,1,2021-05-01 07:39:29
gwfgb7f,t1_gwfeo0n,[deleted],12,2021-04-30 22:27:51
gwfj9xr,t1_gwfipck,He's like 90%. Dude's a savant. What I like most though is that in those rare instances he misses he doesn't try to hide it.,9,2021-04-30 22:49:29
gwgy3fn,t1_gwfipck,Too good. He has too much money to be wrong.,2,2021-05-01 05:04:52
gwfqdid,t1_gwfon2a,[deleted],2,2021-04-30 23:40:47
gwg636t,t1_gwg3hyc,"also, investopedias definition of economic moat is slightly different than yours. I guess they correlate because it's a certain advantage over competition but the definition you gave could be less broadly applied.",0,2021-05-01 01:31:38
gwhd36e,t1_gwg3sdi,"I'm a bit confused but let me try to clear something up. 1 contract purchased now ($270C @ $7, Sep exp) means you pay $700 for that contract. The contract will expire in Sept. Before it expires, you have the option to sell at any time, preferably if you're positive. Now if at any time the share price is at or above your strike price (preferably well above 270C) you can then exercise your contract which means you can buy 100 shares AT your strike price of $270 per share ($27k total) and NOT the $700 you paid for the contract.

I'm not sure where you get $2100 from. Also you can set price alerts to notify you if the share price at a specific amount, so you can determine whether you sell your contract.

In most instances people simply sell the contract 1) because the amount to buy 100 shares at the strike price can be crazy high, 2) you still net a positive return if it worked out. Lastly selling a contract is just like selling regular shares. Simply set the limit or at market value and hit sell. 

This is in no way advice, it's minimum info about options contracts.",2,2021-05-01 07:07:11
gy2v1e6,t1_gxe8616,Yummm rat carcasses,2,2021-05-14 16:59:00
h1abel9,t1_gxe8616,"still getting railed tho, my october calls are looking grim atm",1,2021-06-10 22:53:53
h32nc35,t1_gyhkq43,You averaged down to 283.50? Did you buy at the absolute top lmao,1,2021-06-26 12:02:47
gwi2tb9,t1_gwfj3nv,">Half the reason to read his DD is his writing style, its fooking entertaining. So its a double bonus, enjoy a read and get a great stock tip.",3,2021-05-01 10:54:53
gwhic5t,t1_gwfj3nv,"Anyone who knows who NR is is going to read his DDs several times.

No tldr needed or desired.",2,2021-05-01 07:52:10
gwgymnt,t1_gwgl6kb,u wot m8,1,2021-05-01 05:09:03
gwfkzpq,t1_gwf9q1s,[deleted],51,2021-04-30 23:01:56
gwfb86r,t1_gwf9q1s,Even my husbands girlfriend agrees with him.,21,2021-04-30 21:49:21
h00wliu,t1_gwg5dh9,That’s the attitude,1,2021-05-31 07:14:22
gwfdktu,t1_gwf9uoo,"Damn, I bet a friend you would go ENPH 6/18s. I took a near ITM call anyways.",3,2021-04-30 22:07:28
gwfarq5,t1_gwf9uoo,"What about eBay? Huge drop on decent earnings, largely flat since then",4,2021-04-30 21:45:46
gwfxoy1,t1_gwf9uoo,"Nice, my $ENPH Jan22 145C/175C Bull call spread that I took out this week is glad to hear it.",1,2021-05-01 00:32:22
gwfoe8g,t1_gwf9of4,"By the way, I got bored yesterday and stalked your comments a bit.

A lot of your comments are being removed for including the (expanded) phrase ""P&D"". So a lot of decent comments about MVIS yesterday were insta-removed.",3,2021-04-30 23:26:32
gx5er3h,t1_gx519xn,"2021, leaps to him are pretty much 2+ months I believe",2,2021-05-06 21:51:40
gwfdrq4,t1_gwfat3b,"That it is, was thinking it would’ve been ENPH as well as I’ve seen you comment on that ticker in the dailies several times with good info, but I get why it’s BABA instead. Hoping you stick around for the summer months and hint at some of the higher risk short plays you’ll be in. 

For guaranteed income I have my day job. I come here to this casino to shorter my lifespan and increase my cardiac arrest chances!",10,2021-04-30 22:08:53
gwgords,t1_gwfat3b,"Sign me up....for a handful of shares, lol.  You guys and your leverage; a world this milquetoast will never really be comfortable with.",1,2021-05-01 03:51:33
gxlww6q,t1_gxlwm03,Your 2+ month out rule has saved me a lot of stress.,4,2021-05-10 21:59:10
gxzdq6x,t1_gxlwm03,"Any update to this thesis following the ER tank? Even if the tank isn't justified it is pretty painful and feels like this could get drilled down through panic selling or some old fashioned price manipulation.

Are you adding, sitting tight, or reevaluating?",3,2021-05-13 22:38:33
gwhpwp6,t1_gwgt1ow,Lot's of people middle-man products bought from baba. They either have a warehouse or use drop-shipping to fulfill orders. Used to be more lucrative but from what I've been hearing Amazon is squeezing a lot of these people with AmazonBasics products.,3,2021-05-01 08:56:57
h9pzvw6,t1_h32n9uk,God this thread hurts to look at. How much money was lost🤧. $158 rn and looks like it’s gonna keep falling,1,2021-08-21 06:48:45
gwgsjrk,t1_gwfzpzo,Bless up fam. I’m still here. Just watching from the sidelines,8,2021-05-01 04:20:44
gwgsumm,t1_gwfzpzo,Although here today answer good questions when asked,6,2021-05-01 04:23:08
gwg0aev,t1_gwfyrm6,"The red day continues and you are completely right, might drop even harder if Monday continues the downward trend. Are you in AMD?",1,2021-05-01 00:50:28
gwgkry6,t1_gwfyrm6,Why do you think this boss?,1,2021-05-01 03:20:19
gwgcmis,t1_gwgal18,"The first one:

[https://www.reddit.com/r/wallstreetbets/comments/lye7st/nrdrages\_friday\_dd\_ok\_one\_of\_you\_apes\_needs\_to/](https://www.reddit.com/r/wallstreetbets/comments/lye7st/nrdrages_friday_dd_ok_one_of_you_apes_needs_to/)

The update:

[https://www.reddit.com/r/wallstreetbets/comments/mxqn2b/nrdrages\_friday\_ddon\_a\_saturday\_market\_is\_as/](https://www.reddit.com/r/wallstreetbets/comments/mxqn2b/nrdrages_friday_ddon_a_saturday_market_is_as/)

/u/NrdRage it's fine if i link your previous DDs, right?",1,2021-05-01 02:18:55
gwfrwa5,t1_gwfnc06,"One other thing to watch out for is - BABA being delisted from the US exchanges. The Chinese government seems like they can come to a compromise with a joint audit - US approved auditor with a Chinese counterpart. They said though they won’t allow any audit into anything relating to “state secrets” BABA has a lot of government officials personal and financial data so there is no way the government will allow US auditors to look into BABAs financials. Companies like NIO will be fine with a joint audit since it doesn’t include government officials’ finances. So if that US law is passed, I think BABA will be delisted. The shares would go over to their HK listing but it would still affect their ability to raise money from the US market.",5,2021-04-30 23:51:30
gxbbq2q,t1_gxbaf6k,This early-onset dementia doesn't bode well for my RH account.,12,2021-05-08 04:24:43
gxamq64,t1_gxal9qg,"I chose CLNE as the thing I'd invest in and now a third of my portfolio is dying, but at least my Steel stocks that I've been holding all throughout April is taking off and actually causing a net gain.",4,2021-05-08 01:14:12
gwfxjeh,t1_gwfo591,">SF90 Stradale

WOW! Sir, that's a fine automobile.",3,2021-05-01 00:31:17
gwfrsya,t1_gwfo591,whoa.,1,2021-04-30 23:50:52
gwijbg1,t1_gwfwq0y,"This is absolutely false. Forcing its powerhouse companies to divest from footholds in SEA markets does fuck all for CCP. In fact, they welcome it with open arms. When Tencent bought every single fucking gaming studio under the non-Chinese sun, the government watched and smiled. 

Too much consolidation of power in China market? Then you have a problem. 

Also, this DD doesn’t even go into any depth of their more exciting areas for growth (pintouge, cloud, etc.). In my view, this was trash DD.",-2,2021-05-01 14:06:28
gx6n1bw,t1_gx6jxzg,"He bought weeklies..... ;-)

&#x200B;

Bought a $235 Jan 2023 yesterday. Down like 2.3%. (I want to run PMCC on them as a long term play).",3,2021-05-07 03:04:19
gx78ktj,t1_gx6jxzg,my greedy ass bought july 16 250,1,2021-05-07 05:32:18
gx8bny1,t1_gx6jxzg,Bought shares @ 234.80 please tell me this pain will end soon sir,1,2021-05-07 10:54:50
gy64r3m,t1_gy5le7d,"I don't need it to breakeven, I just need to sell it when premium is higher",1,2021-05-15 09:41:17
h343vki,t1_h32ndmk,I already have a fair bit.  If it dips I may double position.  Mostly Jan Leaps.,1,2021-06-26 23:21:32
gwgvgwl,t1_gwgrbcz,"You're saying to take leaps but in the post you say no earlier than August, do you mean August 2022? 2021 doesn't seem very LEAPy",2,2021-05-01 04:43:56
gwgrsrx,t1_gwgrbcz,This $BABA trade does look decent for a share play though I think support around 222 nice round psychological number too.,1,2021-05-01 04:14:52
gwfbnvv,t1_gwf9fex,It's less uncertainty and more the fact that the whole thing is a guaranteed house of cards and all you'd be doing is trusting chinese-made glue that the CCP is using to hold it all together,8,2021-04-30 21:52:40
gwi7fa7,t1_gwhi1de,"Sorry, I should've said ""have fallen a lot from ATHs"". I don't follow NIO enough to say. Baba and JD are undervalued IMO.",1,2021-05-01 11:41:18
gwhwjfv,t1_gwhimig,How do you get return without exercising though? Is this like investing in futures or something is what you mean?,1,2021-05-01 09:55:55
gwfi4xt,t1_gwfh00s,"Maybe, maybe not. It's a possibility and an opportunity. Why risk the possibility when there are plenty of good undervalued American companies? I'm not saying there's not money to be made. Rather, I'm saying is it right to invest in a company in a Communist country. Especially one who is currently committing genocide on a minority group called the Uighurs. Not the most moral country on human rights. Personally, investing in Chinese companies makes me question my morals as an American. But hey, my morals are my problem, you do you.",-2,2021-04-30 22:41:13
gwfvzt5,t1_gwfgb7f,You forgot $WMT(Walmart),1,2021-05-01 00:20:27
gwfgi8m,t1_gwfgb7f,Yes I could hence why I loved the post generally speaking and left you with a bitchin dr seuss rhyme.,-1,2021-04-30 22:29:18
gwfjmun,t1_gwfj9xr,Have you made gains off his posts? How are you feeling about this one?,1,2021-04-30 22:52:03
gwgmajz,t1_gwfqdid,[removed],1,2021-05-01 03:32:07
gwi6x7f,t1_gwg636t,Being pedantic doesn't mean you're insightful.,2,2021-05-01 11:36:02
gwhdrf9,t1_gwhd36e,"Thanks for the reply, and sorry about the confusion. The $2,100 was the approximate total to purchase three contracts of $700 each. One in Sept, one in Nov, and one in Dec at the $270, $280, $310 strike price increments mentioned by OP.

I see where options get lucrative: your gains are multiplied by the fact that each contract has 100 units.

But it's all or nothing. 

My question was: for the risk adverse crowd, such as myself, would a better use of the $2,100 it would take to buy 3 contracts be better spent on the actual shares so that it's less gain but also less risk?",1,2021-05-01 07:12:55
h1af3gn,t1_h1abel9,"I got out after the last earnings. There's just no love for China stocks at the moment. 

I got into abnb in the 130s and made back all my losses in leaps. I like baba, but the big money is just not in it.",1,2021-06-10 23:19:37
h4o1ylx,t1_h32nc35,Almost. I ended up averaging down to 249 now.,1,2021-07-10 12:03:35
gwfl98i,t1_gwfkzpq,"What time frame? 2m daily?

Edit: I see burst up until about 8:45, consolidate until 9:05 between 10.2 and 10.4 with the ""fat"" of the candles basically not moving, a leg up around 9:08 with less volume than open and more than the previous couple of candles, then bye bye for the next 20 minutes.

Looks like it's consolidating again. If your thoughts yesterday are still similar, we should expect a rocket upwards pinning retail to the dildo that's gonna shaft them soon after.",7,2021-04-30 23:03:53
gwfeb26,t1_gwfdktu,[deleted],7,2021-04-30 22:12:58
gwfoo6l,t1_gwfoe8g,[deleted],12,2021-04-30 23:28:34
gx5hr9w,t1_gx5er3h,Thanks a lot. I thought so aswell but didn’t want to burn my money betting on the wrong year lol,1,2021-05-06 22:14:46
gxlxt5l,t1_gxlww6q,We're talking about the Septembers right?,1,2021-05-10 22:06:21
gwi4gc4,t1_gwhpwp6,"Yeah I heard if Amazon notices a good-selling product from a third party, they'll just source it and sell it themselves at a cheaper price, basically running the third party seller out of business.",4,2021-05-01 11:10:49
h9q09l5,t1_h9pzvw6,ughh,1,2021-08-21 06:51:38
gwhyg75,t1_gwgsjrk,😍😍😍,1,2021-05-01 10:13:33
gwg0hpt,t1_gwg0aev,"Hopefully it goes your way my dude.


Me no millionaire, so broke ass me don’t have any funds left to buy lol 
.",1,2021-05-01 00:51:53
gwgp95o,t1_gwgkry6,It’s going on a downward trend again now 🤔,1,2021-05-01 03:55:22
gwfsj8a,t1_gwfrwa5,[deleted],5,2021-04-30 23:55:59
gxat63q,t1_gxamq64,Not sure if you listened to the earnings call but the Amazon deal really starts coming online late summer/fall so if you can hold out I think it should start picking back up in June.,2,2021-05-08 02:00:58
gxamu19,t1_gxamq64,[deleted],1,2021-05-08 01:14:58
gxap5nh,t1_gxamq64,Keep buying and average down. It’s gonna be worth it later this year.,1,2021-05-08 01:31:43
gx75uu6,t1_gx6n1bw,"This. With how expensive and relatively stable this one is I was thinking a good candidate for PMCCs. 

&#x200B;

I think the dude didn't even bother reading the full DD ![gif](emote|free_emotes_pack|facepalm)",1,2021-05-07 05:12:45
gx8d09o,t1_gx8bny1,[deleted],5,2021-05-07 11:07:03
gx8n3sd,t1_gx8bny1,One month out calls on ROPE or one month out calls on BandAid,1,2021-05-07 12:51:49
gxrurat,t1_gx8bny1,"You bought shares... BABA will reach 234.80 again, it's just a matter of WHEN. Don't stress about shares of an undervalued company unless you bought it on Margin or you're investing money you need to use now.",1,2021-05-12 04:33:03
gy8f5gz,t1_gy64r3m,"I understand that, but it would have to go on a monster run to increase in value. Calls otm tend to lose value every day they aren't pacing hitting the number by the date.",1,2021-05-16 01:14:41
ha0yfq3,t1_h343vki,Nows the time to add more,1,2021-08-23 20:47:05
gwhc4n9,t1_gwgvgwl,He calls everything more than 60 days out a LEAP,8,2021-05-01 06:58:55
gwhdb75,t1_gwgvgwl,"I think it's 2021. I didn't even see dates other than January and june for 22 and January for 23.

So by logical extension it must be this year. 

I also thought leaps were a year but I've also heard them called leaps as short as six months.",2,2021-05-01 07:08:59
gwj86ot,t1_gwhwjfv,"A derivative has it's value ""derived"" from the value of the underlying asset.

A leaps is a contract that gives you the option to buy but not the obligation to buy an underlying asset at the strike price provided it reaches that strike price by a specified date, ie. Expiry.

The value of the leaps increase as the stock price reaches the strike price of the leaps. Once the strike price is reached it is called, ""in the money"" or ITM.

You can exercise the contract and buy the shares at the strike price even if the share price goes way above the strike price. If you wait and the price goes below the strike price then you can no longer exercise.

If the share price reaches the strike price  then you can also sell the contract to someone else for it's current value. This is what most people do.

Of course, if the expiration date comes then the contract expires worthless and you will lose only the cost of the contract and commission.",2,2021-05-01 20:24:02
gwiahi6,t1_gwhwjfv,"If the value of the leaps option contract you purchased goes up, you can sell that leaps option and make a profit without exercising the option.",1,2021-05-01 12:15:10
gwfjmht,t1_gwfi4xt,"I get it. But keep a few things in mind. The US gov. has, over the course of decades, outsourced vast swaths of working class jobs at the behest of corporate america. Those at the top profited at the expense of the nation's security. They sold us out. Comes off kind of stockholm to take a patriotic stand after that

That said, i aint fuckin with anything chinese for a while",4,2021-04-30 22:51:59
gwgl77a,t1_gwfi4xt,What American companies do you think are undervalued right now?,1,2021-05-01 03:23:36
gwfxvdd,t1_gwfjmun,"I only recently started following his DDs and made money off of both $NEE & $CLNE (and $SPWR & $BE for that matter), and hopefully more to come on $CLNE.  So batting 1.000 thus far.

I would say this is a case where the WSB play also happens to coincide with the folks over at valueinvesting.  $BABA is crazy undervalued right now because of the uncertainty around our relationship with China & China's relationship with $BABA.  I've personally been liquidating things that have already run up above my personal valuations to have about 20% exposure to $BABA in my portfolio, and going to add some LEAPS to the mix.",3,2021-05-01 00:33:38
gwgmalj,t1_gwgmajz,"Reddit has a new paid team called **Anti-Evil Operations** which goes around permanently banning accounts for saying bad words. We made automod block them so you don't lose your account for saying a word and getting reported. It's not our rule, it's the entire website now, we're just trying to look out for our people. Sorry.

*I am a bot, and this action was performed automatically. Please [contact the moderators of this subreddit](/message/compose/?to=/r/wallstreetbets) if you have any questions or concerns.*",1,2021-05-01 03:32:07
gwia44r,t1_gwi6x7f,asking for clarification retard,0,2021-05-01 12:10:55
gwhefv8,t1_gwhdrf9,"Ah gotcha. Well with contracts the most you lose is the premium you paid. Sink $2100×3 (6300) and if the shares tank, you're bag holding and potentially MUCH more than the cost of 3 contracts. However if it's in a company that isn't crazy volatile, then the purchase of shares outright as a long position may net you more, but that will take time, usually longer than the expiration of a contract.",2,2021-05-01 07:18:56
h1agcn3,t1_h1af3gn,"if i may ask, any moves you are making now?",1,2021-06-10 23:28:06
gwfm1b1,t1_gwfl98i,[deleted],11,2021-04-30 23:09:34
gwfk889,t1_gwfeb26,If I wanted to get in/add to my CLNE position what would the strike be for Sep if you don't recommend 6/18s?,4,2021-04-30 22:56:22
gwfhf54,t1_gwfeb26,Did you sell your CLNE 6/18’s?,1,2021-04-30 22:36:00
gwgm1d2,t1_gwfoo6l,Can I apply to be your intern,3,2021-05-01 03:30:08
gwfpbnb,t1_gwfoo6l,[deleted],2,2021-04-30 23:33:18
gwfpfxx,t1_gwfoo6l,"You sure? Self-deleted comments usually don't show up in profile history, while removed ones usually do.

But I could be wrong, too.

And yeah I'm not trying to imply any nefarious conspiracies, just figured I'd give a heads up since figuring out what the triggers are is a bit of a minefield right now.",0,2021-04-30 23:34:09
gxlyeid,t1_gxlxt5l,"As long as you're 90 days out or more, you're probably fine. He's got a peanut butter spread all 90+DTE so if you're shadowing any of those, I'd say you're still good for now.",2,2021-05-10 22:10:56
gwi6itr,t1_gwi4gc4,"Yup, a lot of this currently. I wouldn't recommend it as a business right now. Not really the same landscape as it was a decade ago.",2,2021-05-01 11:31:59
gwg30h3,t1_gwg0hpt,"Thanks my man, you too.",1,2021-05-01 01:09:46
gwgpmdw,t1_gwgp95o,"I mean it’s been going down the last two days, but generally has been upward",1,2021-05-01 03:58:12
gwgxuee,t1_gwfsj8a,">audited by PwC

If there's anything I know about PwC, it's that the DD they do during their audits makes ~~half~~ 99% of the DDs on wsb look like a two-year-old on nitrous.",4,2021-05-01 05:02:54
gxav03i,t1_gxat63q,"oof my June 18s might be dead? I got in when it was 11 thinking there couldn't be this much down side, but the stock has an entire month to climb I guess? Something tells me it'll be pinned around this level until some people's options expire for that max pain.",1,2021-05-08 02:14:37
gxbsr0g,t1_gxamu19,what's the gist of being bearish with $UPST?,1,2021-05-08 06:41:38
gxauni0,t1_gxamu19,"Yeah, I think there's an inherent nature of being a normie retail investor that pulls you towards being long on everything because things usually have more room to go up than down, but I need to be able to see when it just makes so much more sense to be short on something. Especially in this market.",0,2021-05-08 02:11:59
gx7antp,t1_gx75uu6,"Been running PMCC on it for a while. I just need it to slowly go up. Like 1 to 2% a month is all and it will work perfectly. It has been mostly sideway for a while.

Been laying on the $226 support line for a while. Will slowly add a couple more this month whenever it drops below $225 with the premium from the short calls.",1,2021-05-07 05:47:25
gx95r18,t1_gx8d09o,"naw man, you're good. You said 230 (and I think you said buyers might have a month to enter, I could be wrong), and most signs were bearish as fuck when it hit 230 so I would hope people could see that and maybe wait for the right entry. Although this is WSB so who fucking knows. I've been waiting to get in and will continue to wait until I see the right signals, but your dd on this is solid.",1,2021-05-07 17:14:53
gy8qikf,t1_gy8f5gz,"No it doesn't, it will increase when volatility comes back, take a look at the chart when BABA had a 10% move on the Monday when the fine was announced. I bought these for $3.7, sold them for $7 on that pop.",1,2021-05-16 02:45:30
ha35mj7,t1_ha0yfq3,Adjusted my current positions.  Baba is looking pretty bad.,1,2021-08-24 06:07:27
gwfl1iv,t1_gwfjmht,"Don't assume there are people who havent taken a ""patriotic stand"". Im not saying I buy everything Made in America, that's almost impossible now. But when it comes to large purchases and American made options.. I spend the extra money and buy American. It's not to support our shit governemnt, it's doing my part to support American jobs and American families. I lost faith in our government years ago. But I still support my fellow citizens.",2,2021-04-30 23:02:18
gwg8upp,t1_gwfxvdd,Awesome. Would it much a difference if I bought 10/15 270c over 9/17 270c?,1,2021-05-01 01:51:24
gwhkmwm,t1_gwhefv8,"Great, thanks for the explanation! I appreciate it.",1,2021-05-01 08:11:39
h1akidu,t1_h1agcn3,I stated my position in the above post. ABNB LEAPS and shares.,1,2021-06-10 23:56:20
gwfms03,t1_gwfm1b1,Edited my previous comment as I'm trying to follow the patterns you're pointing out. Your insights are very appreciated for this honorary wendy's fry cook 😂😂😂,14,2021-04-30 23:14:55
gwghloi,t1_gwfm1b1,Can you say all this again but retardeder?,6,2021-05-01 02:56:00
gwfpnp0,t1_gwfpbnb,[deleted],25,2021-04-30 23:35:41
gwfpy1x,t1_gwfpfxx,[deleted],4,2021-04-30 23:37:44
gxm1xhu,t1_gxlyeid,Oh but it stings this morning. Wish I had more to buy with.,3,2021-05-10 22:37:31
gxavxf2,t1_gxav03i,Yeah I have June’s as well. They’re already so fucked I’m probably gonna let them ride. This thing really shouldn’t be down here. I’m hoping for a quick turn around in the next few weeks but honestly who knows. You might be right about getting pinned down here for a bit,1,2021-05-08 02:21:37
gycmxdi,t1_gy8qikf,To each his own.  If Baba tanked 10% more those would lose a ton of value. How much more would you have made on something more atm that you could hold and expect to make money on long term.,1,2021-05-17 02:21:05
gwflp6n,t1_gwfl1iv,Nothing wrong with that,2,2021-04-30 23:07:05
gwgn0r9,t1_gwfl1iv,"I hope it's not a blanket condemnation of our government.  It's one big-assed animal to ignore, you know, functions, departments and people who are trying their darnedest to do their work -- they're our fellow citizens as well.",1,2021-05-01 03:37:53
gwgh9ie,t1_gwg8upp,"I've never learned the greeks well enough to comment on value of one over the other...but i would think the extra $1-$1.50 premium you pay for oct would not be worth it.  Earnings are in August, so Oct would just give another month to react to that earnings release.

I have a pretty low risk tolerance due to how often i've been burned on shorter term options where the thesis was right , but the timing was not (+ having no exit strategy \*cough\* TSLA \*cough\*), so I am primarily buying shares & 2022 leaps...but loading up a few 9/17s because of this DD.

I do have some fear that rising rates will crush tech stock valuations near term, but $BABA is so undervalued that I'm hoping it isn't as affected by that.  For reference, my most conservative 5 yr $BABA price target is around $400 assuming a 2% risk free rate (e.g. 10 yr).",2,2021-05-01 02:53:27
h1aoo71,t1_h1akidu,"ah thanks man, i thought it was past tense with abnb",1,2021-06-11 00:24:27
gwfx66r,t1_gwfms03,[deleted],8,2021-05-01 00:28:39
gwfq10c,t1_gwfpnp0,[deleted],9,2021-04-30 23:38:20
gwguykf,t1_gwfpnp0,Hey can you give me a book full of advice about getting a job?,5,2021-05-01 04:39:54
gwhb6ge,t1_gwfpy1x,TwoX probably got triggered by that one.,2,2021-05-01 06:50:40
gwfr7wx,t1_gwfpy1x,"Btw, just went ahead and double checked to make sure I wasn't going totally nuts. Here's one of the ones I was talking about: https://www.reddit.com/r/wallstreetbets/comments/mzl0cz/daily_discussion_thread_for_april_27_2021/gw31j3l

If you open it in incognito or something it will be gone, but it (should) still be there for you when you check while logged in.

&nbsp;

And that one.... yeah that's an odd one to filter. Wonder if it was an autocorrect when entering it or if it was meant to troll one annoying user in particular. Knowing WSB, it could very well be the latter.",0,2021-04-30 23:46:46
gxmlac9,t1_gxm1xhu,"Right? Lol, I did my averaging down with the rest of my cash at 225. I'm now in the ""don't open the portfolio and wait"" phase lol",2,2021-05-11 00:55:15
h1abq4m,t1_gycmxdi,looks like you were right so far lad,1,2021-06-10 22:56:06
h1auoti,t1_h1aoo71,Nope still in it.,1,2021-06-11 01:05:16
gwfxgea,t1_gwfx66r,Yes! Thank you for this. I haven't had a chance to scour comments to figure out the name of the guy he suggested,2,2021-05-01 00:30:41
gwgq2sp,t1_gwfx66r,[deleted],2,2021-05-01 04:01:30
gwgs4t0,t1_gwfx66r,Suspended?,1,2021-05-01 04:17:29
gwfqtmz,t1_gwfq10c,[deleted],22,2021-04-30 23:43:58
gwfs7ed,t1_gwfr7wx,[deleted],2,2021-04-30 23:53:40
gxn0r5a,t1_gxmlac9,"If you got in the 230ish range I wouldn't start ""averaging down"" at 225.  I consider that almost break even.  if it hit 220 or lower then I would consider buying a bit more.  I see this a lot with people.  They start averaging down too soon, only to see the stock go down further, and they are all tapped out.  I want to see at least 10% dip in the stock to even think about more ""averaging down"".  Otherwise I stay put, especially with longer term plays like this BABA play.  cheers!",2,2021-05-11 02:43:46
gxmnpw9,t1_gxmlac9,"I've just been watching my kinder options instead, those fuckers are always green and happy. I love gas pipelines now! Lol.",1,2021-05-11 01:12:17
gwhwf7n,t1_gwgq2sp,[deleted],3,2021-05-01 09:54:52
gwg729a,t1_gwfqtmz,"My thoughts are that you shouldn't hold back because someone would shadow trade you and fail. I'm stalking you on reddit everyday, you're a great source of information, not only in trading to earn $$$ but on how to understand the mechanics.

I'm not following your advices to a T ( just 99% ;) ) but rather looking at the situation and seeing if a comment you left or a post reflects had done my thoughts. You're like solving a math equation and checking the back of the book for the correct solution.

I'd say you should post how many/few plays you'd like, and not worry about people just blindly following you. That's on them. But hey, I can understand the feeling of not wanting to wake up to a load of hate.",11,2021-05-01 01:38:36
gwfsee1,t1_gwfs7ed,"Yeah I know, that's what I originally said haha",1,2021-04-30 23:55:04
gwg90m0,t1_gwfs7ed,Dump?,1,2021-05-01 01:52:34
gwg91bh,t1_gwfs7ed,Bump?,1,2021-05-01 01:52:42
gxnamx8,t1_gxn0r5a,Why couldn't you have told me this last week?,1,2021-05-11 03:53:13
gwi2opr,t1_gwhwf7n,"Yeah, that's the one. Account terminated.",3,2021-05-01 10:53:39
gwhbbb3,t1_gwg91bh,Rump?,1,2021-05-01 06:51:49
gxnavpd,t1_gxnamx8,"Hahah, my bad 🍻
Stay the course. It will all workout. Just dont go averaging down every couple bucks the stockgoes down.",2,2021-05-11 03:54:56
gwi3rqo,t1_gwi2opr,[deleted],2,2021-05-01 11:04:06
gxuwvmg,t1_gxnavpd,"Yeah, as a new trader, I've made this mistake a lot. Useful advice.",2,2021-05-12 22:42:33
gxqa062,t1_gxnavpd,Would you avg down if your first move was WAY off time wise and the contracts are half of what you previously paid?,1,2021-05-11 21:59:31
gxqa7k8,t1_gxqa062,I would give this tech rout a couple more days. See if it has legs. Probably thursday/friday if the rout continues I will look to possibly add. I am a patient man 😜,1,2021-05-11 22:01:01
