comment_id,comment_parent_id,comment_body,comment_score,created_utc
h6iotam,t3_orkwxl,"
**User Report**| | | |
:--|:--|:--|:--
**Total Submissions**|12|**First Seen In WSB**|1 month ago
**Total Comments**|50|**Previous DD**|[x](https://www.reddit.com/r/wallstreetbets/comments/oia1x1/historical_post_earnings_moves_mega_compilation/) [x](https://www.reddit.com/r/wallstreetbets/comments/o7aphp/mitigating_risks_and_maximizing_returns_using/) [x](https://www.reddit.com/r/wallstreetbets/comments/o7uxbn/degenerate_bank_gamble_xlf_trade_thesis/) [x](https://www.reddit.com/r/wallstreetbets/comments/o7as52/mitigating_risks_and_maximizing_returns_using/) [x](https://www.reddit.com/r/wallstreetbets/comments/omxwtr/historical_post_earnings_moves_mega_compilation/) [x](https://www.reddit.com/r/wallstreetbets/comments/orkwxl/historical_post_earnings_moves_mega_compilation/) 
**Account Age**|1 month|[^scan ^comment ](https://www.reddit.com/message/compose/?to=VisualMod&subject=scan_comment&message=Replace%20this%20text%20with%20a%20comment%20ID%20(which%20looks%20like%20*h26cq3k*)%20to%20have%20the%20bot%20scan%20your%20comment%20and%20correct%20your%20first%20seen%20date.)|[^scan ^submission ](https://www.reddit.com/message/compose/?to=VisualMod&subject=scan_submission&message=Replace%20this%20text%20with%20a%20submission%20ID%20(which%20looks%20like%20*h26cq3k*)%20to%20have%20the%20bot%20scan%20your%20submission%20and%20correct%20your%20first%20seen%20date.)
    
Hey /u/FluxTradesStocks, **positions or ban.** Reply to this with a screenshot of your entry/exit.",1,2021-07-26 05:55:59
h6iperv,t3_orkwxl,Good stuff. Will look at after I jerk off later,74,2021-07-26 06:01:05
h6j3i0x,t3_orkwxl,"Bro i am kicking myself for not biting on SNAP, I was talking it up on your post last week lmao. I went for a boomer put credit spread, made 20 bucks lmao",20,2021-07-26 08:03:19
h6ipmg8,t3_orkwxl,TLDR. YOLO and become overleveraged on tech,13,2021-07-26 06:02:56
h6jkm63,t3_orkwxl,"What I'm thinking is most of not all of these companies are going to beat... Instead of trying to pick one,  just buy QQQ calls",9,2021-07-26 10:38:21
h6k873k,t3_orkwxl,What calls should i buy?,3,2021-07-26 15:04:32
h6mcw4o,t3_orkwxl,So is it too late to buy Tesla PT’s? Asking for a friend,3,2021-07-27 03:21:47
h6jecvk,t3_orkwxl,"Absolutely amazing!    


I would love to learn to do this data stuff, keep it up",2,2021-07-26 09:41:23
h6jgmvp,t3_orkwxl,"Don't you think SHOP is a bit risky with it up $49 on Friday and another $14 AH?  


Also - what are your thoughts on UPS?",2,2021-07-26 10:01:49
h6jm2qz,t3_orkwxl,Any thoughts on Lockheed earnings?,2,2021-07-26 10:51:48
h6k11us,t3_orkwxl,"Pump before and dump after ER for TSLA? It should have ran by now, but it got rejected hard.",2,2021-07-26 13:29:58
h6n4mij,t3_orkwxl,"I just loaded tf up on AMD before close, tomorrow we feast",2,2021-07-27 06:52:12
h6izpi2,t3_orkwxl,thoughts on $APPL?,3,2021-07-26 07:29:40
h6ix3si,t3_orkwxl,"God tier level data thanks. 


One request. Adding in the expected and actual EPS of the quarter or whatever other main metric would be even better. 


That way we can see if it correlates strongly with that beat or not. 


Can also have a master sheet that comes all of the companies % change by quarter and include index changes and interest rates of the quarter. That would also help show any correlations.


More data is just better. Would even be good if someone has historical ops data and can input IV rank.",2,2021-07-26 07:06:41
h6j0n4r,t3_orkwxl,Will be helpful when I learn how to read. Thanks!,2,2021-07-26 07:37:55
h6iqo55,t3_orkwxl,Thoughts on msft earnings?,3,2021-07-26 06:11:46
h6is76f,t3_orkwxl,Would you add TLRY please? Thanks!,0,2021-07-26 06:24:41
h6jj8vc,t3_orkwxl,"Thank you sir.
See you Monday.",1,2021-07-26 10:25:44
h6kuqy3,t3_orkwxl,"For FB i am glad i do not own any share and i do not use that app and even whatsapp, i do not want anymore give my free data to the monopolizator and manipulator Zuckershit. I think is time to invest better the money and get good profit in good way, and the most give chance to more people to make better business and money.

Sorry about this shitty post but i am totally fed up with this type of person.

![gif](emote|free_emotes_pack|snoo)",1,2021-07-26 20:21:25
h6lea9j,t3_orkwxl,This is good shit,1,2021-07-26 23:10:29
h6lmjsg,t3_orkwxl,"Love this Data, but I’m confused as some of the tickers Q2 results are not out yet, and is being released this week. But on the table the Q2 results have already been filled? Can you help me on that bit, just abit confused",1,2021-07-27 00:11:11
h6m0ksc,t3_orkwxl,I really wanna pull trig on TFI calls…. Risky???,1,2021-07-27 01:52:02
h6oexmi,t3_orkwxl,Thoughts on $sq calls? should I buy right before earnings or buy now ahead of $pypl earnings? what are you thoughts and plays? thanks!,1,2021-07-27 14:06:18
h6km1we,t3_orkwxl,Anything historical is useless when it comes to stocks.,0,2021-07-26 18:34:03
h6ipj9p,t1_h6iperv,I respect it. Post-nut clarity trades always result in handsome returns.,52,2021-07-26 06:02:11
h6odsxh,t1_h6iperv,Best to go at this with a clear mind,1,2021-07-27 13:51:29
h6j6t9s,t1_h6j3i0x,"Haha all good man, profit is profit!",5,2021-07-26 08:33:18
h6kllg1,t1_h6j3i0x,how much did you invest,1,2021-07-26 18:27:36
h6jv8ba,t1_h6jkm63,That's the essence of a collateral play! Best of luck to ya brother.,2,2021-07-26 12:23:04
h6klms4,t1_h6jkm63,if you buy calls now you will get IV crushed no?,1,2021-07-26 18:28:09
h6md59l,t1_h6mcw4o,"nah, though its risky",1,2021-07-27 03:23:40
h6juh5q,t1_h6jgmvp,"Eh, from a pure statistical standpoint it shouldn't really matter - there's been other quarters where it's run handily into earnings and still kept ramping afterwards.

I played $UPS last earnings as per my bot, and it ended up being a 12 bagger. Pretty sure as a result, earnings are priced in better now, so I would avoid it.",4,2021-07-26 12:14:56
h6jvafz,t1_h6jm2qz,Not worth playing imo.,4,2021-07-26 12:23:43
h6k5dul,t1_h6izpi2, AAPL,10,2021-07-26 14:26:08
h6j2hoc,t1_h6izpi2,"I’m think it pops a couple bucks nothing crazy, something like 3%",2,2021-07-26 07:54:13
h6j6sd0,t1_h6izpi2,Whatever move is gonna happen on it will probably already be priced in. Not much edge to be gained here imo.,2,2021-07-26 08:33:04
h6ir3ne,t1_h6iqo55,I touch upon it within my $SHOP analysis!,2,2021-07-26 06:15:26
h6iso65,t1_h6is76f,"It's already in the sheet! 7/28 AM, 6th table in.",1,2021-07-26 06:28:46
h6jv8ub,t1_h6jj8vc,Godspeed my friend!,1,2021-07-26 12:23:14
h6mohuq,t1_h6kuqy3,Big mad,1,2021-07-27 04:47:29
h6lnfwq,t1_h6lmjsg,"Table labelling is messed up, gotta scale it back by 1 (q2 = q1, etc)",1,2021-07-27 00:17:45
h6md95b,t1_h6m0ksc,"yessir, pretty risky this time round unfortunately.",1,2021-07-27 03:24:27
h6jalks,t1_h6j6t9s,"Pinterest rode on the snap hype last week, you think that adds a little extra risk/uncertainty to playing it as well?",1,2021-07-26 09:07:18
h6jetun,t1_h6j6t9s,I feel dumb because I can’t even figure out how your spreadsheet works. Can’t you eli5 it,1,2021-07-26 09:45:39
h6mdkr9,t1_h6md59l,What’s a less riskier out for earnings this week? Appl?,1,2021-07-27 03:26:50
h6to520,t1_h6juh5q,"SHOP might go on a historic run today

Massively beat earnings + dipped hard yesterday",1,2021-07-28 20:42:21
h6jvipa,t1_h6jvafz,IV Crush or just no movement?,1,2021-07-26 12:26:13
h6j4lx8,t1_h6j2hoc,niiice ill take it loool gains is gains,2,2021-07-26 08:13:15
h6n0rnp,t1_h6j2hoc,"When I call my brokerage specialist they never seem to be able to answer these types of questions. But I’m glad y’all had this in mind. I am by no means anywhere close to even having 100k yet.

However, I know that selling options grants the seller profit in the form of the premium. For fun I went on AAPL and picked the option to SELL (sell to close- I’m on mobile app). I then upped from selling one contract premium of $91, to selling 20k contracts for a premium of over $1m.

I do not own any shares in AAPL.

Will TDA allow me to complete this transaction and sell that many contracts naked?

What’s stopping myself, or anybody from just becoming millionaires over night selling high numbers of options contracts like that?

IF TDA allows this, WHY wouldn’t you yourself just try it? These contracts are OTM. Expire in a week’s time. Seems like a get rich overnight idea.

Could you explain what I’m missing here- I feel like I’m missing something.",2,2021-07-27 06:21:03
h6j9asc,t1_h6j6sd0,"Thank you for sharing, I thought the same and this just fits my confirmation bias.

Selling $APPL Monday at 3:55PM EDT",1,2021-07-26 08:55:44
h6j7dj4,t1_h6ir3ne,I think msft really stayed up once in the last 4-5 earning reports. The play from msft has been wait for the dip after earnings and then grab those cheap calls and ride it up to record levels.,4,2021-07-26 08:38:24
h6lupua,t1_h6lnfwq,"Is there a way you can send me the updated version or should I just do what you recommend, scaling it back by 1",1,2021-07-27 01:10:19
h6jb20j,t1_h6jalks,"To an extent yes, but fundamentals say otherwise.

&nbsp;

The issue with the PINS sympathy move is that PINS tends to move based off of their MAU numbers, while SNAP's moves were more concerned with advertising revenues. If PINS manages to report that they upped/lost their MAUs, the sympathy move won't matter imo, and we'll still move significantly.

&nbsp;

The sympathy move honestly perplexed me, since both companies prices are being driven by differing metrics.",1,2021-07-26 09:11:26
h6jvphz,t1_h6jvipa,Combination of both. If I was forced to play it I would actually prefer to be selling the options for it.,2,2021-07-26 12:28:17
h6jyu1x,t1_h6j4lx8,Careful of IV crush!,1,2021-07-26 13:03:24
h6o7qgm,t1_h6n0rnp,Bruuuh they will not let you sell that many Aapl contracts without a lvl 3/4 options agreement and a tonne of collateral. Also if you were selling it would be sell to open not sell to close that’s just closing a long call that doesn’t exist.,3,2021-07-27 12:38:43
h6n0spy,t1_h6j9asc,"When I call my brokerage specialist they never seem to be able to answer these types of questions. But I’m glad y’all had this in mind. I am by no means anywhere close to even having 100k yet.

However, I know that selling options grants the seller profit in the form of the premium. For fun I went on AAPL and picked the option to SELL (sell to close- I’m on mobile app). I then upped from selling one contract premium of $91, to selling 20k contracts for a premium of over $1m.

I do not own any shares in AAPL.

Will TDA allow me to complete this transaction and sell that many contracts naked?

What’s stopping myself, or anybody from just becoming millionaires over night selling high numbers of options contracts like that?

IF TDA allows this, WHY wouldn’t you yourself just try it? These contracts are OTM. Expire in a week’s time. Seems like a get rich overnight idea.

Could you explain what I’m missing here- I feel like I’m missing something.",1,2021-07-27 06:21:17
h6jgl8e,t1_h6j7dj4,AAPL too!,2,2021-07-26 10:01:23
h6mcmmr,t1_h6lupua,The quarter is largely irrelevant imo since we're just looking at a collection of moves! is there any specific thing you're looking into regarding the quarters?,1,2021-07-27 03:19:49
h6jbjxp,t1_h6jb20j,"Yeah thats why Im hesitant with these social techs, they can be oddly fickle",2,2021-07-26 09:15:57
h6pkmzp,t1_h6jb20j,Do you think it’s worth grabbing PINS ATM calls today with the market red before tech earnings? Or would you wait until Wednesday before the market closes?,1,2021-07-27 22:21:08
h6p7qfj,t1_h6o7qgm,Appreciate that!! Filling in what my mind was missing.,1,2021-07-27 20:33:23
h6pl6vn,t1_h6pkmzp,What type of play are you making? Just simple calls/ Or are you looking to grab a strangle?,1,2021-07-27 22:25:27
h6pljga,t1_h6pl6vn,"I was planning on making some simple calls, just a handful of contracts. Maybe 10-20 at most",1,2021-07-27 22:27:35
h6pmn4j,t1_h6pljga,"Yeah then this dip wouldn't be the worst time to grab some shares. Keep in mind tomorrow is FOMC so we may see odd price action leading up to it. If you want to be safe, wait till after it.",1,2021-07-27 22:35:14
h6pn0r7,t1_h6pmn4j,"Okay, thanks for that. I’ll still grab a couple of MSFT and SHOP calls near market close today. I’ll let you know how it goes tomorrow 🤙🏼",1,2021-07-27 22:39:08
