comment_id,comment_parent_id,comment_body,comment_score,created_utc
gligbt1,t3_l9k7mp,"# ride together, die together, retards for life!!",83,2021-02-01 03:47:59
gligqr5,t3_l9k7mp,"Beware of the bots and negative things Melvin is saying. Their posts are designed to cast fear into people's heads. These comments usually start with ""Just a question"" or they say ""I'm a newbie but..."" This is designed to make the new people feel a lot of doubt because the bot is pretending to be you and usually people who are holding shares are looking for anything to feel scared about because their money is on the line. Just hold GME!! 💎🤲 and it goes 🚀🚀🚀🚀🚀🚀🚀🚀🚀",147,2021-02-01 03:51:11
glig9yq,t3_l9k7mp,[deleted],77,2021-02-01 03:47:35
gligeso,t3_l9k7mp,Scared money don’t make no money. DUMB MONEY ALL THE WAY,35,2021-02-01 03:48:37
gligl6a,t3_l9k7mp,Investors? No.  Retard apes? Yes.,26,2021-02-01 03:50:00
gligprq,t3_l9k7mp,[deleted],20,2021-02-01 03:50:58
gligcgh,t3_l9k7mp,"Too many words, not enough 💎🙌🚀🌕

Buy GME and hold! 💎🙌",24,2021-02-01 03:48:07
gligf0y,t3_l9k7mp,I agree but I'm dumb,9,2021-02-01 03:48:40
gligqfn,t3_l9k7mp,"That’s not a terrible idea, but I don’t know how you would accomplish it or if it would be legal to do so. Also shout tout every other retard comment on here and not one single serious reply lol some of these newbies are taking the idiocy a little too far trying to fit in",6,2021-02-01 03:51:07
gligleh,t3_l9k7mp,"HF may have some investment from holders of pensions and pension funds, but hedge funds aren't actively managing pensions in full afaik.",6,2021-02-01 03:50:03
glihh63,t3_l9k7mp,"I noticed not a single person below tried to address your questions so here's my stab at it:

1. This info is hard to find. you can find HF long positions in 13F statements which are filed quarterly but there is no such disclosure for shorts. The only ways to reliably tell is if the fund discloses their position or through investor documents (only available to investors in the fund)
2. Most hedge funds manage primarily institutional money which includes pensions, university endowments, insurance companies and money from traditional asset managers. There of course will be some money from high net worth individuals, but this is likely a small portion of their overall AUM
3. Many asset allocators at pensions and endowments are sophisticated investors and understand the risks involved when investing in a HF
4. Yes! If you can find the investors in a HF you absolutely can find their investment manager online and reach out! 
5. You mentioned the risk of their investments going to zero or negative. This is extraordinarily unlikely. Almost all HFs run some combination of long and short positions (this is actually the origin of the term hedge fund). While they certainly can lose a lot if they are overly concentrated (i.e. Melvin) it's unlikely for a fund to be so concentrated in a single short that they lose everything",7,2021-02-01 03:56:51
gligji3,t3_l9k7mp,GME: THE NEW BRK.A 🚀,6,2021-02-01 03:49:38
glih78o,t3_l9k7mp,AMC,4,2021-02-01 03:54:45
glih65h,t3_l9k7mp,"Muh vicitms narratives!!!  
Screw the establishment and their pensions.  We don't have pensions, nor did we try to Short these business for unethical money. 

Hold

H
O
L
D

Their interest will be painful. They will reshort if we sell.

Hold",6,2021-02-01 03:54:30
glii3ez,t3_l9k7mp,"How do we get in touch with the CEOs of GME and AMC? We've basically saved their companies. They could partner up and do some cool shit. GME could use their brick and mortar shops for gaming tournaments while AMC has viewing parties or something.

#AllForOneOneForAll",4,2021-02-01 04:01:34
gligi7h,t3_l9k7mp,GME AND AMC TO THE MOON 🚀🚀🚀,6,2021-02-01 03:49:22
gligmtm,t3_l9k7mp,Hang together or hang separately.   🍌  🍌  🍌  🍌  🍌,3,2021-02-01 03:50:21
glih108,t3_l9k7mp,"I have to imagine the heads of big pension teachers fund have a sense of where their HF has positions in things like this by now.

These pension funds saw the insane equity returns this year and probably turned a blind eye until last week.

Welcome to trading vs investing 🎰",3,2021-02-01 03:53:24
glih3ju,t3_l9k7mp,"You're quite right.  My only concern on this is to hit ""civilians"". Idk if it'd be possible to reach out to the individuals, but in any case, the funds either have shorted gme or not, and I don't know a way to tell them apart when rocketing $GME to the motherfucking black hole on the Center of this Cocksucking Galaxy. I'll hold, but I hope that if civilisns are hit, their funds could be recovered somehow.

Also, remember that if this comes to a rescue by the government we could easily become ""extorsionists to the government"" rather than a bunch of retards fucking with the HF's.

Morality is tough to keep in such a connected world.

Edit: to the cocksuckin cumshittin outer space apes",3,2021-02-01 03:53:56
gliihjl,t3_l9k7mp,">2.) Who do they manage funds for ( is it 100% millionaire entrepreneurs or is it teachers pensions, police pension funds and the like).

At least in my country, pension funds are only allowed to invest in low-risk investments.

And over 60% of my income does actually going to fund everything from the police to pensions for teachers.",3,2021-02-01 04:04:35
gliiuio,t3_l9k7mp,No teacher's pensions are in a hedge fund,3,2021-02-01 04:07:20
glikh6x,t3_l9k7mp,"DAMN I WISH I COULD READ! I like video games. I like this stock. I’ll just hang on to it, thanks.",3,2021-02-01 04:19:53
glilm61,t3_l9k7mp,"because of this post, I'm going to add 500 shares to my position tomorrow morning and will hold until we completely take them down",3,2021-02-01 04:28:40
gligo5e,t3_l9k7mp,💎✋🐒🦧🦍,2,2021-02-01 03:50:38
gligzga,t3_l9k7mp,Apes together strong. 💎🙌,2,2021-02-01 03:53:04
glih8ba,t3_l9k7mp,"> But what if their capital left?

[Hedge Funds have lock-up periods for this specific reason.](https://www.investmentlawgroup.com/faqs/do-most-hedge-funds-have-a-lock-up-provision/)",2,2021-02-01 03:54:59
glihctp,t3_l9k7mp,"The individual investors and funds that invested in Melvin would know that they were a short only fund and had the potential for 100% loss.  Qualified investors.  Also, the pension plans etc that invest in that kind of thing, don't put all their eggs in 1 basket.  They might put 5% here, 20% in a L/S fund, ...  

there are so many financial disclosures and layers involved in this market, each having it's own fiduciary responsibility.",2,2021-02-01 03:55:55
glihogn,t3_l9k7mp,You can absolutely bet your ass every single one of Melvins investors have called and asked WTF are you doing and some likely have withdrawn their investments.,2,2021-02-01 03:58:27
glihx26,t3_l9k7mp,"With all the platforms restrictions on buying, and the steady stream of Robinhood bailing, closing positions and locking there buying power up for a few days, is the perfect storm for banks, hf’s and mm’s dumping every share and call options they own in GME tomorrow. Tomorrow could be dooms day for GME. I am holding a few short options on GME, and am not a financial advisor and am just giving my observation here.",2,2021-02-01 04:00:14
gliiqvj,t3_l9k7mp,"Lmfaoooo this is gonna be the media's next line of attack. That WERE dangerous to 401ks, pensions and economic stability.

Sure

Not the hedge fund that shorted over 100% of the float on a FOUR DOLLAR STOCK. NICE RISK REWARD RATIO YOU FUCKING IDIOTS",2,2021-02-01 04:06:34
glilbvg,t3_l9k7mp,Dumb monke here. Should I do fractional shares of stocks or no?,2,2021-02-01 04:26:27
glile5p,t3_l9k7mp,Enjoy your cake 🍌🎂🚀🚀🚀🌝,2,2021-02-01 04:26:58
gligcai,t3_l9k7mp,Sell now the great dip is happening! Source https://rr.noordstar.me/c14a4e36,2,2021-02-01 03:48:05
gligiaa,t3_l9k7mp,What's your theory?,2,2021-02-01 03:49:23
glih3kk,t3_l9k7mp,"Dammit, I'm torn now!     
I really hope there's not a single teacher's money tied up in the enemy hedgies. But now I'm thinking of bankrupting police pensions and this 💎 boner won't go down!",2,2021-02-01 03:53:56
glihhnh,t3_l9k7mp,"Buy Stock, Hold, Dont Sell",1,2021-02-01 03:56:58
glihprr,t3_l9k7mp,"If Melvin Smelvin has found its way into pension funds it will be a very small part of the total fund. Any client of Merlvin Smelvin who isn't aware of the GME situation must be living on the moon. So you can wave when you pass by early in the journey, en-route to infinity.",1,2021-02-01 03:58:43
glihubb,t3_l9k7mp,[deleted],1,2021-02-01 03:59:40
glihx4q,t3_l9k7mp,You’d be better fit asking this in r/stocks.,1,2021-02-01 04:00:15
gliiaur,t3_l9k7mp,"Smooth brain here.

Don't HF have to show investors how they are investing their money through statements? Shouldn't their investors do their dd and look at their statements?",1,2021-02-01 04:03:09
gliioow,t3_l9k7mp,Wanting to buy. Should I wait until Monday in hopes of it dipping a bit?,1,2021-02-01 04:06:06
glij26l,t3_l9k7mp,"Found this link in the wild https://www.sec.gov/comments/s7-08-09/s70809-407a.pdf

No its not a virus but I think it will be helpful",1,2021-02-01 04:08:59
glij4jn,t3_l9k7mp,"Buy high, hold forever",1,2021-02-01 04:09:29
glik1r1,t3_l9k7mp,Gme and amc bought for tomorrow let's watch the fireworks as wallstreet has a bigger meltdown than a girl at her sweet 16.,1,2021-02-01 04:16:34
glikxmg,t3_l9k7mp,"Fuck pension managers who invest in Citron, Melvin etc. They know what's going on and are if they are lazy with risk management then they are to blame too.",1,2021-02-01 04:23:24
glildut,t3_l9k7mp,Is it better to buy more GME during pre-market tomorrow or after the market opens?,1,2021-02-01 04:26:54
gliljnl,t3_l9k7mp,"All we need is 50-60m shares to hold. If we get that it's infinite losses to anyone left holding a short position.

This is not investment advice, this is the beginning of a manuscript for a screenplay I'm writing about gay bears.",1,2021-02-01 04:28:08
glim9qt,t3_l9k7mp,I like stocks that other people like,1,2021-02-01 04:33:43
glimkzm,t3_l9k7mp,Fuck off Melvin,1,2021-02-01 04:36:05
gliqcfy,t3_l9k7mp,I like the APE,1,2021-02-01 05:05:34
gliqi3e,t3_l9k7mp,What is pension??? Ape never heard of pensions. Ape doesn't know of other apes with pensions!!!,1,2021-02-01 05:06:52
gliqqj6,t3_l9k7mp,AHHH! ONLY HUMANS HAVE PENSIONS!! NOT APES!!!! 🦍🦍🦍🦍🦍🦍🦍🦍🦍,1,2021-02-01 05:08:39
gliqx7t,t3_l9k7mp,APES HAVE ONLY 🍌🍌🍌🍌🍌🍌🍌🍌🍌!,1,2021-02-01 05:10:04
gliwnh9,t3_l9k7mp,What if they long everything but GME and trying to recoup? Why are we constantly underestimating the opponent and being blinded by our conviction and greed...,1,2021-02-01 05:54:03
glj509o,t3_l9k7mp,"Guys this definitely ISNT A SOB STORY FOR HEDGE FUNDS...

Here me out...if they call their pension managers, that means flood of redemptions for the hedge fund.

His post puts them at more risk than before we would warn them. Cause redemptions could force them to cover",1,2021-02-01 06:59:28
glih2nb,t3_l9k7mp,We can do this together.. just hold and encourage more people to buy more shares.. let's take over #allunited,1,2021-02-01 03:53:45
glihl0w,t3_l9k7mp,"Long post and no tldr?
I say Ban",0,2021-02-01 03:57:43
glilc8l,t3_l9k7mp,"You either are or have been influenced by a hedge fund bot. ALL of these questions I’ve seen answered somewhere in this sub and some even in the media that is on our side. I’m just a smooth brain and super new so can’t explain to you. Use the search bar.

This kind of questioning on easily searchable considerations only serves to give new 🦍🦍 paper hands and if we get paper hands we die and they win. 🦍 hold 🍌 with 💎🙌💎🙌 until we get the tendies and we win. That’s the only consideration needed.

I LOVE THIS STOCK and Imma ride my 1 share of GME and 10 AMC TO THE FUCKING STARS WHO IS WITH ME? 🚀🚀🚀🚀",0,2021-02-01 04:26:32
gligsf4,t3_l9k7mp,close your account as quick as possible it says in terms of services your account is not secure in case of liquidity issues so your money is not safe deposited in robinhood anymore. Close it quick before you lose your money into the bankrupt robinhood void they were not letting people close their account last week because they don't have the money!,-6,2021-02-01 03:51:32
glighho,t1_gligbt1, 🚀🚀🚀🚀🚀,16,2021-02-01 03:49:13
gligzlw,t1_gligbt1,Fk selling Think about owning GameStop forever. The true dimond hands never sell they make the shorties pay to restructure game stop and join the board r/gme_boardroom power to the players,14,2021-02-01 03:53:06
glignbi,t1_gligbt1,in 2pacs voice!,9,2021-02-01 03:50:27
glihqs3,t1_gligqr5,"Someone give this man an award or pin this, I’m
All in gme",19,2021-02-01 03:58:55
glij2v3,t1_gligqr5,Yea I’ve been seeing a lot of these today. And I don’t understand shit of it,5,2021-02-01 04:09:07
glik0sv,t1_gligqr5,"They’re all over Reddit right now, not just WSB.",2,2021-02-01 04:16:22
glin57k,t1_gligqr5,"This but add AMC, don’t be fcking retarded and assume AMC is bunk because there’s a possible bot here and there. Look at the data/company’s position. AMC is gonna baby boom compared to GME, but $40-60 per share is not at all a fallacy. PEOPLE JUST NEED TO FCKING HOLD IN BOTH 💎🤚💎🤚",2,2021-02-01 04:40:31
gligi9d,t1_glig9yq,"Ohhhhhh, now I'm following!",25,2021-02-01 03:49:23
glih4a6,t1_glig9yq,"Can we change the sun to a moon? Otherwise, the monkey is going to get burned",8,2021-02-01 03:54:06
glilppu,t1_glig9yq,"🐒DIP🍌OR🐒ASAP🍌
🚀🚀🚀💎🙌🚀🚀🌝

Late ape. I like games not advice.",1,2021-02-01 04:29:25
glijtq2,t1_gligl6a,Ape like the stock!,2,2021-02-01 04:14:51
glihcww,t1_gligprq,SAME. dad won't listen,8,2021-02-01 03:55:56
glih7jf,t1_gligf0y,What do I know just 💎🙌 I’m a retard,4,2021-02-01 03:54:48
glii3gn,t1_gligqfn,"Soo, you guys don't exclusively write in emojis and caveman talk?.. that actually somewhat relieving. I was starting to wonder.  Lol",1,2021-02-01 04:01:34
gliikne,t1_gligqfn,Thanks,1,2021-02-01 04:05:14
gliiat9,t1_glihh63,Thank you for an A+ effort response. The 100% loss is obviously super unlikely.,5,2021-02-01 04:03:08
gliirpk,t1_glih78o,LFG!,2,2021-02-01 04:06:44
glinbkl,t1_glih78o,TO THE FCKING MOOOOOON 🚀🚀🚀🚀🚀🚀🚀🚀🚀,2,2021-02-01 04:41:53
gliise4,t1_glih65h,"No victims narrative, its a checkmate narrative...",2,2021-02-01 04:06:53
glillp2,t1_glii3ez,"

Yes, we need a street fighter @ the movies day. Free admission with a GME or AMC stock certificate.",3,2021-02-01 04:28:34
glimqg1,t1_gligmtm,Both,1,2021-02-01 04:37:19
glikbvq,t1_glih108,Some pension funds sold big chunks of MAC and other stocks that benefitted from a little squeeze.  And who told them to trust these scum HF managers in the first place.  They should be buying GME now instead.,2,2021-02-01 04:18:45
glihsda,t1_glih3ju,"The civilians were always going to get hit, the point is that if we have the money we would actually care and distribute it.  They just want to own everything.

🦍 strong together

If we fail the rich will make an example of us on live television to show their complete control of the world.  They are filled with spite that we challenged their decision.  They see this as a rebellion, I just like the stock.

The only move left is to 💎🙌.",2,2021-02-01 03:59:16
glipoly,t1_gliiuio,How do you know? ( just a simple 🦧 question),1,2021-02-01 05:00:12
glimkc0,t1_glilm61,Godspeed,1,2021-02-01 04:35:56
glipukm,t1_gligzga,Ooooo! Ooooo! Oooo!🦍🦍🦍🦍🦍🦍🦍🦍🦍🦍🦍🦍🦍🦍🦍🦍🦍🦍🦍🦍🦍🦍🦍🦍🦍🦍,1,2021-02-01 05:01:27
gliiu17,t1_glih8ba,"Best response, ty",1,2021-02-01 04:07:13
glisn99,t1_gliiqvj,"Thats what im saying, if we provide full disclosure. We control the narrative.

They risked your money going to zero, if they lock up funds their investors have a good case for a class action.",2,2021-02-01 05:23:20
glkkrs3,t1_glilbvg,A fraction of a share is better than nothing,1,2021-02-01 14:32:02
gligf7n,t1_gligcai,Nice,3,2021-02-01 03:48:43
glihaq3,t1_gligcai,Foiled again! Drat n' double drat! You damn kids...,3,2021-02-01 03:55:29
gligpuv,t1_gligcai,woah that's some undisputable proof right there,6,2021-02-01 03:50:59
glii52s,t1_gligcai,Always my fall back there. Great souce,2,2021-02-01 04:01:55
gligr5p,t1_gligiaa,Is it possible to rug pull their investors money by informing them of the risks?,2,2021-02-01 03:51:17
glija1h,t1_glih3kk,Maybe it's time we upgrade to diamond hearts too because feelings are for apes with paper hands,2,2021-02-01 04:10:41
glihswu,t1_glih3kk,Aren't 401ks attached to this nonsense too?,0,2021-02-01 03:59:23
glij3b6,t1_glihubb,"Thats why i asked the questions bruh, to learn to be smarter ape. And no we have 6millions subs capital to retain said lawyer(s).",1,2021-02-01 04:09:13
glin618,t1_gliiaur,"Yes and yes. Do you think they really do?
Look at the housing crash in 2008, all data was available. But no one cared to look.",1,2021-02-01 04:40:41
glip24q,t1_gliljnl,Infinite if everyone 💎🙌🏻,1,2021-02-01 04:55:23
glijozt,t1_glihl0w,"Fixed, prob still need a ban tho",2,2021-02-01 04:13:52
glim6ai,t1_glilc8l,"How is suggesting rug pulling their capital going to create paper hands? No bot, and sorry i dont read every post in the sub.",1,2021-02-01 04:32:59
gligwhr,t1_gligsf4,"Its sub 3k, ill live",2,2021-02-01 03:52:26
glihwnr,t1_gligsf4,Not sure if joke...  but SIPC anyone?,1,2021-02-01 04:00:09
gliipug,t1_gligzlw,im never selling power to the players  🚀🚀🚀,2,2021-02-01 04:06:20
glimefo,t1_glihqs3,Done. I’m trying to award this every time I see it to raise awareness,0,2021-02-01 04:34:42
gliinvi,t1_glih4a6,"I mean, that is the point of a squeeze. Knowing when to get off before monke shit hits the fan. When do you get off? At $42069.69, $69696.96, or $80081.35",7,2021-02-01 04:05:55
glihsgp,t1_glihcww,My dad deadass talked shit on me trading stocks and said i NEED to go to college to support a family. I'm in no rush to have kids 😭,7,2021-02-01 03:59:17
glik11p,t1_gliiat9,"No worries. There is a ton of misinformation (intentional and ignorant) flying around on this subreddit regarding GME. It's irresponsible and against what WSB originally stood for. This is a pure gamble (which is fine) but it's being presented as a sure thing.

&#x200B;

Regular people are going to get hurt by this and its upsetting to watch",1,2021-02-01 04:16:25
glilv0g,t1_glillp2,"Also, always buy physical copies of video games at GME and we should all buy AMC gift cards too.",1,2021-02-01 04:30:33
glikie2,t1_glihsda,These civilians should just be buying gme,1,2021-02-01 04:20:09
gliirv8,t1_glihswu,Couldn't tell ya. Last I heard from some random tard is that melcap represents a group of multi-millionaires,2,2021-02-01 04:06:46
glin3w7,t1_glijozt,Thx,1,2021-02-01 04:40:14
glipflr,t1_glim6ai,"That’s not what I mean. Pointing out that they aren’t wavering yet AND that pensions may be involved might be enough to make some people waiver. You wrote a wall of text and your tl dr mentions pensions getting hurt. For someone with a wife or husband who is a teacher that may be enough to not want the hedge to die after all. We need them not to waiver. 

This is a fucking staring contest to the death whoever blinks dies. If we stop to try to get pensions to suddenly be smart when they already made the stupid move to invest in a risky ass hedge fund (simple Google search will show you that hedge funds fucking pensions is nothing new), then many may blink and we die.",1,2021-02-01 04:58:17
glih0g9,t1_gligwhr,"Ok maybe consider it after the gme madness is over, because I'm seeing more and more reports of people not being able to close their account.",0,2021-02-01 03:53:17
gliiu2f,t1_gliipug,Help me spread the meme make it happen spreed the meme 🦍own gme now or never power to the players let’s change the world,1,2021-02-01 04:07:14
glimqnx,t1_glimefo,Thank you. People really need to understand how these fuckers will try to manipulate us using fear.,2,2021-02-01 04:37:22
glijb3t,t1_gliinvi,"I’ve seen the 42 figure multiple times, why?",2,2021-02-01 04:10:55
glintmw,t1_gliinvi,"No get off 🚀 🚀🚀🚀🚀

***Diamond hands for life***

🙌💎🙌💎🙌💎🙌💎🙌💎🙌💎🙌💎🙌💎🙌💎🙌💎🙌💎🙌💎🙌💎🙌💎🙌💎🙌💎🙌💎🙌💎🙌💎🙌💎🙌💎🙌💎🙌

If they hope to change the narrative, they can rally their cohorts and get the government to explain everything they know about aliens..... 

I Like the stock",1,2021-02-01 04:45:47
gljjlvk,t1_gliinvi,Maybe 🐒 share the 🍌 and the little guys just take their winner winner 🍗 🍽 one at a time in small increments. Reddit name alphabetical order in 10 years?,1,2021-02-01 08:56:06
gliilkg,t1_glihsgp,[deleted],5,2021-02-01 04:05:26
glipww2,t1_glilv0g,"I live in Canuckistan. It will cost me $2000 in hotel fees if I fly to the US, buy a gift card and fly back. New socialist rules comrade.",1,2021-02-01 05:01:57
gliqtl8,t1_glipflr,"But theres no blinking involved, its a slap in the face to try to get them to blink first and sooner. Who's assets do they have under management. Maybe Dr. Dre doesn't realize he's got a cool 40mil parked in one of these HF's.
It's not about ""oh no save the pensions"". It's about small unsophisticated militias defeating goliath armies by blowing up the ammo depots.",1,2021-02-01 05:09:18
glijl92,t1_gliiu2f,i talked with guys on the jobsite a number got in on the dips last week work construction sick of all these hedge fund fucks assholes have us working on their ac/heat in blistering heat and fevering cold and don't even offer you a cup of coffee most got on just cause they hate them and love video games,1,2021-02-01 04:13:05
glik0cs,t1_glijb3t,"420, a meme number for people who smoke the devils lettuce",1,2021-02-01 04:16:16
glill8t,t1_gliilkg,[deleted],5,2021-02-01 04:28:28
glj0wsc,t1_glill8t,"Agreed.  Plenty of money to be made in the trades, too.",3,2021-02-01 06:27:16
