comment_id,comment_parent_id,comment_body,comment_score,created_utc
him7rmj,t3_qiw6sv,"
**User Report**| | | |
:--|:--|:--|:--
**Total Submissions**|1|**First Seen In WSB**|33 seconds ago
**Total Comments**|1|**Previous DD**|
**Account Age**|1 year|[^scan ^comment ](https://www.reddit.com/message/compose/?to=VisualMod&subject=scan_comment&message=Replace%20this%20text%20with%20a%20comment%20ID%20(which%20looks%20like%20*h26cq3k*)%20to%20have%20the%20bot%20scan%20your%20comment%20and%20correct%20your%20first%20seen%20date.)|[^scan ^submission ](https://www.reddit.com/message/compose/?to=VisualMod&subject=scan_submission&message=Replace%20this%20text%20with%20a%20submission%20ID%20(which%20looks%20like%20*h26cq3k*)%20to%20have%20the%20bot%20scan%20your%20submission%20and%20correct%20your%20first%20seen%20date.)
**Vote Spam (NEW)**|[Click to Vote](https://www.reddit.com/message/compose/?to=VisualMod&subject=vote_spam&message=qiw6sv)|**Vote Approve (NEW)**|[Click to Vote](https://www.reddit.com/message/compose/?to=VisualMod&subject=vote_approve&message=qiw6sv)",1,2021-10-30 15:14:31
him7qz7,t3_qiw6sv,"I am a bot. You submitted a picture of a banned ticker, IMPL.                            This check will fire if you included unnecessary pictures that have bad phrases or a bad crop with news about cryptocoins, for example. Repost with the useless pictures omitted if you did that.                            Yell at /u/zjz if it's above 1.5 billion-ish market cap and not related to crypto/pennies/OTC/SPACs.",0,2021-10-30 15:14:16
