comment_id,comment_parent_id,comment_body,comment_score,created_utc
hi91zmd,t3_qgy0nw,"
**User Report**| | | |
:--|:--|:--|:--
**Total Submissions**|20|**First Seen In WSB**|9 months ago
**Total Comments**|485|**Previous DD**|
**Account Age**|7 years|[^scan ^comment ](https://www.reddit.com/message/compose/?to=VisualMod&subject=scan_comment&message=Replace%20this%20text%20with%20a%20comment%20ID%20(which%20looks%20like%20*h26cq3k*)%20to%20have%20the%20bot%20scan%20your%20comment%20and%20correct%20your%20first%20seen%20date.)|[^scan ^submission ](https://www.reddit.com/message/compose/?to=VisualMod&subject=scan_submission&message=Replace%20this%20text%20with%20a%20submission%20ID%20(which%20looks%20like%20*h26cq3k*)%20to%20have%20the%20bot%20scan%20your%20submission%20and%20correct%20your%20first%20seen%20date.)
**Vote Spam (NEW)**|[Click to Vote](https://www.reddit.com/message/compose/?to=VisualMod&subject=vote_spam&message=qgy0nw)|**Vote Approve (NEW)**|[Click to Vote](https://www.reddit.com/message/compose/?to=VisualMod&subject=vote_approve&message=qgy0nw)",1,2021-10-27 22:32:06
hi93axo,t3_qgy0nw,Nice move. Don't let these clowns put this down as a boomer trade. 88% I'll take that all day long. Congrats,104,2021-10-27 22:41:22
hi97ika,t3_qgy0nw,Wow. The lowest sale for that option today was $2.,27,2021-10-27 23:10:04
hi98kq8,t3_qgy0nw,I had a premarket buy for GOOG that didn’t go through 😑,13,2021-10-27 23:17:17
hi9atqi,t3_qgy0nw,"Congrats, almost took the $2880 at open for GOOGL myself, really hating I didnt pull trigger. They were 5.5 or something, now over 41",11,2021-10-27 23:32:20
hi97mtv,t3_qgy0nw,[deleted],15,2021-10-27 23:10:52
hi9hywp,t3_qgy0nw,Very very nice 👏,6,2021-10-28 00:20:47
hi9mkca,t3_qgy0nw,"Holee shit wat a play. Up way more than that rn! 

Congrats",6,2021-10-28 00:51:09
hi9l611,t3_qgy0nw,Sell,4,2021-10-28 00:42:01
hi9x1u3,t3_qgy0nw,[deleted],5,2021-10-28 01:59:41
hi928mu,t3_qgy0nw,Dad,10,2021-10-27 22:33:51
hi9nwbd,t3_qgy0nw,"I had 10/29 $2800's, but I sold them yesterday for $39.60, they're worth ~160 each now 🤡",3,2021-10-28 00:59:57
hi9cq0a,t3_qgy0nw,"im still working on getting my portfolio to the level where i can just ""why not"" googs and tsla im excited for that day tho. sweet power move regardless",7,2021-10-27 23:45:32
hia7mur,t3_qgy0nw,Excellent jump,1,2021-10-28 03:08:04
hia7p15,t3_qgy0nw,I always found google cal volume pretty lacking so never explored it too much,1,2021-10-28 03:08:28
hiay23y,t3_qgy0nw,"I wrote goog puts. Same directional trade, just much more boomer",1,2021-10-28 05:59:20
hiay7ds,t3_qgy0nw,What made you jump in?,1,2021-10-28 06:00:19
hib5j7w,t3_qgy0nw,"Dude what happend to all our gains. 
I was 5k this afternoon.
Now I'm up 400.
Ugh",1,2021-10-28 06:52:37
hicl6us,t3_qgy0nw,"Smart play... for future reference, we don't do that here...",1,2021-10-28 14:01:54
hiew6q2,t3_qgy0nw,🍀,1,2021-10-29 02:34:15
hia4xet,t3_qgy0nw,Hate android users,-8,2021-10-28 02:50:26
hi93gda,t1_hi93axo,"I just gotta hold through these occasional Dips and not fuck myself up.

Thx yo.",33,2021-10-27 22:42:22
hi9lv4t,t1_hi93axo,"88% on a $10+ dollar contract though... buying options that expensive isn't the best use of their leverage. For example, the 2950c and 3000c both went up at least 200% in the same time window, and they were priced at about 1.50/2.50. A lot more bang for your buck.

But what do I know, OP made $10k and I didn't so ¯\\_(ツ)_/¯",30,2021-10-28 00:46:36
hi98npd,t1_hi98kq8,"#GUH

Was it on RH?",5,2021-10-27 23:17:51
hi97svx,t1_hi97mtv,"GOOG is now at $2,902 so uhh... my luck isn't that bad.",8,2021-10-27 23:12:01
hi9k0g0,t1_hi9hywp,"Up $30K now. Very, very nice.",7,2021-10-28 00:34:22
hi9nuyn,t1_hi9l611,Done,7,2021-10-28 00:59:41
hichd7q,t1_hi9x1u3,You forgot the most likely option - pure retardation,2,2021-10-28 13:16:53
hi9d0py,t1_hi9cq0a,"I was at this point last year.

Good research and following up on non-bullshit DD is a godsend.",8,2021-10-27 23:47:33
hi9h2pa,t1_hi9cq0a,Same,1,2021-10-28 00:14:51
hibcai5,t1_hib5j7w,"I sold at $2,972. Excessive greed is not advised for weeklies.",2,2021-10-28 07:43:26
hiaauc7,t1_hia4xet,I regret nothing.,5,2021-10-28 03:28:52
hiaboht,t1_hia4xet,[deleted],3,2021-10-28 03:34:09
hi9mrq8,t1_hi9lv4t,"Nah you're right. I'm just playing the lottery safe mode. I definitely should've took the $3,000c",21,2021-10-28 00:52:31
hi98r63,t1_hi98npd,"No, TDA. Had several inconsistent fills lately.",7,2021-10-27 23:18:30
hi9nmyu,t1_hi9k0g0,don't test your luck for too long. 30k sounds very nice for a daily gain.,3,2021-10-28 00:58:14
hi9o4i9,t1_hi9nuyn,Final profit?,2,2021-10-28 01:01:27
hiaie8p,t1_hiaboht,🌈🐻,3,2021-10-28 04:16:57
hi9nd5i,t1_hi9mrq8,"Hindsight my man. Everything looks obvious after it happens, but nice trade regardless.",14,2021-10-28 00:56:27
hictfve,t1_hi9mrq8,You couldn't have predicted that though. $10k in 30 mins is an epic score.,2,2021-10-28 15:52:04
hi98ufr,t1_hi98r63,"Huh. Well then.

I'm going to eventually be on WeBull but damn, shame on you TDA.",3,2021-10-27 23:19:06
hi9nvis,t1_hi9nmyu,Sold.,10,2021-10-28 00:59:47
hi9oiim,t1_hi9o4i9,A little under $30K,25,2021-10-28 01:04:02
hidzky8,t1_hictfve,I see 10k in 3-4 months so they got me beat,1,2021-10-28 23:01:01
hi9g1wj,t1_hi98ufr,man I brought a yolo 2960 C and now its legit 10x lol google might actually rip to 3k+ this week,1,2021-10-28 00:07:53
