comment_id,comment_parent_id,comment_body,comment_score,created_utc
hpx9eh2,t3_robr63,"Squeeze these nuts you fuckin nerd.

*I am a bot, and this action was performed automatically. Please [contact the moderators of this subreddit](/message/compose/?to=/r/wallstreetbets) if you have any questions or concerns.*",2,2021-12-25 23:32:17
hpx9p23,t3_robr63,"I am a bot from /r/wallstreetbets.                                You submitted one or more banned tickers: KOSS IPOF PRPL BUZZ SFT IPOE WKHS BGFV ARKG IRNT ARKF.

                                Message /u/zjz if they're above 1.5 billion-ish market cap and not related to crypto/pennies/OTC.",2,2021-12-25 23:35:05
hpx9ptx,t3_robr63,Wow,2,2021-12-25 23:35:17
hpx9tp2,t3_robr63,Lol 3rd time's the charm,2,2021-12-25 23:36:19
hpxat7c,t3_robr63,Post it to /r/mauerstrassenwetten the German WallstreetBets!,1,2021-12-25 23:45:30
