comment_id,comment_parent_id,comment_body,comment_score,created_utc
gnuvsss,t3_lmesgl,"Ah yes, this means absolutely nothing",58,2021-02-18 13:52:58
gnuu99g,t3_lmesgl,what is this but more confirmation bias,17,2021-02-18 13:35:55
gnuwpv7,t3_lmesgl,"We love PLTR. You don’t need to sell us.  But why wouldn’t you buy more or open a position on Friday after the initial lockup expiration hit, either in the morning after trading has opened for a bit, or just before the close?  Every stock with a lockup like PLTR’s experiences a decline on their expiration day. The only question is the magnitude, and if it’s a single day sell off or longer.  I’m loading up more on Friday; I can take the risk on additional decline with whatever my entry cost is Friday as it’s a long term position.",7,2021-02-18 14:03:25
gnuvqhw,t3_lmesgl,What app is this ??,6,2021-02-18 13:52:13
gnuw9cs,t3_lmesgl,Well  all my savings to PLTR it is,3,2021-02-18 13:58:08
gnxbj06,t3_lmesgl,Are calls expiring 4/1 at 26.5 strike to ballsy?,3,2021-02-19 04:10:08
gnuu6gy,t3_lmesgl,Facebook is still around?,5,2021-02-18 13:35:04
gnv2ehy,t3_lmesgl,What is this app that shows you this score? But regardless PLTR 🚀🚀🚀,2,2021-02-18 15:16:07
gnv3bki,t3_lmesgl,Sentiment changes as often as the weather,2,2021-02-18 15:28:58
gnv3fs9,t3_lmesgl,You can’t cuck the Zuck.,2,2021-02-18 15:30:37
gnv77a7,t3_lmesgl,PLTR to the moon but this is some fugazi astrology type shit brother,2,2021-02-18 16:26:13
gnv7ex0,t3_lmesgl,What app is that?,2,2021-02-18 16:29:32
gnvolki,t3_lmesgl,Look look look this guy figured out the stock market!!!,2,2021-02-18 20:42:54
gnx36t7,t3_lmesgl,Didn’t read a single word. Bought. Thanks retard,2,2021-02-19 03:11:53
gnuw3x6,t3_lmesgl,"AAPL is a boring turd compared to those other ones.  I even tried trading my 100 shares of AAPL for 100 shares of TSLA and my broker hung up on me.  No but for real I've been considering dumping these shits but thought it'd be a little safer if the market dipped, and the market did in fact dip (hooray)... somehow AAPL dropped, UVXY dropped, Dow went positive, S&P broke even, even something as high beta and risky as fuck as TSLA turned green AH.  Holy shit what a turd.  What a fucking turd.  I never thought I'd see the day where shorting volatility and dumping AAPL to go balls deep into TSLA when shit's red and interest rates are spiking would be the safe play, but here I am, holding a turd.",4,2021-02-18 13:56:26
gnv26he,t3_lmesgl,Sentiment Analysis is a derivative of the normal horoscope shit people pull out of their asses.,2,2021-02-18 15:13:08
gnuxj2e,t3_lmesgl,What about GME?,-1,2021-02-18 14:13:05
gnuwuit,t3_lmesgl,Why are so many people pushing this turd?,-8,2021-02-18 14:04:58
gnuwakl,t1_gnuvsss,GME and TSLA both generally had high sentiment and had stock prices increase by huge margins. Sentiment is not a metric you can calculate and requires data harvesting and so far it has worked for both the stocks. You can see on WSB the sentiment for PLTR is high right now,-8,2021-02-18 13:58:31
gnuudfz,t1_gnuu99g,"Yep, confirmed PLTR to the 🌚 then",3,2021-02-18 13:37:12
gnvg9bg,t1_gnuwpv7,"This. So many times this.
And sentiment is everything—until it’s not. It’s more a retail meter than anything",2,2021-02-18 18:48:10
gnv7r8y,t1_gnuvqhw,Interactive Brokers,2,2021-02-18 16:34:48
gnuwfjb,t1_gnuw9cs,YOLO 🚀 🚀 🌚 🚀 🚀,3,2021-02-18 14:00:06
go0p4lu,t1_gnxbj06,Either printer goes brrrr or it’s a great April fools joke,4,2021-02-20 00:14:24
gnuufmz,t1_gnuu6gy,Might not be for too long once new Apple iOS updates are in,3,2021-02-18 13:37:52
go0nv8x,t1_gnv2ehy,Interactive Broker,3,2021-02-20 00:05:05
gnvgcql,t1_gnv7ex0,IB. It’s (in my opinion) one of their not so helpful indicators. They have actually do have some good ones. I check in there as part of my research generally,1,2021-02-18 18:49:38
go0nyw9,t1_gnvolki,If it works it works,2,2021-02-20 00:05:51
gnxaws1,t1_gnx36t7,Get rich or die retarded,5,2021-02-19 04:05:49
gnv1pad,t1_gnuw3x6,That’s why you just switch it up and go with JPM. VIX spikes and drops doe much but it dips way faster and harder than spikes. This influx of new investors is pushing markets to new levels.,2,2021-02-18 15:06:38
gnuxnd6,t1_gnuwuit,"Turd?  The motherfucker is up 45% over 3 months, and 170% since debuting 9/30.  Are you fuckin retarded?",8,2021-02-18 14:14:33
gnuzy7u,t1_gnuwuit,"If you think something with 50% revenue growth that’s already past a billion a year is a turd, then there’s no hope for you. You can say it’s overvalued, but the company is projecting 2B in revenue in 2021, and $4B in 2024.  And they’re probably being conservative.  They’ve pretty much locked up the government market and there isn’t a better option than PLTR in the private market; they’re stripping market share already.  Stock is up almost 200% since IPO, and yet its still 1/3 off on sale from its ATH.  

If you can’t do basic TA, GTFO WSB with “it’s a turd”.  I don’t see you commenting that about GME, the smelliest overhyped and overpriced shit on the market today.",3,2021-02-18 14:43:39
gnuwm89,t1_gnuwakl,Sentiment doesn’t mean dick.  You’re obviously very new to this.,20,2021-02-18 14:02:14
gnuy0z9,t1_gnuwakl,Hey what tool is this that you use it looks really interesting,2,2021-02-18 14:19:15
gnuxuqp,t1_gnuxnd6,Turd floats for awhile before dissolving. I see that it started dissolving yesterday.,-4,2021-02-18 14:17:06
gnv1aeb,t1_gnuzy7u,"Ok... It is a defense contractor, priced like a hot start-up with barely growing commercial customer base (4 %). Being a defense contractor is good and steady business, but there is that ceiling.

Stock being up is immaterial to new investors. Tell me why I should invest at this high valuation?",1,2021-02-18 15:01:06
gnuxbog,t1_gnuwm89,So I shouldn’t hold on to stocks for sentimental value? It’s like you guys are just in this for the money,15,2021-02-18 14:10:39
gnvdsyb,t1_gnuy0z9,Interactive Brokers Mobile,3,2021-02-18 18:10:26
gnuxwv4,t1_gnuxuqp,That’s a long way to answer “yes”.,4,2021-02-18 14:17:50
go3ckj3,t1_gnuxuqp,"Just checking in on you, retard.",1,2021-02-20 13:37:26
gnv6pwf,t1_gnv1aeb,"Curious, please tell me what Palantir do?",2,2021-02-18 16:18:56
gnv6u39,t1_gnv1aeb,Detract what you don’t understand ya fuckin ape. Or go due some DD. I don’t need your I miss every boat ever BS,2,2021-02-18 16:20:43
go3l6xf,t1_go3ckj3,One good day ... More down days to come.... Do a loss porn for me soon.,1,2021-02-20 15:28:37
go4fsfm,t1_go3l6xf,"Lol you better hope it goes below $10 for that to happen, retard.",1,2021-02-20 22:45:39
go4fwcy,t1_go3l6xf,"Wait a minute retard, did you just say ONE good day?  Do you not see the fuckin chart, retard?",1,2021-02-20 22:46:43
go4jxha,t1_go4fwcy,"Ok, retard since you have asked. I work in AI space and I have even played with their products. This is product for niche market where any customization requires their consulting team need to be involved. There are 100s of companies just like them. They will stay niche forever. You better hope President Biden does not screw them over since both Amazon and Microsoft can do better job at cheaper price and they already host government data in their cloud.

Know what you are buying retard.",1,2021-02-20 23:24:52
go4k1j5,t1_go4jxha,"I do, and I’ve made more on it in less than 6 months than you make in over a year lol.  Stay mad, retard.",1,2021-02-20 23:25:52
gogsoqx,t1_go4k1j5,I guess you are making less now retard. Stay poor.,2,2021-02-23 23:04:45
gogsvde,t1_gogsoqx,"LOL the entire market is down, dip shit.",1,2021-02-23 23:06:11
goqcdbv,t1_gogsvde,Getting nervous?,1,2021-02-26 02:04:51
gory9fm,t1_goqcdbv,"LOL the entire market is down, dip shit.",1,2021-02-26 08:53:43
