comment_id,comment_parent_id,comment_body,comment_score,created_utc
hezgoop,t3_pzaa8l,"
**User Report**| | | |
:--|:--|:--|:--
**Total Submissions**|4|**First Seen In WSB**|5 months ago
**Total Comments**|31|**Previous DD**|
**Account Age**|6 months|[^scan ^comment ](https://www.reddit.com/message/compose/?to=VisualMod&subject=scan_comment&message=Replace%20this%20text%20with%20a%20comment%20ID%20(which%20looks%20like%20*h26cq3k*)%20to%20have%20the%20bot%20scan%20your%20comment%20and%20correct%20your%20first%20seen%20date.)|[^scan ^submission ](https://www.reddit.com/message/compose/?to=VisualMod&subject=scan_submission&message=Replace%20this%20text%20with%20a%20submission%20ID%20(which%20looks%20like%20*h26cq3k*)%20to%20have%20the%20bot%20scan%20your%20submission%20and%20correct%20your%20first%20seen%20date.)
**Vote Spam (NEW)**|[Click to Vote](https://www.reddit.com/message/compose/?to=VisualMod&subject=vote_spam&message=pzaa8l)|**Vote Approve (NEW)**|[Click to Vote](https://www.reddit.com/message/compose/?to=VisualMod&subject=vote_approve&message=pzaa8l)",1,2021-10-01 23:24:57
hezhscc,t3_pzaa8l,[removed],150,2021-10-01 23:32:56
hezhmi1,t3_pzaa8l,You seem like the definition of a retard.,209,2021-10-01 23:31:45
hezkfl4,t3_pzaa8l,Four times margin is the definition of retardation,69,2021-10-01 23:51:49
hezi414,t3_pzaa8l,![img](emote|t5_2th52|4276),42,2021-10-01 23:35:15
hezl5un,t3_pzaa8l,Sell covered calls bro,36,2021-10-01 23:57:01
hezhchs,t3_pzaa8l,"Good luck, bud.

Let us know how it turns out!",28,2021-10-01 23:29:44
hezj0u8,t3_pzaa8l,God speed retard….,25,2021-10-01 23:41:48
hezhix9,t3_pzaa8l,Sing us a song you're the piano man!,15,2021-10-01 23:31:02
hezwbs2,t3_pzaa8l,So now we enter the next 6 months of GOOGL going absolutely nowhere. This post confirmed it.,14,2021-10-02 01:16:27
hf04ge8,t3_pzaa8l,This is why I follow wsb,7,2021-10-02 02:15:26
hezjakm,t3_pzaa8l,"It will be OK.  Risko is where the money is made,...also lost.",7,2021-10-01 23:43:45
hezsqbz,t3_pzaa8l,It's retarded *enough.*,6,2021-10-02 00:50:45
hezywik,t3_pzaa8l,[deleted],16,2021-10-02 01:35:10
hezn3po,t3_pzaa8l,"Might be the most retarded thing I’ve seen yet
Congratulations and god speed",6,2021-10-02 00:10:53
hezy8jx,t3_pzaa8l,Don't worry. 4x margin means they'll also divide your loss by 4.,5,2021-10-02 01:30:15
hezh8y5,t3_pzaa8l,Wtf,4,2021-10-01 23:29:02
heztpmy,t3_pzaa8l,"Welcome to WSB.  Please ""Diamond Hand"" ... till you hit Zero and get Margin Called... you will then be a true Ape like the rest of us.",5,2021-10-02 00:57:41
hf02f6f,t3_pzaa8l,4x leveraged to the fucking tits. True retard,5,2021-10-02 02:00:34
hf0612h,t3_pzaa8l,Just delete the app if it goes tits up,5,2021-10-02 02:26:45
hf0zy87,t3_pzaa8l,"That’s just dumb. When the margin calls start coming you will regret your life choices. Invest your own money as you will but don’t gamble with borrowed money. Seriously, exit while you still can.",4,2021-10-02 06:15:35
hezw3er,t3_pzaa8l,"Singapore is full of high rises. So if you lose it all, you know what to do. 

4x margin is great.  Until the stock market turns against you. A 10% downside in stocks  means a 40% wipeout of equity",12,2021-10-02 01:14:46
hezplq7,t3_pzaa8l,Does seem to replicate how I buy my stock. Usually I am handy with $ROPE,3,2021-10-02 00:28:47
hezx2yo,t3_pzaa8l,84k google shares! 1 share of google is a flex js op,7,2021-10-02 01:21:52
hezhd05,t3_pzaa8l,Lordy! GL to you sir,4,2021-10-01 23:29:51
hezv3la,t3_pzaa8l,Be ready for a margin call,2,2021-10-02 01:07:36
hezx7pl,t3_pzaa8l,Be sure to post the update when you decide to close,2,2021-10-02 01:22:49
hf01b55,t3_pzaa8l,Boring ![img](emote|t5_2th52|4263)![img](emote|t5_2th52|4263)![img](emote|t5_2th52|4263)![img](emote|t5_2th52|4263)![img](emote|t5_2th52|4263)![img](emote|t5_2th52|4263)![img](emote|t5_2th52|4263),2,2021-10-02 01:52:32
hf02p55,t3_pzaa8l,Bill 2.0,2,2021-10-02 02:02:36
hf05th3,t3_pzaa8l,"one of us

godspeed bro",2,2021-10-02 02:25:14
hf090eu,t3_pzaa8l,[removed],2,2021-10-02 02:48:28
hf098mk,t3_pzaa8l,Gj you surpassed your ancestors in retardness,2,2021-10-02 02:50:07
hf09q7z,t3_pzaa8l,Damn,2,2021-10-02 02:53:38
hf0c428,t3_pzaa8l,"Google is evil and I hate them

I wish you luck all the same",2,2021-10-02 03:11:00
hf0cc4p,t3_pzaa8l,Buying anything on 4x margin is pretty retarded. Welcome home.,2,2021-10-02 03:12:38
hf0i52j,t3_pzaa8l,Goldman Sachs thanks you for the kind donation.,2,2021-10-02 03:55:49
hf0mj8w,t3_pzaa8l,Margin 📞,2,2021-10-02 04:29:22
hf0ntqq,t3_pzaa8l,I mean the market will go up or down. And i hope it goes up to ur favour considering November is either taper or not. Gg,2,2021-10-02 04:39:15
hf0rovp,t3_pzaa8l,Well what did you think a 4x margin was😀😂😂😂,2,2021-10-02 05:09:01
hf0w9xa,t3_pzaa8l,I think you’re awesome!,2,2021-10-02 05:45:41
hf0x3k5,t3_pzaa8l,![img](emote|t5_2th52|4640),2,2021-10-02 05:52:21
hf3knwl,t3_pzaa8l,"If you comment one more damn heart emoji..
Might start to use bing just to fuck with your position!",2,2021-10-02 22:03:14
hezkays,t3_pzaa8l,![img](emote|t5_2th52|4271),3,2021-10-01 23:50:56
hezl18i,t3_pzaa8l,![img](emote|t5_2th52|4886),3,2021-10-01 23:56:06
hezqiqp,t3_pzaa8l,![img](emote|t5_2th52|4735),2,2021-10-02 00:35:12
hf020jf,t3_pzaa8l,"Should look into Merck, it will be life changing. The oral antiviral for Covid about to come out. It will be huge fella.",2,2021-10-02 01:57:40
hf0cfiz,t3_pzaa8l,"What if the broker calls it in?

If you’re losing sleep over it, its not a good move. 

Google is a good Company but even so.",1,2021-10-02 03:13:20
hf01r3p,t3_pzaa8l,Is like saying “im going to my money from my right pocket to my left pocket to see what happens.,1,2021-10-02 01:55:46
hf022bx,t3_pzaa8l,Googl only goes up so ur fine,1,2021-10-02 01:58:01
hf0d9r5,t3_pzaa8l,does TD or ToS allow you to get those margin when buying?  because RH doesn’t allow it…,1,2021-10-02 03:19:25
hf0gn6y,t3_pzaa8l,Do they have a Wendy's in Singapore?,1,2021-10-02 03:44:27
hf0h5po,t3_pzaa8l,So many ❤️ in these comments.,1,2021-10-02 03:48:23
hf0kb87,t3_pzaa8l,you bought shares. You will be fine,1,2021-10-02 04:12:22
hf0m8km,t3_pzaa8l,Did you get a Reg-T margin call at the end of the trading day?,1,2021-10-02 04:27:06
hf0o12w,t3_pzaa8l,Oh Jesus Christ lol,1,2021-10-02 04:40:48
hf1ay5u,t3_pzaa8l,You went FULLLLLLLL RETARDDDDDDDDDDD,1,2021-10-02 07:44:09
hf1ga1n,t3_pzaa8l,"Hopefully, this article from Citi will make you feel better. 

[https://www.marketwatch.com/story/facebook-alphabet-and-twitter-are-among-the-worst-internet-stocks-for-investors-right-now-these-are-the-best-says-citi-11633000070?siteid=yhoof2](https://www.marketwatch.com/story/facebook-alphabet-and-twitter-are-among-the-worst-internet-stocks-for-investors-right-now-these-are-the-best-says-citi-11633000070?siteid=yhoof2)",1,2021-10-02 08:27:58
hf1n47h,t3_pzaa8l,So there's this game...and it'll pay off all your debts,1,2021-10-02 09:24:23
hf1oee9,t3_pzaa8l,"When life gives you lemons, get leveraged to the tits",1,2021-10-02 09:35:18
hf1qjqf,t3_pzaa8l,Siao cheebye,1,2021-10-02 09:53:39
hf1z72g,t3_pzaa8l,You must have money to burn!!!,1,2021-10-02 11:09:36
hf2mlyw,t3_pzaa8l,Boy gonna be paying some crazy fees. This weekend gonna be expensive,1,2021-10-02 15:35:55
hf38hip,t3_pzaa8l,..... So I went ahead.,1,2021-10-02 20:16:40
hf4cdtg,t3_pzaa8l,Start selling covered calls on the weeklies and collect those fucking premiums.,1,2021-10-03 01:28:18
hf51df5,t3_pzaa8l,Top is in,1,2021-10-03 04:28:41
hf71q9x,t3_pzaa8l,"good move, Goog wont drop 30% highly not likely",1,2021-10-03 14:26:21
hf0mbtr,t3_pzaa8l,"You couldn't have just bought and held $TSLA, and $MAXR ?!",0,2021-10-02 04:27:48
hf0gcvc,t1_hezgoop,YOLOOOOOOOH SHIT thats a lot of money my guy,1,2021-10-02 03:42:15
heztk1w,t1_hezhscc,Try sleeping at day,70,2021-10-02 00:56:34
hezn3kx,t1_hezhscc,"Many people consider this to be a psychological reason to just sell. Means maybe a lack of conviction.


This is wsb tho. Hold.",59,2021-10-02 00:10:52
hezyarl,t1_hezhscc,"I hope the homeless shelters in Singapore are comfy, maybe you’ll get some sleep there if this shits the bed.",21,2021-10-02 01:30:42
hf0rpx1,t1_hezhscc,Stage 1: Sleepless nights,3,2021-10-02 05:09:15
hf2b7hz,t1_hezhscc,Use CFDs if want to stay awake all night lolx,1,2021-10-02 13:14:37
hezw5wo,t1_hezhmi1,He is just a Crazy Rich Asian retard,55,2021-10-02 01:15:16
hezjsjh,t1_hezhmi1,[removed],37,2021-10-01 23:47:19
hezkres,t1_hezkfl4,[removed],5,2021-10-01 23:54:09
hf2b988,t1_hezkfl4,Child’s play. Try using CFDs lol,2,2021-10-02 13:15:12
hf0oisa,t1_hezi414,"I am disgusted. 

How do I get this emote on my phone?",9,2021-10-02 04:44:34
hezld67,t1_hezl5un,[removed],4,2021-10-01 23:58:27
hezngsu,t1_hezhchs,[removed],4,2021-10-02 00:13:30
hezz9gd,t1_hezywik,[removed],22,2021-10-02 01:37:47
hf026tj,t1_hezywik,I mean leveraging up during a dip is the recipe for tendies,5,2021-10-02 01:58:54
hf0xa98,t1_hf0x3k5,[removed],1,2021-10-02 05:53:52
hf1d4lp,t1_hf020jf,Screw Merck. Revive will be the end game winner,1,2021-10-02 08:02:05
hf1cu4s,t1_hf0d9r5,I miss RH gameplay before the infinite margin nerf,1,2021-10-02 07:59:42
hf444b2,t1_hf0gn6y,"Nope, nobody can survive on Wendy's salary in Singapore.",1,2021-10-03 00:30:07
hf0rv06,t1_heztk1w,I like to sleep with my wife's boyfriend when he lets me,11,2021-10-02 05:10:23
hezn87z,t1_hezjsjh,❤️,11,2021-10-02 00:11:46
hf31scc,t1_hf0oisa,![img](emote|t5_2th52|4276),2,2021-10-02 19:00:24
hf0p8ua,t1_hezld67,Don’t just reply with a heart. This is solid advice   Sell calls . Atleast Pennie’s on the dollar when it’s all gone haha,42,2021-10-02 04:50:06
hf04cgg,t1_hezngsu,Yeah.. you have to let us know how this turns out.,5,2021-10-02 02:14:38
hf00gb1,t1_hezz9gd,[deleted],5,2021-10-02 01:46:29
hf25bqa,t1_hf026tj,"Yeah this is get rich or die buying shit.

This is the way.",1,2021-10-02 12:08:53
hf0xgwt,t1_hf0xa98,[removed],2,2021-10-02 05:55:22
hf0h6ox,t1_hezn87z,❤️,2,2021-10-02 03:48:36
hf0hy7y,t1_hf00gb1,@$1700 dude absolute lmao,2,2021-10-02 03:54:22
