comment_id,comment_parent_id,comment_body,comment_score,created_utc
h2ra1i6,t3_o6awtb,Yup yup 215-209 was and is the screaming buy.,35,2021-06-23 19:39:41
h2r9kqg,t3_o6awtb,BABA IS IT YOU?,22,2021-06-23 19:33:54
h2riy3c,t3_o6awtb,"Nothing against meme stonks - I've lol'd my ass off the last few months and made a few bucks here and there - but it's nice to see a serious DD on a company that's not just rocket ships and based on actual valuation metrics and performance.

Also, stacking up on OTM calls = total ape move, so for anyone doubting you, you absolutely belong here.",17,2021-06-23 21:13:18
h2rbjca,t3_o6awtb,Still getting screwed over from the last BABA DD. Best of luck tho!,15,2021-06-23 19:57:56
h2rw4g2,t3_o6awtb,"Because of increasing negativity towards my trade, i have decided that i am going to post daily update of it. everyday when market closes.",9,2021-06-23 23:01:50
h2rcmjz,t3_o6awtb,Been holding for a while and keeps going down,9,2021-06-23 20:10:20
h2rp7w0,t3_o6awtb,I’ve been trying to tell everyone on here that this is severely undervalued,8,2021-06-23 22:06:57
h2ralqo,t3_o6awtb,"Jack Ma was in John Wick, people forget that",20,2021-06-23 19:46:40
h2ra590,t3_o6awtb,"The stock price makes no sense. I mean I kind of get the Chinese discount, but you could have litterally gone through the covid crash last year, got up this morning to check your BABA position, and still been flat on it. It has to be the biggest discounted company in the market right now",18,2021-06-23 19:41:00
h2r9zzn,t3_o6awtb,I got burned by baba last year. Tempted to try another call but hesitant.,7,2021-06-23 19:39:11
h2rj0te,t3_o6awtb,I'm in,4,2021-06-23 21:14:00
h2roagb,t3_o6awtb,"The risk is Xi Jiping and china, if they stay quiet on regulation (theyve already attacked BABA, so its in the past now) this company is easily one of the very best in the world. It PRINTS money",5,2021-06-23 21:59:22
h2tm3wt,t3_o6awtb,Charlie munger is also balls deep,5,2021-06-24 06:47:02
h2rhcxe,t3_o6awtb,"Sure, and then some day Jack Ma says something about visiting Disney and seeing Winny the Pooh or something and BABA mysteriously craters.",4,2021-06-23 20:58:28
h2t02dv,t3_o6awtb,"Long term holder of BABA since $80. Sold a few around $300 to take profit, but still remains one of the top 5 holdings in my portfolio.",4,2021-06-24 03:56:33
h2w9fir,t3_o6awtb,"Jack Ma's Ant In Discussion To Share Data With State Firms: WSJ

[https://www.yahoo.com/entertainment/jack-mas-ant-discussion-share-200033431.html](https://www.yahoo.com/entertainment/jack-mas-ant-discussion-share-200033431.html)

[https://www.wsj.com/articles/jack-mas-ant-in-talks-to-share-data-trove-with-state-firms-11624442902?mod=tech\_lead\_pos3](https://www.wsj.com/articles/jack-mas-ant-in-talks-to-share-data-trove-with-state-firms-11624442902?mod=tech_lead_pos3)

[https://www.reddit.com/r/AlibabaStock/comments/o6r35w/jack\_mas\_ant\_in\_discussion\_to\_share\_data\_with/?utm\_source=share&utm\_medium=web2x&context=3](https://www.reddit.com/r/AlibabaStock/comments/o6r35w/jack_mas_ant_in_discussion_to_share_data_with/?utm_source=share&utm_medium=web2x&context=3)

The fintech giant is in discussions to start a new credit-scoring business with Chinese state-owned enterprises  
By Jing Yang and Xie YuJune 23, 2021 6:08 am ET  
  
HONG KONG—Ant Group Co. is in talks with Chinese state-owned enterprises to create a credit-scoring company that will put the fintech giant’s proprietary consumer data under regulators’ purview, according to people familiar with the matter.  
  
The new entity, which could be established as soon as the third quarter of this year, could result in Ant ceding some control over the voluminous data it has on the financial habits of Chinese citizens. More than one billion individuals use Ant’s Alipay app to spend, borrow or invest their money, and the information that Ant has collected and used has been the secret sauce behind the company’s success in recent years.  
  
The talks between Ant, which is controlled by billionaire Jack Ma, and Chinese state-owned companies are likely to result in the formation of a joint venture that would be licensed as a credit-scoring company. Ant and regulators have also been discussing whether the firm should be run and controlled by Ant or state-owned companies, according to people familiar with the matter.

The regulators are pushing for prospective state-owned shareholders to play a greater role in the new entity in order to have a bigger say in how it operates, according to some of the people familiar with the negotiations. Potential shareholders include a Shanghai-based financial conglomerate. There have also been talks about what sort of data would be collected by the new firm, and how the credit scores it produces would fit into China’s broader plans to build a nationwide database, the people added.  
  
The discussions are continuing and final decisions haven’t been made, the people said.",4,2021-06-24 23:41:01
h313p3k,t3_o6awtb,BABA is crazy undervalued.,4,2021-06-26 03:38:52
h2rmfof,t3_o6awtb,"Isn't there any concern from your side that the recent crackdown on Jack Mai by the Chinese state could lead to a break up of the company?

https://youtu.be/Bmsz3Jn8z2Q  video from bloomberg on jack mai s change",3,2021-06-23 21:43:51
h2u8xop,t3_o6awtb,I’m witchu. BABA n BIDU my top 2 holdings.,3,2021-06-24 10:09:01
h30j8bt,t3_o6awtb,In for 40x 235$ jul16…1.5 weeks ago…today is nice,3,2021-06-26 01:02:11
h4jvtwp,t3_o6awtb,How are we feeling thinking of taking a position tomorrow,3,2021-07-09 11:23:38
h2rwe7a,t3_o6awtb,"This was the first stock I took seriously. I’m amazed that it isn’t trading as high as it should be. Baba is the FAANG of China pretty much all wrapped into one. IMO the market discounts it because it’s China and their profits are based in RMB, not so much dollars. Alibaba has a big moat, dedicated workforce with their 9/9/6, government support, good profitability, etc. I sold out of baba to buy Tesla because sentiment wasn’t being helpful. Yet still I remain bullish on BABA because all bear cases are still weak af. Godspeed retard",7,2021-06-23 23:03:57
h2rbf20,t3_o6awtb,"I think BABA‘s time is coming, but not soon …",7,2021-06-23 19:56:29
h2snakt,t3_o6awtb,I have lost so much money with baba calls. I get nightmares haha,2,2021-06-24 02:19:26
h2uudvf,t3_o6awtb,"atta boy, because of the negativity, posts even more. nice",2,2021-06-24 13:49:43
h2uzhbh,t3_o6awtb,"joined baba call some weeks ago!  
As usual bought on top of the mountain -.-'",2,2021-06-24 15:00:33
h32ioro,t3_o6awtb,Nice price action today !,2,2021-06-26 11:12:47
h2rbwgn,t3_o6awtb,"There’s a reason BABA is priced the way it is right now

China has been making more authoritarian moves and attempting to psuedo nationalize everything, so the risk is pretty significant. Especially when BABA as an organization has the most influence in China outside of the state.",5,2021-06-23 20:02:07
h2scfml,t3_o6awtb,too smart for WSBs. BABA is actually a good investment,3,2021-06-24 00:59:09
h2rdpah,t3_o6awtb,Puts,3,2021-06-23 20:22:06
h2ts86m,t3_o6awtb,I love my $BABA. It made me money before and it will make me money again. Holding 210 @$241.,2,2021-06-24 07:41:21
h2ra6f5,t3_o6awtb,Wrong stock dude,-1,2021-06-23 19:41:24
h2rgujb,t3_o6awtb,DDDDDDDelist,0,2021-06-23 20:53:39
h4kkqsq,t3_o6awtb,"**For the people interested for an update.
First pullback because of didi mess i took profits fast(what i could atleast) and started buying all the way down again. My view towards baba didn't change at all. The technical breakout did happen. The fundamentals are the same, the price is more attractive.
Ccp can make trouble along the way, but they won't let baba slip, this giant is well alive and printing money almost like j.powell. I'm levereged to the tits and waiting to see baba flying back to 300+.
Btw earning is near.(aug)",1,2021-07-09 16:40:23
hcm63or,t3_o6awtb,Has your sentiment changed?,1,2021-09-13 05:43:08
h2rb62x,t1_h2ra1i6,"so many people downvote, i guess memes and losing money is people main focus now.",24,2021-06-23 19:53:29
h2raa6i,t1_h2ra1i6,"Until it drops to 200, then again to 195",17,2021-06-23 19:42:43
h2riaar,t1_h2r9kqg,BABA IS ME.,7,2021-06-23 21:07:10
h2rf2uy,t1_h2r9kqg,BABA is YOU,3,2021-06-23 20:36:18
h2rj8pe,t1_h2riy3c,"Well its not most of my equity, neither most of the trade is on OTM calls right now, but yeah i will increase the size of them. happy to be a part of wsb always.",9,2021-06-23 21:16:00
h2rds6u,t1_h2rbjca,Hahah so true 😅,4,2021-06-23 20:22:57
h2w4tvc,t1_h2rbjca,Gotta hold strong 💪,3,2021-06-24 23:07:03
h2slgp1,t1_h2rw4g2,"don’t fret the negativity. Dumb money will always hate chinese stocks bc they buy into stupid FUD while the smart money is quietly loading the boats on dips. When the stock price is low, apes will scream scam and delisting and whatever idiotic theories that don’t make sense. Which to me is crazy considering the other conspiracy theories peddled here. Chinese stocks are just down bc they ended quantitative easing first and their bond market is dead in a gutter. But that just means they will go that much higher and recover faster when smart money decides it’s time to look for real value, or a catalyst makes the stock too attractive for HFs and the like to build positions quietly. You have to ask who is selling at this point? Impatient investors and dumb money.",6,2021-06-24 02:05:35
h2rfgyb,t1_h2rcmjz,every other stock you buy just skyrocket ? what was your reason for the buying at the time you bought ? you cant reflect old situation to new one. anyway you are welcomed to read the DD and decide for yourself.,4,2021-06-23 20:40:12
h2ruxar,t1_h2rp7w0,"dont try, too many normies became aware of wsb and their only meal is meme stocks.",4,2021-06-23 22:52:40
h9vgbqk,t1_h2rp7w0,Still feel that way?,1,2021-08-22 12:25:49
h2re3p2,t1_h2ralqo,the DD I didn't even know I needed.,12,2021-06-23 20:26:19
h2razez,t1_h2ra590,Thats crazy lol I feel sorry for baba investors,8,2021-06-23 19:51:14
h2rbbmx,t1_h2ra590,"well i wasnt talking on last year price, i am buying this price at this time for the reasons i provided in the post. you do you.",6,2021-06-23 19:55:20
h2ruzfq,t1_h2ra590,buy puts and lets meet again.,-1,2021-06-23 22:53:07
h9vgdcb,t1_h2r9zzn,Hopefully you didn’t do it lmao,1,2021-08-22 12:26:14
h2rhisv,t1_h2rhcxe,you know jack ma isnt the ceo anymore right ?,7,2021-06-23 20:59:59
h2rmss4,t1_h2rmfof,"truly ? idgf about jack ma, he isnt the ceo anymore. even if we wont ever see him again ali baba wont dismantle. its a big comapny which represents people who works there, salarys, revenues to shareholders.

the company will be fine and even better without this stupid man.",3,2021-06-23 21:46:55
h4kkdzp,t1_h4jvtwp,"First pullback because of didi mess i took profits fast and started buying all the way down again. My stance didn't change at all. The technical breakout did happen. The fundamentals are the same, the price is more attractive. I got about 20k in options on baba for various time periods. 3 month to 2 years",1,2021-07-09 16:34:42
h2uvlrz,t1_h2uudvf,"sadly, the mods dont agree to post ""daily updates"" now.

but im gonna keep increasing  and posting the ""new"" position.",3,2021-06-24 14:05:56
h2rc0ah,t1_h2rbwgn,where you see risk i see potential.,11,2021-06-23 20:03:20
h2sctnx,t1_h2scfml,"well, i tried.",2,2021-06-24 01:01:46
h2rpq83,t1_h2rdpah,lets compare in 2-3 months ? please buy them.,4,2021-06-23 22:11:10
h2rbah5,t1_h2rb62x,Most people lost money on this stock and therefore treat it like an ex girlfriend,25,2021-06-23 19:54:57
h2re25a,t1_h2rb62x,Hasn't that always been the case tho?,1,2021-06-23 20:25:52
h2rfbq2,t1_h2raa6i,If baba drops to 200(which is 13$ from now) im dropping another 10k on far otm options. gl in w/e trades you take man.,7,2021-06-23 20:38:45
h2sluan,t1_h2slgp1,"agree with every word, so far ive added 4k, on yesterday and today dips. its funny they dont understand how much US s is dependant on china economics, baba wont get delisted never, they never meant to delist it. but nvm that, i got my thesis and im standing strong on it.",5,2021-06-24 02:08:27
h2rjxw6,t1_h2rfgyb,I think investing in China stocks is risky. It’s less than 2% of my portfolio so in the end it won’t matter much.,3,2021-06-23 21:22:14
h9vlphc,t1_h9vgbqk,Yes I do. This is incredibly oversold. Nothing but FUD causing this,1,2021-08-22 13:22:03
h2rb7wn,t1_h2razez,"I heard that they are taking donations at this point                                          
 
1-800-FeedABABAInvestor",6,2021-06-23 19:54:06
h2rbp65,t1_h2rbbmx,"I think you took that the wrong way, Im with you on this. Im still waiting for a little bit more confirmation on the price before grabbing some leaps, since this could easily hit the high 300s in the next 8-10 months Imo",5,2021-06-23 19:59:49
h2rnkp1,t1_h2rhisv,"I didn't say he was, but when he disappeared for 3 months and the stock price went down until he resurfaced yet never fully recovered.  Alibaba is a big company as you've stated, and they have a lot of divisions, any of which could piss in the cornflakes of some party official.  Imagine you're sitting there balls-deep in some options and then all of a sudden that official makes an announcement that causes a flash crash in the SP.  Is that the kind of investment you're looking for?

Hell, within the last 24 hours they just zeroed out the oldest running newspaper in HK because they weren't sufficiently loyal.  I don't welcome that kind of risk and it shouldn't be ignored by any prudent investor.

If I absolutely had to take a position I'd do long puts, slap a limit sell on it, and wait for the eventual vertical red line day for it to trigger and cash me out.",5,2021-06-23 21:53:25
h2ros05,t1_h2rmss4,"Obviously it's not about Jack, it's about the Chinese government wanting to limit both Alibabas and Tencent foothold on their economy and curtail their influence.  First thing is Obviously letting competition grow and if they want the government will just subsidise a few competitors to ensure their monopoly is no more.

First sign was Alipay being suddenly told that they need to adhere to the same regulations as banks after almost a decade and a half. Naturally the question is how much can the government start imposing regulations and whether or not they've a plan to do so or if they just wanted to bring individuals back in line...",3,2021-06-23 22:03:20
h4kydyf,t1_h4kkdzp,You’ll make money,2,2021-07-09 19:55:23
h2rs8qr,t1_h2rc0ah,"The potential to sell your body on the street to make rent after the company you own stock in is nationalized. 

Why not JD instead? The are in a similar position to BABA, and the shape of their charts is nearly identical. Safer bet overall without issues with China looming.",3,2021-06-23 22:31:33
h2tbwcz,t1_h2rc0ah,"Not saying there isn’t potential, but the potential doesn’t come from China nationalizing and delisting",1,2021-06-24 05:24:13
h2sh33p,t1_h2rpq83,"Nah. I'm good just watching yours expire worthless.

My focus is on better opportunities under the radar that will pop in the next couple of months that few others are talking about right now.",1,2021-06-24 01:32:23
h2rbfjm,t1_h2rbah5,"i can understand that, those people know nothin about the market, and thats fine, it wont prevent others from making money.",5,2021-06-23 19:56:40
h2tfjmn,t1_h2rbah5,This. Still stalking her though,1,2021-06-24 05:52:42
h2wgocc,t1_h2rfbq2,If it drops bellow 200 the p/e would be sub 20 on a company that grew 40% last year,5,2021-06-25 00:34:15
h4kbncd,t1_h2rfbq2,:),2,2021-07-09 14:24:24
h2y9kf7,t1_h2sluan,eeyyyyy yyou going to update your positions?,2,2021-06-25 10:30:36
h9vlwqe,t1_h9vlphc,I don’t know man. It’s basically free money buying Put options on this thing. There seems to be no bottom in sight. It’s literally in free fall so far thanks to the CCP manipulation. Might be best to just wait for an actual bottom first before putting more money in.,1,2021-08-22 13:24:15
h2rbx5d,t1_h2rbp65,"just dont buy the ticket after the train has left the station, thats all. wishing you luck anyway.",3,2021-06-23 20:02:20
h2rnzr8,t1_h2rnkp1,"buy your puts. lets meet again at around dec and compare between our trades.

baba took a hit cus ant not ipo and ""cut"" on valuation, nothin to do with ma. but you do you and ill do me. good luck .",7,2021-06-23 21:56:55
h2rtvjo,t1_h2rs8qr,"i dont agree about them being the same, every company has its own issues/ negative/ positive points, anyway if JD looks more promising to you then go ahead. i will remain honest, i didn't looked throughly into JD so thats also a reason for me not to choose them, but from the little i did - i choosed baba to continue. buts there plenty of plays in the market, lets all make money.",3,2021-06-23 22:44:30
h2rnuol,t1_h2rbfjm,"BABA is my gradschool wife that i'm sinking money into until she takes the reins, then I can retire and become a stay at home dad.",19,2021-06-23 21:55:45
h2rcedk,t1_h2rbfjm,Hahahah yeah I got 40 at 209-211 so I’m hanging long!,3,2021-06-23 20:07:48
h2t8mck,t1_h2rbfjm,This is WSB. If you were looking for people that know about the market I think you took the wrong turn lol,3,2021-06-24 04:59:12
h4kketi,t1_h4kbncd,"First pullback because of didi mess i took profits fast and started buying all the way down again. My stance didn't change at all. The technical breakout did happen. The fundamentals are the same, the price is more attractive.",1,2021-07-09 16:35:04
h2yxs86,t1_h2y9kf7,"Ill try to update, plan to keep increasing.",3,2021-06-25 14:55:21
h9vm6j5,t1_h9vlwqe,"Let’s see. There might be more pain ahead but Alibaba isn’t going anywhere & I have time on my side. Strong buy for me at current prices (stock, not options).",1,2021-08-22 13:27:16
h32j7s4,t1_h2rbx5d,Train left the station today.  Next stop?…,2,2021-06-26 11:18:13
h2rqusz,t1_h2rnzr8,"I said ""had to"".  Stocks are gambling and gambling is actually risk management and mitigation.  I'd rather not take a spin on Chinese companies until the governmental situation is stable and rational and I can nail down some of the unknown unknowns.",1,2021-06-23 22:20:24
h2wginu,t1_h2rnuol,Comment of the year,3,2021-06-25 00:33:06
h4kbvsi,t1_h2yxs86,updates?,2,2021-07-09 14:27:36
h4kkgm5,t1_h4kbvsi,"First pullback because of didi mess i took profits fast and started buying all the way down again. My stance didn't change at all. The technical breakout did happen. The fundamentals are the same, the price is more attractive. Atm i have about 20k in options for baba for 3 month up until 2 years ahead.",1,2021-07-09 16:35:51
h4lxn2b,t1_h4kkgm5,I'm thinking about swapping my shares for leaps. I bought more around 198-202 yesterday. Going to take profit around 225 230 252 265 and 275 ish and then keep the rest for retirement lol,2,2021-07-10 00:50:47
