comment_id,comment_parent_id,comment_body,comment_score,created_utc
gywnxk4,t3_nhj72c,Brave browser.  I haven't seen a YouTube ad in months.,419,2021-05-21 12:03:53
gyxbjg0,t3_nhj72c,YouTube has become a site for ads with videos in between them.,68,2021-05-21 17:27:02
gywqfji,t3_nhj72c,Who does not use Adblocker?,31,2021-05-21 12:30:41
gywmf0n,t3_nhj72c,Google is going anywhere and everywhere for more revenue while cutting costs. Its weird.,18,2021-05-21 11:48:02
gywlxtz,t3_nhj72c,"I wonder if advertisers realize that associating your product with a youtube ad that people will associate with ‘skip’ or ‘ignore’ is actually a bad thing

I can hardly remember a single youtube ad I was interested in or remember. the ones I liked I don’t know what they were selling, and the ones I do remember, i hate (I’ll never buy axe body spray, shampoo or any of that shit)

Edit: i love all the defensive marketers telling me how critical youtube ads are to the function of the entire world 🙄, keep the justifications coming. No one gives a shit about your ads",293,2021-05-21 11:43:19
gywmdo9,t3_nhj72c,"I can’t stand youtube now. I avoid it as much as possible, and if I am forced to see an ad I develop a hatred of those who worked so hard to destroy what used to be a wonderful service.",74,2021-05-21 11:47:40
gywsa2v,t3_nhj72c,"Yeah that’s nice and all, but they won’t give any ad revenue to the person who makes the video at all. Win loss but guess it may go in favor for Google",14,2021-05-21 12:51:56
gywrgt1,t3_nhj72c,"I'm guessing they won't go all in right away but just focus on higher traffic creators or specific categories to link ads to. As much as I hate to give them money, I pay for YT Premium because they are so ad heavy already on monetized channels...anyone ever get a 2 hour seminar ad in the middle of a 20 minute video but you're not near your phone to skip it? Wtf is that shit?
Same road I went down with Pandora Premium because I got tired of the Kia, Accident Law, and Keiser University commercials blasting because I like my music loud. YT knows everything you do but they haven't quite figured out the algorithm yet. Just because I like watching car content doesn't mean I want to throw away my career to go to Mechanic school....
That being said, Youtube will probably kill itself off sooner than later if they keep selectively enforcing the community guidelines, killing channels with millions of subscribers and forcing people to watch ads on channels that aren't monetized. Widespread ads seems more like an austerity measure than for additional revenue.",9,2021-05-21 12:42:30
gywwxyv,t3_nhj72c,"I struggle with YT these days. I wanna watch, but the ads kill me. 

They couldn’t leave well enough alone. I could tolerate the occasional advertisement, but they have kicked that bull in the nuts and let it run. 

The “content creators” are equally to blame. They bow down to YT and comply. Ever wonder why every influencer’s video is just over 10 minutes?

Sorry. Old guy/boomer signing off.",9,2021-05-21 13:50:48
gywmnx9,t3_nhj72c,"For anyone on Android.....


Use YouTube vanced

https://vancedapp.com/

Skips all ads, allows you to play videos in background, gives way more control over playback options, etc.... 

Essentially has everything that YouTube premium has (and more) minus the downloading option.

Free, been using it since it was on the old XDA market.",18,2021-05-21 11:50:33
gywuxf7,t3_nhj72c,"Google is heading south imo, it's a desperate move by them. A lot of the ad revenue is baseless in that it's inefficient apart from maybe selling shit to kids which mostly is unethical imo",18,2021-05-21 13:24:30
gywszlp,t3_nhj72c,I boycott absolutely everything I see ads for. Fuck that fucking cancerous bullshit. I'm absolutely fanatical about this,6,2021-05-21 13:00:24
gywnlej,t3_nhj72c,Great news for the Brave browser.,15,2021-05-21 12:00:18
gywnrvy,t3_nhj72c,Use an ad blocker.,23,2021-05-21 12:02:10
gywpzhk,t3_nhj72c,*AdBlocker Plus has entered the chat*,4,2021-05-21 12:25:47
gywrbc8,t3_nhj72c,I use adds on YT as the time to look away from the screen to rest my eyes... it works good.,4,2021-05-21 12:40:43
gyx1j5v,t3_nhj72c,So are Pepsi ads on Isis videos back?,5,2021-05-21 14:54:22
gywo7f3,t3_nhj72c,[deleted],3,2021-05-21 12:06:45
gywp4a9,t3_nhj72c,Odysee!,3,2021-05-21 12:16:26
gywzxb3,t3_nhj72c,I think this is priced in already. I remember hearing a rumor weeks ago that this was going to happen,2,2021-05-21 14:31:45
gyx30zc,t3_nhj72c,Get Adblock for Youtube ™,2,2021-05-21 15:16:30
gyx962q,t3_nhj72c,"Know about the #Shorts of Youtube? Small videos, which generate millions of views from literally shitposting, but HAD no ads -> [They are creating $100m fund to support original shorts creators.](https://support.google.com/youtube/thread/109470335/important-updates-to-shorts-monetization-on-youtube-shorts-fund-more)

One of the statements from this page: ""We’ll also begin testing ads in between Shorts as we work to better understand their performance on the platform, while using the creator fund we announced today as a way to reward creators for their contributions to Shorts.""",2,2021-05-21 16:48:50
gyxawmc,t3_nhj72c,"Y'all need to get Vanced to.  Everything YouTube, non of the ads..

As a bonus you can play a video and turn of your screen / change apps and it keeps playing.

You're welcome.",2,2021-05-21 17:16:59
gyxd5k1,t3_nhj72c,"Ppl using pc for youtube should use Vivaldi browser ; automatically blocks ads and trackers.

I haven't seen a YouTube ad for months!!

Straight to the video, like the good ol' days 😁",2,2021-05-21 17:52:44
gyy6719,t3_nhj72c,The great thing about YouTube was that it was free and had limited ads at one point. So greedy,2,2021-05-21 22:49:15
gyzycz4,t3_nhj72c,Do the channels that doesn’t have 1k subs and 4K hours get revenue from these ads?,2,2021-05-22 07:08:37
gz015yo,t3_nhj72c,Oh god more ads,2,2021-05-22 07:33:33
gz09ybr,t3_nhj72c,Everyone's looking at it wrong....I make videos for YouTube. YouTube profit sharing is 60% to the creator and 40% to YouTube. If YouTube can put adds on all videos they will be putting less ads on all the top creators videos and people in the YouTube partner program. I can see a lot of your favorite  creators leaving YouTube and moving to another platform. YouTube already doesn't pay that well. 😒 Therefore lost revenue. In the long hull.,2,2021-05-22 08:54:31
gz1rzov,t3_nhj72c,"Youtube: demonetize any content that has naughty words or questionable opinions  


also Youtube: so we're gonna put ads on it anyway",2,2021-05-22 20:26:07
gywmwhc,t3_nhj72c,What a scummy practice. Glad I use adblock. They are now literally making money off other people's hard work. And you can bet that videos that would otherwise be demonetized if they were under the partner program would still get ads put on them.,6,2021-05-21 11:53:00
gywoc35,t3_nhj72c,"I see most people here talking about their personal dislike for youtube and yes that is a valid point, but I also think that the majority of people will be getting more ads regardless whether or not they like youtube unless everyone leaves because they put ads on all videos. All I see is EPS",3,2021-05-21 12:08:07
gywmpm8,t3_nhj72c,Google needs to offset losses GCP is gonna face due to web3,2,2021-05-21 11:51:01
gywr618,t3_nhj72c,"Sir this is a casino. If i want to invest in goog, I go to r/investing",3,2021-05-21 12:39:01
gywpicw,t3_nhj72c,Why doesn’t everyone just block every ad?,2,2021-05-21 12:20:34
gyxto8z,t3_nhj72c,"Ads ruined YouTube for me. Not just the explicit ones, but the sponsorships and the shape of the content itself being designed to maximize metrics. It’s not just a sense of stubborn principle; on YouTube I feel genuinely alienated, a very real sense of not belonging there; the content is not for me, it’s for algorithms. Also, browsing the site simply leaves me in a bad mood. So, like Facebook, I abandoned it. In its current form, it’s a bad product destined for failure.

I would not invest in it.",2,2021-05-21 21:07:31
gywrrx0,t3_nhj72c,pretty sure i'm not gonna get my cut ;/,1,2021-05-21 12:46:05
gywsy3f,t3_nhj72c,"I use YouTube Vanced, which blocks ads, so I couldn't care less. 🤷",1,2021-05-21 12:59:53
gywszgf,t3_nhj72c,I use YouTube vanced so what's an ad?,1,2021-05-21 13:00:21
gywucs7,t3_nhj72c,I wonder when there will be an alternative to YouTube,1,2021-05-21 13:17:20
gywxduh,t3_nhj72c,For this with Android I highly suggest Newpipe.,1,2021-05-21 13:56:48
gyx3hur,t3_nhj72c,"Just use adblock, and whitelist the ones you wanna support.",1,2021-05-21 15:23:36
gyx5eb7,t3_nhj72c,"I have been conditioned to ignore all YouTube ads.  I don't even look to see what they are selling, I just wait for it to end or click skip ad.",1,2021-05-21 15:52:14
gyx5z7e,t3_nhj72c,fuck them,1,2021-05-21 16:01:07
gyxb7r6,t3_nhj72c,"Cmon, Etoro exchange commercial with alec baldwin was amazing :D",1,2021-05-21 17:21:51
gyxgblq,t3_nhj72c,"They have been doing this abroad for a long time in Eastern Europe. It is extremely annoying and I watch  much less casually because of it. Still of course watch to learn or find info, but casual watching is killed off by repetitive crap. Maybe just me, but it’s gonna get old. I saw the same commercial 50-60 times in two days, 2-3 times in the same video, and it drove me insane.",1,2021-05-21 18:40:14
gyxi56k,t3_nhj72c,Time to Find a new hosting website.,1,2021-05-21 19:05:05
gyxk36w,t3_nhj72c,AD block FTW - best thing I have ever installed.. Fuck giving monopoly companies more money to become even more dominant.,1,2021-05-21 19:29:30
gyxodmv,t3_nhj72c,Fuck YouTube. They deleted my chanel for no reason.,1,2021-05-21 20:17:04
gyxozmw,t3_nhj72c,Youtube vanced and ublock origin thank you very much.,1,2021-05-21 20:23:17
gyxq5hs,t3_nhj72c,This was announced in November and I've personally witnessed this on my channels for weeks,1,2021-05-21 20:34:43
gyxqg4k,t3_nhj72c,The ad-tracking block on future Android update might ruin some of that party though.,1,2021-05-21 20:37:36
gyxsh2l,t3_nhj72c,I can't believe they didn't do this from day one. Who paid for all that storage and bandwidth?,1,2021-05-21 20:56:36
gyxsi5e,t3_nhj72c,That's super fucked up. Worse than the Adpocalypse. Fuck Google.,1,2021-05-21 20:56:53
gyxw91a,t3_nhj72c,"Can confirm that youtube kids have ads after every single video!

Even after a 2 min video, there is a 1 min ad. I'm out. As for the stock, go to hell google",1,2021-05-21 21:30:20
gyy1ny8,t3_nhj72c,Just gonna lead to more censorship when advertisers start complaining about being associated with cumtown clips lol,1,2021-05-21 22:14:43
gyy5jru,t3_nhj72c,Boo,1,2021-05-21 22:44:25
gyyaop0,t3_nhj72c,If you're on your phone (android at least); once the video starts slide it all the way to the end of the video immediately and then replay. It will remove all the ads.,1,2021-05-21 23:22:28
gyyd2kt,t3_nhj72c,Yes! maybe ill print tendies on my channel!,1,2021-05-21 23:40:11
gyylzme,t3_nhj72c,Counter point. The amount that I use YouTube has gone down significantly recently because of how annoying the ads are now.,1,2021-05-22 00:46:43
gyymntx,t3_nhj72c,This is old news they did that starting 2020,1,2021-05-22 00:51:43
gyyq08b,t3_nhj72c,Ad blocker and Ghostery browser extensions will solve that and if you want ad free on the mobile YouTube app use Luna VPN and add the Ad blocker app and add the profile. Haven't seen an add except by accident in years.,1,2021-05-22 01:16:19
gyystsm,t3_nhj72c,Eff Google!,1,2021-05-22 01:37:02
gyyt1v8,t3_nhj72c,"I dont blame them, more money = more money

but as a creator myself i started watching ads for people that i support on youtube, a little goes a long way",1,2021-05-22 01:38:42
gyywkvh,t3_nhj72c,"You gotta think about all the lazy people who don't care to download an ad blocker and will just deal with it, OP is right, that shits about to blast off.",1,2021-05-22 02:05:21
gyz15vk,t3_nhj72c,"And this is why I privated all my videos.

Not letting Google make money off of my videos without giving me a cut.",1,2021-05-22 02:40:05
gyze03v,t3_nhj72c,Not seen a YouTube and for many years!,1,2021-05-22 04:20:44
gyzrxg3,t3_nhj72c,I was already starting to try and find a better site than youtube. This is the ad motivation I needed,1,2021-05-22 06:13:13
gyzwcy2,t3_nhj72c,I’m the end the only ones getting “googled” are our wives.,1,2021-05-22 06:51:01
gyzwuj1,t3_nhj72c,Where’s the alternative so we can buy in early. Fuck these adds,1,2021-05-22 06:55:16
gyzx132,t3_nhj72c,This isn't something new... Do your DD better. They might have updated the numbers but ads on every channel has been live for a while.,1,2021-05-22 06:56:51
gyzying,t3_nhj72c,Any good stocks to buy right now ?!,1,2021-05-22 07:09:58
gyzywgu,t3_nhj72c,Roku is pulling YouTube from its devices,1,2021-05-22 07:13:18
gyzz8d4,t3_nhj72c,Wow 🤩 this is amazing 🤩,1,2021-05-22 07:16:16
gz0336s,t3_nhj72c,They were already doing this though.,1,2021-05-22 07:51:03
gz03bbp,t3_nhj72c,"This happened a few months ago, I got the email about it a while back. 11/18/20 to be exact. I just went and verified in my email.",1,2021-05-22 07:53:06
gz03i6j,t3_nhj72c," , ,Ii , , ,o , b n,o,nok,nok, on,one,nn.   K,n,ok,on,o ,o bnnnk,k,n,ok,, ok, ,o on",1,2021-05-22 07:54:50
gz03oxj,t3_nhj72c,"On.  ,,Oook",1,2021-05-22 07:56:32
gz03w5k,t3_nhj72c,  My,1,2021-05-22 07:58:22
gz042p2,t3_nhj72c,I..  I was    kko.,1,2021-05-22 08:00:03
gz04fez,t3_nhj72c,I guess now that they have sanitized the shit out of YouTube so you can only express opinions left of Carl Marx they aren't afraid of making Alex Jones rich again.,1,2021-05-22 08:03:23
gz04tkx,t3_nhj72c,Im just gunna bot search ammo sales so the ads serve a purpose haha.. nothing but ammo deals 🔥🔥🔥,1,2021-05-22 08:07:04
gz05v4y,t3_nhj72c,Time to short YouTube,1,2021-05-22 08:16:55
gz06aq3,t3_nhj72c,I don't see the ads if I'm logged into YouTube premium,1,2021-05-22 08:20:56
gz06fbw,t3_nhj72c,"I must be the only person in the world that pays for youtube premium.  I don't see ads haha. 

It actually is 1000 times better than Spotify  imo.",1,2021-05-22 08:22:07
gz06iul,t3_nhj72c,"Who wants to subscribe and support my YouTube channel and get it to 1000? It’s not very good but I’m working on it .

https://youtube.com/channel/UCGoR4Rnl5yOSojzoQq2CecQ",1,2021-05-22 08:23:01
gz08btt,t3_nhj72c,Does this mean the channels that are under 1k can make money of ads now??,1,2021-05-22 08:39:44
gz08t13,t3_nhj72c,That's screwed up it took a lot of effort and time for me to become monetized and meanwhile YouTube is making tons of money off people who aren't monetized so YouTube takes 100 percent of profits,1,2021-05-22 08:44:08
gz0933s,t3_nhj72c,Except govco intervention,1,2021-05-22 08:46:41
gz09txb,t3_nhj72c,"From a user perspective add this to their continued censorship and it’s just more reason to switch over to bitch you, or whatever that new site is called",1,2021-05-22 08:53:25
gz0c2p4,t3_nhj72c,Cercube… i haven’t seen an ad in 2 years now 🤣,1,2021-05-22 09:14:21
gz0cjh6,t3_nhj72c,Google is a retardation,1,2021-05-22 09:18:43
gz0d40j,t3_nhj72c,Ads are why I don't watch free to air tv and radio.... Fucking corporate and wall st mentality....80s thinking....,1,2021-05-22 09:24:06
gz0d8kg,t3_nhj72c,Too bad I can't afford a Google share...,1,2021-05-22 09:25:19
gz0df48,t3_nhj72c,"Easy fix, put all videos in private... I have over 500 videos and not enough subs so I will be blocking all my videos if I can't make money then noobers can flip off.",1,2021-05-22 09:27:05
gz0doiu,t3_nhj72c,You guys know your stuff - what's the method with a samsung phone to avoid ads on YTube?,1,2021-05-22 09:29:38
gz0kv9i,t3_nhj72c,This makes me feel absolutely terrible for every YouTuber who is small and trying to grow their channel and monetize. It feels like a deliberate attack to try and prevent anyone from making a living off of YouTube. It’s a complete and total cash grab taking advantage of people who have the hope and dream of doing some thing besides working for somebody else. Such a shame,1,2021-05-22 10:38:18
gz1214s,t3_nhj72c,How is this not blatant copy write infringement? Do as I say not as I do bullshit.  How are they allowed to make money off of intellectual property that isn't theirs with impunity?,1,2021-05-22 13:48:16
gz15xaa,t3_nhj72c,"Youtube vanced for Android, Ad Blocker for PC",1,2021-05-22 14:43:51
gz1879k,t3_nhj72c,Youtube is fucking dead. Young people are already moving on,1,2021-05-22 15:18:41
gz1cuyv,t3_nhj72c,Vancedapp.com if you have android. Modded youtube and YouTube music premium,1,2021-05-22 16:35:14
gz1e3h3,t3_nhj72c,username checks out,1,2021-05-22 16:56:20
gz253o3,t3_nhj72c,"I always use adblock, but sometimes I would use the app because Firefox is stretches videos on Android. Never minded a short ad before the video, but now you sometimes get like 2 30 second ads before the video and then more in intervals of like 10 minutes. Disabled the app and use brave browser now.",1,2021-05-22 22:38:08
gz8b9zf,t3_nhj72c,Got Premium. Now I can listen to my stonks channels at the gym.,1,2021-05-24 10:22:14
gz9zd99,t3_nhj72c,x😋🐷🤙🐷,1,2021-05-24 22:38:29
gyx3dn2,t3_nhj72c,If y’all don’t know you can tap the small “i” icon at the bottom of the video window and skip any ad. Doesn’t work 100% of the time. Sometimes the option isn’t there.,0,2021-05-21 15:21:49
gyx3ft2,t3_nhj72c,"Ummm. So these ""adds already paid for"". Wonder from who. Reddit just blocked my account for questioning FUD.",0,2021-05-21 15:22:44
gyx71un,t3_nhj72c,There’s this thing called a 🌈🐻 whose been known to stop a sure thing once or twice before.,0,2021-05-21 16:15:02
gyxis1p,t3_nhj72c,"But Google is your Friend!!

There where simpler days under the Sun.

Google is actually the boil on your behind and Microsoft reads everything done, agreed and designed and fronts runs it.

It is an entrapment, Honey pot and designed so you cannot escape,  until you do.

Someone wanted an email account address today and I said I did not have one, they went into meltdown.

Go on I dare your remove yourself completely... It can be done but it requires high intelligence and determination to trap them in there own Web",0,2021-05-21 19:13:18
gyzf0g9,t3_nhj72c,"You know what might be really interesting: if someone offered to review products for a fee and give legitimately honest reviews. I think a lot of advertising companies and organizations just do not want negative associations with their products and will do anything to avoid them. However, someone honestly reviewing a product or service and giving a real review is worth so much more than a stupid advertisement. I have purchased things in the past knowing that the product has specific issues or shortcomings, but I'd rather know what the limitations or issues of a product are before I buy it rather than discovering them through use.",0,2021-05-22 04:28:48
gz1245r,t3_nhj72c,Dm ❤️,0,2021-05-22 13:49:23
gyxwgpj,t1_gywnxk4,LOVE brave browser,56,2021-05-21 21:32:12
gyxsnf8,t1_gywnxk4,ad blocker,137,2021-05-21 20:58:14
gyxls4h,t1_gywnxk4,It hits different,10,2021-05-21 19:49:23
gyy1j7g,t1_gywnxk4,The best,3,2021-05-21 22:13:41
gyybllq,t1_gywnxk4,And you get paid!,3,2021-05-21 23:29:15
gyy6bfb,t1_gywnxk4,Does that work on Android too?,5,2021-05-21 22:50:09
gyzsmn2,t1_gywnxk4,"I use Brave all the time, though not exclusively. If YouTube and other sites get ridiculous with ads then I might.",2,2021-05-22 06:19:06
gyy8vk0,t1_gywnxk4,Every time I see brave mentioned I want to cry...,1,2021-05-21 23:09:07
gyz1hiq,t1_gywnxk4,NoScript add-on for Firefox. Takes a while to set up permissions but it even got the ads out of our MLB streams.,1,2021-05-22 02:42:33
gz026rw,t1_gywnxk4,Brave is the best! Haven’t turned back since switching.,1,2021-05-22 07:42:53
gz04oog,t1_gywnxk4,"$100/year. Add that to all my other tech needs like antivirus, vpn, etc. getting crazy.",1,2021-05-22 08:05:47
gz0cus2,t1_gywnxk4,D drddddrdddrrdrrxgrxd dd,1,2021-05-22 09:21:40
gz0d2tz,t1_gywnxk4,V vvvcfv been CC vvvvc,1,2021-05-22 09:23:47
gyxmng2,t1_gyxbjg0,[deleted],28,2021-05-21 19:58:49
gz3muro,t1_gyxbjg0,Nothing is as bad as Snapchat. Literally 6 separate commercial breaks in a 3 minute video,1,2021-05-23 06:13:32
gyx66vy,t1_gywqfji,people that watch youtube on mobile,23,2021-05-21 16:04:32
gyx55j7,t1_gywqfji,"I am an idiot so I pay for premium. Mostly for the music tho. Oh and downloading cocomelon videos for plane rides. Fuck, JJ is so cool.",8,2021-05-21 15:48:33
gz0gcvl,t1_gywqfji,A lot of people turn it off for content creators they want to support,2,2021-05-22 09:55:13
gyz1rlk,t1_gywqfji,People who use NoScript and uBlock origin.,1,2021-05-22 02:44:42
gywms9n,t1_gywmf0n,"https://www.seroundtable.com/google-ads-microsoft-bing-ads-earnings-31326.html

Yeah, adwords is also up in revenue 32% over the past year and they have only gone up in revenue year after year. I wonder when this antitrust lawsuit will hit",13,2021-05-21 11:51:46
gywnodd,t1_gywmf0n,"Companies have caught up to them, I see them losing market share slowly but surely.  This is the cycle for all things that have advertising as their backbone.",3,2021-05-21 12:01:09
gyy92pa,t1_gywmf0n,"A company that keeps trying to make money. Yes, this is exceptionally bizarre behavior for a business.",0,2021-05-21 23:10:35
gywm8ek,t1_gywlxtz,"Not only the 'skip' and 'ignored part but alot of people like myself, when a video we are watching gets interrupted with an ad, it immediately makes me dislike that product and that dislike compounds until I avoid it at all costs",230,2021-05-21 11:46:12
gywpsyr,t1_gywlxtz,Most of them are some asshole who slapped together a shitty make money from home course,22,2021-05-21 12:23:48
gyxgtde,t1_gywlxtz,Have you heard about raid shadow legends?,11,2021-05-21 18:47:07
gywm6r7,t1_gywlxtz,"Almost every product (unless I NEED it) that has an ad during YT, I boycott",63,2021-05-21 11:45:44
gyxdfrd,t1_gywlxtz,"Exactly, who needs branded soap and shampoo? I only wash with soap I make myself from human fat that I pull from dumpsters at liposuction clinics.",9,2021-05-21 17:57:10
gywpe67,t1_gywlxtz,Ads need a little curiosity to keep people engaged perhaps.   The claymation surgeon simulator ad was a good example of that,5,2021-05-21 12:19:21
gywzzer,t1_gywlxtz,Go ahead! Skip this ad! Just like you skipped on buying oh look 5 seconds is over.,5,2021-05-21 14:32:33
gyx0r8k,t1_gywlxtz,Youtube ads are useless i always skip them and forget instantly.,5,2021-05-21 14:43:24
gyxpgn7,t1_gywlxtz,YouTube ads are exactly why I hate fucking webull ugh their ads are obnoxious as fuck.,5,2021-05-21 20:28:01
gyxtlza,t1_gywlxtz,"I know that I will never use Grammarly because they seemingly bought all youtube ad space last summer and my work computer couldnt have adblock.  Idk if their service is good, but jeez I cant hear the company name without thinking about how annoying that was.",5,2021-05-21 21:06:57
gyxdlt6,t1_gywlxtz,If I can't skip the ad I usually have YouTube minimized and I'm working on things until the ad is done.,3,2021-05-21 17:59:46
gyxdyzi,t1_gywlxtz,Agree. Youtube ads are always for useless products.,3,2021-05-21 18:05:24
gyxic2i,t1_gywlxtz,I go out of my way not to buy the product its annoying as heck,3,2021-05-21 19:07:34
gywmbrs,t1_gywlxtz,"I see more and more ads putting in 5 second ads like with snapchat that you cannot skip and if advertisers are smart they'll do just that. But they also pay Google less if a user skips the ad, but I am pretty sure(my opinion) at least 90% of non premium users skip ads and maybe with this influx, many more might start going youtube red which will increase revenue even more imo",6,2021-05-21 11:47:09
gyxg9z3,t1_gywlxtz,I remember this protein powder this jacked Asian dude was flogging off. I had zero interest in buying it but God damn did I watch his 10 min ads. I dont even know why.,2,2021-05-21 18:39:36
gyybmt6,t1_gywlxtz,How do you people not have ad blocker? I haven't seen a YouTube ad since 2012.,2,2021-05-21 23:29:30
gz0j7ln,t1_gywlxtz,"I always skip ads but that recent bidet one with the bear, I actually watched the entire thing. It was long as fuck too but worth it lol.",2,2021-05-22 10:22:20
gyx7sjn,t1_gywlxtz,"I don't think you understand advertising on YouTube. As an advertiser, it doesn't really matter if you forget their ad, their brand will still be in your subconscious when a purchasing decision is required for that product.

There's so little understanding of advertising on Reddit, and the people who say ""I'm not impacted by advertising"" are just as likely to purchase a product if the campaign is good.

For Axe, you're probably not the actual target audience anyway as their brand is polarising, Unilever don't care if you don't buy their product. It will still be the top of mind deodorant for most men in their teens/twenties though.",3,2021-05-21 16:26:31
gywqsqp,t1_gywlxtz,"Are you trying to outsmart an ad agency data science team?

I wish you luck.",4,2021-05-21 12:34:50
gywmf99,t1_gywlxtz,Ads are just extortion to get Premium. I paid up the instant I found out there were no ads.,-5,2021-05-21 11:48:06
gyxcl60,t1_gywlxtz,">I can hardly remember a single youtube ad I was interested in or remember.

I'm no marketing wiz, but I don't think it matters all that much whether you remember the ad or not - it's about imprinting the brand name into your memory. And it certainly did do that.

>(I’ll never buy axe body spray, shampoo or any of that shit)

No advertisement is expected to reach 100% of the audience, and I bet the reason you aren't buying Axe products isn't *because* of the ads, it's because they're disgusting products that is mostly aimed at 13-14 year olds.",0,2021-05-21 17:43:51
gyzbao6,t1_gywlxtz,You didn't invest in tai lopez's wealth creation program!!????,1,2021-05-22 03:59:01
gyxeyiq,t1_gywlxtz,"You know Axe exists and that it is a body spray. You even posted it on the internet to spread the word.

Means their advertising pretty much fulfilled its purpose. Of course this is more likely from TV commercials but same principle.",0,2021-05-21 18:20:31
gyy25b4,t1_gywlxtz,"That's just bad marketing. Agencies and marketing pods not setting their backend targeting correctly. If you don't know what they're selling, that's creative doing a poor job of communicating the product. 

The fact that you remember any of them is a win, regardless what you feel. Let me tell you, and others in this thread, marketing and ads are more popular than ever and work better than ever. Plenty of people are engaging with them.",0,2021-05-21 22:18:27
gyzenfx,t1_gywlxtz,if this were true the ad business would not be growing at the pace that it is,0,2021-05-22 04:25:53
gyzl05o,t1_gywlxtz,"Someone go tell advertising for the last 40 years they are wrong. 

You have to not play annoying commercials. In fact, no commercials at all so people don’t take a personal boycott against your company for taking up their precious 5 seconds of time before they enjoy their paid or subsidized content.",0,2021-05-22 05:17:35
gywwzcu,t1_gywmdo9,Just use an ad blocker or Vanced Youtube.,18,2021-05-21 13:51:19
gywmiiq,t1_gywmdo9,"Yeah rip old youtube really. But even if you or I won't use it, the billion + active youtube users will still watch, and get revenue from those 56 million channels that were previously off the table.",8,2021-05-21 11:49:02
gyy7gs2,t1_gywmdo9,Be sure to like and subscribe!,3,2021-05-21 22:58:37
gyx4pq1,t1_gywmdo9,"YouTube is a money pit that isn't profitable.... 

they have more hours of crap uploaded every second. people have uploaded entire be movie length memes as a fucking joke that are 10hours long. 

mind you YouTube could just put limits on length of upload time and is part of their push for the paid service to remove the ""junk"" and duplicate uploads. 



now without further ado here is 10 hours of just reeeee. 


https://www.youtube.com/watch?v=qTksCYUgI7s",0,2021-05-21 15:41:53
gyxjls6,t1_gywsa2v,">Yeah that’s nice and all, but they won’t give any ad revenue to the person who makes the video at all

Those people should invest in GME to make money instead of LIKE AND SUBSCRIBE REALLY HELP US OUT all and every day",4,2021-05-21 19:23:35
gyyvasm,t1_gywwxyv,"Ad blockers have been an essential part of online life for at least 15 years by now. You have no excuse to not have it, your age should make it more likely, not less. Install ublock origin and be done with it, as you should have in 2006",1,2021-05-22 01:55:34
gywmvft,t1_gywmnx9,"Also you can just skip to the end of the video really quick, replay it, and no ads.",6,2021-05-21 11:52:41
gywq3dv,t1_gywmnx9,"Can I log in with my Google account to have all my playlist functionality? If so, does that give the Vanced dev access to my Google login info?",3,2021-05-21 12:26:59
gyx7ckh,t1_gywmnx9,"great recommendation thanks!
just sadly doesn't work well on Tablets if you want to search for videos since its locked to vertical and scales everything up so you can only see 2 videos before you have to scroll.",1,2021-05-21 16:19:20
gyyqov3,t1_gywuxf7,"If it's inefficient - go to advertisers right now, tell them they're wasting money! They'll reward you greatly for your analysis and saving them billions of dollars!",3,2021-05-22 01:21:19
gyxdov9,t1_gywnlej,Also Vivaldi,3,2021-05-21 18:01:05
gyyq802,t1_gywnlej,"Not gonna try to sound like a skeptic, but if adblocking becomes more popular and a serious threat to google's revenue they're probably going to make steps necessary to make sure it dies completely. So staying within gray area of ""minority uses adblock"" is the best.",1,2021-05-22 01:17:54
gywpgo8,t1_gywnrvy,"psst, don't tell em, who is gonna play ""Raid: Shadow Legend"" if everyone uses Ad Block?",20,2021-05-21 12:20:04
gyyr4am,t1_gywnrvy,Adblocker only works if minority uses it. You don't want to know what will happen to it if majority starts to use it.,1,2021-05-22 01:24:27
gywvt2g,t1_gywrbc8,Reminds me of the Black Mirror episode where the ad paused when the character looked away.,6,2021-05-21 13:35:51
gyxitin,t1_gyx1j5v,"Into the memory hole, bring in the ads for beheadings and heinous acts of violence",1,2021-05-21 19:13:50
gywu7yq,t1_gywo7f3,Who exactly do you think is paying for the free service you're getting?,0,2021-05-21 13:15:41
gz0alto,t1_gz09ybr,"I see what you're saying to an extent, but a lot of the videos are based by keyword or by the persons advertising cookie to what they would like to see meaning more adwords ads that they'd see on websites being put into their feed on these smaller channels",1,2021-05-22 09:00:35
gywq31f,t1_gywmwhc,And you know they were planning it since they made partnership requirements unattainable for 98% of content creators,6,2021-05-21 12:26:52
gywvmi6,t1_gywmwhc,I mean it's not like Youtube isn't doing anything.  Hardware costs and bandwidth for instance.   Not to mention the behind the scenes stuff.,4,2021-05-21 13:33:32
gywvppg,t1_gywmwhc,Stupid take. You use Google’s servers and bandwidth by posting videos on YouTube.,9,2021-05-21 13:34:40
gyxf0kf,t1_gywmwhc,"This is kind of a weird take.

Do you say the same thing about Reddit? That they're making money by showing ads while profiting by using your comments as content?

Don't forget, the fact that YouTube even *started* sharing ad revenue with uploaders way back when was a pretty big deal. It was just a video sharing site before that, like imgur is to images or Reddit is to links/posts.",3,2021-05-21 18:21:22
gywn581,t1_gywmwhc,"Its only a matter of time before they sell ads cheap to ""demonetized"" videos. Anything to scrape for change, they'll do.
Edit: spelling",5,2021-05-21 11:55:36
gyx4vhq,t1_gywmwhc,the site has never made a profit ever.,2,2021-05-21 15:44:18
gywq8bx,t1_gywoc35,A good little extra DD would be to figure out what % of video hits are to partnered channels vs. not partnered channels. That would tell you a lot about how much revenue to expect,2,2021-05-21 12:28:30
gywopr9,t1_gywoc35,"With 2 billion + active users that log in and watch videos a month, and about 30 million + subscribers of youtube red/music (5 million on trial), those 1.965 billion users will now get ads on those 56 million channels",-2,2021-05-21 12:12:11
gyyrpy1,t1_gywpicw,"What do you think would happen if they did? Youtubers lose their jobs? Google suddenly becomes a charity? No, they would absolutely destroy any attempts at blocking ads on their websites, probably changing the whole internet as we know it in the process.  


Adblocker only works if minority uses it. The second majority starts using it, you're entering a dangerous space of fucking with revenue of a $1.5T company, and you don't want that.",2,2021-05-22 01:28:53
gyysl55,t1_gyxto8z,If it was a bad product destined for failure it wouldn't be used by every third person on earth (it has 2.3B users) and increasing year over year.,1,2021-05-22 01:35:17
gyxeg0x,t1_gyxb7r6,🥯,1,2021-05-21 18:12:47
gz0hrxw,t1_gz0doiu,"I have an S9 but I think this works for all youtube apps on phones. At the start of the video, skip the the end and restart vid. No ads unless you get an ad right at start",1,2021-05-22 10:08:35
gyy66z0,t1_gyxsnf8,"Ad blockers are cool.  Brave has one built in.  They allow you to select how many ads you want to see (0 is an option).  If you choose to be sent advertisements, they're non-invasive, they don't track you, and you get paid for your attention.",67,2021-05-21 22:49:15
gyy0s1d,t1_gyxsnf8,Ad blocker needs to IPO to raise money because ain’t no one who uses them daily donates enough to keep operations running.,84,2021-05-21 22:07:43
gyxuat4,t1_gyxsnf8,"Youtube Premium --With VPN --choose India or Argentina and pay about 1$/month.

Changed my youtube life while waiting for GME mooning

GME BRRRRR",26,2021-05-21 21:13:08
gyyu7le,t1_gyxsnf8,I just paid for yt premium I feel like a sucker,1,2021-05-22 01:47:25
gyz9ucv,t1_gyxsnf8,YouTube vanced,1,2021-05-22 03:47:30
gz06ddu,t1_gyxsnf8,uBlock Origin,1,2021-05-22 08:21:36
gyy6ehp,t1_gyy6bfb,I'm using it right now on Android.,7,2021-05-21 22:50:46
gyylvli,t1_gyy6bfb,"works as a browser, with no ads. Vanced Youtube is the app you want to get around ads and still have a nice experience. It's a 3rd party app, so a little more complex to install.",1,2021-05-22 00:45:53
gyyd9wf,t1_gyy8vk0,why?,2,2021-05-21 23:41:40
gz08bgb,t1_gz04oog,Brave is free,1,2021-05-22 08:39:38
gz0fvgr,t1_gyxmng2,I thought it was just me becoming jaded.,6,2021-05-22 09:50:40
gznnw3r,t1_gyxmng2,True but YouTube is still an awesome source of rev. They rely on their customers to make their products for their customers. All they do is take a cut,1,2021-05-28 01:04:17
h0dj2mr,t1_gyxmng2,I've had the opposite experience. Been seeing better quality videos over the last 2 years. It probably depends on what kind of videos you like to watch.,1,2021-06-03 07:28:19
gyxtl5g,t1_gyx66vy,"YouTubeVanced and blockada, my dude. Haven't seen an ad in forever",17,2021-05-21 21:06:44
gyz28dk,t1_gyx66vy,Firefox browser with an adbock plugin works fine on Android.,1,2021-05-22 02:48:17
gz0zb4l,t1_gyx55j7,"JJ and his whole family haunt my dreams, and the songs will be in my head until the day I die. But shit, occupies my 2yr for 5mins in morning for dad to make his horrible stock plans for the day.",3,2021-05-22 13:11:34
gywt2tb,t1_gywnodd,Which companies?,6,2021-05-21 13:01:28
gyxcdnj,t1_gywm8ek,"If these ads didn't work, brands wouldn't pay for them. These analytics are so dialed in nowadays that bad strategies will be quickly abandoned. 

You probably aren't a big consumer in general and therefore not really in their target audience to begin with. Ask a young Mom how she responds to ads.",38,2021-05-21 17:40:29
gyxp9ph,t1_gywm8ek,I've vowed to never buy any product I see on a YouTube ad.,5,2021-05-21 20:26:06
gyx0056,t1_gywm8ek,Get adblock.,33,2021-05-21 14:32:51
gyylsc9,t1_gywm8ek,"I actively turn my screen away and the sound off if I see an unskippable ad or I restart the app multiple times out of pettyness

I use YouTube vanced now so all good",1,2021-05-22 00:45:13
gyxgku4,t1_gywpsyr,Swagacadeny dawg!!!,3,2021-05-21 18:43:50
gyxhkqx,t1_gyxgtde,"It’s the the most poplar mobile game in the entire world, everyone and their mom loves it.

Also I will never play it, ever",4,2021-05-21 18:57:31
gyx1lu6,t1_gywm6r7,"If I’ve heard of your company through advertising, I assume you are shit and waste money on your marketing budget rather than on improving your product. Good companies don’t need to bug me with paid content. If you’re worth a damn, I’ll hear about you.",6,2021-05-21 14:55:26
gyx0u6i,t1_gywm6r7,"Almost every product that pays for the videos you watch, you boycott*",3,2021-05-21 14:44:33
gywr5xf,t1_gywpe67,"I have no fucking clue what you are talking about but I am, indeed, curious now.",6,2021-05-21 12:38:59
gyzfhle,t1_gyx0r8k,"I always skip ads, but that doesn't mean they don't work. I forget 99% of them. Yet when going through an aisle to get mouthwash one day I saw a brand that was advertised to me somewhere online and I figured fuck it I will try them out, and thus ad worked.

Maybe one day you see an ad for a new fast food item. While you don't really care about it to actively go buy it, maybe the next time you are out around lunchtime and see the place you figure maybe ill try that new sandwich it seemed interesting enough.

Ads aren't meant to make you go buy or order an item right away, just to make it so that they are in your mind.",2,2021-05-22 04:32:39
gyylhj2,t1_gyxdyzi,almost as bad as instagram ads....wanna pay $150 for some mail order shoes from a company you've never heard of that will take a month to arrive? me neither.,1,2021-05-22 00:42:59
gyxiwh5,t1_gyxic2i,"Exactly, the ad creates a pavlovian negative association",3,2021-05-21 19:14:53
gywmmjg,t1_gywmbrs,"It’s a net positive for google for sure I think, bad news for people expecting good results from these ads IMO",6,2021-05-21 11:50:10
gywnfgt,t1_gywmbrs,"I stopped using YouTube, it's a waste of time, advertisements just kept reminding me of that, so I stopped surfing it.  If there's something I need I'll find it, but I stopped just watching.  YouTube numbers will decline as better platforms grow.  Digg was a thing before they went full commercial and reddit was there to reap the reward.",10,2021-05-21 11:58:35
gyybxk6,t1_gyybmt6,I watch mostly on iPad,1,2021-05-21 23:31:45
gz2b1oa,t1_gyx7sjn,"""Marketing is effective, here's a deodorant no one has heard of.""",1,2021-05-22 23:30:47
gywri8y,t1_gywqsqp,"look, up in the sky, it's the point. I think you may have missed it![gif](emote|free_emotes_pack|upvote)",7,2021-05-21 12:42:58
gywt7zz,t1_gywmf99,did you buy your wifes BF a car to shut him up?,15,2021-05-21 13:03:15
gywppm5,t1_gywmf99,"You're correct but you're also part of the problem.

By paying up ""the instant you found out there were no ads"" you were readily supporting their predatory business practices. Aka extortion to get premium.

You fed right into it immediately.

That's how this happened initially and continues to grow worse by the hour.",12,2021-05-21 12:22:46
gywxyia,t1_gywmf99,I just use an adblocker. Works perfectly on my laptop,1,2021-05-21 14:04:33
gyxi7s9,t1_gyxcl60,"Wow, thank you so much for telling me what I think and believe, I’ve never been psychoanalyzed before",1,2021-05-21 19:06:01
gz2bhfs,t1_gyxcl60,"No trust me, it's the ad. I don't like ads. Full stop.",1,2021-05-22 23:34:31
gyxhhye,t1_gyxeyiq,"Yeah, and I’ll never buy a single product",0,2021-05-21 18:56:28
gyx2no6,t1_gywwzcu,How bout for watching on your phone? How do ya bypass ads? 😔,5,2021-05-21 15:10:52
gyyep69,t1_gywwzcu,Or you know.. don't use YouTube..,1,2021-05-21 23:52:12
gywxj33,t1_gywwzcu,Vanced is worse than regular for ads.,-11,2021-05-21 13:58:50
gyyanua,t1_gyy7gs2,Ha! Username checks out.,1,2021-05-21 23:22:17
gyx5dgd,t1_gyx4pq1,"It's the best machine learning training set that money can buy.

My brother does PhD research on voice recognition... a set of 8 million random Youtube videos is the gold standard for training data in that field, and that's just a sliver that Google was kind enough to release publicly. Their speech-synthesis algorithms are so much better than anyone else's on the planet, because people just GIVE them billions of fucking cat videos and unboxing reaccs to model on.

https://research.google.com/youtube8m/",12,2021-05-21 15:51:52
gz0ast2,t1_gyyvasm,"Funny thing about the internet is you never really know who you are talking to. I’m OSCP certified and my browsers are tighter than a Duck’s ass (and I do have U Block origin…). 

So which ad blocker will stop YT advertisements from running, then?",3,2021-05-22 09:02:22
gywo35g,t1_gywmvft,Well most of the time it works,2,2021-05-21 12:05:30
gyws160,t1_gywq3dv,"Yes.

Don't think so.",1,2021-05-21 12:49:06
gyx71gq,t1_gywq3dv,"Vanced is open source, and for google account API interaction they use microG library, which is also open source.

...That means that only Richard Stallman has access to your login info.",0,2021-05-21 16:14:52
gyzlj6e,t1_gyyq802,"Ad blocking is one thing but the Brave browser as an entire product is just better, as consumers we are doing ourselves a disservice by using anything other than Brave.",1,2021-05-22 05:21:29
gyy9z97,t1_gywpgo8,Lol. Good god I swear that is the most played ad on YouTube.,2,2021-05-21 23:17:18
gyysk8c,t1_gyyr4am,"Pretty sure the majority of users on the internet use it. There is nothing YouTube can do about it. On their end, the ad is still being played as part of their video player coding, the blocker just blocks it from showing. 

YouTube may own the player and video content, but the codecs and plugins needed to play videos on a browser are free source. They will never be able to stop that. 

Could they potentially block access to YouTube? Sure. They can even put a paywall, but then they would lose too much traffic and it would hurt them.  Most content creators use several media web hosts. They would just stop using YT.",1,2021-05-22 01:35:06
gywxqns,t1_gywvt2g,"So far, it's by far the most prophetic of the black mirror episodes.

For instance, I use split screen on my phone and have YouTube open at the top, and guess who doesn't tick down from 5 when the upper window isn't my active window? If you guessed ""vanced"" you won!",3,2021-05-21 14:01:41
gywuilu,t1_gywu7yq,[deleted],1,2021-05-21 13:19:21
gz0dd35,t1_gz0alto,If they can find a way to boost how many businesses pay them to post their ads it will be good for revenue. Right now they don't seem like they can is all I'm saying. I think they need to find a way to bump revenue for anyone in the partner program and put the crappier ads on no name videos lol,1,2021-05-22 09:26:32
gywn5xb,t1_gywn581,"Hey there! I hate to break it to you, but it's actually spelled _mon**e**tize_. A good way to remember this is that ""money"" starts with ""mone"" as well. Just wanted to let you know. Have a good day!

----

^This ^action ^was ^performed ^automatically ^by ^a ^bot ^to ^raise ^awareness ^about ^the ^common ^misspelling ^of ^""monetize"".",4,2021-05-21 11:55:49
gywqg2f,t1_gywq8bx,"Yeah I wish I could find but I expect some % of channels over, but even small channels under 500 subs have a decent following but those 56 million that can't even apply, will be getting ads of they have videos which is way more than the 0 before",-2,2021-05-21 12:30:51
gywq3c8,t1_gywopr9,"Thinking it from the advertisers POV. If my ads in youtube doesn't help the sales, since people hate or skip the ads every single time, I won't use youtube for my ads.",5,2021-05-21 12:26:58
gz0vtfs,t1_gyy66z0,"They are giving less and less bat for every ad now, earlier they used to give 0.01 BAT for every ad but now only 0.005, why is that? I wonder maybe because the value of BAT is increasing slowly that's why.",-1,2021-05-22 12:28:55
gyy6d55,t1_gyy0s1d,"AD blocker costs nothing to run on a day to day basis. It's purely a piece of script that blocks requests, it's entirely client side which means no expensive server and since Google's ad servers never change names, as blockers done require much maintenance.",78,2021-05-21 22:50:30
gyy1wgb,t1_gyy0s1d,im buying,7,2021-05-21 22:16:33
gyxva0u,t1_gyxuat4,I just use Youtube Vanced.,26,2021-05-21 21:21:49
gyyhcfu,t1_gyxuat4,"This doesnt work on iOS does it  


I can set the VPN on my phone to india",2,2021-05-22 00:12:02
gyybu3w,t1_gyy6ehp,Thanks! I'll have to check it out later,1,2021-05-21 23:31:00
gz27nyl,t1_gyyd9wf,Sold 25000 +BAT in January...,2,2021-05-22 23:00:45
gz08omk,t1_gz08bgb,I looked back at it. It was $100/year for their VPN service,1,2021-05-22 08:43:01
gyyfxr7,t1_gyxtl5g,YouTube Vanced is the best fucking thing ever. Google must really hate it.,7,2021-05-22 00:01:25
gz2h5z6,t1_gz0zb4l,"We're going out to the field today, it's time to run and play....",3,2021-05-23 00:23:17
gyx4t84,t1_gywt2tb,duck duck go is making a push on the web front.,3,2021-05-21 15:43:20
gyxo1lh,t1_gyxcdnj,Can confirm. Google can target users so well that it is basically guaranteed that everyone that clicks on our adwords ads will make a purchase.,0,2021-05-21 20:13:35
gyzepz2,t1_gyxcdnj,"Yep, people can say the ads don't work on them, but they likely do.",0,2021-05-22 04:26:26
gz93dse,t1_gyxcdnj,"Except Google (the ad seller) also provide the analytics to evaluate if the ads work... Guess what the analytics say? There are lots of companies who pay, but as they get more sophisticated, they figure things out",1,2021-05-24 16:20:43
gyx3ih7,t1_gyx0056,Easier to just avoid all products.,28,2021-05-21 15:23:52
gyxsven,t1_gyx0056,Just put head in sand. No ads,3,2021-05-21 21:00:17
gyx9z3t,t1_gyx0056,"Adblock isnt 100% anymore on YouTube. For the first time in like 5 years, some ads are getting by at the start of videos, and I have no idea how. They are getting better at bypassing it I guess",19,2021-05-21 17:01:50
gyx5d88,t1_gyx0056,Then you don't help people you watch,-8,2021-05-21 15:51:45
gyyqsuc,t1_gyxgku4,This sounds like it legit exists.,1,2021-05-22 01:22:08
gyx55xg,t1_gyx1lu6,"This is incredibly naiive and so are all the people upvoting you. Every company spends money on advertising. And if you didn't learn about a product through an ad, the person telling you about it probably did.",42,2021-05-21 15:48:44
gyylwel,t1_gyx1lu6,"This is so dumb. As a small owner, there is no viable way of getting your online shop etc seen without advertising lol",4,2021-05-22 00:46:03
gyx3tgh,t1_gyx1lu6,Clearly you have zero understanding of marketing and selling a product lol,10,2021-05-21 15:28:34
gyxculm,t1_gyx1lu6,"Marketing helps you sell the product which gets everyone paid and increases the budget for developing the product (s) further.

Most businesses rely on marketing in some form. There are rare exceptions like Tesla but even their CEO is constantly pulling stunts that keep the brand in the news.

Maybe you're being targeted by weaker companies because you fit into certain demographics but you don't necessarily share common interests with your cohort.

I mean Apple and Nike are two of the most successful companies on the planet and they constantly advertise just to maintain social relevancy. And I bet you have at least one of their products in your household.",2,2021-05-21 17:48:03
gz1rftc,t1_gyx1lu6,Lol. Didn’t go to business school did you!,1,2021-05-22 20:19:14
gyx2jpk,t1_gyx0u6i,Correct,7,2021-05-21 15:09:13
gywn0rj,t1_gywmmjg,"Most of snapchat's ads are 5 seconds and advertisers get their point across. Kinda like when in the first 5 seconds of a youtibe ad, some guru tells me ""wait don't skip if you don't want to lose money"" they 100% know everyone skips",5,2021-05-21 11:54:17
gywzjod,t1_gywnfgt,"Unless those competitors have Google levels of money, they’ll never be able to compete. YouTube was operating at a loss for years (and they still might idk). Even with the amount of shit a lot of creators get from YouTube, they rarely move to a site like Dailymotion or Vimeo because the market share isn’t there. The closest competitor I can think of is Twitch and that’s only because they’re way ahead of anyone with live-streaming

Thankfully, I don’t think YouTube has started doing anti-Adblock shenanigans yet so this isn’t a huge change for me",5,2021-05-21 14:26:23
gywnsj4,t1_gywnfgt,"Vimeo has also been around for a while and I'm pretty sure youtube showed them up as I rarely even hear of them anymore. I hate to say it but I think youtube is around to stay. The invested tons into youtube TV and youtube red exclusive content and I hate to say it but I'm one of those users and even though it is $10 a month for yt red, playing videos in the background and no ads really makes the process a whole lot better and I know that each time I watch a channel's video with red, they get paid.",5,2021-05-21 12:02:22
gyzgcdb,t1_gywnfgt,"YouTube costs an astronomical amount of money to run, I don't think it is profitable or ever has been.

If there ever is a viable competitor you should expect just as many ads if not more.",1,2021-05-22 04:39:36
gyx0d9g,t1_gywppm5,Isnt youtube a business? What are you a communist?,2,2021-05-21 14:37:56
gyyd5ny,t1_gywppm5,"C'mon man. Ads are annoying, but they aren't predatory",1,2021-05-21 23:40:48
gyxfkjp,t1_gywppm5,"Meh. I enjoy not constantly seeing Tai Lopez and the other scammers and frauds.
Its a very fair price for value.

The idea that everything should be free is ridiculous. I'd rather pay a commission than get screwed over the way RH did its customers.",-1,2021-05-21 18:29:29
gyxih75,t1_gyxi7s9,">I’ve never been psychoanalyzed before

I find that difficult to believe.",1,2021-05-21 19:09:27
gz1m2cb,t1_gyxi7s9,"By you commenting on axe’s ad, you just showed that their ad works and have advertised for them to everyone that read your post and everyone that commented on your post that mentioned also extended the ad that was on YouTube.  I don’t know what I just said.   So don’t AXE me.",-1,2021-05-22 19:04:40
gyx2v2z,t1_gyx2no6,Vanced,10,2021-05-21 15:13:57
gyx2w56,t1_gyx2no6,Vanced or Brave mobile browser.,2,2021-05-21 15:14:24
gyyexyd,t1_gyx2no6,I pay for YouTube premium like a sucker. I do enjoy listening to videos while driving to work,1,2021-05-21 23:54:02
gyxerjy,t1_gyx2no6,"....you *could* also just pay for YouTube lol.

That is an option that I haven't seen mentioned in here yet.",-6,2021-05-21 18:17:38
gyxo3ob,t1_gyx2no6,Firefox on Android.,1,2021-05-21 20:14:10
gyy4axy,t1_gyx2no6,Newpipe,1,2021-05-21 22:34:57
gyzo7tw,t1_gyx5dgd,Still doesn't change that according to their financials YouTube isn't profitable and it is why you don't have much of a competition on the same quality.,2,2021-05-22 05:42:46
gyyqyz4,t1_gyx71gq,"If you're using open source, Richard Stallman has your soul. But on the bright side, Bill Gates cannot control you via 5G towers - so that's good!",1,2021-05-22 01:23:23
gyyt4aw,t1_gyysk8c,"""Pretty sure the majority of users on the internet use it"" and ""There is nothing Youtube can do"", lol. Pretty confident for being wrong. The moment you start fucking with revenue of a 1.5T company the moment internet changes forever, as long as it's still a decisive minority we're good.

&#x200B;

Also, the codecs are free because google has made them free. They're using their own codecs.",1,2021-05-22 01:39:12
gyx0sie,t1_gywxqns,Pffft... The Day the Yoghurt Took Over is eaaily the most prophetic.,2,2021-05-21 14:43:54
gywvp7a,t1_gywuilu,"They use that information to target their ads. Let me guess, your portfolio is 100% tech companies that make nearly all their money from ads?",0,2021-05-21 13:34:30
gz0iozp,t1_gz0dd35,Watch all small youtuber not give a damn about demonetization until they get into the partner program. The small channels are gonna be exciting,1,2021-05-22 10:17:29
gywp0t2,t1_gywn5xb,Good bot,2,2021-05-21 12:15:24
gyx750a,t1_gywq3c8,"And that's why advertisers are spending more and more into yt, because their advertising doesn't work",3,2021-05-21 16:16:31
gyyc80k,t1_gyy6d55,I’m sure they have employees who maintain and run their website they host for donations and pushing updates.,15,2021-05-21 23:33:56
gz0v48h,t1_gyy6d55,well that’s all the more reason to IPO! What better hallmark of american business philosophy is there than “monetize something that is literally no work on your part”? 🤣🤣,1,2021-05-22 12:21:13
gz4weu9,t1_gyy6d55,"Some sites might do checks on whether something has run(in this case, an ad) and if a browser was built that could fake that, then that would also help.",1,2021-05-23 14:15:18
gyygc44,t1_gyxva0u,YouTube Vanced is the only reason i don't use iOS,9,2021-05-22 00:04:25
gyygdqd,t1_gyxva0u,YouTube Vanced is the only reason i don't use iOS,0,2021-05-22 00:04:45
gyyhnkv,t1_gyyhcfu,"Yes then head to https://m.youtube.com/premium
Use an adress of an hotel from google maps. You also need a credit card.",1,2021-05-22 00:14:22
gyyqhc8,t1_gyyhcfu,You can just install Luna VPN and add the adblocker when prompted then follow the guide to add the AD blocker profile. All completely free and works for the YouTube app on IOS.,1,2021-05-22 01:19:47
gyzbmsl,t1_gyybu3w,"I recently switched from Brave -> Vivaldi. 

Brave started pushing ""Brave Rewards"" too hard for me. Skeeved me out, so I jumped to Vivaldi (which I was already on on the desktop anyway).

I used to be a big Opera fan, so Vivaldi is a great fit!",2,2021-05-22 04:01:40
h029syf,t1_gz27nyl,"Well, how's your portfolio now? Had a decent dip buying opportunity, no?",1,2021-05-31 16:20:36
gz0er70,t1_gz08omk,I seen I just meant the browser.  I use ExpressVPN.,1,2021-05-22 09:40:04
gz32l8c,t1_gz2h5z6,"Clean up, clean up",3,2021-05-23 03:20:29
gyz9v76,t1_gyx4t84,[deleted],1,2021-05-22 03:47:42
gyz6nw0,t1_gyxo1lh,Spooky.,1,2021-05-22 03:22:30
gyxb9ro,t1_gyx9z3t,uBlock Origin ya noobs,44,2021-05-21 17:22:47
gyxypgj,t1_gyx9z3t,Combine Adblock plus and ublock origin. I haven’t had an ad on YouTube in years,2,2021-05-21 21:51:07
gyxde60,t1_gyx9z3t,"Vivaldi blocks 100% on YouTube, at least so far :)",1,2021-05-21 17:56:29
gyxzovo,t1_gyx9z3t,I had to re-download an adblocker and at that point the ads went away again.,1,2021-05-21 21:59:03
gyyc5lo,t1_gyx9z3t,"I've been using AdNauseam for some months, and haven't seen a single YT ad slip through so far.",1,2021-05-21 23:33:26
gyx9dfc,t1_gyx5d88,"Most don’t depend of google ad revenue anyway,because Google looks for any chance to cut cancel your ad revenue while still running ads on your channel but without you getting any of it.Fuck Google",14,2021-05-21 16:52:02
gyzt69m,t1_gyyqsuc,"Well you will be delighted to know it does. And you can watch his videos on YouTube (I think unless he deleted them). It’s Swaggy C from MTV challenge and it’s a fu$$ing joke! Lol. I recommend starting with “making 17 million as a day trader” or whatever he called it. Biggest fake I ever saw. Actually, I bet you anything what he was doing is a crime. It’s that bad.",1,2021-05-22 06:23:40
gz0asxh,t1_gyx55xg,I personally always try to ignore or reverse engineer my brain into hating that which I have to hear advertising for. I've been healthier and richer for it.,2,2021-05-22 09:02:24
gyxbflx,t1_gyx55xg,"It's not naive. Ads work on a lot of people but not on all. I'm the same way. There's a particular shitty radio ad where I live, and I will never, *ever* do business with that stupid shit company, because I *hate* their ads, and change the station as soon as I hear the first second of it.",-4,2021-05-21 17:25:19
gyymivx,t1_gyylwel,I usually need to hear about your business from someone I know and trust. Word of mouth is invaluable,0,2021-05-22 00:50:42
gyx422e,t1_gyx3tgh,I’m speaking as a consumer. Congrats on working in the most hated industry in the world tho,6,2021-05-21 15:32:09
gyyqa5v,t1_gyxculm,Hey don't make logical sense of these things! Just be mad with the rest of em lol,2,2021-05-22 01:18:21
gywnq6o,t1_gywn0rj,"See, the problem is with YouTube it’s hard to engage with the ads since you can’t just tap on the ad to bring you somewhere, or at least it’s like that on ios. And the main content is longer than snapchat, so that ad might’ve happened 20 minutes ago and pushed out of memory from the thing I actually want to watch",3,2021-05-21 12:01:41
gyx6xi0,t1_gywzjod,"Just a note: Twitch is not an option, as their DMCA handling is a lot worse than Youtube's. It'a mind-boggling.",3,2021-05-21 16:13:06
gyxbo7k,t1_gyx0d9g,"They don't make enough off the tracking and targeted ads? Tuff cookie, uBlock Origin ftw",2,2021-05-21 17:29:10
gyzq5es,t1_gyzo7tw,"Google's not out there running a charity. How do you think those Google Homes know what you're saying? Those products wouldn't exist without Youtube derived data.

(and hell, those Homes are out there recording *more* data to use... maximalist modeling is a hell of a drug.)",1,2021-05-22 05:58:22
gyyu43w,t1_gyyt4aw,"Pretty confident that I’m right, since Adblock and similar apps and technology have been out for a decade and now come standard on many bowsers. 

Google chrome has some of the best extensions for blocking YouTube ads and it’s been downloaded millions of times. 

It’s open source. They can’t do anything about it. YouTube has continually gotten more strict with ads and content, and users push back and create apps to bypass it. This isn’t new. It’s been happening for years and years. Maybe you just haven’t been aware of it. 

If you aren’t using an adblocker for YouTube then you are in the minority.",1,2021-05-22 01:46:41
gyx0xah,t1_gyx0sie,Black mirror? I googled it and still have no idea what it is.,1,2021-05-21 14:45:46
gyyl24b,t1_gyyc80k,"Probably like one or two dudes, a static website doesn't take that much.",26,2021-05-22 00:39:49
gyyljqn,t1_gyyc80k,I think the BAT tokens got them covered.,11,2021-05-22 00:43:27
gyzek2u,t1_gyyc80k,"It's not that expensive at all, that being said im sure they appreciate donations",1,2021-05-22 04:25:08
gyzu8q4,t1_gyygc44,You only use your phone for YouTube? Weird,4,2021-05-22 06:32:47
gz0ccje,t1_gyygc44,You can use cercube on iOS,1,2021-05-22 09:16:55
gz0k16r,t1_gyyhnkv,Are you able to use this on existing US based account or you created a new email address for this?,2,2021-05-22 10:30:15
gyyhtit,t1_gyyhnkv,"sweet, thanks!",1,2021-05-22 00:15:35
gz1bmmp,t1_gyyhnkv,And how does that work?can you please explain in detail?,1,2021-05-22 16:14:32
gyzfums,t1_gyyqhc8,Yeah thats good but YouTube Premium works on all devices which is with that one dollar for me :),2,2021-05-22 04:35:35
gyzo0qp,t1_gyz9v76,"How do you think they drive EYE balls..... 

Advertising is how they make money but to get people to use them requires the data they get from using search....",2,2021-05-22 05:41:10
gyxj41m,t1_gyxb9ro,"Yeah. No ads get past this, ever",10,2021-05-21 19:17:31
gyxibun,t1_gyxb9ro,This is the way.,3,2021-05-21 19:07:29
gyxuc0s,t1_gyxb9ro,"Alternatively (on mobile) there are tweaked YouTube apps you can run that don’t allow ads. I use Bat and I haven’t seen an ad since I installed it. 

Plus you get other cool features like downloadable videos, auto like what you’re watching (nice if you tend to forget to like videos for people you’re subscribed to like me), and a few other cool things.",3,2021-05-21 21:13:27
gyxj50k,t1_gyxb9ro,Getting ads on ublock origin qt the start of the video. They are bypassing it.,1,2021-05-21 19:17:51
gyyrg6b,t1_gyxb9ro,I’ve been getting ads with it,1,2021-05-22 01:26:52
gyzexvg,t1_gyxb9ro,"It won't work forever, not if YouTube doesn't want them to. Twitch has pretty much rendered ad blockers useless already, I am sure YouTube could figure out the same.",1,2021-05-22 04:28:13
gz3m3bz,t1_gyxypgj,Ultimate Adblocker- Way better,1,2021-05-23 06:06:43
gyxe7qf,t1_gyx9dfc,"youtube can show ads on tiny channels with 0 zero subscribers now, they aren't gonna see a cent. How you helping those people? And you ARE helping people you watch, just by watching.",8,2021-05-21 18:09:11
gyxd1fa,t1_gyxbflx,"> It's not naive. 

Of course it is. Every single company in the world uses marketing for their products. If the criteria you have for choosing products is *marketing in channels that I'm not watching*, that just makes no sense at all. 

>There's a particular shitty radio ad where I live, and I will never, ever do business with that stupid shit company, because I hate their ads, and change the station as soon as I hear the first second of it.

That's different, and seems a bit like a commercialized version of misophonia.",18,2021-05-21 17:50:58
gyxd7zt,t1_gyxbflx,Yes but you are the outlier and it's naive to think other people will behave this way to the point that ads won't be effective. They are incredibly effective,1,2021-05-21 17:53:47
gyzf781,t1_gyymivx,"Ok and how will they hear about it, they probably heard about it through an ad or from a person who found it through an ad, and so on.",3,2021-05-22 04:30:19
gyynaq9,t1_gyymivx,OK boomer,2,2021-05-22 00:56:23
gyxatgg,t1_gyx422e,"Marketing most hated? Its up there, but I'd put government and lawyers ahead of marketing.",5,2021-05-21 17:15:32
gyz5r5x,t1_gyx422e,I  don't work in marketing lmao no need to take your anger out at me. If anything I also hate how marketing is done nowadays and how scummy they are. But the reality is that they know what works and they'll keep doing that.,1,2021-05-22 03:15:28
gywodk5,t1_gywnq6o,No thank you. My fat fingers would be clicking every ad ever,3,2021-05-21 12:08:34
gyz27s3,t1_gyxbo7k,"If they can make more, why not? Buy $GOOGL and pay yourself. Dont get me wrong, i dislike ads. But still. Their business is making money.",1,2021-05-22 02:48:09
gyzrhr5,t1_gyzq5es,"No really? Here I thought they just fucked up and filed under Corp S instead of 501C by mistake. 

you mean to tell me they intended to become a S corp? 

Is that also why they tried to get everyone to use their real name and tie it to their google email account.. Colored me shocked. trying to set up marketing profiles with peoples real ID like Microsoft does.

If you can't figure it out I am taking the piss and still doesn't refute my claim that youtube by it self doesn't provide enough revenue to pay for it's costs. Sure Google can use it to justify its use for other means but as a profit seeking company their fucking whale isn't profitable to maintain it self it was left alone.


https://www.cbsnews.com/news/4-reasons-youtube-still-doesnt-make-a-profit/",1,2021-05-22 06:09:36
gyyv01n,t1_gyyu43w,"Would be funny if in a world we live in a quick Google search could prove other person wrong:   
https://www.searchenginejournal.com/global-ad-blocker-trends/398133/  
[https://backlinko.com/ad-blockers-users](https://backlinko.com/ad-blockers-users)  


I'm using adblock, and I'm completely aware of the technology. There are ways to fight it, not limited to software.",1,2021-05-22 01:53:19
gyx1gwe,t1_gyx0xah,"
 I just actually had a brain fart responding to the above and i was thinking of another show called ""love death and robots"" also vignettes but all dark animated shorts.",2,2021-05-21 14:53:28
gz00cc2,t1_gyyl24b,Probably a $6 USD/month droplet inside DigitalOcean.,7,2021-05-22 07:26:07
gyzztch,t1_gyyljqn,Love BAT and the Brave browser,5,2021-05-22 07:21:26
gz0yayu,t1_gz0k16r,"Yeah existing account is fine, just set a vpn up so it thinks your in india or elsewhere and then your charged on the current countries price. You just need to give a fale address in the country you select which you can get off google maps. 
     At present I'm on a monthly family plan from India for less than £2 a month, since the extra 5 slots were only about 20p I even splashed out for my family 😂",2,2021-05-22 12:58:22
gyxlgqf,t1_gyxj50k,Then you are doing something wrong lol. Never had an ad in years,4,2021-05-21 19:45:47
gyxm8vi,t1_gyxd1fa,"It isn't naive.  The suckers clicking on these ads, watching TV 24/7, gossip-mongers and head-in-the-sand folk are the naive ones.   That's the people who these marketeers have in their pockets.  The one's with some sense are turned off by the constant barrage of spam and week-one-psycho-babble ads are the advanced wrinkle brains here.  And personally, that's me - I get interrupted or spammed by a product, you can GUARANTEE I won't be throwing money at that product in future.  Too much is spent on ads - which is why you have a generation of YT ""influencers"" showing how fucked up they are and getting paid millions for it....",-9,2021-05-21 19:54:29
gyxidxb,t1_gyxd7zt,">This evidence doesn’t match my conclusion, therefore it is an outlier",-1,2021-05-21 19:08:15
gyxb05w,t1_gyxatgg,I was just being rude,9,2021-05-21 17:18:34
gywohbe,t1_gywodk5,If there was some kind of skip competition I would win for sure,1,2021-05-21 12:09:42
gyz994b,t1_gyz27s3,"And im a consumer that makes my own choices, why would I pay for no ads when I can do it for free?",1,2021-05-22 03:42:47
gyzvf6z,t1_gyzrhr5,"We've gone from ""money pit"" to ""not profitable"" to ""not profitable if you take out everything Google builds with it"". I think you're getting the picture.

The one part I think you're still hung up on is ""why does no one else do video hosting if it really is a good investment"". That part's really down to scale.... it really only makes sense if you're a trillion dollar tech giant. The value of the dataset comes from its colossal raw size, so you need to be able to foot the cost of hosting a huge video site (at a loss, like you said), and also have use cases that can exploit all that data to earn the billions of profit needed to make up on it. 

FAANG sized corps can eat that loss as a long term investment, then they use it to make AI products that AI 10x harder than any startup or midsized firm's can. They earn billions on those, and eventually that money pit starts looking more like a moat.

Say Waymo uses Google's superior video data set to create road-safe computer vision algorithms, then uses it to get first-mover advantage in self driving cars. The couple billion of losses Google ate hosting cat videos will all be paid back 100x over.",3,2021-05-22 06:42:55
gyywg9r,t1_gyyv01n,"It’s even funnier that we live in a world where reading is difficult. Had you even bothered, you’d see the data for 27% only account for useage in the US. 

You’d also see that the article warns that several large countries aren’t included, such as China and Hong Kong, or that the article was only looking at those who use the google search engine, which is only 1 of many search engines used by people. 

Nor does the article cover anything about ad blocking on YouTube.

And you also skipped over the part that the US data was taken in 2019, which is before COVID-19 where internet usage greatly expanded due to everyone being stuck indoors. 

But I mean, if you’d like to rely on old and inaccurate data, be my guest.",1,2021-05-22 02:04:23
gyx74js,t1_gyx1gwe,tfw no beastie gf,1,2021-05-21 16:16:19
gz02rjm,t1_gyzztch,"I tried to do the Legacy Transfer. It buffed itself, was kinda salty. But then remembered it was free. I had a couple hundred tokens lmao",4,2021-05-22 07:48:08
gz19ct9,t1_gz0yayu,For me it also works with a German google account.,1,2021-05-22 15:37:08
gyxqwww,t1_gyxlgqf,Something has changed and now ads are coming trough no matter which available adblocker you use.,3,2021-05-21 20:42:04
gyztxnc,t1_gyxlgqf,Can't see an ad if you don't go online,1,2021-05-22 06:30:08
gz32sxy,t1_gyxlgqf,"Firefox + ublock origin on desktop = no ads

Firefox +ublock origin on mobile (android) = ads",1,2021-05-23 03:22:19
gyxp0d1,t1_gyxm8vi,"I think their point was that basically every product in existence has ads of some sort. So you aren’t actually avoiding products that spend money on ads, you’re avoiding products that happen to be advertising in the areas where you spend your time (YouTube channels, radio stations etc)",6,2021-05-21 20:23:29
gyyj7aj,t1_gyxm8vi,"Let me guess, you're one of the people convinced that placebo has no effect on you either, right?",2,2021-05-22 00:25:57
gyz6i7p,t1_gyxidxb,You've convinced me! YouTube ads don't work. Everyone gets big mad and boycotts. Google dummies just wasting billions of dollars on things that don't work. Top bad they can't have your expert analysis to fix things.,3,2021-05-22 03:21:16
gyyr4ij,t1_gyxidxb,[deleted],1,2021-05-22 01:24:30
gyxbhx9,t1_gyxb05w,"Don't apologize, marketers are the dredges of society.",10,2021-05-21 17:26:22
gz0dgh3,t1_gyz994b,There ya go. Capitalism at work. Agreed.,1,2021-05-22 09:27:26
gz09tlv,t1_gyzvf6z,"the company youtube isn't profitable... it costs more money to run it than it generates in revenue.... that is a money pit. it is why you don't have another youtube because you can't compete against free..... if you leave youtube by it self the company goes bankrupt... full stop. 

now you have to justify running a company at a loss.... since it is ran as a division of a other company you can use that money hole of a division to use for software development... but any only video based company is fucked because again this model doesn't work if it is just a video company....


how do they justify the millions or billions in losses well they use it to run data collection and software tends. 


now as they are a profit seeking company but they are offering a free unlimited service their costs to operate. the cost to operate is ever increasing at a faster and faster rate..... it costs more to run every year than the year before because billions of hours of video are uploaded every year. 

they are currently making the drive to make youtube actually profitable because it costs them to much money..",1,2021-05-22 08:53:20
gyywmrg,t1_gyywg9r,"You completely ignored the second hyperlink and apparently my reading is ""difficult"", lol. Why do I even bother? Not mentioning that ads presented to US demographic are the most expensive, so that's the usage that actually matters. And you can safely ignore China for multiple reasons.

Also if you have a source that proves that more than 50% of internet users use adblock, be sure to present it. Otherwise I'll treat you as all bark no bite.",1,2021-05-22 02:05:45
gyxr6ia,t1_gyxqwww,"Can't confirm that. Watching yt everyday, no ads.",7,2021-05-21 20:44:37
gyxtml2,t1_gyxqwww,Are you on chrome? I use ublock on firefox and no ads are coming through.,2,2021-05-21 21:07:06
gyys5tf,t1_gyyr4ij,"All the marketing analysts are in force to justify the existence of their job, lol",-2,2021-05-22 01:32:09
gyxrjvr,t1_gyxr6ia,read the post ya retard,-4,2021-05-21 20:48:08
gyyt5n1,t1_gyxtml2,yea I have uBlock on chrome but it does nothing to youtube ads and never has. I now have two different youtube adblockers and have to wait the ads out but only see black on them.,1,2021-05-22 01:39:28
gyyudpw,t1_gyys5tf,"I’m in server infrastructure management, Einstein.",2,2021-05-22 01:48:42
gyzxk9x,t1_gyyt5n1,Give firefox or brave a shot and see if it helps anything.,3,2021-05-22 07:01:34
