comment_id,comment_parent_id,comment_body,comment_score,created_utc
gw5wvcr,t3_n0dgqw,"So you're saying we're getting Taco Bell overlords and not Carl's Jr. overlords?

*edit:* and I guess Elon is sitting on a hell of a long roll of quarters.",3,2021-04-28 20:21:37
gw5wxau,t3_n0dgqw,CLOV 20 EOD,3,2021-04-28 20:22:08
gw5zkmx,t3_n0dgqw,I am a bot. This Technical Analysis does not look like it has generated enough approval to stay on /r/wallstreetbets.                                        We algorithmically cull certain submission flairs whose response is not above a certain threshold to try and keep the page clean.,1,2021-04-28 20:47:52
