comment_id,comment_parent_id,comment_body,comment_score,created_utc
hcm4jw1,t3_pn1lyz,"
**User Report**| | | |
:--|:--|:--|:--
**Total Submissions**|11|**First Seen In WSB**|8 months ago
**Total Comments**|23|**Previous DD**|[x](https://www.reddit.com/r/wallstreetbets/comments/pn1j37/stocks_that_will_benefit_from_epic_appstore_ruling/) [x](https://www.reddit.com/r/wallstreetbets/comments/pn1lyz/stocks_that_will_benefit_from_epicappstore_ruling/) 
**Account Age**|6 years|[^scan ^comment ](https://www.reddit.com/message/compose/?to=VisualMod&subject=scan_comment&message=Replace%20this%20text%20with%20a%20comment%20ID%20(which%20looks%20like%20*h26cq3k*)%20to%20have%20the%20bot%20scan%20your%20comment%20and%20correct%20your%20first%20seen%20date.)|[^scan ^submission ](https://www.reddit.com/message/compose/?to=VisualMod&subject=scan_submission&message=Replace%20this%20text%20with%20a%20submission%20ID%20(which%20looks%20like%20*h26cq3k*)%20to%20have%20the%20bot%20scan%20your%20submission%20and%20correct%20your%20first%20seen%20date.)",1,2021-09-13 05:32:13
hcmeuzv,t3_pn1lyz,"Edit - Roblox apparently isn’t exempt but there was some controversy in the lawsuit around status as a metaverse. Do they refer more outwards freely? 

However a lot of why SE is so valuable is they mostly ignore App Store tax which is death to your margins. AND THAT IS WHY THIS RULING IS BULLISH FOR EVERYONE ELSE. 

Znga and pltk are slam dunks thought they should be way up. And I have like 700 znga calls too it’s too cheap.

Swap rate to direct should be about 60-70%. That’s what it looks like elsewhere if you ask gamers who use twitch dual platform and also gamers in Southeast Asia where in app referral to website somehow is okay. I think this decision will propagate, meaning, other governments will do the same. Expect same on Google too. This is a likely earnings tsunami in plain sight. Hedge funds will start buying soon. 

Have an award

Edit: Didn't like market reaction today. Analysts don't get it. I rolled to calls early next year for ZNGA and PLTK. Still have the 10/1 calls, but not too hopeful there.",40,2021-09-13 06:45:31
hcmd615,t3_pn1lyz,"znga is a fucking meme

does anyone here know a single person with a single good thing to say about any of their games",16,2021-09-13 06:33:25
hcm5xzw,t3_pn1lyz,Isn’t Epic appealing the ruling?,5,2021-09-13 05:42:00
hcm7ijl,t3_pn1lyz,[deleted],5,2021-09-13 05:53:14
hcm5vbl,t3_pn1lyz,"Watch AAPL remove all apps that use third party payment from the app store.  The ruling states they can't force in-game payments through the app store, but I don't believe they are forced to include those apps in the store.",9,2021-09-13 05:41:27
hcn8w4k,t3_pn1lyz,Calls on $AAPL,3,2021-09-13 10:41:14
hcn9nvw,t3_pn1lyz,"OP - you may want to list current income and current margin, and show how moving 65% of 60% of their platform fees x some portion of players, maybe 60-70%, (so, thats a reasonable shift off of apple into direct) will improve their income and margin, and thus stock price.",3,2021-09-13 10:47:44
hcnctaa,t3_pn1lyz,Should also benefit from IDFA at some point since it can cross market across its portfolio while other mobile games just get rammed without being able to do targeted marketing,3,2021-09-13 11:14:39
hcnigiz,t3_pn1lyz,wait so should buy $9-10 calls 9/17 or 01/22,2,2021-09-13 12:07:14
hcoiz5s,t3_pn1lyz,I'm hoping their Star Wars game on the Switch is a big hit. It's their first console game. Something to keep an eye on.,2,2021-09-13 20:03:23
hcolzfm,t3_pn1lyz,Been long ZNGA for months this stonk is good 🎮🚀,2,2021-09-13 20:33:10
hcmbpz5,t3_pn1lyz,"Worst stock in the market, stay away. The float is a disaster.",-3,2021-09-13 06:23:17
hcmlcmu,t1_hcmeuzv,Thanks bro take yours,4,2021-09-13 07:33:05
hcmom3z,t1_hcmeuzv,Omg I didnt know that about RBLX. No wonder it did not pump last Friday,3,2021-09-13 07:59:23
hco4s7b,t1_hcmeuzv,What calls did you pick up?,1,2021-09-13 16:56:20
hcpytg9,t1_hcmeuzv,"source on exemption? says here they pay 24% of robux sales to app stores

https://developer.roblox.com/en-us/articles/developer-economics",1,2021-09-14 02:27:09
hcmwcyn,t1_hcmd615,Im currently a billionaire according to Zynga Texas Holdem.,21,2021-09-13 09:01:11
hcmfans,t1_hcmd615,Totally. And they are almost twice as valuable with tbis ruling nonetheless. Calls are so cheap.,10,2021-09-13 06:48:43
hco5556,t1_hcmd615,Their poker ♥️ and spades ♠️ games are top notch for the categories… it’s seems as though in game purchases are common lots of AdS,1,2021-09-13 17:02:15
hcm69nl,t1_hcm5xzw,Epic is appealing the portion of the ruling that claims that apple store is not a monopoly. They are totally fine with the part of the ruling that states they can link to external websites for payment,10,2021-09-13 05:44:19
hcn9zuh,t1_hcm7ijl,"Nope. Mobile games can bypass via referral to outside site, and can advertise lower prices too presumably. They just cant execute a transaction in-app itself. From the ruling:

""Apple Inc. and its officers, agents, servants, employees, and any person in active concert or participation with them (“Apple”), are hereby permanently restrained and enjoined from prohibiting developers from (i) including in their apps and their metadata buttons, external links, or other calls to action that direct customers to purchasing mechanisms, in addition to In-App Purchasing and (ii) communicating with customers through points of contact obtained voluntarily from customers through account registration within the app.""

Could not be more clear. This means that for larger companies, which represent almost all of the games revenue, they'll be able to get maybe 2/3 of their sales to be direct, which means their margins go from taking an immediate 30% haircut to perhaps paying 4-5% to do third party payment processing, or 2-3% if they roll their own and know what they are doing.",4,2021-09-13 10:50:31
hcm6uwp,t1_hcm5vbl,">People might actually jump ship then. The most likely thing will become ‘developer fees’ for the developers who want to be on the App Store.

I don't think they will/can - that is what happened when they forced in-game payments through the app store",6,2021-09-13 05:48:34
hcm8836,t1_hcm5vbl,[deleted],3,2021-09-13 05:58:19
hcm65fa,t1_hcm5vbl,People might actually jump ship then. The most likely thing will become ‘developer fees’ for the developers who want to be on the App Store.,2,2021-09-13 05:43:29
hcmf6pi,t1_hcm5vbl,"If they do that, they are in contempt of court. Rogers will throw Tim Apple in jail after being warned once over something so obvious.",1,2021-09-13 06:47:55
hcn9q4k,t1_hcn8w4k,"You mean puts? Though, I don't love the trade. Apple believers will believe until the earnings suck. Would rather sell CC if I was a long-term long... which I'm not except via QQQ.",0,2021-09-13 10:48:15
hco1u8t,t1_hcnigiz,Will probably be better off keeping an eye on this one first. China gaming rules might balance this out short term BUT I do think they will get an earnings adjustment soon and will rocket off that. Id let this week play out first before jumping in.,2,2021-09-13 16:09:47
hcnqgne,t1_hcmbpz5,Which,1,2021-09-13 13:33:22
hcmn35e,t1_hcmlcmu,Thanks haha,1,2021-09-13 07:46:55
hcmp34w,t1_hcmom3z,"Yes. It’s also a strong argument for how App Store is a monopoly that stifles innovation. RBLX and SE are extremely innovative companies…. In gaming… that somehow don’t have to pay App Store fees - SE refers to it website from in app and Rblx is exempt for legacy reasons, lucky them. They are both incredibly valuable and innovative. Not a big coincidence. Everyone else in mobile gaming fights hard to stay relevant and it’s full of derivative stuff. Most of the innovation is around arbing UA and charging as much money as possible.",1,2021-09-13 08:03:15
hcolji2,t1_hco4s7b,Zynga $10 10/1. Will try a week. If it can’t work I’ll switch to January $11 or 12.,2,2021-09-13 20:28:59
hcpzrya,t1_hcpytg9,Editing it I was wrong.,1,2021-09-14 02:33:37
hcna5um,t1_hcmwcyn,so are you going to go direct for Zynga currency if they give you a 25% discount?,2,2021-09-13 10:51:56
hcmowow,t1_hcmfans,What calls do you have?,2,2021-09-13 08:01:47
hcn5390,t1_hcm69nl,"Good luck proving that they’re a monopoly when there’s google and Microsoft phone app stores and epics own epic game store as viable alternative places where people can go get their games. 
Epic is just in this for the publicity. They’re not in this as a game dev worried about their Fortnight profits. They’re in this as a growing platform with the same business model as steam and trying to make themselves relevant.",6,2021-09-13 10:09:54
hcmiobe,t1_hcm69nl,Ahh ok gotcha,1,2021-09-13 07:12:58
hcmfgwe,t1_hcm6uwp,Yep. They can do a bit of that but if it’s just an attempt to evade the courts decision they’ll get roasted.,3,2021-09-13 06:49:56
hcn6ble,t1_hcm8836,"No. Fortnight is not available now. They took it down immediately when this all started. They don’t have to have an app available on their store if they don’t want to. There’s nothing in any rulings saying they have to host anyone’s product. Do you think the App Store is free use publicly owned property that anyone can use however they please or something? 
You think someone can just show up at a Walmart and start selling random crap in the store without Walmart permission and conditions? Can I show up at your house and sell stuff in your living room? No. Just because there’s a precedent set that says you have to let me tell people about my store at my house if you let me set up shop in yours doesn’t mean you have to let me in at all.",5,2021-09-13 10:19:51
hcm79dv,t1_hcm65fa,i thought that was a thing already,1,2021-09-13 05:51:23
hco1qkg,t1_hcn9q4k,Apple is near highs right now very tempting. Id probably get in some put at the day of the apple event to ride the sell the news event. Id make some money off that.,1,2021-09-13 16:08:08
hcnqf2a,t1_hcmp34w,What’s SE,0,2021-09-13 13:32:52
hcq2k26,t1_hcpzrya,"yeah there was a bit of a hubbub when lawyers asked apple why roblox is allowed to be similar to a 3rd party game store and then roblox felt the heat and relabeled the roblox games as ""experiences"". but they do still pay the apple tax",1,2021-09-14 02:52:33
hcmpimy,t1_hcmowow,$10 10/1,4,2021-09-13 08:06:43
hcolgz2,t1_hcnqf2a,Sea limited. Tencent of Southeast Asia kind of,1,2021-09-13 20:28:19
hcmq7n2,t1_hcmpimy,Thanks! Spread is very wide,1,2021-09-13 08:12:26
hcp2lhj,t1_hcolgz2,I thought they were like amazon of south Eastern Asia.,1,2021-09-13 22:45:34
hcmqtfl,t1_hcmq7n2,"It’s an earnings forecast upgrade in plain sight. I think it’s undervalued

I also did a crude dcf analysis and found this also reduces apples enterprise value by about 15%, so 12% more from Friday. That’s assuming 65% of game revenues go away forever and no other impacts.",2,2021-09-13 08:17:20
hcpi92e,t1_hcp2lhj,That also. They are both. Profits  mostly gaming so Tencent closer,1,2021-09-14 00:33:37
hcn8ymi,t1_hcmqtfl,you don't want to wait for raised guidance during their next earnings call in Nov?  (wrt to your call expiry),1,2021-09-13 10:41:48
hcn9f0d,t1_hcn8ymi,"100% sensible. I may shift to playing that, but right now trying to play to see if this week we have a big run up. If we don't, I will rotate to end of year as you say, $11c probably. That also gives more time for google to get hit with the same pressure, and more countries globally to act in this way. The actual order by the judge IS global w/regards to Apple (little talked about in the press so far...), but the formal injunction hasn't been written yet.

&#x200B;

This does feel like unbelievably easy money though, or at least, great risk/reward, especailly if you add in PLTK.",2,2021-09-13 10:45:39
hcniee8,t1_hcn9f0d,"why ""especially"" PLTK?  MTCH is probably pushing past its ATH too on this news, though I haven't looked at their options chain",1,2021-09-13 12:06:40
hcnlxg6,t1_hcniee8,"couple reasons:

1. The ruling I believe says GAMES. It's not 100% clear if this will apply to MTCH too. It probably will. But less certain.
2. MTCH is probably more spread out in terms of spend I believe. Not certain, but my guess? Games often have a couple percent paying huge amounts, and someone paying $1k a year is very motivated to switch. Someone who pays $50 is less motivated to bother with the out of app purchase.

So, it could be that MTCH is awesome for this. But I'm certain ZNGA/PLTK are as mostly mobile gaming which is absolutely covered in this ruling.",2,2021-09-13 12:42:18
