comment_id,comment_parent_id,comment_body,comment_score,created_utc
gktsucc,t3_l5fcfh,Post your positions or else this is just paperhands,155,2021-01-26 22:45:37
gktsquf,t3_l5fcfh,[deleted],125,2021-01-26 22:44:52
gktsyv8,t3_l5fcfh,So you’re saying buy BB? Got it. 🚀🚀🌕🌕,113,2021-01-26 22:46:36
gktt0ef,t3_l5fcfh,[removed],109,2021-01-26 22:46:58
gktsrm5,t3_l5fcfh,"I didn’t read a single word of this, I only speak 🌝🚀💎👏",136,2021-01-26 22:45:02
gktteve,t3_l5fcfh,"#NOPE

BB TO THE MOON BUY BUY BUY",27,2021-01-26 22:50:09
gktu27j,t3_l5fcfh,Sir this is casino,23,2021-01-26 22:55:17
gktstki,t3_l5fcfh,Worth it we got it 🚀🚀🚀🚀🚀🚀🚀🚀🚀🚀🚀🚀🚀🚀 DD CONFIRMED,21,2021-01-26 22:45:27
gktt8r2,t3_l5fcfh,"Real investor? Yup, ban.",22,2021-01-26 22:48:50
gktt22q,t3_l5fcfh,"""A real investor"" Literally not reading a word of this horseshit you condescending prick.",115,2021-01-26 22:47:19
gktt6p3,t3_l5fcfh,"You wrote that ""email"" by yourself didn't you?",16,2021-01-26 22:48:22
gktugwt,t3_l5fcfh,[deleted],16,2021-01-26 22:58:24
gktsyo0,t3_l5fcfh,"Lol no posts or comments.. are you a real investor or a GME screwball mad people are diversifying instead of loading all there money into GME ? 🤦🏽‍♂️🤦🏽‍♂️

People don’t even understand the significance of how large a deal with BAIDU is it is the GOOGLE of CHINA LMFAO BB IS GONNA ROCKET AND ANYONE WHO DOESNT GET ON THE SHIP IS GONNA FEEL LIKE A GOOF",36,2021-01-26 22:46:33
gktt1eg,t3_l5fcfh,Show positions or ban.,12,2021-01-26 22:47:10
gktude2,t3_l5fcfh,So your buddy works at RBC?,13,2021-01-26 22:57:41
gktspxt,t3_l5fcfh,what a bad time to post!,30,2021-01-26 22:44:41
gkttil1,t3_l5fcfh,who are you giving advice to with 2 posts in the last 4 months u 🍆eater,10,2021-01-26 22:50:58
gktueah,t3_l5fcfh,is this melvin with a fake mustache,9,2021-01-26 22:57:51
gktvny8,t3_l5fcfh,"\> **But from my vantage point, the BB move does not reflect fundamentals and the fair value of that stock is materially lower, ie. somewhere in the $7 range, and most likely lower.** 

Bearshit. They have a squeeze on the EV market that is getting A LOT of attention right now. People are finally waking up to it's potential.

&#x200B;

Get fukked Gay Bear",10,2021-01-26 23:07:54
gktt7js,t3_l5fcfh,Delete this,10,2021-01-26 22:48:34
gktte3m,t3_l5fcfh,"I'm in 60 @ 18,10 🚀🚀🚀",9,2021-01-26 22:50:00
gktu6t4,t3_l5fcfh,"From ""his friend"" a.k.a. ""The real investor"" telling him how BB is shit but casually slips in ""we own GME and this can still go up like motherfucker"" a couple of times...please dude",9,2021-01-26 22:56:17
gktt56v,t3_l5fcfh,"WE LIKE THE STONK 


sir this is a facility for adult daycare 

Too many words. No emojis. No positions. Ban. 

Saw words “real investor” and knew it was going to be trash. Let me fuck your daughter then we will talk 

$BB gang 🚀🚀🚀🚀🚀🚀
12.5c 2/5",31,2021-01-26 22:48:01
gkttayp,t3_l5fcfh,What you said are past. How about the fact that they have new established partnership with amazon and baidu? are you going to neglect that?,7,2021-01-26 22:49:20
gkttc0l,t3_l5fcfh,Tl;dr the blacker the berry the sweeter the juice. buy the dip 🚀🚀🚀🚀🚀🚀🚀,8,2021-01-26 22:49:33
gkttgwu,t3_l5fcfh,Get out 🌈🐻riding the  🚀to the moon,6,2021-01-26 22:50:36
gktthi9,t3_l5fcfh,You don’t understand the way of the tards. Two sided conversations don’t matter. What matters is that the tards win. War is war. Wether a side is right or wrong the only thing that matters is victory. So BB to the moon 🚀🚀🚀🚀,6,2021-01-26 22:50:44
gkttced,t3_l5fcfh,Positions ?? Got it Buy BB,7,2021-01-26 22:49:38
gkttv7o,t3_l5fcfh,All I hear is buy BB,6,2021-01-26 22:53:44
gktu5ys,t3_l5fcfh,"Can't read, bought 20 more 🚀🚀🚀🚀",7,2021-01-26 22:56:05
gku5bfk,t3_l5fcfh,"I decided to neglect my retardness and actually read everything and.. Your post is literal trash, I bet your “friend” doesn’t even exist. And your claims aren’t backed up by shit.
Not to mention how you talk like you have a huge agenda you’re trying to shove down our throats? Btw, positions?

Look I hope GME goes up and we autists bully the bullies, but BB is going TO FUCKING NEPTUNE🚀🚀🚀🚀🚀🚀",6,2021-01-27 00:20:21
gkttahc,t3_l5fcfh,Not enough 🚀🚀🚀🚀🚀🚀 bye boomer,5,2021-01-26 22:49:13
gktttkw,t3_l5fcfh,What a trash write up there bud. You should feel ashamed. All your posts are trash and have been wrong anyways. Delete,11,2021-01-26 22:53:22
gktu7e7,t3_l5fcfh,Real investor? Fucking flair then ban this asshat,5,2021-01-26 22:56:24
gkttkwe,t3_l5fcfh,Someone shorted BB yesterday.......,8,2021-01-26 22:51:27
gkttaug,t3_l5fcfh,That was an interesting point of view. what''s your friend take on the recent collaboration with Baidu?,3,2021-01-26 22:49:18
gkttks2,t3_l5fcfh,the fuck does real investor even mean?,3,2021-01-26 22:51:26
gkttprc,t3_l5fcfh,">111 user karma

BEGONE THOT",3,2021-01-26 22:52:31
gkttyph,t3_l5fcfh,7 shares @ 13... It's not much but it was all I had,3,2021-01-26 22:54:29
gktu9dr,t3_l5fcfh,Not a single rocketship. Your wife's boyfriend will miss you dearly on Mars 🚀 🚀 🚀 🚀 🚀 🚀 🚀 🚀 🚀 🚀,3,2021-01-26 22:56:50
gktulxa,t3_l5fcfh,So you friend runs software but specifically appraises stock prices too? Yeah... this post is bullshit,3,2021-01-26 22:59:29
gktupnw,t3_l5fcfh,Move it grandpa,3,2021-01-26 23:00:18
gktvh9p,t3_l5fcfh,"Remember folks, this is your reminder to never trust economists, media outlets, and especially not ""real investors"". Cringe.",3,2021-01-26 23:06:26
gktvkg9,t3_l5fcfh,“Real” investors also shorted GME and lost billions.,3,2021-01-26 23:07:08
gkty8lm,t3_l5fcfh,Baidu means nothing?  Rockets only.,3,2021-01-26 23:27:46
gktsza9,t3_l5fcfh,Thanks for this. Holding BB for now but am looking for good exit point,8,2021-01-26 22:46:42
gktteon,t3_l5fcfh,Look at all this shills in suits heading over here trying to divert attention from our 💎🙌,2,2021-01-26 22:50:07
gkttflh,t3_l5fcfh,IM NOT GOING ANYWHERE,2,2021-01-26 22:50:19
gktun20,t3_l5fcfh,Now THIS is some 🌈🐻 bullshit.,2,2021-01-26 22:59:44
gktuqfh,t3_l5fcfh,"""real investor"" condescending prick.",2,2021-01-26 23:00:28
gktuyzo,t3_l5fcfh,"This guy is a BB shorter, look at all his fucking posts!",2,2021-01-26 23:02:22
gktvqkc,t3_l5fcfh,the market can stay irrational longer than you can stay solvent king just get in and out before the bubble pops 😎,2,2021-01-26 23:08:28
gktxa4q,t3_l5fcfh,"REAL INVESTORS SAYS BUY GME ""MUCH BETTER SETUP"" GOT IT",2,2021-01-26 23:20:27
gktzr15,t3_l5fcfh,Did you really think we were gonna read all of that??,2,2021-01-26 23:38:53
gku69ec,t3_l5fcfh,You buying share with monopoly money?,2,2021-01-27 00:27:20
gku1ulr,t3_l5fcfh,So is BB HOT or NOT so HOT???,1,2021-01-26 23:54:37
gktstwx,t3_l5fcfh,No one gives a shit. Gme or nothing🚀🚀🚀🚀🚀,-7,2021-01-26 22:45:32
gktuoq6,t3_l5fcfh,"Sir, this is a Wendys",1,2021-01-26 23:00:05
gktv6wb,t3_l5fcfh,What the fuck is this noise. 🧻🙌 pure fud Of the sort you can find every day on seeking Alpha that has been 100% wrong and will continue to be wrong. So what just because you bought Gme an Tesla allegedly. Gtfo here. 🌈🌈🌈🌈🌈🐻🐻,1,2021-01-26 23:04:09
gktvbal,t3_l5fcfh,You didn't understand something about the way we do business here. In our sophisticated models we price news that the market will price not before than 1 year,1,2021-01-26 23:05:07
gktvck5,t3_l5fcfh,Not worth the 🧻 it was scrawled on mr. 🌈🐻,1,2021-01-26 23:05:23
gktvluj,t3_l5fcfh,WE LIKE THE STOCK,1,2021-01-26 23:07:27
gktwfmy,t3_l5fcfh,GTFO paper hands,1,2021-01-26 23:13:53
gktwu9i,t3_l5fcfh,"What was your analysis of GME back in the Fall of 2019? Because one fucking guy believed in them, and never backed down from all the negative DD. That guy is now a multi-millionaire.",1,2021-01-26 23:17:02
gktxd5b,t3_l5fcfh,"Thanks OP, you made me punch and break my phone screen. I’m literally shaking with rage. Delete your post.",1,2021-01-26 23:21:04
gktzv7x,t3_l5fcfh,"Real investor- buys GME.

You fucking calculator cunt",1,2021-01-26 23:39:43
gku530r,t3_l5fcfh,"Yo advice from a 'real"" advisor. Eat an ass.",1,2021-01-27 00:18:38
gkusjze,t3_l5fcfh,A stupid investor without visions. BB to the moon 🚀🚀🚀🚀🚀,1,2021-01-27 03:02:45
gkx1h6q,t3_l5fcfh,this guy definitely emailed himself 🌈🐻,1,2021-01-27 13:42:12
gkxqzap,t3_l5fcfh,You are missing the main point that John Chen is a boss and he has and will continue to turn the company around and they will grow a ton imo,1,2021-01-27 19:37:21
gktt6f4,t3_l5fcfh,Even BB released a statement saying they dont know why the stock is up ...,-16,2021-01-26 22:48:19
gktst8s,t3_l5fcfh,Yeah BB is just dumb,-29,2021-01-26 22:45:23
gku367i,t1_gktsucc,"""Real investor"" my ass, OP said [BB will get dumped](https://old.reddit.com/r/wallstreetbets/comments/l170g4/daily_discussion_thread_for_january_20_2021/gjy5t79/) hard a week ago.

OP made [a thread](https://old.reddit.com/r/wallstreetbets/comments/l2ifeh/serious_question_to_bb_gang_should_we_be_worried/) to spread uncertainty when C-execs sold their stocks.

OP's entire post is trash. No doubt, he's just salty he missed the 🚀🚀🚀",38,2021-01-27 00:04:30
glbdzzs,t1_gktsyv8,God damn it im buying more.,1,2021-01-30 09:07:29
gkttfad,t1_gktt0ef,The audacity on OP.... Smh,25,2021-01-26 22:50:15
gkttgjl,t1_gktt0ef,Astronauts🚀🚀🚀🚀,21,2021-01-26 22:50:31
gktttsc,t1_gktt0ef,We are spacemen riding our 🚀 to the moon!,10,2021-01-26 22:53:25
gkwxzd2,t1_gktt0ef,This account and user seems like an outsider.,1,2021-01-27 13:03:57
gktyjl3,t1_gktt22q,"I think this guy just meant someone who does this full time as their job, no need to be so sensitive.",11,2021-01-26 23:30:04
gktwm1z,t1_gktugwt,"This is objectively false. Carplay works on any auto OS, and QNX is getting replaced on multiple model makes that have carplay. This was example he sent me that's recent: [https://www.prnewswire.com/news-releases/fcas-all-new-uconnect-5-global-platform-is-the-most-advanced-uconnect-system-ever-powerful-personalized-connected-and-easy-to-use-300993133.html](https://www.prnewswire.com/news-releases/fcas-all-new-uconnect-5-global-platform-is-the-most-advanced-uconnect-system-ever-powerful-personalized-connected-and-easy-to-use-300993133.html)

 

* Uconnect 5 builds upon a well-established, intuitive user experience (UX) and third-party recognition with **Android's automotive operating system** and processing speeds that are five times faster
* Uconnect expands Alexa ""Home to Car"" functionality to include **in-vehicle Alexa virtual assistant** with natural voice capability and ""Car to Home"" features
* **Wireless Apple CarPlay** and **wireless Android Auto** make connecting and sharing easy",-7,2021-01-26 23:15:16
gktwdcw,t1_gktueah,LOL!!  Poor Melvin.  Guy's going to need a merkin soon!,3,2021-01-26 23:13:24
gktuo4o,t1_gktttkw,Long CRNC at $48 4 months ago was trash? Stocks at $120,-9,2021-01-26 22:59:58
gktv2db,t1_gkttks2,means he blogs for $15/hour,8,2021-01-26 23:03:08
gkvmjrt,t1_gkttyph,"Anything to fight the man, only 26 myself.",1,2021-01-27 06:27:44
gktud6o,t1_gktsza9,"💎🙌

Never sell",3,2021-01-26 22:57:38
gkxr0m7,t1_gkxqzap,fwiw I like BABA also,1,2021-01-27 19:37:50
gkug9mk,t1_gku367i,Even the best investor will make mistakes. You can miss all the TSLA and GME run ups and still get great returns. If you can guess everything right you would be a trillionaire in a few days.,-1,2021-01-27 01:39:27
gku6iu2,t1_gktyjl3,I know you are but what am I?,1,2021-01-27 00:29:16
gktx2ld,t1_gktwm1z,Oh great we are all their announcements with EV’s? Gonna get stung 🌈🐻 by 🐝🐝🚀🚀🚀💎🙌💎🙌,2,2021-01-26 23:18:50
gktvcl2,t1_gktuo4o,Lol you don't even understand prearranged stock sells. Why are you shilling so hard,3,2021-01-26 23:05:24
gkuailv,t1_gku6iu2,man i love this sub  🚀    🚀    🚀    🚀    🚀    🚀    🚀    🚀    🚀    🚀    🚀    🚀    🚀    🚀    🚀    🚀    🚀    🚀    🚀    🚀    🚀    🚀    🚀    🚀    🚀    🚀    🚀    🚀    🚀    🚀    🚀    🚀    🚀    🚀    🚀    🚀    🚀    🚀    🚀    🚀    🚀    🚀    🚀    🚀    🚀    🚀    🚀    🚀    🚀    🚀    🚀    🚀    🚀    🚀    🚀    🚀    🚀    🚀    🚀    🚀    🚀    🚀    🚀    🚀    🚀    🚀    🚀    🚀    🚀    🚀    🚀    🚀    🚀    🚀    🚀    🚀    🚀    🚀    🚀    🚀    🚀    🚀    🚀    🚀    🚀    🚀    🚀    🚀,6,2021-01-27 00:58:15
