comment_id,comment_parent_id,comment_body,comment_score,created_utc
gnup96s,t3_lmdxfe,I recommend “The Complete Idiot’s Guide to Options and Futures”,15,2021-02-18 12:44:59
gnupi83,t3_lmdxfe,"The stock could go down, more than the option premium",9,2021-02-18 12:47:25
gnupohd,t3_lmdxfe,"Great way to make extra weekly income! I’ve been selling covered calls for close to a year and have made close to 1-2K a week.  Besides losing the upside, it would be if these stocks moved down sharply, it would hinder your ability to collect a premium at your potential purchase price...with a long term horizon it may not matter.

Another thing I’ve done is buy leaps and sell uncovered calls against those leaps.",3,2021-02-18 12:49:04
gnupvw0,t3_lmdxfe,"The burden happens if you want to keep the stock and it shoots up, double, to what the covered call was sold out.

Take for example my experience in $PINS.  Bought around 40-45. Sold the covered call @ 55 for \~30 (roughly a month expiration away) days out.  Then rolled I over for a few months at the same 55 strike to 'keep' the stock, the rollover was kinda of pathetic - $.10-.25.  Finally this month I bought the covered call for an obscene amount of money and to cover this 'loss' sold my $PINS.  Sure I made money, but I also think the stock could hit 300-400 eventually...so I wait for another entry point, probably when it bounces against support at 75 (I hope).",2,2021-02-18 12:51:02
gnupw0s,t3_lmdxfe,Youtube bruh,2,2021-02-18 12:51:04
gnus69z,t3_lmdxfe,"Of course it's.going to be deleted.  This is a casino, not a nursery.

r/options -->",2,2021-02-18 13:13:53
gnup5ft,t3_lmdxfe,Are you selling weeklies?,1,2021-02-18 12:43:59
gnupheq,t3_lmdxfe,This sub isn’t to booklearn you on simple concepts,0,2021-02-18 12:47:12
gnup8zm,t3_lmdxfe,Ban,-6,2021-02-18 12:44:56
gnupgvg,t1_gnup96s,![gif](emote|free_emotes_pack|trollface),3,2021-02-18 12:47:04
gnuqq85,t1_gnup96s,LOL,1,2021-02-18 12:59:12
gnus6kh,t1_gnup96s,A COMPLETE idiot wouldn't ask any questions before he commits a big chunk of cash lol... I'm an idiot but smart enough to know it.,1,2021-02-18 13:13:58
gnusbys,t1_gnupi83,"chances of that happening with GOOG or PYPL are pretty slim, and I likely wouldn't sell if the stock dropped anyway unless it went right thru the basement.",1,2021-02-18 13:15:30
gnusjyn,t1_gnupohd,Seems like it can't lose except in some unicorn situation.  Easy money.,1,2021-02-18 13:17:50
gnurbp0,t1_gnupvw0,"Calls are less liquid than shares.
Pricing would be wide between the bid and ask prices.

Instead of buying the option back, how about buying then shares? 
I am buying another 100 shares whenever my OTM covered calls become ITM (a buy signal on an up trend market). Less emotional & cognitive mind share whenever the OTM becomes ITM.",1,2021-02-18 13:05:07
gnuss03,t1_gnus69z,Pretty much already got the info I needed.  I'm easing my way into options :),1,2021-02-18 13:20:10
gnush8q,t1_gnup5ft,that's the plan.,1,2021-02-18 13:17:03
gnus11k,t1_gnupheq,"The concept is simple and I understand it.  I just don't understand why EVERYONE isn't doing it if it's as safe as it seems.  If I only use blue chip stocks there's no harm in holding them, and there's no harm in selling for a moderate gain instead of a big gain if they moon.  I just felt like I might be missing something important here but I guess not.",0,2021-02-18 13:12:23
gnusujl,t1_gnus6kh,It’s an actual book. You can get it pretty cheap used. Despite the name it’s very informative.,1,2021-02-18 13:20:56
gnv4ye6,t1_gnusbys,Some broker software will give you historical rate of return on  covered calls depending on strike and days to expiration. It's always go to do your homework and look at the metrics,1,2021-02-18 15:52:32
gnuu8ky,t1_gnurbp0,"Completely agree with your point.  I \*was\* emotional about the trade, mostly pissed off at myself for not following my rules. I generally don't do covered calls AND when I do I get out of them well before loosing 10x the original sell price.  But I got over it quickly and soon found another thing to get frustrated with myself over.  Sure $ZBRA is a great stock and selling PUTs is a great way to make some scratch...but I didn't avoid their options who has a pretty large gap in the BID/ASK coupled with a low volume? Hard to buy back at times.  And while I didn't loose money - it took me three days to get rid of vertical PUT spread.  Only after I broke up the legs was I able to manage it.",1,2021-02-18 13:35:42
gnusurb,t1_gnuss03,"Bragging you shit up our sub after posting off-topic questions?

Not very courteous to our members...",1,2021-02-18 13:21:00
gnuscac,t1_gnus11k,"if it dips hard you just have to wait until it gets back to your breakeven to sell calls again.  

After Assignment it will cost more to buy it back if it shot up.  

Other than that it’s pretty lucrative. good luck",2,2021-02-18 13:15:36
