comment_id,comment_parent_id,comment_body,comment_score,created_utc
glserks,t3_lb80v9,Finally some gains from someone lol,30,2021-02-03 06:09:33
glsewbl,t3_lb80v9,"Congrats.


and 

FUCK YOU.",18,2021-02-03 06:10:27
glsep44,t3_lb80v9,[deleted],23,2021-02-03 06:09:05
glsexhr,t3_lb80v9,Hit on Amazon as well...which I needed after getting fucked by Apple last week,5,2021-02-03 06:10:41
glsf34a,t3_lb80v9,"hyped on google earnings, congrats dude",5,2021-02-03 06:11:47
glsf4vw,t3_lb80v9,Good job man how much did you invest in GOOG?,2,2021-02-03 06:12:08
glsek4z,t3_lb80v9,"This post was flaired as a YOLO so it's on the YOLO list. [Find more YOLOs here!](https://ns.reddit.com/r/wallstreetbets/search?sort=new&q=flair%3AYOLO&restrict_sr=on&t=da)

Hey /u/chicago1313 the YOLO flair is for big dick trades that you're already in. If you misused the flair please change it. Mods have been notified of this thread.

[Submission Flair Guide](https://www.reddit.com/r/wallstreetbets/wiki/linkflair)

*I am a bot, and this action was performed automatically. Please [contact the moderators of this subreddit](/message/compose/?to=/r/wallstreetbets) if you have any questions or concerns.*",1,2021-02-03 06:08:09
glsjefn,t3_lb80v9,My ninja!!! This GME mess murdered my jan29 3200 AMZN calls.,1,2021-02-03 06:42:46
glxwmga,t3_lb80v9,Bought GOOG 02/05 $1970p  after the news that Australia is no longer supporting Google and post earnings profit taking.  What do you guys think?,1,2021-02-04 10:33:56
glsg48k,t1_glserks,Hahaha...thanks,5,2021-02-03 06:19:01
glsg1lh,t1_glsewbl,Thanks and FUCK you back,6,2021-02-03 06:18:29
gm23g46,t1_glsexhr,Don’t give up on AAPL long term.,1,2021-02-05 08:34:32
glsghdn,t1_glsf34a,Thanks man,2,2021-02-03 06:21:33
glsg3g7,t1_glsf4vw,75k or so based on that picture,2,2021-02-03 06:18:52
glsf37b,t1_glsek4z,Congrats! I wonder how IV will treat you tomorrow.,1,2021-02-03 06:11:48
glsgc2u,t1_glsg3g7,"I had $150k invested initially, became $300k position, sold half (took my investment back) and rode the House Money into earnings 🚀🚀🚀",5,2021-02-03 06:20:32
glsgmbh,t1_glsf37b,Its deep in the money,2,2021-02-03 06:22:32
glsgpvq,t1_glsgc2u,"Nice man, how long have you been investing? I have just started out, made 120% on GME and sold.",-1,2021-02-03 06:23:14
