comment_id,comment_parent_id,comment_body,comment_score,created_utc
hi9f2r6,t3_qgzy3s,"
**User Report**| | | |
:--|:--|:--|:--
**Total Submissions**|30|**First Seen In WSB**|8 months ago
**Total Comments**|13|**Previous DD**|[x](https://www.reddit.com/r/wallstreetbets/comments/lnicbh/fluor_corp/) [x](https://www.reddit.com/r/wallstreetbets/comments/m1ajwm/clne_make_money_and_save_the_planet/) [x](https://www.reddit.com/r/wallstreetbets/comments/nrhxte/clne_good_for_your_account_and_good_for_the/) 
**Account Age**|8 months|[^scan ^comment ](https://www.reddit.com/message/compose/?to=VisualMod&subject=scan_comment&message=Replace%20this%20text%20with%20a%20comment%20ID%20(which%20looks%20like%20*h26cq3k*)%20to%20have%20the%20bot%20scan%20your%20comment%20and%20correct%20your%20first%20seen%20date.)|[^scan ^submission ](https://www.reddit.com/message/compose/?to=VisualMod&subject=scan_submission&message=Replace%20this%20text%20with%20a%20submission%20ID%20(which%20looks%20like%20*h26cq3k*)%20to%20have%20the%20bot%20scan%20your%20submission%20and%20correct%20your%20first%20seen%20date.)
**Vote Spam (NEW)**|[Click to Vote](https://www.reddit.com/message/compose/?to=VisualMod&subject=vote_spam&message=qgzy3s)|**Vote Approve (NEW)**|[Click to Vote](https://www.reddit.com/message/compose/?to=VisualMod&subject=vote_approve&message=qgzy3s)",1,2021-10-28 00:01:18
hi9k1yv,t3_qgzy3s,If SPOT employees keep walking out or threatening every time Rogen has a guest they don't like it could become a cluster.  CEO needs to send the same Netflix message.,1,2021-10-28 00:34:39
