comment_id,comment_parent_id,comment_body,comment_score,created_utc
h9lyic7,t3_p7sgwc,"
**User Report**| | | |
:--|:--|:--|:--
**Total Submissions**|3|**First Seen In WSB**|1 month ago
**Total Comments**|67|**Previous DD**|
**Account Age**|3 years|[^scan ^comment ](https://www.reddit.com/message/compose/?to=VisualMod&subject=scan_comment&message=Replace%20this%20text%20with%20a%20comment%20ID%20(which%20looks%20like%20*h26cq3k*)%20to%20have%20the%20bot%20scan%20your%20comment%20and%20correct%20your%20first%20seen%20date.)|[^scan ^submission ](https://www.reddit.com/message/compose/?to=VisualMod&subject=scan_submission&message=Replace%20this%20text%20with%20a%20submission%20ID%20(which%20looks%20like%20*h26cq3k*)%20to%20have%20the%20bot%20scan%20your%20submission%20and%20correct%20your%20first%20seen%20date.)",1,2021-08-20 09:42:12
h9lymiy,t3_p7sgwc,Sir do you see what subreddit you are on,37,2021-08-20 09:43:08
h9lyvr1,t3_p7sgwc,You mean we should buy Coca Cola calls and wait years for the stock to go up 1$,10,2021-08-20 09:45:10
h9m1ic7,t3_p7sgwc,Who told their dad about WSB?,6,2021-08-20 10:06:07
h9lyv9n,t3_p7sgwc,"All I read was yolo on sofi, done",12,2021-08-20 09:45:03
h9lyyi8,t3_p7sgwc,buy calls on $YOLO - great company,5,2021-08-20 09:45:46
h9lz6rc,t3_p7sgwc,subtle pump and dump yo,3,2021-08-20 09:47:33
h9m1c5p,t3_p7sgwc,This sub has really gone down the drain huh? We even allow responsible investment advice?,3,2021-08-20 10:04:45
h9lzawp,t3_p7sgwc,What's a K-10?,2,2021-08-20 09:48:28
h9lyv64,t3_p7sgwc,Great find. Just used my entire account to buy $YOLO weekly calls let’s hope this works out!,2,2021-08-20 09:45:02
h9m02fn,t3_p7sgwc,"Hey fuck you, man.",1,2021-08-20 09:54:37
h9lzf3x,t3_p7sgwc,$YOLO 🚀 got it.,1,2021-08-20 09:49:25
h9m058h,t3_p7sgwc,What part of YOLO means sound financial decision making…,1,2021-08-20 09:55:14
h9m07pt,t3_p7sgwc,So happy the apes died off.,1,2021-08-20 09:55:47
h9m093t,t3_p7sgwc,I’m too fat to run a 10K bro.,1,2021-08-20 09:56:06
h9m0ozy,t3_p7sgwc,Wtf a k10?,1,2021-08-20 09:59:37
h9m17m3,t3_p7sgwc,"Seems this guy is referring to me, yes! me. I yoloed without DD, fucked my portfolio up.",1,2021-08-20 10:03:43
h9m1hpt,t3_p7sgwc,You're not the boss of me,1,2021-08-20 10:05:59
h9m1hyv,t3_p7sgwc,[removed],1,2021-08-20 10:06:03
h9m1qzf,t3_p7sgwc,He’s not wrong.,1,2021-08-20 10:08:03
h9m20th,t3_p7sgwc,I'ma bout to DD on SoFi...I reckon to da moooon,1,2021-08-20 10:10:14
h9m2isq,t3_p7sgwc,Apes are illiterate…. Just FYI,1,2021-08-20 10:14:19
h9lyt2z,t1_h9lymiy,🤣,3,2021-08-20 09:44:35
h9m22gb,t1_h9lymiy,🦍💎🤟🚀💰💥☠️,1,2021-08-20 10:10:36
h9m2mif,t1_h9lymiy,"I didn't read this post, what am I supposed to be YOLO'ing",1,2021-08-20 10:15:08
h9lz53z,t1_h9lyyi8,"lol, I just did my DD (google).  YOLO is a pot etf, my bad",2,2021-08-20 09:47:12
h9lzaxk,t1_h9lzawp,"I've never read a K-10, but I've pet plenty of k9s.

*I am a bot, and this action was performed automatically. Please [contact the moderators of this subreddit](/message/compose/?to=/r/wallstreetbets) if you have any questions or concerns.*",4,2021-08-20 09:48:28
h9m43es,t1_h9lzawp,That's like when I dropped out of highschool after 10th grade,2,2021-08-20 10:27:09
h9m0p0k,t1_h9m0ozy,"I've never read a k10, but I've pet plenty of k9s.

*I am a bot, and this action was performed automatically. Please [contact the moderators of this subreddit](/message/compose/?to=/r/wallstreetbets) if you have any questions or concerns.*",1,2021-08-20 09:59:37
h9m1os9,t1_h9m1hyv,Give me that shit in Olde English font and I'm in,2,2021-08-20 10:07:33
h9lzc69,t1_h9lzaxk,😎,1,2021-08-20 09:48:45
h9m0zzh,t1_h9lzc69,off to the dog track for some investing.  my DD says the black one with white patches named strangle.,2,2021-08-20 10:02:05
