comment_id,comment_parent_id,comment_body,comment_score,created_utc
gppqybx,t3_lxyc98,"PLTR is not a cloud columnar database product, it should not be compared to SNOW",8,2021-03-05 07:52:09
gppos7o,t3_lxyc98,I think it’s super overvalued for what it does not even considering the PE,8,2021-03-05 07:33:46
gppp2ix,t3_lxyc98,PLTR is the way,18,2021-03-05 07:36:11
gppub35,t3_lxyc98,"My fundamental issue with $SNOW is that their valuation is bonkers. The earnings were alarming as well - losses are growing proportionately with the revenue, suggesting that their structural problems have not been addressed yet. They can grow more, but if the market gets less frothy they may get a hard wake-up call. For now, I did a bearish bet on the earnings and got a good profit out of it (3/19 230p, bought at 4.5, sold at 11.5). In the ocean of red today, it prevented a margin call. Medium and long term, there is too much uncertainty to make it for me a stock to bet big on.",5,2021-03-05 08:20:41
gppszy5,t3_lxyc98,"AWS/Azure/GCP will always win the cost battle. Unless SNOW is planning on getting in infrastructure game, margins will remain paper thin after paying off the big daddies for HW. 

The situation is worse for SNOW because each one of those vendors have real skin in the OLAP game with Redshift/Synapse/BigQuery. 

I am actually bullish on their tech. So yes, I expect to see definite growth in the near term but their operational expenses will remain ridiculously high. I expect they would be a prime acquisition target in 3-5 years after the growth eventually slows down.",4,2021-03-05 08:09:41
gppo9on,t3_lxyc98,I don't know but $CUM is the next $GME,6,2021-03-05 07:29:30
gppoqc7,t3_lxyc98,Huge loss 75 billion market cap.. They had a total of 200 million in sales... They paid their ceo 300 million.. I just posted proof on another forum.. With the attached photo paying that loser 108 million monthly... Higher than sales,6,2021-03-05 07:33:20
gppnjbb,t3_lxyc98,"Sir, this is a catnip lounge.

*I am a bot, and this action was performed automatically. Please [contact the moderators of this subreddit](/message/compose/?to=/r/wallstreetbets) if you have any questions or concerns.*",2,2021-03-05 07:23:22
gppoai1,t3_lxyc98,Unfortunately that report was horrible... Don't kill the messenger,1,2021-03-05 07:29:42
gpptt5x,t3_lxyc98,Drain.. Its melting atm.,1,2021-03-05 08:16:32
gpputue,t3_lxyc98,"spring is coming and that means snow melts, sorry I'm out",1,2021-03-05 08:25:01
gpqjyv9,t3_lxyc98,fkn SNOW calls wrkd me today!  too risky to play earnings these days!!!,1,2021-03-05 12:07:50
gppsgmy,t3_lxyc98,"This should be very helpful for people
https://www.reddit.com/r/UltimateTraders/comments/lw03sn/do_not_look_just_at_headlines_of_an_earnings/?utm_medium=android_app&utm_source=share",0,2021-03-05 08:05:09
gppoy20,t3_lxyc98,[deleted],0,2021-03-05 07:35:07
gpptujv,t3_lxyc98,Winter is almost over. Puts on $SNOW.,0,2021-03-05 08:16:51
gppv7im,t1_gppqybx,This. :3,2,2021-03-05 08:28:15
gppqrgr,t1_gppos7o,"Yes, I think it's overvalued, but it is a growth story. When ZM was going up it was way f'n overvalued I even sold before it went to the moon before the covid crash.  
The tech behind it is real though and the customers are big ones betting their business on that tech. Customers move in slow like dinosaurs because it's the backoffice stuff migrating.",1,2021-03-05 07:50:30
gppuy3j,t1_gppp2ix,"IDK, PLTR doesn't grow revenue as fast. But I think I want to hold some yeah :)

2018: 650M  
2019: 740M  
2020: 1.1B  
2021: 1.4B (projected)

vs  
2018: ?,  
2019: 97M,  
2020: 265M,  
2021: 1B (projected)",-5,2021-03-05 08:26:02
gppwpx1,t1_gppub35,"Good analysis and congrats on the play. That's why I'm HOLD but not SELL or BUY... Hence the cautious bull. The question is what kind of news to go green? Meanwhile I can sell covered calls on my positions to get some ![img](emote|wsb_emojis|tendies) while waiting for a move :P  


Maybe they let go of expenses because they raked in $3B with the IPO so they can be more aggressive?

I'll have to watch if this changes. The rational behind losses I heard is capturing market shares by hiring tons of sales and just going at it. The R&D costs I believe stay rather small. The customer retention/loyalty is very high. Compare to oracle where I heard  customers are tired of them because they feel they get screwed.",2,2021-03-05 08:41:14
gppxm0i,t1_gppszy5,"Actually, not quite I think: The business units are separate and so they have to give the same pricing internally as well as externally to not be in a weird monopoly situation. Furthermore Snow is a partner with them as well as a competitor so they play nice with each other. And the pricing depends on the infrastructure used, so now you have the big 3 competing on pricing with a tangible metric.  
And no, I doubt they'll consider getting infrastructure.  And I think they'll be too expensive to buy in 3 years. They already have $CRM and $BRK invested in them.",1,2021-03-05 08:48:53
gppu0h1,t1_gppo9on,"If you want to get your hands dirty, sure touch the $CUM.",4,2021-03-05 08:18:13
gpprfwn,t1_gppoqc7,"No doubt the CEO's way too rich for such a short tenure.  
IDK why he'd need a paycheck?! he's got billions just from the stock holdings, not counting the billions from his previous positions with ServiceNow and DataDomain IPOs.  
Can you share your forum post?",1,2021-03-05 07:56:18
gppoj1n,t1_gppoai1,Can you elaborate on the horrible part? I'd like to know. :),1,2021-03-05 07:31:38
gppxoug,t1_gpputue,"No ice cream, and no snow cone for you!",2,2021-03-05 08:49:34
gpqvg8y,t1_gpqjyv9,"Playing bullish on earnings that are super anticipated, while the market's red is ballsy.",1,2021-03-05 14:14:38
gppttfb,t1_gppoy20,"This is a B2B service, not for small businesses.

The database is queried with SQL indeed, and that's a strength, and the output on screen like all databases will be boring rows of results. However that's not what matters for that part of the business: Everything's plumbed together with ETL stages, and queries that feed into other tools as needed. It's all about crunching TB or PB of data to make complicated correlations. The user interfaces are just there to prototype and run one-of queries, not run a business.

For data scientists the data would be fed into 3rd party, like python, R or GUI tools like Tableau to generate charts, via existing ""connectors"".

The things I consider is there's a vast amount of legacy data and processes in companies that are all databases and SQL scripts that need to be migrated. You can't move any of that without the compatibility.

I think that's why there's no direct comparison to PLTR which offers tools to build from scratch your analytics. Furthermore I don't believe a small business would be the target customer for Palantir either. If anything Palantir will pull data from Snowflake as one of its many inputs.

If anything  small businesses would buy integrated solutions. These solutions can be implemented on top of Snowflake. In fact companies are created on top of Snowflake's infrastructure now. Would you expect a small business to run Oracle. no. A fortune 500 company? yes.",2,2021-03-05 08:16:35
gppvfrh,t1_gpptujv,"Or maybe it's an indian summer, and there's some late skiing to be had.  
I was mad when ski resorts closed down in march the day a mega snow storm hit with fresh pow. D:",2,2021-03-05 08:30:10
gpwwtwj,t1_gpptujv,"Hah:  
""After a mild start to March, a transition to a more active weather pattern will begin this weekend and likely continue for much of next week...  A fast-moving Pacific storm will bring snow to the Sierra late tonight into Saturday morning... with a brief period of **intense 1-2 inch per hour snowfall rates** possible from 2 am to 6 am... Localized accumulations **up to 8 inches** will be possible ... Snow will likely end just after sun""",1,2021-03-06 18:13:20
gps5yml,t1_gppxm0i,"It truly boils down to margins.

Business unit separation is fallacy. It is quite common for one business unit to show loss for extended period because technically other unit is covering. Money doesn't leave AWS when Amazon sells Redshift at a significant loss. Money actually leaves SNOW when they sell at a loss.

There just isn't enough margin to sustain the long term profitability. You also have keep in mind that growth will slow down to a crawl the moment they are done scooping up the Oracle/IBM disenfranchised customers. Granted those are dinosaurs but still command a significant mindshare with relationships that have been built over quite literally decades. After that there is nothing left to show to the market either.

In the end, they sell a data warehouse. Period. If there is one commodity in software industry, it is database. There is stiff competition from big players as well as straight up open source. I hate to say this but right now SNOW is a one-trick pony. A really well done and refreshingly user friendly one-trick pony - but a one-trick pony nonetheless. 

Now, I have seen their recent moves as they are trying to ""diversify"" into high-value solutions like ""analytics"" or ""data platform"" but reality is that it is not going to come naturally. It is like asking Walmart to start selling Prada overnight. 

I really do believe acquisition in the near-to-mid term is their only out unless they significantly ramp up the high-value story and beef up their portfolio with some acquisitions of their own within the next couple of years.",2,2021-03-05 23:33:21
gpprn4i,t1_gpprfwn,"OK I hope I do f get banned.. I already got banned from a few forums... When I saw this I was shocked too

https://www.reddit.com/r/UltimateTraders/comments/lxo9bh/ridiculous_snow_ceo_was_just_on_cnbc_with_his/?utm_medium=android_app&utm_source=share",2,2021-03-05 07:58:01
gppttg6,t1_gppttfb,"I'M RECLAIMING MY TIME!!!


*I am a bot, and this action was performed automatically. Please [contact the moderators of this subreddit](/message/compose/?to=/r/wallstreetbets) if you have any questions or concerns.*",2,2021-03-05 08:16:36
gppyj6m,t1_gpprn4i,"Banned for sharing ? Also: News are lies right? Was that a paycheck or just his stock holdings going up a few bucks during the month?  


[https://www.bloomberg.com/news/articles/2020-12-04/snowflake-ceo-collects-a-95-million-payout-every-month](https://www.bloomberg.com/news/articles/2020-12-04/snowflake-ceo-collects-a-95-million-payout-every-month)  


Looks like it's a stock option compensation package, not a salary. And $375,000 annual base salary which is nothing , why is it not zero.",0,2021-03-05 08:56:52
gppz153,t1_gppyj6m,My friend that's the definition of a shill company.. Do it as you will.. Compensation packages are great for the company and insiders horrible for shareholders... They are aware of bubble prices.. I like the growth I'll go in at a 25 billion valuation or 80 a share... If not no problem my watch lists have 800 tickers and most are real companies... Just being honest don't shoot the messenger... I've been in this game 26 years I can spot a shill company from miles away... And it's stupid alot of people are afraid of him... Now was great and definitely not because of him... At the same time I can't blame him but it's a joke when they spew lies on TV.... Man the acb ceo the other day.... The lmnd ceo... They made me laugh,3,2021-03-05 09:01:08
gppz5mk,t1_gppyj6m,"And I was banned permanently on stockmarkert forum for sharing
I was banned 90 days on stocks for spam.... I'm not liked if I go against a beloved stock",1,2021-03-05 09:02:11
gpqv6nl,t1_gppz5mk,"I like the stock and I feel I know the company a bit better than you, however I might be too close to be realistic too!  
I am happy to listen to your arguments against - that how you form a less biased opinion. :)",2,2021-03-05 14:11:13
