comment_id,comment_parent_id,comment_body,comment_score,created_utc
h6qy9j2,t3_osuhbi,"
**User Report**| | | |
:--|:--|:--|:--
**Total Submissions**|4|**First Seen In WSB**|2 months ago
**Total Comments**|3|**Previous DD**|
**Account Age**|10 years|[^scan ^comment ](https://www.reddit.com/message/compose/?to=VisualMod&subject=scan_comment&message=Replace%20this%20text%20with%20a%20comment%20ID%20(which%20looks%20like%20*h26cq3k*)%20to%20have%20the%20bot%20scan%20your%20comment%20and%20correct%20your%20first%20seen%20date.)|[^scan ^submission ](https://www.reddit.com/message/compose/?to=VisualMod&subject=scan_submission&message=Replace%20this%20text%20with%20a%20submission%20ID%20(which%20looks%20like%20*h26cq3k*)%20to%20have%20the%20bot%20scan%20your%20submission%20and%20correct%20your%20first%20seen%20date.)",1,2021-07-28 04:26:07
h6qyl1x,t3_osuhbi,Just another ridiculous set of numbers…,13,2021-07-28 04:28:28
h6r4nad,t3_osuhbi,"Google, Apple, Microsoft, and AMD all crush every estimate. 

It’s almost as if the market isn’t over valued when over 50% of the market cap is companies that generate profits/margins unlike any company we’ve ever seen before.",10,2021-07-28 05:13:27
h6r2qid,t3_osuhbi,"I am sure YouTube ads - before, after and in-middle of a song is helping my portfolio. Win-win",7,2021-07-28 04:59:26
h6qyk5z,t3_osuhbi,"Priced in, theta gang wins thanks for playing",13,2021-07-28 04:28:16
h6r2o7m,t3_osuhbi,"sooooooo, what you're saying is it's gonna be a red day, cus as far as I can gather the opposite of whatever reasonable thing is supposed to happen, happens.",2,2021-07-28 04:58:58
h6r94p2,t3_osuhbi,So wait. It crushed earnings and revenue up 68% from last year. Stock is up 83% from last year. Isn't that baked in?,2,2021-07-28 05:46:14
h6qzm80,t3_osuhbi,I should have bought some..... fckkkkkkkkkkkkkkkk,1,2021-07-28 04:36:11
h6qy4l0,t3_osuhbi,"You've marked this submission as an earnings thread. It's important that your post contains earnings estimates and is updated when the actual earnings are released. If this is just a simple discussion or question thread, please change the flair.

*I am a bot, and this action was performed automatically. Please [contact the moderators of this subreddit](/message/compose/?to=/r/wallstreetbets) if you have any questions or concerns.*",1,2021-07-28 04:25:07
h6qzvrz,t3_osuhbi,Was googles numbers last year really affected that much though?,1,2021-07-28 04:38:11
h6r7gk8,t1_h6r4nad,I mean it still overvalued,-6,2021-07-28 05:33:53
h6r9gte,t1_h6r94p2,Always has. Baked. Fried. Wok’d.,1,2021-07-28 05:48:42
h6r9wus,t1_h6r94p2,"if you look at all these top tech stock crashing earning one after another, but tank afterward. Everything is baked in current market environment.",1,2021-07-28 05:51:59
h6r15yo,t1_h6qzm80,It's still net down from close yesterday. Ship it.,7,2021-07-28 04:47:46
h6r7dw3,t1_h6qzm80,Lol. It will go down. It always does after earnings.,1,2021-07-28 05:33:21
