comment_id,comment_parent_id,comment_body,comment_score,created_utc
ghtfw97,t3_kovjxc,Jesus this is so dumb it might work. I’m in,122,2021-01-02 18:50:55
ghtfvd4,t3_kovjxc,Match group. Could create something like from the episode “hang the dj”,38,2021-01-02 18:50:27
ghtkeme,t3_kovjxc,You'll need 5g and chips to power everything. I would add TSM and your favourite telecom. Maybe a fiber optic company too (LUMN? lol),20,2021-01-02 20:11:39
ghthtuv,t3_kovjxc,Love it. You should write for Business Insider.,15,2021-01-02 19:26:02
ghtg2fk,t3_kovjxc,How much have you smoked tonight?,17,2021-01-02 18:54:01
ghu7osl,t3_kovjxc,"Blockbuster Video, for the tracking of video rental preferences, monitoring video checkout out times, return times, late fees etc.",7,2021-01-03 00:41:54
ghtglwc,t3_kovjxc,Black Mirror really went to shit last season,23,2021-01-02 19:03:54
ghth7iz,t3_kovjxc,The only one that matters is darpa,4,2021-01-02 19:14:52
ghto362,t3_kovjxc,IBM for the vaccine digital passport,3,2021-01-02 21:09:27
ghu5mjn,t3_kovjxc,sound like an easy listicle to publish on buzzfeeed for $20.,3,2021-01-03 00:23:24
ghu302h,t3_kovjxc,This feels like a new corporation style cult brewing... im in,2,2021-01-02 23:59:20
ghud2st,t3_kovjxc,Match is no longer owned by IAC though. It's a separate publicly traded company now,2,2021-01-03 01:27:55
ghz9843,t3_kovjxc,NVDA rendering the metaverse and also AI,2,2021-01-04 02:35:14
ghth10x,t3_kovjxc,[deleted],1,2021-01-02 19:11:35
ghudlto,t3_kovjxc,NVDA? AI boom. + Data centers.,1,2021-01-03 01:32:21
ghuq9ug,t3_kovjxc,The episode roaches could become reality so invest in myriad and regeneron for a altered genetic future,1,2021-01-03 03:20:01
ghv2tow,t3_kovjxc,Clearly MySpace is going to revolutionize social media,1,2021-01-03 05:07:13
ghv7064,t3_kovjxc,"Which company will let me brew up in our bathtub a copy of my wife who is the best looking version of her, will do whatever I tell her to do and all of her sex cues are taken from porn?  


That company's stonk will go past the moon and out of the solar system.",1,2021-01-03 05:43:34
ghvl8h0,t3_kovjxc,$GME gettin fucked by Games,1,2021-01-03 07:48:27
ghvvmaq,t3_kovjxc,Definitely add a gun stock like Smith and Wesson,1,2021-01-03 09:22:08
ghvwwp3,t3_kovjxc,If another Elon company goes pubic it’s an auto buy for me idgaf what it is,1,2021-01-03 09:34:09
ghw72lj,t3_kovjxc,Boston dynamics,1,2021-01-03 11:11:06
ghzoljt,t3_kovjxc,"Good job this is great, now buy some leaps and forget about it.",1,2021-01-04 04:33:01
gi027gv,t3_kovjxc,Definitely add genomic editing for those designer supersoldier babies. Probably CRISPR is most obvious,1,2021-01-04 06:15:48
ghu6i8a,t3_kovjxc,"Drop google; their AI has stalled out. They used to be cutting edge; NO LONGER. All in on FB

I See that company as the next NBC. Decades of profits and obscene amounts of money, while they slowly dwindle into irrelevance",1,2021-01-03 00:31:19
ghtyh3e,t1_ghtfvd4,"Hanggg the dj

Hanggg the djjj 

Hanggg the djjj",9,2021-01-02 23:14:46
ghtgprk,t1_ghtfvd4,Love that episode.,5,2021-01-02 19:05:52
ghu9476,t1_ghtkeme,"ASML too, they basically provide every machine TSM uses",6,2021-01-03 00:53:47
ghtjgbu,t1_ghtg2fk,7,31,2021-01-02 19:54:56
ghu5mpw,t1_ghtglwc,To cover the latest season we need porn and video game companies,7,2021-01-03 00:23:26
ghuii98,t1_ghtglwc,Have you watched Love Death + Robots?,6,2021-01-03 02:13:30
ghtpex8,t1_ghth7iz,Snake? SNAKE?? SNAKEEEEEE!!!!!!,6,2021-01-02 21:27:55
ghuqsi2,t1_ghto362,Known traveller?! GOOGLE and Facebook!,2,2021-01-03 03:24:29
gi1v0cd,t1_ghz9843,Added,1,2021-01-04 16:45:15
gi20mga,t1_ghu6i8a,Check Deepmind announcement on Protein folding. Doesn't look stalled out to me.,1,2021-01-04 18:21:15
ghuq6fg,t1_ghtjgbu,Over 9000!!!!!!,-1,2021-01-03 03:19:14
ghui5cy,t1_ghu5mpw,GME?,6,2021-01-03 02:10:32
ghuq93g,t1_ghu5mpw,RICK's hospitality?,2,2021-01-03 03:19:51
ghujgrq,t1_ghuii98,"No.... 

Should I?",1,2021-01-03 02:21:35
gi3o9w8,t1_gi20mga,"That was huge, and so was the Starcraft performance they showed like a year ago.",2,2021-01-05 04:05:47
ghui7nq,t1_ghui5cy,Perfect.,5,2021-01-03 02:11:03
ghuke4o,t1_ghujgrq,"Half of them are shit but the other half are amazing, can recommend",8,2021-01-03 02:29:26
ghum2hu,t1_ghujgrq,Aninated series made by the Black Mirror team. I loved most of the episodes and others are meh.,3,2021-01-03 02:43:54
ghuqdmp,t1_ghuke4o,"Sonnies ... neuralink
Aquila ... virgin galactic",2,2021-01-03 03:20:55
ghyx0sr,t1_ghuke4o,"Yes, definate watch.  I now want to go back and rewatch. Wish they would do a second one.",1,2021-01-04 01:04:21
ghunw05,t1_ghum2hu,I’ll check it out and report back 🤔,3,2021-01-03 02:59:31
ghvo4si,t1_ghunw05,Check years and years as well.,2,2021-01-03 08:14:11
