comment_id,comment_parent_id,comment_body,comment_score,created_utc
gw3709v,t3_mzwt1g,"News posts **must be market moving** and contain **new** information. Please avoid editorializing the title. 

If your post doesn't meet the requirements above, please delete the thread before a mod sees it.

*I am a bot, and this action was performed automatically. Please [contact the moderators of this subreddit](/message/compose/?to=/r/wallstreetbets) if you have any questions or concerns.*",1,2021-04-28 03:43:42
gw371mc,t3_mzwt1g,"I am a bot from /r/wallstreetbets. News should be a screenshot or link to a news story, can't be a selfpost.",1,2021-04-28 03:43:59
