comment_id,comment_parent_id,comment_body,comment_score,created_utc
h0cmfya,t3_nqtspz,This is gonna rocket soon once more people learn about it.,5,2021-06-03 03:26:24
h0cnwwc,t3_nqtspz,I prefer TLRY. They got the goods ready once weed gets legalized in the United States.,4,2021-06-03 03:36:48
h0cl94x,t3_nqtspz,Sndl,5,2021-06-03 03:18:02
h0co7l6,t3_nqtspz,I think amazon will become the amazon of weed,3,2021-06-03 03:38:54
h0cnrmm,t3_nqtspz,SNDL AND TILRAY 🚀🚀🚀🚀🚀🚀🚀🔝💲🔝💲🔝💲🔝💰💰💰💰💰🔝,2,2021-06-03 03:35:45
h0clv6a,t3_nqtspz,Hmm okay,1,2021-06-03 03:22:20
h0cn6q5,t3_nqtspz,I heard about weedmaps last year from a Canadian. If its available through my broker I'll get it,1,2021-06-03 03:31:41
h0co83x,t3_nqtspz,"RemindMe! 1 Week ""$MAPS""",1,2021-06-03 03:39:01
h0cpl0s,t3_nqtspz,"I've been using weedmaps for a couple years now. Good app. I like this. Ya son of a bitch, I'm in.",1,2021-06-03 03:48:23
h0cpza8,t3_nqtspz,When? Original post deleted,1,2021-06-03 03:51:06
h0cudmg,t3_nqtspz,Maps like “pro star holdings tsxv” trading at 0.68?,1,2021-06-03 04:21:21
h0con8r,t1_h0cnwwc,"Good to have exposure to a wide array of stocks in this space. We’re just getting started in the secular trend of weed legalization. I have exposure to TLRY, SSPK, and CRON.",1,2021-06-03 03:41:54
h0cmqba,t1_h0cl94x,Meh 😑,-1,2021-06-03 03:28:27
h0coozc,t1_h0co7l6,They’ll do it via acquisition.,2,2021-06-03 03:42:15
h0ird0i,t1_h0co83x,"I will be messaging you in 7 days on [**2021-06-09 19:39:01 UTC**](http://www.wolframalpha.com/input/?i=2021-06-09%2019:39:01%20UTC%20To%20Local%20Time) to remind you of [**this link**](https://www.reddit.com/r/wallstreetbets/comments/nqtspz/maps_will_become_the_amazon_of_weed/h0co83x/?context=3)

[**CLICK THIS LINK**](https://www.reddit.com/message/compose/?to=RemindMeBot&subject=Reminder&message=%5Bhttps%3A%2F%2Fwww.reddit.com%2Fr%2Fwallstreetbets%2Fcomments%2Fnqtspz%2Fmaps_will_become_the_amazon_of_weed%2Fh0co83x%2F%5D%0A%0ARemindMe%21%202021-06-09%2019%3A39%3A01%20UTC) to send a PM to also be reminded and to reduce spam.

^(Parent commenter can ) [^(delete this message to hide from others.)](https://www.reddit.com/message/compose/?to=RemindMeBot&subject=Delete%20Comment&message=Delete%21%20nqtspz)

*****

|[^(Info)](https://www.reddit.com/r/RemindMeBot/comments/e1bko7/remindmebot_info_v21/)|[^(Custom)](https://www.reddit.com/message/compose/?to=RemindMeBot&subject=Reminder&message=%5BLink%20or%20message%20inside%20square%20brackets%5D%0A%0ARemindMe%21%20Time%20period%20here)|[^(Your Reminders)](https://www.reddit.com/message/compose/?to=RemindMeBot&subject=List%20Of%20Reminders&message=MyReminders%21)|[^(Feedback)](https://www.reddit.com/message/compose/?to=Watchful1&subject=RemindMeBot%20Feedback)|
|-|-|-|-|",1,2021-06-04 10:47:34
