comment_id,comment_parent_id,comment_body,comment_score,created_utc
glno35a,t3_laffx6,God finally something that looks like it would be in original wsb. Gl op,78,2021-02-02 06:12:58
glnnj7j,t3_laffx6,A non GME play? Good job bro,27,2021-02-02 06:09:01
glnof0j,t3_laffx6,"Its like something in the news that is not about corona. 


But instructions unclear. Bought more Gme 🚀🚀🚀🚀🚀",18,2021-02-02 06:15:18
glnmlfm,t3_laffx6,"Nice

A big bet on something not GME

I like it",17,2021-02-02 06:02:27
glnmadi,t3_laffx6,SHAME!,12,2021-02-02 06:00:19
glnn993,t3_laffx6,"THAT'S MY SHIT RIGHT THERE. IT'S GOOG TO BE THE KING. FUCK THE MEMERS, OP, I SALUTE YOU.",6,2021-02-02 06:07:04
glnmwwm,t3_laffx6,GME retards mad,5,2021-02-02 06:04:40
glnm7de,t3_laffx6,"This post was flaired as a YOLO so it's on the YOLO list. [Find more YOLOs here!](https://ns.reddit.com/r/wallstreetbets/search?sort=new&q=flair%3AYOLO&restrict_sr=on&t=da)

Hey /u/chicago1313 the YOLO flair is for big dick trades that you're already in. If you misused the flair please change it. Mods have been notified of this thread.

[Submission Flair Guide](https://www.reddit.com/r/wallstreetbets/wiki/linkflair)

*I am a bot, and this action was performed automatically. Please [contact the moderators of this subreddit](/message/compose/?to=/r/wallstreetbets) if you have any questions or concerns.*",3,2021-02-02 05:59:45
glnn6ih,t3_laffx6,GME retards crying after 30% loss. Will be more entertaining when the entire loss porn filming is complete 🤣🤣🤣,-1,2021-02-02 06:06:32
glnn04k,t3_laffx6,this is not gme,-10,2021-02-02 06:05:17
glrdr18,t3_laffx6,Sell. I held my FB calls thru earnings and lost over $1200 value on each contract because the dip after earnings was HARSH,0,2021-02-03 02:07:34
glnn105,t3_laffx6,Fucking scab!,-13,2021-02-02 06:05:27
glnmyps,t3_laffx6,Potty mouth!,-4,2021-02-02 06:05:01
glnrxbr,t1_glno35a,"Dude, I came here to comment the exact same thing. I hate that the only posts on WSB anymore are the meme stocks. That’s not what WSB was like in the olden days 😔",32,2021-02-02 06:39:22
glo15ks,t1_glno35a,Thanks man,4,2021-02-02 07:46:23
glnnv7f,t1_glnnj7j,"Thanks, something fresh... so tired of this GME bullshit",13,2021-02-02 06:11:24
glnmpq0,t1_glnmlfm,"Fuck GME, lets move on",-24,2021-02-02 06:03:17
glnmhuo,t1_glnmadi,Fuck you too,-3,2021-02-02 06:01:45
glnngb4,t1_glnn993,Thanks💪,2,2021-02-02 06:08:26
glnnlrg,t1_glnn6ih,"As I said, Fuck GME... more money to be made elsewhere",4,2021-02-02 06:09:31
glsb594,t1_glnn04k,Shut the fuck up,3,2021-02-03 05:44:55
glnnqz5,t1_glnn105,Thanks! Fuck you too,13,2021-02-02 06:10:33
glox0t5,t1_glnrxbr,"You mean 2 months ago, before we got all these retadees.",8,2021-02-02 12:02:23
glnnpa0,t1_glnmpq0,"You're downvoted but I'm sick of it too, GME is great but I miss the old wsb with shit like this.... congrats and fuck you. The loss porn today is pretty good though.",17,2021-02-02 06:10:13
glnmu5s,t1_glnmpq0,[removed],1,2021-02-02 06:04:07
glnny3c,t1_glnnlrg,Well u gonna clue us in as to where?,-4,2021-02-02 06:11:58
gm23s01,t1_glox0t5,"We are all retards! Have to stay together IMO. 

Nice fucking call OP!!",0,2021-02-05 08:37:12
glns47j,t1_glnnpa0,"The more members WSB gets, the shittier the content. Pretty sad imo.",11,2021-02-02 06:40:41
glnrs5m,t1_glnnpa0,"I think a bunch of us are


6.6 million people joined who have no clue

Even when PLTRMania was going super strong there were multiple tickers mentioned daily


Now its just GME",8,2021-02-02 06:38:23
glnowkq,t1_glnny3c,He just posted one way,7,2021-02-02 06:18:43
glnsfjs,t1_glns47j,Agree.,7,2021-02-02 06:42:54
