comment_id,comment_parent_id,comment_body,comment_score,created_utc
hhx55cq,t3_qf3abj,"
**User Report**| | | |
:--|:--|:--|:--
**Total Submissions**|6|**First Seen In WSB**|2 months ago
**Total Comments**|20|**Previous DD**|[x](https://www.reddit.com/r/wallstreetbets/comments/qa9y04/historical_post_earnings_moves_mega_compilation/) [x](https://www.reddit.com/r/wallstreetbets/comments/qf3abj/historical_post_earnings_moves_mega_compilation/) 
**Account Age**|10 months|[^scan ^comment ](https://www.reddit.com/message/compose/?to=VisualMod&subject=scan_comment&message=Replace%20this%20text%20with%20a%20comment%20ID%20(which%20looks%20like%20*h26cq3k*)%20to%20have%20the%20bot%20scan%20your%20comment%20and%20correct%20your%20first%20seen%20date.)|[^scan ^submission ](https://www.reddit.com/message/compose/?to=VisualMod&subject=scan_submission&message=Replace%20this%20text%20with%20a%20submission%20ID%20(which%20looks%20like%20*h26cq3k*)%20to%20have%20the%20bot%20scan%20your%20submission%20and%20correct%20your%20first%20seen%20date.)
**Vote Spam (NEW)**|[Click to Vote](https://www.reddit.com/message/compose/?to=VisualMod&subject=vote_spam&message=qf3abj)|**Vote Approve (NEW)**|[Click to Vote](https://www.reddit.com/message/compose/?to=VisualMod&subject=vote_approve&message=qf3abj)
    
Hey /u/buddyboh12, **positions or ban.** Reply to this with a screenshot of your entry/exit.",1,2021-10-25 06:54:20
hhx7v8p,t3_qf3abj,Apple is going to make more than most countries do this quarter and probably go down $5,149,2021-10-25 07:16:18
hhx7fy5,t3_qf3abj,Snap play came in clutch last week will be following you this week again for jetblue,27,2021-10-25 07:12:49
hhxiuf0,t3_qf3abj,eBay already up 6%. Interested to see how the earnings will go,21,2021-10-25 08:48:24
hhxz4rn,t3_qf3abj,I like all the DD I'm reading before tomorrow but I'm sure I'm losing money all next week or I won't be brave enough to actually trade.,7,2021-10-25 11:08:42
hhy36jk,t3_qf3abj,"BLESS YOU FOR THIS. I don't know if I'm just bad at this or what, but it was so hard to google up some of this stuff. Also digging the index hot links so we don't have to scour through the tickers <3",7,2021-10-25 11:46:38
hhx885b,t3_qf3abj,take this upvotes first! thanks OP,6,2021-10-25 07:19:14
hhxw1tg,t3_qf3abj,Last April whole Nasdaq dropped except google and Msft .. what will happen this time?,4,2021-10-25 10:40:43
hhyiyou,t3_qf3abj,AMD forming same pattern as previous ER. Long base forming and testing previous resistance. A knockout earnings and we see new ATHs,9,2021-10-25 14:55:19
hhxn732,t3_qf3abj,This is eye candy. Thank you.,3,2021-10-25 09:25:00
hhz7igc,t3_qf3abj,![img](emote|t5_2th52|4735),2,2021-10-25 20:26:58
hhxhqtt,t3_qf3abj,Great write up!,4,2021-10-25 08:39:13
hhxn1ge,t3_qf3abj,All I hear is buy and hold any Financials company through earnings.,1,2021-10-25 09:23:43
hhxoox4,t3_qf3abj,"I don't understand. Your spreadsheet has Q3 results for MSFT but that hasn't been reported yet, right?",1,2021-10-25 09:37:37
hhxlr4d,t3_qf3abj,Boeing go boing?  I have SQQQ calls,1,2021-10-25 09:12:50
hhxwcoq,t3_qf3abj,"$MAT was up after earnings report, is $HAS to move up as well?",1,2021-10-25 10:43:25
hhxy90g,t3_qf3abj,What am I missing on jblu calls/puts? Why am I only seeing options for 26 days out with 3% premiums?,1,2021-10-25 11:00:40
hhy7hwu,t3_qf3abj,Any thought on $SKX?,1,2021-10-25 12:31:33
hhzuio8,t3_qf3abj,Forgive me for I am very smooth brained.  Is the Jetblue strat to call or put at the 14/15 mark?,1,2021-10-25 23:30:07
hhy2z94,t3_qf3abj,Facebook saying they changing their name or something. Does this mean earnings gonna be dog shit ?,-1,2021-10-25 11:44:40
hhxljow,t3_qf3abj, 🚀🚀🚀,0,2021-10-25 09:11:03
hhxgkv8,t1_hhx7v8p,"Agree...crush earnings and go down to $142, test $140 and settle in around $145 again.",45,2021-10-25 08:29:34
hhy51p3,t1_hhx7v8p,"Although you're probably right, I'll still be sitting in the $AAPL 150 waiting room.",17,2021-10-25 12:05:21
hhzk6pc,t1_hhx7v8p,Why? I’m not disagreeing I’m just curious why the stock isn’t running up into earnings like other stocks,1,2021-10-25 22:14:32
hhxyd4u,t1_hhx7fy5,100%. Snap was a nice pay day in less than 24 hours.,13,2021-10-25 11:01:42
hhy5g9z,t1_hhx7fy5,Glad you managed to bank brother!,6,2021-10-25 12:09:27
hhyif2b,t1_hhx7fy5,JetBlue only have monthly options though 🤔🤔,2,2021-10-25 14:47:48
hhzkc3k,t1_hhx7fy5,What strike for Snap?,1,2021-10-25 22:15:43
hhy544j,t1_hhxiuf0,"Yeah they've been on a tear this month, will see if this valuation is justified come earnings.",4,2021-10-25 12:06:01
hhy5bdv,t1_hhxz4rn,"Paper trade it! Earnings season can be home to some of the most profitable trades you ever make, alongside the most violent losses. It's best to get your feet wet first in a safe environment.",7,2021-10-25 12:08:02
hhy588v,t1_hhy36jk,"This information is paywalled everywhere, which was my main motivation for making the sheet.",10,2021-10-25 12:07:09
hhy5f0k,t1_hhx885b,"Cheers man, happy to help!",4,2021-10-25 12:09:05
hiag1v7,t1_hhxw1tg,Yes,2,2021-10-28 04:02:05
hhy5egq,t1_hhxn732,Enjoy brother!,3,2021-10-25 12:08:56
hhy5fe6,t1_hhxhqtt,"I appreciate it, thank you!",5,2021-10-25 12:09:11
hhy55o5,t1_hhxoox4,Q3 reporting date,2,2021-10-25 12:06:27
hhxya2d,t1_hhxy90g,"> The market is only open for trading four days a week, and the options expire on Fridays.",2,2021-10-25 11:00:55
hhy5d5p,t1_hhxy90g,"14/15 strangle nets you 90-100 in premiums - gives you b/e of 13/16, aka 10%.",2,2021-10-25 12:08:33
hi09dx6,t1_hhzuio8,sell 14 put sell 15 call,3,2021-10-26 01:11:52
hi01c6e,t1_hhzuio8,its a straddle,1,2021-10-26 00:16:40
hhy2zy1,t1_hhy2z94,> Facebook will not change its name to Facebok. This is a rumor that has been going around for years and it never happens.,9,2021-10-25 11:44:51
hhy872s,t1_hhy51p3,AAPL 153,13,2021-10-25 12:39:09
hhy5jbx,t1_hhy51p3,Do they have snacks,7,2021-10-25 12:10:21
hi07p2e,t1_hhzk6pc,Just seems to do it every earnings.  It’ll have a slight run up then post outrageously positive numbers and the stock price will fall.,1,2021-10-26 01:00:11
hhym3s0,t1_hhy588v,"Thanks     

Loved your work, would you be making this kind of sheets for other major tickers too in the future?",2,2021-10-25 15:38:27
hiay2bi,t1_hiag1v7,It has happened again eh 😩,2,2021-10-28 05:59:22
hhyt0bv,t1_hhy5egq,I'm following if you don't mind. Learning as I go.  Thanks again for your input.,1,2021-10-25 17:24:11
hhzhbfu,t1_hhy5fe6,Do you have articles on what strike price to enter for a straddle? I like you writing style. Would love to learn more.,1,2021-10-25 21:52:14
hhy6p1o,t1_hhy5d5p,Are u planning to hold the strangle till expiry or is there a profit target where you buy to close at,1,2021-10-25 12:22:45
hhy92wo,t1_hhy5d5p,Are you talking about the nov 19?,1,2021-10-25 12:49:03
hi0cf5f,t1_hi09dx6,[removed],1,2021-10-26 01:32:29
hhywl9l,t1_hhy872s,155 by Friday,5,2021-10-25 18:16:34
hhy8rf0,t1_hhy5jbx,$SNAP holder's blood and tears,9,2021-10-25 12:45:25
hhzt6l7,t1_hhym3s0,"yup, will be doing this throughout earnings!",7,2021-10-25 23:20:35
hi4dk4r,t1_hi0cf5f,"Because unless the straddle expires at exactly 14, you lose",1,2021-10-26 22:56:48
hi2853f,t1_hhywl9l,AAPL 165,5,2021-10-26 09:34:59
hhzuq83,t1_hhzt6l7,"Keep up the great work.     
    Thanks again.",2,2021-10-25 23:31:34
hi47wkm,t1_hhzt6l7,Really appreciate it. Ive been looking for this info but its impossible to find.,2,2021-10-26 22:17:42
