comment_id,comment_parent_id,comment_body,comment_score,created_utc
gjidqx4,t3_kyseql,Guess we wait for holding company X,37,2021-01-17 06:02:18
gjidw5f,t3_kyseql,Have you looked into investing into Elon Musk himself? Any special purpose vehicles? I’d like to own a piece of that child making factory. Let me know 🚀📈🚀📈,18,2021-01-17 06:03:34
gjipxoh,t3_kyseql,"Yeah but you can invest, under the assumption that enough morons will think it is Space X, and prob make bank.",12,2021-01-17 07:46:20
gjifnwg,t3_kyseql,so cathie can’t bring us to tendie town with ARKX unless SpaceX goes public? BOOOOO,7,2021-01-17 06:18:57
gjjefr3,t3_kyseql,[deleted],3,2021-01-17 11:24:58
gjiqeq9,t3_kyseql,"SPCX seems pretty cool actually, potentially, besides that 1% fee",1,2021-01-17 07:50:34
gjidulb,t3_kyseql,"Tesla, if you don’t think Tesla’s cash flow at all goes to SpaceX ur reasonably autistic",-1,2021-01-17 06:03:11
gjiqbjj,t1_gjidqx4,X gonna give it to ya.,20,2021-01-17 07:49:45
gjjc8rx,t1_gjidqx4,"If Elon sticks to his word, SpaceX won’t go public until they are running regular passenger transport to mars. A holding company doesn’t really make a big difference, so I doubt that’s happening any time soon.",6,2021-01-17 11:05:07
gjj1wtb,t1_gjipxoh,"God in heaven, I worry about the retards",2,2021-01-17 09:32:28
gjjeyw8,t1_gjjefr3,"You can, but it’s hella expensive unless you are filthy rich. I just need to hit a couple ten-baggers, all in, and I’m ready. :-)",4,2021-01-17 11:29:27
gjik9oa,t1_gjidulb,"None of Tesla’s cash flow goes to SpaceX as far as I know. Some of Elon’s cap gains may flow to SpaceX, but afaik, only if he borrows against his shares - I don’t think he is selling.",10,2021-01-17 06:57:18
gjiqt79,t1_gjidulb,"That isn't how companies work, autist.",5,2021-01-17 07:54:03
gjjgzsn,t1_gjjc8rx,"He responded to the suggestion of a holding company on twitter much more recently with saying ""good idea"". .",2,2021-01-17 11:46:56
gjjchq3,t1_gjik9oa,"Spacex is raising private money regularly and at a pretty good clip. They may be profitable from some accounting perspective, but they are definitely bleeding cash building their Mars rocket.",2,2021-01-17 11:07:25
gjoe59e,t1_gjik9oa,"It's actually the other way round

* SpaceX purchased $1 million worth of “battery components” from Tesla in 2019. It also purchased $1.2 million more of those components in the first quarter of 2020.

* SpaceX also purchased “non-battery vehicle parts” from Tesla in 2019 and the first quarter of 2020, the filing says. The car parts were standard items out of Tesla’s parts catalog, the kind any regular auto shop or Tesla service center would need to complete repairs. Sales of Tesla car parts to SpaceX amounted to $600,000 in 2019, and $600,000 in the first quarter of 2020 alone.

* SpaceX is also paying Tesla around $700,000 for a custom tool, which the automaker will build at its machining facility. (The price included labor hours, Tesla noted.)

* Tesla Energy sold a system to SpaceX for $300,000 in 2019.",2,2021-01-18 10:11:42
gjimywh,t1_gjik9oa,Dude I’m sorry but I just totally disagree with you he definitely has to be using some BIG gains to help that company out. ALSO the government has awarded him money for his Space X company. So it’s probably not out of neccisity,-5,2021-01-17 07:20:36
gjkvl3o,t1_gjjgzsn,"Saw that, not sure what to make of it. Perhaps he’s thinking of a private holding company.",1,2021-01-17 20:52:32
gjlbivh,t1_gjjchq3,"Sure, but the thing is that they could just stop building their Mars rocket and make bank on orbital launches. But as long as they have the money coming in and Elon keeps being Elon they won't because there's no need to.",1,2021-01-17 22:36:41
gjj5b8e,t1_gjimywh,"I think spacex makes profit from its satellite business, they probably reinvest all profit on starlink+starship, they are probably still profitable",3,2021-01-17 10:02:30
gjjcl8u,t1_gjimywh,"Disagree all you want, but let’s see some concrete evidence that I’m wrong. :-)",3,2021-01-17 11:08:21
gjoaf6y,t1_gjlbivh,"If they go public, the fear is that they would end up doing exactly that, instead of building a self-sustaining civilization on mars.",1,2021-01-18 09:38:38
gjjetpr,t1_gjjcl8u,Time will tell brother. May papa Elon print you many tendies,1,2021-01-17 11:28:12
gjod077,t1_gjoaf6y,"At the risk of sounding unusually retarded, just don't go public then. As you said there's not yet a need for them to.

(Also, as an employee of a coop, would there be significant pressure on SpaceX to do that? Starship is about making the company boldly go where no man has gone before. That sounds like a good thing, not a bad one. I have no idea how much companies get influenced by shareholders.)",1,2021-01-18 10:01:36
gjpt361,t1_gjod077,"They probably won’t, until there’s regular, commercial passenger traffic to Mars.",1,2021-01-18 21:06:07
