comment_id,comment_parent_id,comment_body,comment_score,created_utc
gml541n,t3_lfdlla,"nice one, calling it out after its tripled in two weeks. you really are quick the picker",158,2021-02-08 23:05:37
gml6aal,t3_lfdlla,"I stopped reading when you said you had a girlfriend that hated you being on Clubhouse 16 hours a day. 1. You are on Clubhouse for 16 hours...total, you dont have a girlfriend. 2. Retard.",54,2021-02-08 23:15:13
gml62jr,t3_lfdlla,"Interesting story but I can't bring myself to invest in Chinese stocks whose tech can be used as a legal wiretap. 

No need for anyone to try to convince me lots of other companies do it too, I'm well aware.",41,2021-02-08 23:13:31
gml6o39,t3_lfdlla,"That's a really long way to say ""I YOLO'd everything into this new thing, so you all please do the same so I don't end up broke and homeless..""",26,2021-02-08 23:18:17
gml4ws8,t3_lfdlla,Clubhouse is like a conference Call / Panel mixed with the last 15 minutes of the Springer show.,19,2021-02-08 23:03:57
gml6mn7,t3_lfdlla,"""Do you remember when FB was invite-only? You should have invested in FB back then.""  


Um......sir?",17,2021-02-08 23:17:58
gml64yh,t3_lfdlla,"lmao, pushing agora with shitty copywriting? 

This is meta as fuck.",11,2021-02-08 23:14:03
gml5b7y,t3_lfdlla,I’d rather just buy a clubhouse invite this shit already mooned,10,2021-02-08 23:07:18
gml5r9c,t3_lfdlla,[deleted],9,2021-02-08 23:10:57
gml6h6q,t3_lfdlla,What about the step-sister?  Is she looking for it in the dryer?,6,2021-02-08 23:16:45
gml6x1w,t3_lfdlla,Bruh it’s 100+ right now what’s the buy in 1 stock for us poor people?,3,2021-02-08 23:20:17
gml9nuv,t3_lfdlla,So many words... so little to say ;(,2,2021-02-08 23:41:56
gmlb73x,t3_lfdlla,"Had you posted this at \~50$ i would've bought. But for 100+$, nah",2,2021-02-08 23:53:54
gml6mj6,t3_lfdlla,"Bit boring, and too much self marketing, more like talking LinkedIn. Already the app is being used to denounce people & ccp seems like denying access to its citizens. Can it be profitable in the long term? 🤷🏻‍♀️",2,2021-02-08 23:17:57
gml72dg,t3_lfdlla,"you should have compared it to Houseparty, remember that great app",1,2021-02-08 23:21:26
gml76li,t3_lfdlla,"A pretty successful actor (was on a network show that's still running, did a voice in the new Lion King) I play poker with was talking about having been invited to Clubhouse about a month ago.  As I remember it once you were invited you were allowed to invite *one* other person.  He didn't sound particularly jazzed about it.",1,2021-02-08 23:22:22
gmlahlw,t3_lfdlla,isn't clubhouse just millennial AM radio?,1,2021-02-08 23:48:24
gmlaskx,t3_lfdlla,anyone got an invite? I really wanna try it,1,2021-02-08 23:50:46
gmlc4r5,t3_lfdlla,"Bought this at $36 sold it at $90, hoping for a dip and to be able to re-enter",1,2021-02-09 00:01:09
gmlcm4h,t3_lfdlla,why not weeks ago?,1,2021-02-09 00:04:58
gml5ety,t1_gml541n,"The dudes mentally retarded. Cognitive delay, I’m sure you can understand.",43,2021-02-08 23:08:07
gml5lfw,t1_gml541n,[deleted],-44,2021-02-08 23:09:38
gml87lj,t1_gml62jr,"Same. I dont invest in anything chinese, thats my moral standard. No matter how good the tendies is, I don't wanna help china more. Sadly I'm not in a good financial standing where I can just boycott anything china-made, but I can do my part wherever I can.",7,2021-02-08 23:30:30
gml918r,t1_gml6mn7,It's idiotic copywriting aimed at idiots. Dude doesn't even understand why this shit will fail because he's aping someone else's methods without understanding shit.,7,2021-02-08 23:36:58
gml9imk,t1_gml6mn7,"Wait, you don't approach autistic Harvard undergrads and offer them money for shares in their company that hasn't had an IPO?",2,2021-02-08 23:40:47
gml6uob,t1_gml64yh,This guy used to (try to) sell dick pills for sure.,7,2021-02-08 23:19:45
gml7d9x,t1_gml5r9c,"Recaptcha was acquired by Google in 2009 and has since been in continuous development by the Google development team.

Google allows free use of the captcha service up to a pretty significant number of calls. I believe their main angle is farming data off of sites for analytical purposes.",8,2021-02-08 23:23:51
gml6kam,t1_gml5r9c,[deleted],-3,2021-02-08 23:17:26
gmlbq3f,t1_gmlb73x,[deleted],1,2021-02-08 23:58:00
gmlbw2u,t1_gml76li,"Does the glove fit?

Edit: I’m trying to guess the friend",1,2021-02-08 23:59:17
gml7es3,t1_gml76li,[deleted],0,2021-02-08 23:24:10
gml94u3,t1_gml5ety,I'd give you gold but I used all mine on GME.,6,2021-02-08 23:37:45
gml5zl5,t1_gml5lfw,"on OCGN and CRSR im up 20% today 😎

edit: 28%. same stocks :)",14,2021-02-08 23:12:50
gml72cx,t1_gml5lfw,WOW 8%???,5,2021-02-08 23:21:26
gml76w1,t1_gml5lfw,Gotta pump those numbers those are rookie numbers.,3,2021-02-08 23:22:26
gmlcqte,t1_gml5lfw,The Palantards are up 10%,1,2021-02-09 00:05:59
gmla38c,t1_gml918r,[deleted],1,2021-02-08 23:45:18
gml9xu8,t1_gml9imk,"All these years, and never knew thats how it worked.  Can I offer you shares in this idea I'm about to shit out?  Best get it quick,  currently it's invite only!",2,2021-02-08 23:44:07
gml8u51,t1_gml6uob,"This shitty fucking style is the most low effort attempt at creating a pump and dump.

It's so fucking transparent it's almost hilarious if it wasn't so fucking sad.",3,2021-02-08 23:35:24
gml8qle,t1_gml7d9x,"Pretty much.  Google crowd sourced human inputs for its image processing machine learning software.  This is applicable both in reading (ie, scanning books and docs to text) and images (find the taxi cabs in this tic tac toe grid of a photo of traffic).",2,2021-02-08 23:34:38
gml7yu4,t1_gml6kam,"Clubhouse was in development for a year and they still don’t have an android version. As for my opinion, the app is shit only 5000 people available at a time ? No playback replay, or no video ? The app looks like it misses a lot of features and generally I don’t see a point in using an app which actually doesn’t offer anything more besides the ability to add speakers from audience to discussion. You have Instagram live where you can stream together, or sli.do for moderated streamed discussions, where the questions are picked by the majority of audience. I would love to hear your opinion stating why clubhouse is groundbreaking platform which will be the next big social network.",4,2021-02-08 23:28:35
gml7y3p,t1_gml6kam,"Okay, but in your argument what happens when the hood ornament designer suddenly gets billions of dollars? They can just hire Ferrari engineers, no?

Not saying I agree/disagree with the OP, but your analogy here is flawed.",3,2021-02-08 23:28:25
gmlr9zh,t1_gmlbq3f,"Share price. I like buying stuff in the 20 to 60 range per share, because i know there's room to grow, but it isn't a penny stock either that could go bankrupt tomorrow.",1,2021-02-09 01:54:40
gml7ibq,t1_gml7es3,Nope.  I don't think he'd used it either.,3,2021-02-08 23:24:58
gmlaiox,t1_gmla38c,"Then you weren't very intelligent to begin with.

You can't apeal to FOMO if someone sees through your plays dude, copywriting bullshit doesn't work on people who know the moves.",1,2021-02-08 23:48:38
gml7nq3,t1_gml7ibq,[deleted],-1,2021-02-08 23:26:09
gml8qlh,t1_gml7nq3,"Sure, whatever.  You asked for people's experience with it, and that's all I have. I'm sorry if I'm not dripping with enthusiasm for this thing like you are, but I don't think ""exclusivity"" is much of a foundation for a business plan.",3,2021-02-08 23:34:38
