comment_id,comment_parent_id,comment_body,comment_score,created_utc
gx9lmne,t3_n6x9b0,I understood some of those words,12,2021-05-07 20:35:09
gx9rsz2,t3_n6x9b0,Liked that you also think of “long short strategy” as right way to play or one of the right plays as rotation happens .,5,2021-05-07 21:29:27
gx9q7pd,t3_n6x9b0,This is one I’ll have to save and read a few times over the weekend. Lot of references I need to learn about before I can understand this.,3,2021-05-07 21:16:09
gxa76uv,t3_n6x9b0,"I'm too Ape to understand those words, anyone gimme the short one plz!",0,2021-05-07 23:24:19
gxci6x8,t3_n6x9b0,So should I buy gme or amc?,1,2021-05-08 10:32:56
gxalfds,t3_n6x9b0,Lmao retard is back claiming he trades with 25x leverage on equities when in reality his delta is maybe 1/10th of that. how long before you ask people for money again you fucking 🤡,0,2021-05-08 01:04:58
gx9mc1l,t1_gx9lmne,"didn't mean to sound precious... best I had at the time of writing, hopefully google helps but it will consume time and effort (I did it from scratch as well, not much fun).",1,2021-05-07 20:41:48
gxa9bfo,t1_gxa76uv,ban,5,2021-05-07 23:39:30
gxd26qp,t1_gxci6x8,Lol yes... surprisingly $GME comes close as a candidate for this,1,2021-05-08 14:22:06
gxaljfq,t1_gxalfds,"lol, troll - I got your water-squirting plastic flower 🌼",3,2021-05-08 01:05:44
gxajuja,t1_gx9mc1l,"and here i cant figure out what 1:1 leverage means, i am using [capital.com](https://capital.com) as other brokers dont work in my country",1,2021-05-08 00:53:41
gxax398,t1_gxa9bfo,why trolling? you bad ape,2,2021-05-08 02:30:26
gxarg86,t1_gxa9bfo,Please,1,2021-05-08 01:48:19
gxamaor,t1_gxaljfq,"Brb gonna buy some /ES and some puts and take a screenshot to show  morons how much notional I trade with, because it means a lot. 

Nah nvm I''m not that retarded.",1,2021-05-08 01:11:11
gxam59x,t1_gxajuja,"not sure about 1:1, that'd be 1x OR delta-1",1,2021-05-08 01:10:05
gxamfpb,t1_gxamaor,"technically you can't. 

nor can I help you read.",2,2021-05-08 01:12:10
gxampxs,t1_gxamfpb,Ok retard keep trying to sound smart to the retards here on Robinhood,0,2021-05-08 01:14:09
gxan2vz,t1_gxampxs,"don't need to ""sound"" smart. not sure retards, either. but you are here, so probably should not contradict you. will do!",3,2021-05-08 01:16:44
gxao8hb,t1_gxan2vz,Ya because you sound very retarded to anyone who knows that you are full of shit,1,2021-05-08 01:25:04
gxaoh1z,t1_gxao8hb,"please do continue to post, your contribution is much appreciated!

having an example where the free education model fails us comes handy.",4,2021-05-08 01:26:47
gxaonoc,t1_gxaoh1z,Ok retard. You are all full of shit I remember last time you said you can't post your positions because they don't fit on a page LMaO 🤡,3,2021-05-08 01:28:07
gxapjie,t1_gxaonoc,"Yes, you troll well lol

https://imgur.com/a/IQsDr2p here's a summary bud",3,2021-05-08 01:34:30
gxaqa2i,t1_gxapjie,"No one gives a flying fuck about your summary. Positions you fucking clown.

Or are they mostly delta neutral turds / fully hedged turds that if posted, would show everyone how full of shit you are?

I don't even need to guess. I fucking KNOW based on how much you evade that simple question.",3,2021-05-08 01:39:50
gxaqxow,t1_gxaqa2i,all you have to do is ask nicely,2,2021-05-08 01:44:35
gxar4ty,t1_gxaqxow,Lmao get fucked retard. You and anyone that gives you money.,2,2021-05-08 01:46:00
gxas0ej,t1_gxar4ty,"That's the problem, kid. Nobody can bully me, because I am my own man and make my own mind and money. You're just an unfinished product someone released too early into the world.",2,2021-05-08 01:52:25
gxatbgs,t1_gxas0ej,Btw I see that nice negative dip in the middle of your risk curve. Hope market goes sideway and you lose all your money with your genius portfolio LMAO,2,2021-05-08 02:02:03
gxat347,t1_gxas0ej,"Lmao ok retard. How long until you post pm me or are you gonna give up because people release how full  of shit you are.

I'm gonna go with the former because you can't resist people donating $100 to you for you to buy a happy meal, because that's all you are, a fucking scam artist",2,2021-05-08 02:00:20
gxaumga,t1_gxatbgs,"I was afraid of this. Charts are hard. That's a snapshot, you can't see theta decay in my favor there. Yup, no problem - I don't need to explain it to you :)",2,2021-05-08 02:11:46
gxaude8,t1_gxat347,"why pm you? or give up the free advertising of this post? or expect for anyone to give me money, for that matter. this post is giving back and winding you up, kid. good old fun at your frustration which I will forget about in a few days.",2,2021-05-08 02:09:52
gxavnb0,t1_gxaumga,Lmao keep making shit up retard.,2,2021-05-08 02:19:31
gxaul42,t1_gxaude8,"Pm YOU you fucking moron, because that's what you do. ""pm me to discuss"" LMfAO, anyone one that does Pm me deserves to lose all of their money",1,2021-05-08 02:11:29
gxawpzi,t1_gxavnb0,"No need, kid... it's all in the post already.",1,2021-05-08 02:27:38
gxavzbo,t1_gxaul42,"I totally agree with the second part. I'm not on Reddit much so not really after people PMing me, this portfolio idea is technically a done deal for me, nothing to do here anymore.",2,2021-05-08 02:22:02
