comment_id,comment_parent_id,comment_body,comment_score,created_utc
h7uk5rl,t3_oyqdxm,"
**User Report**| | | |
:--|:--|:--|:--
**Total Submissions**|4|**First Seen In WSB**|1 month ago
**Total Comments**|9|**Previous DD**|
**Account Age**|1 month|[^scan ^comment ](https://www.reddit.com/message/compose/?to=VisualMod&subject=scan_comment&message=Replace%20this%20text%20with%20a%20comment%20ID%20(which%20looks%20like%20*h26cq3k*)%20to%20have%20the%20bot%20scan%20your%20comment%20and%20correct%20your%20first%20seen%20date.)|[^scan ^submission ](https://www.reddit.com/message/compose/?to=VisualMod&subject=scan_submission&message=Replace%20this%20text%20with%20a%20submission%20ID%20(which%20looks%20like%20*h26cq3k*)%20to%20have%20the%20bot%20scan%20your%20submission%20and%20correct%20your%20first%20seen%20date.)",1,2021-08-06 03:56:50
h7x73oc,t3_oyqdxm,"I invested about 36.5K in Google between 2016-2018 because their numbers were solid and their growth was pretty much guaranteed. Up about 80.5K on that investment.

I would have no problem investing in Google today.

Cloud services are in their infancy with many businesses barely using them. The untapped market is huge and companies like Google, Microsoft, and Amazon will be the major beneficiaries of the growth in that (they each seem to fit more naturally for different businesses or in some cases for different parts of the business, so lots of room for all three of them to grow).

In hardware, it has taken Google a long-time but their offerings have improved and they have recognized a need to make products that people want to use. With the Pixel phone line, the Pixel 6 should be a major change that if Google seriously commits to going forward, should build up to a significant business. It might never rival Apple's iPhone business, but it is a tremendous opportunity.

Google will also continue to accumulate premium subscribers for YouTube (including YouTube Music) as well as Google One. These product offerings are juggernauts that once you sign up for you will probably stick with for life. Never having to see Ads on YouTube is great and their Music service has pretty much everything I want.

On their Ad side, I have no idea, but even if it were to decline, the other areas of growth are incredibly lucrative and long-term see them just increasing profits.",10,2021-08-06 19:07:49
h7urd0d,t3_oyqdxm,I like to use google to look up your wife’s nudes and videos of her getting pounded,16,2021-08-06 04:46:42
h7umlrr,t3_oyqdxm,Any chance if a stock split soon? Shares getting to damn high,6,2021-08-06 04:13:47
h7uq5nn,t3_oyqdxm,666 is my favorite number 😈,1,2021-08-06 04:38:15
h7xngnv,t1_h7umlrr,"No, I don’t see a split. Why would they want to do one? Their shares are pretty liquid, and with it being such a high price, it prevents the craziness of small investors.",8,2021-08-06 21:46:03
h7vgebv,t1_h7umlrr,Go away poor,6,2021-08-06 07:55:44
