comment_id,comment_parent_id,comment_body,comment_score,created_utc
gocs12n,t3_lpr7bi,"Here's the funny thing. Folks always wanting to buy the dip, but when the dip comes they almost always chicken out. Well, dip is here. Will you buy or will you chicken out again? 

Buy 30%. If it dips again, buy 30% again. If it dips all the way to 25, enter with both fists. That's how you make money. 

Not financial advice. I'm just 🦍 in a forum. 💎✋",130,2021-02-23 00:33:12
gocksnm,t3_lpr7bi,"Underrated, go for PLTR!",68,2021-02-22 23:39:42
godkahc,t3_lpr7bi,"every other stock or option i have that dips i start second guessing myself. I don't bat an eye when PLTR dips, I have full faith in this baby. Karp take the wheel.",12,2021-02-23 03:54:36
gocoypx,t3_lpr7bi,You retards are getting in t 27.80.  I'm waiting for 27.75.,45,2021-02-23 00:10:32
gocus95,t3_lpr7bi,[deleted],16,2021-02-23 00:53:10
god65bz,t3_lpr7bi,"It is truly undervalued, people don't realize it yet.  21Jan 2022 $35c",8,2021-02-23 02:11:11
gockuz6,t3_lpr7bi,"No, we believe snowflake is a joke.",30,2021-02-22 23:40:11
goddqdh,t3_lpr7bi,I’m a believer. I averaged up with another 20k shares today. Long hold on 60k @ 26.37.  Roll tide and space nuggets 🚀🪐🤑✌️😎✌️,7,2021-02-23 03:06:28
gody0yy,t3_lpr7bi,"I bought the dip on PLTR because they finally delivered the free swag from that coupon code snafu they pulled a few months back. I felt like I owed it to them.

Edit: just doubled up again.",8,2021-02-23 05:36:09
goe9ebb,t3_lpr7bi,"Each day it’s under $30, I’m loading up. Using my wife’s boyfriend’s money. My child’s college fund. Skipping my dogs vet medication payments. Debated selling my car. The returns for this PLTR investment will be 10 fold, if not more.",5,2021-02-23 07:03:11
godo1ce,t3_lpr7bi,🛸pltr🛸,4,2021-02-23 04:22:18
gocnhcz,t3_lpr7bi,The Market is red relax and turn off your phone.,17,2021-02-22 23:59:37
god1371,t3_lpr7bi,In 400 starter stonk pack,2,2021-02-23 01:37:36
godcc4v,t3_lpr7bi,It will be that stock in 10 years you regret not buying,4,2021-02-23 02:56:13
gocw5s2,t3_lpr7bi,I am new to trading and do not know much about the DD of PLTR but I do know a lot about Eric Weinstein and he is a phenomenal thinker and mathematician. He works for Peter Thiel and have listen to them talk on Eric's podcast the Portal. The conversations are great so anything that they are involved in will win 100%. Will the stock blow up?  I am buying the in on the leadership. I am purchased a small position today 20 shares. Not a great trader but a full fucking retard BTW!,12,2021-02-23 01:02:58
godc0cw,t3_lpr7bi,I am all in🚀🚀🚀🚀,3,2021-02-23 02:53:51
godkffi,t3_lpr7bi,Just grabbed 100 shares,3,2021-02-23 03:55:36
gocv1rq,t3_lpr7bi,Positions or ban.,6,2021-02-23 00:55:04
godkn4b,t3_lpr7bi,Positions: (Calls) 4 contracts 2/26 $34 and 3 contracts 3/12 $48.50,2,2021-02-23 03:57:09
goduonv,t3_lpr7bi,I transferred more money this morning to ride with the uranium gang but I think I'll just end up adding to my PLTR position,2,2021-02-23 05:11:22
goe7l1i,t3_lpr7bi,"I totally agree. Also want to add to those saying ""it already had an insane run up since september!"", my argument is that they were priced at $7.50 and ended first trading day at $10. What we don't know is that their latest pre-dpo investment round valued them at like $11-15. So what we should recognize is that this stock was \*under-hyped\* upon going public. So $30 would've been the initial price if the stock went through an IPO. Thiel and Karp gave us the glorious chance for retail to get rich off of their company and yet we pussy out. Anything under $30 is a sale at \*current\* outlook. After couple years, or even quarters, of constant yoy growth and new contracts, we will wish we bought this under $30 like we wish we bought the stock under $20 couple months ago.",2,2021-02-23 06:49:03
gocsx21,t3_lpr7bi,No disclaimers?  You’re advocating?  Are you a Financial Advisor w a Fiduciary Responsibility to your clients?  Think he’d about how you frame your posts,3,2021-02-23 00:39:38
god1zgl,t3_lpr7bi,Positions?,2,2021-02-23 01:43:27
god0y32,t3_lpr7bi,Yolo'd what I had left from my GME losses into buying my first option got 29.50 call 3/05 wish me luck.,1,2021-02-23 01:36:41
goekm2y,t3_lpr7bi,buy shares or LEAPs and you're just about guaranteed to exceed the market,1,2021-02-23 08:35:11
gohxbow,t3_lpr7bi,"bought in @ $36, doubled down at this morning @ $25",1,2021-02-24 03:42:28
gocl6sm,t3_lpr7bi,PLTR is great on its own. But yesterday when I saw a post saying some rapper degenerate “lil food stamps” or whatever was “in it with us” I knew it was going to get killed at market open. I sold my gains and left the table. I’ll rebuy when it gets low enough. TY to the summer child who bought my options that are now worth half 🤣😂,-11,2021-02-22 23:42:42
gocl3hx,t3_lpr7bi,"Lol!  How many times has the WSB crowd been burned by PLTR, and yet you go back?!?  Yall got some serious battered wife syndrome.",-16,2021-02-22 23:42:00
goeami2,t3_lpr7bi,I'll buy more at 23. I think we have more downside. I bought more today and 29 but should have waited. I was foolish.,0,2021-02-23 07:13:00
gocplam,t3_lpr7bi,[deleted],-4,2021-02-23 00:15:10
goepgyz,t3_lpr7bi,Pltr is trash,-6,2021-02-23 09:15:09
god3a53,t1_gocs12n,The problem is buying the dip when you already bought it a few times. Especially if you're dumb and the dip you bought expires.,25,2021-02-23 01:51:47
godds6v,t1_gocs12n,"Cowabunga it is

PLTR 69$ 02/29",9,2021-02-23 03:06:51
goctk16,t1_gocs12n,Got 100 more shares coming (a retarded CSP),4,2021-02-23 00:44:16
god0f1p,t1_gocs12n,"D.C.A. 

When you aren’t playing options or short term investing, down days are an opportunity",3,2021-02-23 01:33:08
goei6yx,t1_gocs12n,I'm debating on if I should add to the $40 April calls that are currently getting raped.,1,2021-02-23 08:15:03
god4r8p,t1_gocs12n,"Because those folks don’t believe in the fundamentals of the company, so I don’t blame them. I will average down because I do. Now average entry is around $27",1,2021-02-23 02:01:28
gocpxd0,t1_gocoypx,Ha keep waiting,10,2021-02-23 00:17:38
gof20x3,t1_gocoypx,Retard checking in here. Bought 925 @ $27.27 after hours.,3,2021-02-23 10:59:31
gohxq0y,t1_gocoypx,![gif](emote|free_emotes_pack|facepalm) and ya 'coulda had 'em for $25 this AM,1,2021-02-24 03:45:19
gocyd5w,t1_gockuz6,Yeah teradata is way better,0,2021-02-23 01:18:42
gof5uno,t1_goe9ebb,Dude is your dog’s vet okay?,1,2021-02-23 11:32:50
gocp2be,t1_gocnhcz,Turn off the phone? More like buy more.,34,2021-02-23 00:11:16
gocq3zf,t1_gocnhcz,Turn off the phone? I need it to ask my grandmother to take a loan out on her home cuz we’re going to the fucking moon 🚀,13,2021-02-23 00:19:00
goeige6,t1_godkn4b,Oof,3,2021-02-23 08:17:14
goepscx,t1_godkn4b,I feel like that’s gonna hurt. Good luck to you.,3,2021-02-23 09:17:46
goct4i5,t1_gocsx21,"Dick move, but u right ig",3,2021-02-23 00:41:08
goclm0l,t1_gocl6sm,[deleted],19,2021-02-22 23:45:53
gocmnal,t1_gocl6sm,"It was $T not pltr, pltr was just a meme",6,2021-02-22 23:53:32
godbjg7,t1_gocl6sm,“Lil food stamps” dude you’re a clown. Not even good at trolling. Stfu,2,2021-02-23 02:50:24
gocnppl,t1_gocl6sm,"He's worth more than you ever will be, and apparently he's smarter than you ever will be, since it wasn't even about PLTR. 

Maybe you should listen to his music more and wsb less.",4,2021-02-23 00:01:18
gocs5fb,t1_gocl6sm,DV for ‘rapper degenerate’ lol,1,2021-02-23 00:34:05
goclk26,t1_gocl3hx,"Its been publicly traded for like 4 months and is up 190%. The only people who have been burned are idiots. If you think this isn’t a good year long play, you are an idiot.",51,2021-02-22 23:45:29
goclkck,t1_gocl3hx,You're only burned if you bought at the top or played short term options. Most people haven't gotten burned at all.,16,2021-02-22 23:45:32
goclh07,t1_gocl3hx,You can say the same about Tesla at $60,15,2021-02-22 23:44:51
gocpg6q,t1_gocl3hx,You can just say “I got emotional and sold way to soon”,6,2021-02-23 00:14:06
gocqg38,t1_gocl3hx,This sub got burned on Micron about 4 years ago and now it’s up because of chip shortage due to COVID19.,1,2021-02-23 00:21:30
goen87c,t1_gocl3hx,I'm up 40% on shares alone,1,2021-02-23 08:56:39
gocqvz7,t1_gocplam,"Perhaps you mean enable war crimes? Even that’s not  true but software doesn’t commit war crimes, your government/Military does. You should be mad at them if anything. It’s like getting mad at the quantum physicists because the government dropped nuclear bombs. Pretty ridiculous.",2,2021-02-23 00:24:49
gqavcwr,t1_goepgyz,Lol. Told you Palantir was trash.,1,2021-03-09 14:21:24
goddtj8,t1_god3a53,I’ll ducking do it again,11,2021-02-23 03:07:07
goehhp0,t1_god3a53,"I've been buying dips for months, and it just keeps dipping.",5,2021-02-23 08:09:17
god267m,t1_god0f1p,I just bought options. Just give yourself enough time for the run up. Not weeklies for sure unless you have 💎 balls.,4,2021-02-23 01:44:37
goeijrz,t1_goei6yx,April is kind of too short DTE. I think minimum May and ideally Sep or leaps.,1,2021-02-23 08:18:00
gocr5he,t1_gocpxd0,The casino keeps rolling,2,2021-02-23 00:26:45
gogghms,t1_gof20x3,"Could have waited another 12 hours, and cheaper for all.  They announced a bigger deal with 3M and still down.  Damn,",1,2021-02-23 21:17:53
gohy0b4,t1_gohxq0y,"Stock Trading 101: Shoulda, coulda, woulda.  Just have your exit plan and stick to it.  Don't regret profits you could've had if you still get profits.",1,2021-02-24 03:47:23
gogf0x4,t1_goepscx,Yes... yes it will,1,2021-02-23 21:02:23
god5ik2,t1_goct4i5,He’s not right... its a board.  CNBC wouldn’t exist if he was lol... try identifying you for action.,6,2021-02-23 02:06:30
gocqd37,t1_goclm0l,Yea I think it was $T not pltr lol,4,2021-02-23 00:20:53
goclw02,t1_goclm0l,That post and the comments convinced me. I want to thank the OP.,-18,2021-02-22 23:47:58
gocn5iw,t1_gocmnal,"The sentiment in the comments didn’t reflect it, when I read those it scared me straight. It gave me the much needed reminder that whatever tickets the GME and AMC cultists touch, they kill.",-15,2021-02-22 23:57:13
gocoolb,t1_gocnppl,"Woah, easy there cupcake. You seem to be suffering from some unreturned male on male attraction to this guy. You are a special little donut to go full homo in public like that.",-7,2021-02-23 00:08:27
gocmpu1,t1_goclk26,"Exactly.

Count on a future with MORE data mining and not on a future with less of it.  PLTR does some of the intense data mining and scraping that Google does, but then gives it over to government agencies.  You can definitely count on a future with more government overreach and not less.  PLTR for the long dystopian haul.",24,2021-02-22 23:54:02
gocsh3w,t1_gocqvz7,You could also argue that Palantir tech helps get only the bad guys so you are actually greatly reducing the “carpet bombing” if you know exactly where the one dude you want is.,5,2021-02-23 00:36:25
gocsk2h,t1_gocqvz7,"Thank you so much! It’s because of the skill, not how it’s being applied. No need to denegrate/scapegoat talent, creativity, and innovation.",2,2021-02-23 00:37:02
godi25o,t1_goddtj8,I’m with you. 30 contracts 35$ 3/19 and 5 c 35$ 2023,7,2021-02-23 03:38:19
gogdnnl,t1_goehhp0,Until the dip doesn’t dip anymore,3,2021-02-23 20:47:15
goel65o,t1_god267m,Is one month sufficient?,1,2021-02-23 08:39:41
gogjsc2,t1_gogghms,"I know man, that's a tactical error on my part! One day I'll time the market right for once! Ahhh well, maybe next time!",3,2021-02-23 21:50:03
godc60a,t1_gocn5iw,"Both of those stocks are doing better now than they were before the ""GME and AMC cultists"" touched them.",2,2021-02-23 02:54:59
gocoxit,t1_gocoolb,"Ok, painfully single boomer.",5,2021-02-23 00:10:17
gocnnpv,t1_gocmpu1,"After a successful but stressful year trading while at work, I’ve taken my winnings and shoved them into a 100k plus pltr position. Trying to go pretty hands off for 2021 to save me from myself. Hopefully riding a company that i believe in... but kinda hate... to early retirement. Luckily it’s volatile enough to still get my gambling dick hard.",11,2021-02-23 00:00:54
god1qtx,t1_gocmpu1,Palantir does not collect data itself. They sell software that consolidated and structures data their clients already possess.,2,2021-02-23 01:41:56
god9cl0,t1_gocmpu1,"To invest in a company totally devoted to evil (selling public information to the government) or not....

Not saying anything on its profitability or long term outlook, just commenting on what it is this business is in the business of.",1,2021-02-23 02:34:27
gocu3j3,t1_gocsh3w,I mean it’s also used domestically but whatever. I’m in.,2,2021-02-23 00:48:11
gocp8nc,t1_gocoxit,Have you told your family yet about your attraction to hairy male buttholes?,-3,2021-02-23 00:12:34
goctw9x,t1_gocnnpv,"Anybody who knows/works in/works with the Fed or within the intelligence community would think it wise to buy up as much PLTR as possible. I bought a huge position at the IPO. It’s going to pay off.

The difference between PLTR and these other meme-stocks is that PLTR has a product that is actively used widely and developed continuously. It’s not going anywhere but up. That’s not an opinion. That’s a fact. Anybody who understands government/defense industry/intel community knows this.",5,2021-02-23 00:46:42
gocor2c,t1_gocnnpv,"Have fun zooming past Jupiter, my friend.",4,2021-02-23 00:08:57
goct4wg,t1_gocp8nc,Yikes,7,2021-02-23 00:41:13
