comment_id,comment_parent_id,comment_body,comment_score,created_utc
glo52fn,t3_laii12,Thoughts on ARKW buying 620k shares of DKNG? (Draftkings),12,2021-02-02 08:16:33
glo6a1r,t3_laii12,[deleted],5,2021-02-02 08:26:05
glodrzd,t3_laii12,"I’ve got a like 9 leaps on BABA and 300 shares and 3 covered calls. Really think recent events put BABA in a  position to break out here.

I’ve got some high hopes for $PINS as well. 800 shares. I feel like they are going to be the Facebook of eCommerce. I think they have the potential to be an extremely profitable company. Picked it up after seeing Melvin was very bullish on it 😂

Edit: thanks for this thread. We needed it.",6,2021-02-02 09:25:14
gloaxfu,t3_laii12,"AMZN EARNINGS TMRW!!!

ANY OPTIMISM IT’ll BREAK CONSOLIDATION?!

I’m holding a 4000c March 19th. I have a feeling we’re going to break out of this triangle and go to $3500+",6,2021-02-02 09:02:49
glrzfur,t3_laii12,Bought PTON 2/12 160c,3,2021-02-03 04:29:38
glo5mhl,t3_laii12,"I heard BABA earnings are supposed to beat expectations, Friday was the day to capitalize on cheap calls though, it was sitting at its support line. Snap calls should print though. Not sure about the others.",3,2021-02-02 08:20:56
gloszeh,t3_laii12,Any thoughts on MELI earnings,2,2021-02-02 11:27:54
glo5i9b,t3_laii12,"**I am a bot and identified and tracked the following options picks within this post:**

|**Ticker**|**Strike**|**Type**|**Exp**|**Recorded Premium**|**Recorded Stock Price**|**OI**|**Volume**|
|:-|:-|:-|:-|:-|:-|:-|:-|
|**SNAP**|**$60**|**BUY CALL**|**2021-02-19**|**$3.95**|**$56.85**|**26043**|**3148**

[Realtime ROI](https://www.pickmojo.com/pick/ckkn99bs5h7560754yjh6kw6u) | [Track Record](https://www.pickmojo.com/user/mootymoots/) | [Bot Info](https://www.reddit.com/r/pickmojo/comments/he9ghu/options_picks_tracking_bot_information/) | Leaderboard: [Week](https://www.pickmojo.com/stocks/best-this-week-reddit), [Month](https://www.pickmojo.com/stocks/best-this-month-reddit), [All](https://www.pickmojo.com/stocks/top-reddit) | [Exit this position](https://www.pickmojo.com/reddit_redirect)

**^(*Recorded after market close, will be recorded at the next market open if the premium is within 10% margin. My owner is monitoring these posts, reply with feedback! You can now track comments by mentioning me!)**",1,2021-02-02 08:20:02
glp4nva,t3_laii12,Loaded up for tech earnings recovery. AAPL $140c and AMD $90c. Both absolutely crushed Q1 earnings,1,2021-02-02 13:16:03
glogbpu,t3_laii12,Der but that’s a distraction why not GME her her,1,2021-02-02 09:45:13
glo5kk5,t3_laii12,Anyone into GEVO? Just added options ... Biden has the CEO on his science panel and BIGLY into climate policies which GEVO is all about.,1,2021-02-02 08:20:31
glo69dk,t3_laii12,"Got some ATNF today, it moved up almost 25%. I saw the shorts level was high too and thought it could squeeze easily. Not that I want to compare to another stock people like, hold and that sky rocketed recently loll",1,2021-02-02 08:25:56
glo5ub0,t1_glo52fn,Legislation in America’s hat is looking good for single game betting Draft kings up 6%AH.... might not sell it after all,3,2021-02-02 08:22:38
gloe2jz,t1_glo52fn,"I’m super bullish on DKNG. Can easily see that one up 100-200% this year. DKNG, PINS, and FUBO are my multi-baggers for 2021.",3,2021-02-02 09:27:31
gloowny,t1_glo6a1r,"300 june and 275 weeklies. I feel good about tomorrow am, but also hedging with puts",2,2021-02-02 10:54:13
glof16a,t1_gloaxfu,RemindMe! 45 days to see if Amazon is at $4000,6,2021-02-02 09:35:01
gloy1ap,t1_gloaxfu,I really feel the moon is possible by WED,2,2021-02-02 12:11:26
glp08xl,t1_gloaxfu,The way the market seems to be now you should hope they have bad earnings which will cause their stock price to rocket.,1,2021-02-02 12:31:50
gloew3o,t1_glo5mhl,Why SNAP?,1,2021-02-02 09:33:55
glog72d,t1_gloe2jz,I’ve actually been looking at PINS and FUBO too. Especially PINS with their new AR stuff,1,2021-02-02 09:44:10
glof4k1,t1_glof16a,"I will be messaging you in 1 month on [**2021-03-19 01:35:01 UTC**](http://www.wolframalpha.com/input/?i=2021-03-19%2001:35:01%20UTC%20To%20Local%20Time) to remind you of [**this link**](https://np.reddit.com/r/wallstreetbets/comments/laii12/alternate_discussion_thread/glof16a/?context=3)

[**CLICK THIS LINK**](https://np.reddit.com/message/compose/?to=RemindMeBot&subject=Reminder&message=%5Bhttps%3A%2F%2Fwww.reddit.com%2Fr%2Fwallstreetbets%2Fcomments%2Flaii12%2Falternate_discussion_thread%2Fglof16a%2F%5D%0A%0ARemindMe%21%202021-03-19%2001%3A35%3A01%20UTC) to send a PM to also be reminded and to reduce spam.

^(Parent commenter can ) [^(delete this message to hide from others.)](https://np.reddit.com/message/compose/?to=RemindMeBot&subject=Delete%20Comment&message=Delete%21%20laii12)

*****

|[^(Info)](https://np.reddit.com/r/RemindMeBot/comments/e1bko7/remindmebot_info_v21/)|[^(Custom)](https://np.reddit.com/message/compose/?to=RemindMeBot&subject=Reminder&message=%5BLink%20or%20message%20inside%20square%20brackets%5D%0A%0ARemindMe%21%20Time%20period%20here)|[^(Your Reminders)](https://np.reddit.com/message/compose/?to=RemindMeBot&subject=List%20Of%20Reminders&message=MyReminders%21)|[^(Feedback)](https://np.reddit.com/message/compose/?to=Watchful1&subject=RemindMeBot%20Feedback)|
|-|-|-|-|",2,2021-02-02 09:35:46
