comment_id,comment_parent_id,comment_body,comment_score,created_utc
h04fcii,t3_npdb1j,Thank you sir.  What is diff between class A and class C (zg and z)?,16,2021-06-01 05:12:38
h04vdzb,t3_npdb1j,I’ve been following $Z for awhile and I’d say I feel and think the same way.,10,2021-06-01 07:36:33
h05tdk5,t3_npdb1j,"A lot of tract homes have been built since the 1990s.  Thousands of cookie-cutter homes scattered throughout subdivisions with identical lot sizes.  I can see Zillow owning those transactions by perfecting a algorithms to be within 6% of true market value and being able to under-cut realtors by taking direct listings at a fraction of the price.

In more rural areas; no chance.  But that is not the high turn-over market Zillow wants.",5,2021-06-01 13:02:57
h05o07c,t3_npdb1j,"Thank god, something that not sink it all on AMC and GME.",5,2021-06-01 12:01:26
h05gjx3,t3_npdb1j,"For years Zillow promised Realtors they were not competition. Then Zillow started Ibuying and got licensed brokerages in many states. Agents have been paying $1000's every months to get leads from Zillow. The leads from Zillow are reportedly getting worse all of the time. Realtors see now that Zillow is not an honest partner, so I predict their income from leads will decrease. Zillow also overstepped when they bought Showingtime. They are about to have ultimatums in MLS's across country. Either withdraw their brokerages from all of the MLS's or they will replace ShowingTime when or before the contracts are up due to the conflicts of interest. Ibuying will also be a broken business model when the bubble pops, unless they go the American Homes 4 Rent route. We are already seeing the market soften nationwide over the last few weeks. Too many headwinds, I would stay away.",4,2021-06-01 10:47:00
h05iqtc,t3_npdb1j,"My approach is to just keep buying on dips.  It feels like a 'build a position, check in 10 years' type of deal to me, like an Apple or Google.",4,2021-06-01 11:07:44
h04pjju,t3_npdb1j,"Thanks for the in depth posting. Just a question, what makes you think more family’s and people are moving right now?",3,2021-06-01 06:42:31
h056ptq,t3_npdb1j,"Question, you stated that the Work from Home trend is continuing strong, but now that 150+ Million Americans are vaccinated, lots of states are Re-Opening their business and 34 States have dropped the Mask mandate. Assuming the vaccine hits 250+ Million; that would mean 3.5/4 of Americans are now vaccinated and ready to go back to work. I guess my question is, do you think that if the work from home trend decreases it would affect $Z? 

Thanks for the DD.",3,2021-06-01 09:19:04
h05o5d7,t3_npdb1j,"I was wondering when Zillow would make it to WSB, I've been in for the last 3 months during the ride you described, doubled my position (now 100% in) on the way down scooping stock and options at 105.xx it's a no brainer! 160+ by August",3,2021-06-01 12:02:59
h04vz73,t3_npdb1j,"Great DD. Been following $Z for some time but never made a move. Will continue to keep an eye on it.

Thanks for being the hero this sub needs.",3,2021-06-01 07:41:52
h05jhz4,t3_npdb1j,What’s your response to the incredibly high P/E ratio? It’s 689 right now.,2,2021-06-01 11:15:20
h05rxml,t3_npdb1j,"This is much better than the last DD I read on $Z.  

But buyers beware:  Real estate prices are high but volume is way down.  I can’t predict the future but I am really cautious of the real estate market so long as inventory is constrained by eviction moratoriums and forbearance programs.",2,2021-06-01 12:45:41
h074c1n,t3_npdb1j,"Thats it, I am totally gonna go all in, in a 500pe stock now.",2,2021-06-01 22:37:19
h07w41c,t3_npdb1j,"thanks for this, i read it all, and it was loverly.

just 15 seconds on each side for my steak",2,2021-06-02 02:00:59
h0cyvd9,t3_npdb1j,"I sold a 145 CSP April exp (got assigned obviously). I sold a May CC on it that paid 500. Waiting for a move up to a resistance point before selling another. I like the stock but I’m overloaded on it, as I also hold shares in my 401k.",2,2021-06-03 04:52:25
h05fq30,t3_npdb1j,"I love the zillow property manager, started using it for my rental property last year and it is amazing, and everything was free as a first time user. Definitely simplified things for me as a first time landlord during the middle of COVID which had me scared at first to even rent my property out for fear of getting some deadbeat tenants.",2,2021-06-01 10:39:01
h05b9ud,t3_npdb1j,"Rocket Companies (RKT) is coming after Zillow and will give it a good run. If you’re looking for a 10x stock, get RKT. I called Zillow when it was $30 now I’m calling $RKT",1,2021-06-01 09:58:28
h04erc7,t3_npdb1j,Rdfn is better.,2,2021-06-01 05:07:31
h05pijl,t3_npdb1j,This is actually solid DD ty,1,2021-06-01 12:17:52
h07pdv4,t3_npdb1j,"

[""One of the reasons the residential RE market doesn’t scale profitably is because it is literally the ultimate local business. A seller knows far more about their property than a digital buyer working off of comps.""](https://twitter.com/WallStCynic/status/1305846269718519808)",1,2021-06-02 01:12:13
h05upkp,t3_npdb1j,I thought I heard rates rising will kill them,0,2021-06-01 13:19:24
h063dkt,t3_npdb1j,Lol im not gonna read that,0,2021-06-01 15:18:28
h05uog3,t1_h04fcii,ZG is Class A (voting rights) and Z is Class C (no voting),5,2021-06-01 13:19:00
h04ft5l,t1_h04fcii,"$ZG is holding group I think? Like a $GOOGL and $GOOG. Much of data is same, but $Z is what is traded. $Z has average volume of 3.96M and $ZG 302K",9,2021-06-01 05:16:36
h051uzz,t1_h04vdzb,Thanks!,2,2021-06-01 08:35:27
h0qpgr8,t1_h05tdk5,"Now imagine 3d printed homes. Easy to build, buy, sell. Real estate costs become affordable. America is back bb.",1,2021-06-06 07:57:49
h05guba,t1_h05gjx3,I barely mentioned iBuying other than it is something to look at. Are you associated w RE industry?,2,2021-06-01 10:49:44
h05j45e,t1_h05iqtc,My exact sentiment,2,2021-06-01 11:11:29
h0513hq,t1_h04pjju,"Everbody wants a new house due to covid.  More space, more yard, safer neighborhood, quieter town, etc.  real estate market is insane right now.",11,2021-06-01 08:28:44
h0527n1,t1_h04pjju,"Maybe not now, but the foreseeable future? I for one contemplated selling my house bc the money Id make would be great, but then I have to buy another house that's probably priced above value also. Plus the houses that are going up for sale are being bought sight unseen in a day. So I think OP has a good point, Z has the potential to gain.",3,2021-06-01 08:38:35
h05wknd,t1_h056ptq,"I think people are now looking at ""going into work"" as something that they might do a bit but not as much as they used to.... we have proven that WFH doesn't lead to total disaster for many industries and people are now feeling ""I don't want to sit in a cubicle all day I want to sit in my house and be comfortable"". And people are thus re-assessing where they live; the house has become far more than ""it's a place that let's me get to work easily"".",5,2021-06-01 13:42:56
h05ivoh,t1_h056ptq,"We're NEVER going back to how it was.  The trends in CRE are nuts right now. Companies that rented 10 floors in towers not renewing leases on 3 of them, and getting options to put back 2 more in the next few years.  And the owners have to take it, because they're that desperate.",3,2021-06-01 11:09:06
h0573kq,t1_h056ptq,"I meant that we won’t go back to the way we were. People will go back for sure, but will still be much higher than recent history. I also think either way it is negligible on $Z. Thanks for feedback.",2,2021-06-01 09:22:27
h05ohbi,t1_h05o5d7,Picking up more. Good luck,1,2021-06-01 12:06:32
h04w2fy,t1_h04vz73,Thanks street ✌️!,5,2021-06-01 07:42:41
h05jvjb,t1_h05jhz4,"They just started making money and was earlier than analysts thought. The spent the past 10+ compiling all the data and know how while acquiring and building moats. They are figuring out monetizing and now scaling like crazy,",2,2021-06-01 11:19:05
h07w9ge,t1_h07w41c,That is a rare ass steak brother! Thanks for checking it out.,2,2021-06-02 02:02:07
h0czb1e,t1_h0cyvd9,Ya I have that LEAPS and shares. I like CSPs too. Might take a look and good luck!,1,2021-06-03 04:55:28
h05ftgm,t1_h05fq30,Good luck on first one!,1,2021-06-01 10:39:55
h05bf8c,t1_h05b9ud,I have some $RKT.,2,2021-06-01 09:59:47
h04g58i,t1_h04erc7,"I don’t think it is close, but lots of plays out there for everyone to make money. Good luck.",13,2021-06-01 05:19:32
h05tjui,t1_h05pijl,Thanks,1,2021-06-01 13:05:04
h07r136,t1_h07pdv4,Hate to tell you not the 6-7% plus fees sometimes that is charged for selling and buying a house needs and will be disrupted I assure you,1,2021-06-02 01:24:15
h06j0cc,t1_h05uog3,Thanks,1,2021-06-01 19:15:16
h04q1ln,t1_h04ft5l,Thank you.  Appreciate the DD,3,2021-06-01 06:47:09
h04nzay,t1_h04ft5l,"I’m in nj, and our real estate market is hot, all Covid, we’ve had people escaping ny, coming here and buying homes over asking price with cash, it’s a joke at this point, it’s a bubble that’s gonna pop, what do you think happens to Zillow if housing goes the way of mr hanky?",3,2021-06-01 06:28:20
h0r9c6u,t1_h0qpgr8,I think some building codes will need to change before 3D printed houses go mainstream,1,2021-06-06 11:10:02
h05hwgg,t1_h05guba,"I am. They are mostly doing their Ibuying in larger markets and competing against other IBuyers like OfferPad. But with innovative Realtor affiliated programs like 72SOLD, they have already lost a ton of marketshare in markets like Phoenix.",2,2021-06-01 10:59:39
h05btm4,t1_h0513hq,"Agreed. People want different house set ups due to the ""Covid"" realizations of what life could be like working from home. Just from the anecdotes in my personal life, I see more people staying put due to not being able to afford a home due to lower inventory of homes / uncertainty of income.

I'm not sure which push/pull is stronger -- the demand of moving due to change of situations and low interest rates OR the supply of less homes. If it is simply the supply, then things should correct when levels meet the demand (still would take years). If it is leaning toward lower interest rates, that could correct much quicker (ie a few months).",4,2021-06-01 10:03:19
h06zfec,t1_h0513hq,True.  But sales volume is way down nation wide.  That’s not a good thing for the real estate market.  I have a friend that owns a real estate company in Miami.  Her listings are down by 80%.  I live in CO and there are 3 homes for sale under $1.5M in my entire zip code.  And this is not a high income zip code.  Prices are up over 25% since last year.  I think it’s safe to say the inventory of affordable homes has been wiped out in a lot of places.,2,2021-06-01 21:58:33
h051qpx,t1_h0513hq,Thanks for assisting and RE in most areas are just nuts and many reasons you cited plus more. Good luck.,1,2021-06-01 08:34:26
h088ovk,t1_h0513hq,I want a new house due to a growing family and it just happens to coincide with this madness. I just want to be able to quit renting a damn apartment but it's getting more and more expensive to be able to own!!!,1,2021-06-02 03:34:06
h05fdza,t1_h0527n1,Thanks,2,2021-06-01 10:35:50
h05bk02,t1_h05bf8c,"Good! I own both

Z will be above $300 in the next 12 months",0,2021-06-01 10:00:54
h04khgx,t1_h04g58i,[deleted],7,2021-06-01 05:56:50
h07s7o9,t1_h07r136,So Zillow will not take fees any more? How are they gonna make money? Zillow has -18% margins on their house flipping business btw.,1,2021-06-02 01:32:44
h04rrq8,t1_h04q1ln,You bet,1,2021-06-01 07:03:13
h04pcke,t1_h04nzay,There is no bubble in the housing market. There are 75 million millienials and at some point in the 2020's every single one will be in their thirties. That means children. That means new household formation. Builders/developers have built at 10% the historical rate for the last 14 years and there is a tremendous housing shortage and even if they built at 2004-2006 levels it would still take 5+ years to reach equilibrium. Also resale market doesn't help because everyone that sales a house has to buy a new one.,2,2021-06-01 06:40:44
h04o8xb,t1_h04nzay,"Thanks for sharing and have seen/read what you stated. 

I’m not smart enuff to predict the housing market, but I think it bodes well for $Z as I think more are going for sale by owner? I also think they will be the leader no matter the market. They have so much data that I didn’t even address.",4,2021-06-01 06:30:46
h07oq5s,t1_h05hwgg,Interesting.  How do you see redfin as a competitor in this space?,2,2021-06-02 01:07:23
h04ky56,t1_h04khgx,Thanks brother and couldn’t agree more. Try to do a decent DD and if it isn’t certain tickers it just gets downvoted into oblivion. Oh well. Thanks for the award as well ✌️,4,2021-06-01 06:00:56
h05c5bi,t1_h04khgx,"I would disagree with the stating that it isn't ticker competition. It is absolutely ticker competition. Zillow's space is getting more crowded every week and with the recent home price increases, more and more VC's and private investment firms are seeing $$ and possible spread in the space.",1,2021-06-01 10:06:14
h07sgyu,t1_h07s7o9,You sound like a RE agent honestly.,-1,2021-06-02 01:34:35
h04p7tx,t1_h04o8xb,"It looks like they learned how to be profitable in rentals as well. I didn’t realize the company changed this much, because we are in the house we bought ten years ago, but damn.",4,2021-06-01 06:39:32
h22u4b3,t1_h04o8xb,"Ma fren, it is not about predicting the housing market. You put $ on Z if you believe the current experience of buying/renting a home is 💩

iBuyig of homes is currently less than 1% of yearly sales, even if the housing market halves or doubles, if you believe there is a better way to buy and sell a home you should load on Z",2,2021-06-17 19:41:13
h089o35,t1_h07oq5s,"Redfin has been a discount brokerage from the get-go. They partnered with Offerpad on the Ibuyer side, which I again contend will be a stream of revenue that will be drying up when the real estate market shits the bed. They are such a small player in our market that I haven't tracked them as much as Zillow. Chances are almost all brokerages will become discount brokerages in the near future with some of the court cases going, so their space might get crowded. 

Zillow is Darth Vader's Empire of the real estate space. They want to turn agents into Uber Realtors and pay them a pittance per showing or sale in my opinion so they can pocket the cash. They purchased Dotloop and ShowingTime so they can scrape all of the data on buyers, sellers and agents. But, again, I see regular agents turning against them as they have shown their true face after peddling lies for so long.",2,2021-06-02 03:41:35
h04lcu7,t1_h04ky56,"I hear you. Hang in there, hopefully it'll get better once everyone gets completely wiped out from the stock cheerleading contest.",4,2021-06-01 06:04:38
h05ctp2,t1_h05c5bi,"From a business aspect obviously there is competition.  I was more referring to OPs comment that there are ways to make money off of more than 1 ticker. It doesnt have to be one or the other. OP posted DD on this particular ticker, if someone has DD on Redfin they can post it.",3,2021-06-01 10:12:13
h086r93,t1_h07sgyu,I am unemployed living in Africa lol. Just hear for the discussion. I have no skin in the game.,3,2021-06-02 03:19:10
h051jv4,t1_h04p7tx,Thanks and yes I do like RE!,2,2021-06-01 08:32:48
h04q0x8,t1_h04lcu7,"Redfin and Zillow aren't in the same market. I prefer Zillow over Redfin. As far as brokerages go CBRE is looking good. Also the whole asset management/fund business is predicated on it being a ""ticker competition"".",3,2021-06-01 06:46:59
h05d0t4,t1_h05ctp2,Right on. That makes sense. Thanks for clarifying.,3,2021-06-01 10:14:02
h0877r0,t1_h086r93,Glad you read my post!,1,2021-06-02 03:22:39
h051mhe,t1_h04q0x8,Thanks for feedback and agree.,1,2021-06-01 08:33:27
