comment_id,comment_parent_id,comment_body,comment_score,created_utc
hoeuwbc,t3_rfn1yq,"
**User Report**| | | |
:--|:--|:--|:--
**Total Submissions**|25|**First Seen In WSB**|9 months ago
**Total Comments**|46|**Previous DD**|[x](https://www.reddit.com/r/wallstreetbets/comments/rfn1yq/puts_on_lwlg_hedge_fund_managed_share_selling/) [x](https://www.reddit.com/r/wallstreetbets/comments/q7i6ot/hudson_bay_capital_hedge_fund_pulling_off_a_scam/) 
**Account Age**|9 months|[^scan ^comment ](https://www.reddit.com/message/compose/?to=VisualMod&subject=scan_comment&message=Replace%20this%20text%20with%20a%20comment%20ID%20(which%20looks%20like%20*h26cq3k*)%20to%20have%20the%20bot%20scan%20your%20comment%20and%20correct%20your%20first%20seen%20date.)|[^scan ^submission ](https://www.reddit.com/message/compose/?to=VisualMod&subject=scan_submission&message=Replace%20this%20text%20with%20a%20submission%20ID%20(which%20looks%20like%20*h26cq3k*)%20to%20have%20the%20bot%20scan%20your%20submission%20and%20correct%20your%20first%20seen%20date.)
**Vote Spam (NEW)**|[Click to Vote](https://www.reddit.com/message/compose/?to=VisualMod&subject=vote_spam&message=rfn1yq)|**Vote Approve (NEW)**|[Click to Vote](https://www.reddit.com/message/compose/?to=VisualMod&subject=vote_approve&message=rfn1yq)",1,2021-12-14 02:57:28
hohaaya,t3_rfn1yq,Down 99% in the last few months. Chucking the last 1% at this. Good luck you beautiful retard,10,2021-12-14 14:00:58
hogongn,t3_rfn1yq,"Premium and IV high for what you get... They probably financed the extra money selling expensive options 😂

But it may go down regardless cause sell the news.",7,2021-12-14 10:54:55
hoh2rj1,t3_rfn1yq,They even have a sub for that. r/lwlg,7,2021-12-14 12:47:32
hoh3x8p,t3_rfn1yq,"They have a product roadmap but Ciena already has the hardware that matches the bandwidth and was released at the end of 2019.

Ciena article about delivering 800Gbps in 2019.

[https://spectrum.ieee.org/faster-fiber-links-for-data-centers](https://spectrum.ieee.org/faster-fiber-links-for-data-centers)  
[https://www.ciena.com/insights/articles/Ciena-unveils-WaveLogic-5-800G-and-so-much-more.html](https://www.ciena.com/insights/articles/Ciena-unveils-WaveLogic-5-800G-and-so-much-more.html)

&#x200B;

Lightwave is still in the development stage.

[https://www.lightwavelogic.com/technology/photonics-product-roadmap/](https://www.lightwavelogic.com/technology/photonics-product-roadmap/)",7,2021-12-14 12:57:49
hohkjx4,t3_rfn1yq,"Looked up history of institutional ownership on [Fintel](https://fintel.io/so/us/lwlg).

For several years there was no any institutional interest. One single holder Hollencrest Capital Management with only 10,000 shares.

Then, this year:

* 2/12/2021 Affinity Wealth Management came in and purchased 164,000 shares at $1.28 per share.

* 7/26/2021 UMB bank came in and purchased 230,952 shares at 14.45 per share.

* 11/04/2021 Affinity Wealth Management exits position at 10.08, making 754% return.

* And then, between 11/08-11/12 it was a frenzy, 48 funds bought up 1,313,004 shares at average price of $12.

Maybe $16m worth of shares isn't that much for 48 funds, in comparison to the market cap, but the question is why would they at all.",5,2021-12-14 16:01:44
hs2jfu1,t3_rfn1yq,"Hey. So I've been able to sell January 12.50 Puts on this ticker for profit. Did sell some early before this major dip, leaving money on the table :/. But hey profit is profit. 

Your analysis has been spot on so far. Good work!",3,2022-01-10 23:07:35
hoev0d3,t3_rfn1yq,Month of the put is here and I’m all about it.,10,2021-12-14 02:58:14
hoi9kyo,t3_rfn1yq,"If any of you dumbfucks actually want to understand what is going on at LWLG, watch this 45 minute presentation. Read some of my posts over the last couple months. 

https://youtu.be/W-59-mAX_uM

Just wait till you see what funds have added LWLG to their portfolios in Q4. The trend will continue.",10,2021-12-14 21:13:40
hof5ttg,t3_rfn1yq,I’m in for the weeklies,6,2021-12-14 04:10:28
hoib5wd,t3_rfn1yq,"I used to also say fuck LPC by the way. 

LWLG and LPC have a deep and long-standing relationship. 

But back when the stock was 70 cents to $1 for years…the constant selling from LPC was a detriment for us shareholders.

Now the dilution is TINY.

The burn rate is what…$800k a month? That does not require much stock sales. 

LPC owned a massive position for years. Typically kept it just under 5%. They made a KILLING this year.

Oh and LPC seems to be getting into the Photonics business deep. They just joined up with Rockley Photonics who just IPO’d this year.",7,2021-12-14 21:27:29
hoihu4j,t3_rfn1yq,"""Buy puts this company is going down"" at the top of a 20+% rally with insane volume. You're a genius buddy. Don't buy puts sell me longass calls plz someone has to short this thing for me to continue beating my work salary with one ticker this year.",8,2021-12-14 22:22:46
hoftos9,t3_rfn1yq,"Count me in, windows are my favorite flavored lollipop.",4,2021-12-14 06:56:05
hoh5r0p,t3_rfn1yq,"haha my scanner picked this up last week as a possible breakout & I jumped in when it did break out. Sold 400 shares @+2500 & hold another 800 @ +1600 so far. Stop loss is set above break even, I love this POS! I hope it keeps going & then I'll ride the short bus back down.",5,2021-12-14 13:14:55
hoyum19,t3_rfn1yq,Dec 17th 17.50 puts.....🤣🤣🤣,4,2021-12-18 05:03:43
hof4o8k,t3_rfn1yq,The company is not even famous enough for my broker to offer short position on it. Sounds like absolut garbage though.,5,2021-12-14 04:02:47
hrrb71s,t3_rfn1yq,This thing going down real fast.,2,2022-01-08 17:11:29
hoh4u44,t3_rfn1yq,This is hilarious and great DD at the same time.,5,2021-12-14 13:06:10
hof8vhx,t3_rfn1yq,"23 Dec 17 @ 17.5 

Hate this stock

EDIT:

Original cost basis .77

Sold 13 @ .90 ITM (personal risk tolerance).
Sold 10 @ 1.00 

Total profit ~$400 for investment of 1.7k (~22%).

This is as risky as I’m happy with for weekly OTM options. 

Exited early because I believe the downtrend is market wide and not specific to the stock; IV crush and theta will fuck me day of.

Good luck to everyone still holding!",6,2021-12-14 04:31:41
hog2t1j,t3_rfn1yq,I'm looking at their balance sheet right now and I just don't understand how they nearly doubled their cash from Q1 to Q2. Was that all through stock sales? Another thing I don't understand is how their PP&E (Property Plant and Equipment) has stayed almost completely  stagnant the past few years despite the points you mentioned above  (how they said they're right on the brink of selling to clients). The company doesn't seem to have that much debt so what in the fuck are they doing with the money they raised? They went into Q3 of 2021 with double the cash they had in Q1 2021 and did NOTHING with it with it?,5,2021-12-14 08:03:45
hofrqll,t3_rfn1yq,Im eyeing this now. And it shows a grey circle in terms of ownership from tge very same broker as op. Confirmation bias but that makes shorting a tad easier. I like the strat of shorting everything that lincoln praises. I need to try that one. Buying some 17.5 puts tmrw at the right price. Of course weeklies. If it doesnt work revenge trade them for june ones.  Actually they should do an offering latest march. Probably public as no instit is in here... juicy. Lets burn those mfs,3,2021-12-14 06:42:21
hoh07c4,t3_rfn1yq,Apparently the company has been selling as many shares as they can ahead of the event so that's [mega bearish](https://fostersleader.com/2021/12/10/a-look-at-insider-reactions-to-lightwave-logic-inc-lwlg/).,3,2021-12-14 12:25:28
hopfvjd,t3_rfn1yq,the stock is up 3000 percent in 5 years but you think you should short the stock? lol nice DD,3,2021-12-16 06:51:54
hof1iqf,t3_rfn1yq,Is your name Andrew Left? This is good stuff here...,6,2021-12-14 03:41:48
hofa9f2,t3_rfn1yq,"You’re retarded at fuck, I’m in. 10 puts at 17.50. 5 at 15. 5 at 12.5.",4,2021-12-14 04:41:30
hoh2oga,t3_rfn1yq,"Looks like a house of cards, nice. I’m not seeing that large option order on the books for January, though. And looks it was reduced in December. 

https://finance.yahoo.com/quote/LWLG/options?date=1642723200&p=LWLG",2,2021-12-14 12:46:47
hohft6h,t1_hohaaya,Godspeed retard,4,2021-12-14 15:02:59
hoiafr8,t1_hoh2rj1,Yea maybe you’ll actually find decent information that’ll help you understand why the value of the company has taken off…,11,2021-12-14 21:21:12
hokdwsh,t1_hoh3x8p,"Companies like Arista Networks and Ciena make networking equipment with 400G ports that can take optical pluggable transceivers. These transceivers contain the sort of optics that Lightwave Logic makes. So these companies would be customers, or customer’s customers (if they buy their optics from a transceiver integrator like Lumentum or Finisar). Arista makes Ethernet switches which have 400G ports on the front panel. You can plug copper cables into these ports to connect equipment a few meters away. But if you need to go longer, you plug in an optical transceiver to convert to an optical signal. The transceiver is where a LWLG modulator would be. In a way, you can think of the pluggable transceiver as a high-end analog of the adapters that plug into laptops to convert from USB to USB-C or HDMI, etc. Ciena makes transport systems that similarly have ports that our optics would plug into.",6,2021-12-15 05:59:18
hoj3ef2,t1_hoh3x8p,Are you going to get some puts on this position as well?,2,2021-12-15 00:53:14
hohmph7,t1_hohkjx4,"Good find with Affinity! Gonna check if they are an LPC-like fund. For the rest, I’ve seen people on Twitter/chat boards raising suspects it may be related to Nasdaq uplist (was OTC until a few months ago), and subsequent additions to minor “total Nasdaq” funds/portfolios",4,2021-12-14 16:30:10
hoigr9g,t1_hoi9kyo,This is the real DD right here.,11,2021-12-14 22:13:27
hofntqd,t1_hof5ttg,I love buying expensive options and watching them go to 0 too,8,2021-12-14 06:15:05
hoirhkd,t1_hoihu4j,"IF something good was about to happen to the company you were a partial owner in, why would you dilute the stock and cash out right now? Maybe you HAVE to just to keep the wheels on, and the 8K supports that theory. Research stonks with no sales are fine for a hedge fund to dip their toes into as long as they have enough of them for the 19 they lose on to to be repaid by the one that goes ballistic. The fiber space is full of competitors and until you are selling something at a profit, patents are an expense, not an asset. Big jump in expenses this year, so its is either ""go time"" or ""get out with a parachute time"". Feels like the latter.",1,2021-12-14 23:34:48
hs2ledo,t1_hrrb71s,Yea. This is one of the few threads I had to go back and search for. OP called the pump and dump. Worth doing more digging in Lincoln capital. Easy money if we can ID tickers they are pumping and dumping.,3,2022-01-10 23:20:45
hsz5he8,t1_hrrb71s,"Your turn next.

Edit: Meaning once POET goes through the reverse split, NASDAQ, eventual capital raise for other verticals and continued operations, growing pains and possible delays, positive and negative attention. You’ll see…

Doesn’t help LWLG that the NASDAQ has been getting hammered the last few weeks. And perhaps with all this going on I wouldn’t bank on a guaranteed rise in PPS for POET just from the uplist.",1,2022-01-17 08:54:56
hofc0ba,t1_hof8vhx,"For your confirmation bias, they own an entire building in the area where I work and I’ve never seen more than 5-7 cars parked in their giant parking lot in the last two years and I’ve never actually seen someone who wasn’t homeless in the area

(Replying to myself intentionally)",10,2021-12-14 04:54:02
hogg0kp,t1_hog2t1j,"Agreed, it looks like any cash they have is 100% from stock sales.  Insane.",7,2021-12-14 09:50:27
hoh3o3u,t1_hog2t1j,"Yup. Seems their business model is:
- sell shares
- pay themselves a juicy salary 
- repeat",5,2021-12-14 12:55:33
hoiqd2y,t1_hofrqll,"I am fairly familiar with 10Qs and 8Ks and if they put as much effort into their financial investing acrobatics, then maybe they DO have some new technology that will help them to SOMEDAY achieve profitability? I tend to agree with the OP that this company is desperate for cash and is selling it all and diluting the founders/mgmt team just to stay alive. Apparently others here already acted before me because my puts haven't filled since the stock took a bit of a dive. Im not gona go crazy with this, but the DD is solid and I would never buy this stock unless I was an insider that knows whats up.",3,2021-12-14 23:27:03
hofcj2p,t1_hof1iqf,andrew left has been notoriously BAD at shorting shit. this is a legit potential short. hes andrew right.,5,2021-12-14 04:57:34
hof4tbv,t1_hof1iqf,![img](emote|t5_2th52|4257),1,2021-12-14 04:03:43
hojq6xq,t1_hoj3ef2,"IDK seems really hard to determine anything. It seems like the company was started on something legitimate.   
I worry this could be some next-level pump and dump to sell put options.",3,2021-12-15 03:21:24
hokftjt,t1_hoigr9g,World Record data speed transfer rates Sept 2021 and with less energy cost. Be careful with your puts.,11,2021-12-15 06:12:35
hoizr85,t1_hoirhkd,"Fair point on cashing out. Realistically if I had been holding a ton of shares between .20 and $1 and it's at 15 I'm taking some profit here and now even if it's looking like double the current price in a year if all goes right. Not unloading completely, but locking in the post work retirement funds early. I really believe this ticker is flying because they are at the tail end of a long set plan of getting their tech to market. It's been their goal forever and unless they run out of patent runway I believe they are trending strong. 100% correct about patents being expenses not assets, but that logic I feel only applies to monster producing entities. This industry hates to licence anything vs have it in house which is part of why this company has taken so long to get to this point now where they are a few deals away from becoming real players. Up till now it's been theoretical and involvement with foundries brings some level of previously unseen legitimacy to their claims for the past 20 years. Just my opinion! This stock also has a cult religious following and lots of support at various levels that were only seen in this year's run up. It's been pretty resilient in the past few weeks of down days across the market which I think works heavily against trying to time a drop here buying 4DTE puts. We will see though!",6,2021-12-15 00:29:33
hs4ifde,t1_hs2ledo,"When this play is done, I’m considering pitching the idea of recruiting people with good DD skills to go after LPC and others scams. An informal hedge fund, going after hedge funds, you may say.

Oh, and stay tuned for the follow up on LWLG! Got some hilarious shit from some of the WSB gang.",3,2022-01-11 06:23:57
hsz8743,t1_hsz5he8,"Cool, thanks for the heads up.",1,2022-01-17 09:12:20
hofdpdf,t1_hofc0ba,"That's actually some pretty good, and hard to come by info! In the unlikely event the puts print, I hope we'll get a ""fuck LWLG"" middle-finger in front of the building post from you.",8,2021-12-14 05:05:29
hq59645,t1_hofc0ba,Yes I work in Denver tech center by Lwlg headquarters. They must not have more than 3 employees never see anyone there,3,2021-12-27 21:46:18
hoi9qur,t1_hofc0ba,They lease that space dumbfuck. Do a tiny bit of research.,4,2021-12-14 21:15:07
hqbz3o0,t1_hofc0ba,I believe they only own one unit of the four units,1,2021-12-29 06:09:56
hoia946,t1_hoh3o3u,"Lol a $250k salary for one of the top minds in the photonics industry. REAL JUICY. Maybe to you…

Look at how much their R&D expense has increased.

They’ve been building and testing prototypes for several years now. Their unnamed packaging partner also has their own equipment for testing.",6,2021-12-14 21:19:36
horcv0y,t1_hoiqd2y,Still waiting on a fill..  maybe today on a green day. I might i. The end just short it. June is the safest option for puts but except for my wife i dislike greeks,0,2021-12-16 16:53:25
hofd3zs,t1_hofcj2p,"I've been sorting through his old DD for an epic post eventually. His short reports have about a 95% chance of proving true. Not sure what his returns look like given China fined him and the whole GME nonsense, though. Especially when he has positions which he doesn't publish too.",5,2021-12-14 05:01:27
hs4jbp0,t1_hs4ifde,Count me in. Might be worth starting a small discord with a couple people who took advice in this thread.,1,2022-01-11 06:29:46
hsk0kh8,t1_hs4ifde,I’m interested in helping out,1,2022-01-14 07:31:03
hsz921g,t1_hsz8743,Lol uh huh,1,2022-01-17 09:18:17
hqei0mg,t1_hq59645,"That’s great info! I’m thinking, if you stop by and can take a few pics of the situation (after the holidays), that would be some priceless DD",1,2021-12-29 20:24:07
hoo0sww,t1_hoi9qur,Do they really lease that space? Like every other fucking company in the world? Do you really think so?,3,2021-12-16 01:20:43
hos3div,t1_horcv0y,"yeah the stock has CLEARLY gone up way beyond what most incubator stock do in 3 months, and even if there IS an announcement at the upcoming conference, you have to think that A WHOLE bunch of folks are gonna sell on the news. Stock is coming down a bit, but if I could get a decent Put in without paying to much Theta, I might test it. IV is probably ridiculous as it should be, but I see no upside to this. I think the DD is onto something, but agree with you that it will take months to unwind if it was a pump and dump.",2,2021-12-16 21:54:52
hqftq1m,t1_hqei0mg,I don’t think we can post photos in the comment section per Reddit but I work about five minutes from their headquarters so I can definitely domthat,1,2021-12-30 02:23:31
hoo9llz,t1_hoo0sww,"You said they own a building? They don’t. That was my point. There’s a decent chance you’ll make some money on the puts. 

Or…next week we get a juicy PR? 

The Board of Directors is meeting tomorrow. Hmmmm…..we’re overdue for news….hmmmmmm…..

Your .77 cost basis is around the actual cost basis on my six figure share count. 

HNNNNGGGGGGGGGGGGG",6,2021-12-16 02:17:01
hosppb4,t1_hos3div,"You see the 600k shares purchased by what appears to be a single buyer in the last hour of trading yesterday? 

Hmmmmm…

I’m going to guess someone with $11 million to invest like that is smarter than you.

HNGGGGGGGGGGGGGGGG

BITCH IS GOING TO $50 AND SOONER RATHER THAN LATER. 

A plastic material that when seamlessly added to today’s silicon photonics technology triples the speed and cuts power consumption in half. 

HNGGGGGGGGGGGGGGGGGGGGGGGGGGGGG",1,2021-12-17 00:31:55
hotdpip,t1_hoo9llz,"That’s an amazing investment and I’m glad it paid off so well.

I’m surprised you haven’t sold the shares and tried to reinvest the money somewhere else. You think the company will continue to print or start offering dividends?",2,2021-12-17 03:06:40
hot6o1q,t1_hosppb4,"well kind sir, that is new information as they say...These were stock purchases and not options, I must presume. How can only a few people be in on the true inside unless maybe they are getting ready to be acquired? Im not claiming Im smart on the stock. only that the OP's DD made clear sense to me, and I cannot think of any ANY other incubator that rose so fast after decades of losses. That whole industry is so shady, someone else will steal the idea (assuming it is completely valid, patents etc.) and how long will LWLG be able to fight it in court? No way Im touching this one long...NO f'ing WAY",5,2021-12-17 02:20:43
hotgu2o,t1_hotdpip,"Thank you. I took a massive risk and people called me crazy for years. 

I actually finally sold some. 100 shares at $15.00 a week or so ago haha. I can no longer brag about not selling! 

People have called me crazy again for not selling to at least take the original investment out. I just believe the true value is much, much higher and it’ll be unlocked relatively soon. Me and my buddies hold nearly a million shares and so far we ain’t selling. 

Dividends are still a few years down the road but I’d bet on a buyout before then.",3,2021-12-17 03:27:18
hotfp8w,t1_hot6o1q,"Hey I understand. If I was fresh eyes looking at the stock chart I’d be like WTF. Then I’d maybe scratch the surface on actual company due dilligence and then scratch my head because it’s technical as hell. 

But…spend 10 minutes going through my comment history. LWLG has been my baby for nearly 15 years. 

Smart money appears to be moving in on it. It all started in May when the company gave their first hard guidance on what their commercialization path looked like. 

In terms of this industry being shady…yea you’re probably right. Luckily management at LWLG is very experienced. I also like the fact that LWLG so far is partnering with USA/European companies. 

The Chairman of the Board/former CEO of LWLG, Tom Zelibor, served as Director of Global Operations, U.S. Strategic Command during 9/11 and oversaw the entire Pacific carrier fleet operations during that time. At one point he had the highest security clearance in the country. AND HE’S ON OUR SIDE. 

Terry Turpin, former close advisor to LWLG, was the Chief of Advanced Processing Technologies for the NSA during his tenure. While Terry has since retired, its another clue on the type of people who helped advance LWLG over the years. 

I could keep going…there’s many impressive people with us. 

The technology is ready. The industry is desperate for a breakthrough solution. This is a big one.",3,2021-12-17 03:19:49
how4tt9,t1_hotfp8w,"Smart money takes profits as well...  long since 15 years. Co has prob a lot of rev already....  i am very skeptical but shorting it is not gambling hence i hope it gets pumped more than remains flattish to kill theta, jump on puts. I actually like more dec 22 puts when they become available. I am careful but 1900% or so growth a year with a cash run to max mar 23(how are they going to do that, i looked at tgeir cash burn either cfo is genius or despite infl pressure they are going to drastically cut expenses).  I dont understand tgeir concept because imtoo stupid but i can somehow plus/minus calc that latest next summer they urgently need cash. Btw i know some people with a lot of money that as dumb as fuck, every morning i meet him while brushing my teeth",0,2021-12-17 15:50:45
