comment_id,comment_parent_id,comment_body,comment_score,created_utc
gwf6h8t,t3_n1tg5f,Hahahah,1,2021-04-30 21:09:41
gwf6laj,t3_n1tg5f,Auto Mod is a dbag,1,2021-04-30 21:10:40
gwf6z80,t3_n1tg5f,f,1,2021-04-30 21:14:04
gwf70qh,t3_n1tg5f,"So the play is buy a value stock and hold?

Okay, boomer.",1,2021-04-30 21:14:26
gwf7ioh,t3_n1tg5f,\*\*Another removed post\*\*,1,2021-04-30 21:18:45
gwf7l5u,t3_n1tg5f,Good thing I saved screenshots of this post :),1,2021-04-30 21:19:20
gwf720k,t1_gwf70qh,"Jk. 

We ❤️ you!",1,2021-04-30 21:14:45
