comment_id,comment_parent_id,comment_body,comment_score,created_utc
hlrqgcx,t3_r0eba2,"
**User Report**| | | |
:--|:--|:--|:--
**Total Submissions**|6|**First Seen In WSB**|9 months ago
**Total Comments**|7|**Previous DD**|[x](https://seekingalpha.com/article/4454816-arqit-quantum-stock-massive-return-potential-by-future-proofing-cybersecurity) [x](https://www.reddit.com/r/wallstreetbets/comments/qq77lv/arqq_arqit_quantum_stock_massive_return_potential/) [x](https://www.reddit.com/r/wallstreetbets/comments/r0dycx/arqq_massive_return_potential_through/) [x](https://www.reddit.com/r/wallstreetbets/comments/r0eba2/arqq_massive_return_potential_by_future_proofing/) 
**Account Age**|1 year|[^scan ^comment ](https://www.reddit.com/message/compose/?to=VisualMod&subject=scan_comment&message=Replace%20this%20text%20with%20a%20comment%20ID%20(which%20looks%20like%20*h26cq3k*)%20to%20have%20the%20bot%20scan%20your%20comment%20and%20correct%20your%20first%20seen%20date.)|[^scan ^submission ](https://www.reddit.com/message/compose/?to=VisualMod&subject=scan_submission&message=Replace%20this%20text%20with%20a%20submission%20ID%20(which%20looks%20like%20*h26cq3k*)%20to%20have%20the%20bot%20scan%20your%20submission%20and%20correct%20your%20first%20seen%20date.)
**Vote Spam (NEW)**|[Click to Vote](https://www.reddit.com/message/compose/?to=VisualMod&subject=vote_spam&message=r0eba2)|**Vote Approve (NEW)**|[Click to Vote](https://www.reddit.com/message/compose/?to=VisualMod&subject=vote_approve&message=r0eba2)",1,2021-11-23 22:23:12
hltdsc0,t3_r0eba2,"Goddamn SPACs have left a sour taste in mouth, even after I spit the cum out.",6,2021-11-24 04:58:58
hlrw4fz,t3_r0eba2,Are you just buying stock or are you buying any leaps?,4,2021-11-23 23:05:33
hls1dof,t3_r0eba2,Positions and target plox,3,2021-11-23 23:42:34
hlrzdgb,t3_r0eba2,Too late for quick trade but might be good for long term,2,2021-11-23 23:28:50
hmsvxe9,t3_r0eba2,"I followed you advice and you were right. Nevertheless, I feel the upside in these past two weeks has been too much and that a correction is due. Inside?",2,2021-12-01 22:59:50
hlrr1tt,t3_r0eba2,Oh shit you used the rocket emoji,4,2021-11-23 22:27:52
hlut9zv,t3_r0eba2,What happened to positions or ban?,1,2021-11-24 11:20:33
hls2b2w,t3_r0eba2,lay off the Adderall. And anyone who invests in tech that doesn't exist to fight threats that don't exist is retarded.,-2,2021-11-23 23:48:56
hlrs1sw,t1_hlrr1tt,"That same first comment on every fucking post is getting a little old 

""Oh geeze, rocket emoji, count me in lol""

Christ we need some new material in WSB",9,2021-11-23 22:35:31
hlsm390,t1_hls2b2w,"after RIVN ipo i mean that line from Silicon Valley really seems to be reality rn

the less revenue the more infinite the possibilities",5,2021-11-24 01:58:15
hls2b1o,t1_hlrs1sw,Literally the first time I’ve commented it and I haven’t seen it anywhere else,2,2021-11-23 23:48:56
hmsw8b8,t1_hlrs1sw,It was right though,1,2021-12-01 23:02:03
