comment_id,comment_parent_id,comment_body,comment_score,created_utc
h0rda0o,t3_ntc52w,This OP account is 5 days old. Nope,24,2021-06-06 11:52:42
h0rh6ld,t3_ntc52w,"Fuck all those recruiter websites. How can they claim that there’s a huge need for people to work right now, yet post ridiculous qualifications even for an entry level position? When you apply you almost never hear back",10,2021-06-06 12:37:15
h0rildn,t3_ntc52w,Who sent you?,6,2021-06-06 12:54:14
h0rh5hz,t3_ntc52w,#GET OTTA HERE NON APE,8,2021-06-06 12:36:53
h0rc9nf,t3_ntc52w,!info,3,2021-06-06 11:41:44
h0sz63k,t3_ntc52w,I knew it was garbage just based off all the junk emails I get from ZipRecruiter.,3,2021-06-06 23:42:41
h0rlxsr,t3_ntc52w,[deleted],2,2021-06-06 13:35:47
h1ovi6i,t3_ntc52w,"no competitive edge, no stable growth, no technical bottom, this is a pure gamble",1,2021-06-14 10:50:01
h0r9ixq,t3_ntc52w,!remind me in 24 hours,0,2021-06-06 11:12:01
h0rijh4,t1_h0rda0o,The stock photo was the red flag for me,8,2021-06-06 12:53:36
h0rmtoq,t1_h0rlxsr,I’m impressed you read all of that. That must’ve been a long dump,2,2021-06-06 13:47:25
h0r9lip,t1_h0r9ixq,"I will be messaging you in 1 day on [**2021-06-07 03:12:01 UTC**](http://www.wolframalpha.com/input/?i=2021-06-07%2003:12:01%20UTC%20To%20Local%20Time) to remind you of [**this link**](https://www.reddit.com/r/wallstreetbets/comments/ntc52w/zip_dd/h0r9ixq/?context=3)

[**CLICK THIS LINK**](https://www.reddit.com/message/compose/?to=RemindMeBot&subject=Reminder&message=%5Bhttps%3A%2F%2Fwww.reddit.com%2Fr%2Fwallstreetbets%2Fcomments%2Fntc52w%2Fzip_dd%2Fh0r9ixq%2F%5D%0A%0ARemindMe%21%202021-06-07%2003%3A12%3A01%20UTC) to send a PM to also be reminded and to reduce spam.

^(Parent commenter can ) [^(delete this message to hide from others.)](https://www.reddit.com/message/compose/?to=RemindMeBot&subject=Delete%20Comment&message=Delete%21%20ntc52w)

*****

|[^(Info)](https://www.reddit.com/r/RemindMeBot/comments/e1bko7/remindmebot_info_v21/)|[^(Custom)](https://www.reddit.com/message/compose/?to=RemindMeBot&subject=Reminder&message=%5BLink%20or%20message%20inside%20square%20brackets%5D%0A%0ARemindMe%21%20Time%20period%20here)|[^(Your Reminders)](https://www.reddit.com/message/compose/?to=RemindMeBot&subject=List%20Of%20Reminders&message=MyReminders%21)|[^(Feedback)](https://www.reddit.com/message/compose/?to=Watchful1&subject=RemindMeBot%20Feedback)|
|-|-|-|-|",1,2021-06-06 11:12:49
h0r9vpb,t1_h0r9ixq,Noted…,-2,2021-06-06 11:15:54
h0sztmx,t1_h0rijh4,What photo?,1,2021-06-06 23:48:05
h0rsv1d,t1_h0rmtoq,[deleted],3,2021-06-06 15:12:44
h0st04v,t1_h0rsv1d,Well your wife’s boyfriend sounds like a nice guy giving her a break.,2,2021-06-06 22:50:16
