comment_id,comment_parent_id,comment_body,comment_score,created_utc
gls9v5e,t3_lb761g,"This post was flaired as a YOLO so it's on the YOLO list. [Find more YOLOs here!](https://ns.reddit.com/r/wallstreetbets/search?sort=new&q=flair%3AYOLO&restrict_sr=on&t=da)

Hey /u/chicago1313 the YOLO flair is for big dick trades that you're already in. If you misused the flair please change it. Mods have been notified of this thread.

[Submission Flair Guide](https://www.reddit.com/r/wallstreetbets/wiki/linkflair)

*I am a bot, and this action was performed automatically. Please [contact the moderators of this subreddit](/message/compose/?to=/r/wallstreetbets) if you have any questions or concerns.*",1,2021-02-03 05:36:33
