comment_id,comment_parent_id,comment_body,comment_score,created_utc
gmnsdhn,t3_lftq2y,"Qcom is a value play within 5G. 

It is an investment you will never have to babysit in your portfolio.",37,2021-02-09 11:43:11
gmnuh7b,t3_lftq2y,They have so many patents that it’s near impossible for them not to get paid,21,2021-02-09 12:02:24
gmnv6la,t3_lftq2y,"Not bad DD, but one argument against QCOM is Apple's potential foray into in-house comms chips. Sure, they'll have to pay licensing fees to QCOM (or go through another lengthy patent case, pick your poison), but licensing brings in lower revenue over physical chips. 

I'd rather wait for Apple to make an official ""bye bye QCOM"" announcement and buy from there. QCOM is a solid company (owned and made money in the past), but I'd want to see how institutions will price in Apple's impact first.",31,2021-02-09 12:09:02
gmnvorq,t3_lftq2y,There is some big 5G announcement coming tomorrow. They have been posting about it on twitter. Hopefully we get a bump tomorrow,11,2021-02-09 12:13:55
gmnxf01,t3_lftq2y,"Yeah I agree it's over sold. Bought some calls immediately after the big drop. It was kinda boomer stock before the the drop but now it's a value play.

They are practically an industry standard on mobile communication technology and SoC. They have shit load of patents you can't build a phone without paying them.",8,2021-02-09 12:31:03
gmnu7jd,t3_lftq2y,The Qualcomm tax is dying and they have to find more sources of revenue - they have many more challenges ahead of them. It’s is going to be a very long recovery. The stock is still very close to its peak.,15,2021-02-09 11:59:57
gmouv58,t3_lftq2y,Apple is looking to dump QCOM faster than they did INTC. Only a matter of time once their license agreement expires in 2025-26,5,2021-02-09 20:19:10
gmpyu54,t3_lftq2y,"Hey man, so I've been investing in the industry for a long time. I bought NVDA at 150 AMD at 32 and I've sold early on both. I've owned Qualcomm, Intel, TSMC, you name it. This industry is always advancing and here's my take. QCOM has been on my watchlist for many years and I own it, if they can stay out of trouble, not take any law suits, and keep doing what they are now, and make nm shrinks i believe in them. I'm now moving into the defence industry, LMT RTX TXT and there's a reason why In not in that industry anymore. Its because those things happen. Look what happened to Intel and Ryzen, they got completely Fd. Qualcomm is in a good spot, they just need to stay there. They are one of the only stocks i still own in that industry. If you think they can stay outta trouble you shld be all in.",3,2021-02-10 01:52:28
gmntwiy,t3_lftq2y,I bought in QComm years ago when I read about the Germany lawsuit and the others against Apple. I had a feeling Apple would settle and lo and behold they did and striked up a deal to use the Qcomm chips instantly making the stock go up. I exited my position start of Dec because I heard they were running into manufacturing issues and would continue to hit them issues in 2021.,5,2021-02-09 11:57:13
gmnsxza,t3_lftq2y,this guy held through earnings and is now in the denial phase,9,2021-02-09 11:48:23
gmnt1rw,t3_lftq2y,semiconductor shortage means comming bad selling records. But company itself is very good.,2,2021-02-09 11:49:20
gmo5z2g,t3_lftq2y,I am in agreement. Took a position this morning on the basis that it looked oversold on an earnings beat. Got lucky to grab calls at 146.,2,2021-02-09 14:05:15
gmo6dur,t3_lftq2y,Position? We doing calls? Leaps? Shares?,2,2021-02-09 14:10:30
gmpjsld,t3_lftq2y,"So, the 5g news dropped today but there doesn't seem to be any action",2,2021-02-10 00:05:32
gmod9ur,t3_lftq2y,"QCOM is only 10% off of its all-time high, and trading on the same plateau it reached only 3 months ago. That right there doesn't make it sound ""oversold"".",2,2021-02-09 15:46:06
gmqeezr,t3_lftq2y,"They'll go up for the next year or two but unless they start getting their asses together in the mobile chip market, I expect them to become the next intel.

Exynos is catching up. FAST. Their chips are also cheaper internationally. QCOM needs to keep doing what they do best.",1,2021-02-10 03:42:48
gmo21ha,t3_lftq2y,OP you like Enron too?,0,2021-02-09 13:19:42
gmnsl8r,t1_gmnsdhn,Will be a growth play in their recovery.,16,2021-02-09 11:45:10
gmoqvnh,t1_gmnsdhn,Not quite sure its a value play when its trading at nearly 50 times earnings,4,2021-02-09 19:23:35
gmp1ec1,t1_gmnv6la,">I'd rather wait for Apple to make an official ""bye bye QCOM"" announcement and buy from there.

you know these two companies signed a 6-year licensing agreement recently (2019, I think), right?

&#x200B;

so you're going to wait 4+ years to buy in?",12,2021-02-09 21:33:23
gmnwb03,t1_gmnvorq,Well this is good news. Was gonna load up more tomorrow. Hopefully they do it mid day.,3,2021-02-09 12:19:55
gmq4ti7,t1_gmnvorq,[deleted],1,2021-02-10 02:34:51
gmnyhg3,t1_gmnu7jd,Exactly and they haven’t been able to deliver with their soc,4,2021-02-09 12:42:06
gmu3z9n,t1_gmnu7jd,"5g (both sub-6GHz and mmWave) have far more applications than 4G (including outside of phone service).  Increased practicality of wireless broadband (fixed 5G for residential internet), and increased applications in industrial applications...  and Qualcomm is making chips for these applications as well in order to expand beyond mobile phone market (One small example is QCOM has an agreement with Nokia to put 5G chipsets in Nokia's femtocell products that provide 5G signals for residential)",1,2021-02-11 01:11:57
gmpsou0,t1_gmouv58,That's four years from now??,3,2021-02-10 01:09:01
gmnt11l,t1_gmnsxza,Nope. Bought in yesterday and I am planning to buy more tomorrow few hours after market open. For me it’s a recovery play after being oversold not a long term investment for me. Might be for others.,7,2021-02-09 11:49:09
gmnxl6d,t1_gmnt1rw,"It is an industry wide issue for semiconductors right now, but it isn't neccesarily a bad problem to have...  it means they can't temporarily keep up with the increase in demand.  The supply is expected to be tight most of the year, and these chip makers will be selling out of almost everything they make during that time.",2,2021-02-09 12:32:48
gmnvdvw,t1_gmnt1rw,Like OP stated it isn’t really affecting other chip maker’s stock prices.,1,2021-02-09 12:10:59
gmo6h43,t1_gmo6dur,I am going to do calls to March. 150c March.,6,2021-02-09 14:11:38
gmqms6c,t1_gmod9ur,"Lmao seriously “Qualcomm will recover”, it’s up 68% this year. Crazy what a bull market will do to a mf",3,2021-02-10 04:41:50
gmpsj5a,t1_gmoqvnh,This is factually not correct.,1,2021-02-10 01:07:53
gmnzvi1,t1_gmnyhg3,Yeah their SOC sales have always been driven by their exorbitant IP licensing when you don’t buy their SOCs.,3,2021-02-09 12:56:27
gmu5ukh,t1_gmu3z9n,Yes there is a lot of 5G hype. There is downward pressure on QCOM’s licensing model and unlike previous generations where there was no competition due to how severe the licensing costs were - 5G does have competition. QCOM having to compete on the merits of their silicon (rather than draconian licenses) is new for their business.,1,2021-02-11 01:25:13
gmntely,t1_gmnt11l,"you're going to think its the bottom, then it goes lower",4,2021-02-09 11:52:36
gmntklr,t1_gmntely,Probably. Catching a falling knife is a bad idea.,2,2021-02-09 11:54:07
gmnv71t,t1_gmntklr,It’s been relatively flat for 3 days now. That other dude is trying to be funny or something.,6,2021-02-09 12:09:09
gmnvf67,t1_gmnv71t,"One small catalyst could send it tumbling. Otherwise, It’s consolidating and will go up a bit. 150c isn’t a bad shout.",2,2021-02-09 12:11:20
gmo3apu,t1_gmnvf67,I went with $220C 1/2022. I feel good about it,1,2021-02-09 13:33:30
gmo3qas,t1_gmo3apu,Well. Not exactly a recovery but okay. Hope you did your own DD.,3,2021-02-09 13:38:26
