comment_id,comment_parent_id,comment_body,comment_score,created_utc
hjwhsa6,t3_qpwkcu,"
**User Report**| | | |
:--|:--|:--|:--
**Total Submissions**|7|**First Seen In WSB**|6 months ago
**Total Comments**|54|**Previous DD**|
**Account Age**|1 year|[^scan ^comment ](https://www.reddit.com/message/compose/?to=VisualMod&subject=scan_comment&message=Replace%20this%20text%20with%20a%20comment%20ID%20(which%20looks%20like%20*h26cq3k*)%20to%20have%20the%20bot%20scan%20your%20comment%20and%20correct%20your%20first%20seen%20date.)|[^scan ^submission ](https://www.reddit.com/message/compose/?to=VisualMod&subject=scan_submission&message=Replace%20this%20text%20with%20a%20submission%20ID%20(which%20looks%20like%20*h26cq3k*)%20to%20have%20the%20bot%20scan%20your%20submission%20and%20correct%20your%20first%20seen%20date.)
**Vote Spam (NEW)**|[Click to Vote](https://www.reddit.com/message/compose/?to=VisualMod&subject=vote_spam&message=qpwkcu)|**Vote Approve (NEW)**|[Click to Vote](https://www.reddit.com/message/compose/?to=VisualMod&subject=vote_approve&message=qpwkcu)
    
Hey /u/Last_Interview_4332, **positions or ban.** Reply to this with a screenshot of your entry/exit.",1,2021-11-09 13:17:59
hjwigrq,t3_qpwkcu,Jesus chill on the addys,33,2021-11-09 13:24:44
hjwj24g,t3_qpwkcu,"Thanks for the DD, I’m already in with some Feb and March 55 calls. They are super cheap and anything tech seems to be a raging cock.",13,2021-11-09 13:30:42
hjwmgoh,t3_qpwkcu,I agree. I’ve been thinking about starting to build a position for a long hold. The current valuation is attractive.,7,2021-11-09 14:07:05
hjwuc2x,t3_qpwkcu,Intel and Micron are my plays,5,2021-11-09 15:44:40
hjxck52,t3_qpwkcu,"You actually think the saying goes “faster than a brink of the eye” ??

It’s blink my man, and the r and l are on completely different sides of the keyboard so you can’t say it was a typo",4,2021-11-09 20:00:12
hjy3195,t3_qpwkcu,"Intel will be a safe pay, it will shine when the crash happens because it has the fundamentals to back it up not hype, all the other hype to the moon with PEs in the hundreds will come crashing down to 20 and below. Its not a matter of if but when. I will sleep well. 

PS the hype stocks are great for trading, I personally don't like it, I want solid stocks so I can sleep peacefully and not worry what the next news will do.",5,2021-11-09 23:41:54
hjwllnh,t3_qpwkcu,Not to mention that China’s best bet for having modern semiconductor fabrication would be to annex Taiwan. This would put a hard stop on TSMC supplying the world with top tier chips. Intel is a smart play in the tech Cold War you mention.,11,2021-11-09 13:57:40
hjx01op,t3_qpwkcu,I ain’t ever hear someone refer to they/them pen/is as the Gubment. I’m laughing so hard rn thank you,3,2021-11-09 17:07:14
hjx65ww,t3_qpwkcu,"average position at 60, tell me i'll be okay",3,2021-11-09 18:38:02
hjwqoah,t3_qpwkcu,"FYSA-- Your Point 7 and Point 8 are seriously flawed.  Grain of salt as this comes from an intel boi whom just sold all his intel stock for AMD stock (really bought Xilinx stock for the 25% arbitrage). 

7. Intel is no longer the more power efficient of the two with the recently released latest generation.  They had to dump all the power they could into the CPU to be able to compete with current-gen AMD.  AMD is about to release next gen in 3 months with general expectation to crush Intel's latest gen for the desktop market.  

leading to point 8...

8. AMD's Epyc server has ran away from Intel as competition -- it's no longer even close.  AMD just announced yesterday their next gen Epyc is expected to have \~50% uplift (in *common* workloads, so VM heavy crap); and the following gen to double their core count to 128 cores. Intel's best is a 38 core CPU which cost more and substantially less powerful then current/last gen AMD Epycs.  FB is utilizing AMD chips, Msoft is rolling out VM infra using AMD chips, I've been rolling my own shops servers over to Epycs. 

&#x200B;

The scariest part to your thesis is if AMD continues to make inroads into the AI segment; if they pull off the ai inference chips right that they been working on, big bucks.  Meanwhile Intel has a nasty reputation as of late of bringing interesting products into the foray but then lacking followup and further development-- based on the numbers behind their latest GPU it appears to be going down that path again.",7,2021-11-09 14:56:26
hjwq7ix,t3_qpwkcu,"Government backed monopolies aren’t the recipe for success you seem to think they are.

Will they go out of business? Basically never. But effective immortality inspires sloth and complacency, not innovation.",4,2021-11-09 14:50:39
hjxc6p8,t3_qpwkcu,"This sounds like something written to confirm your own thoughts. Extremely opinionated, tilted from a clear angle. This coming from someone holding a lot of intel stock. Intel will go up but it’s most likely going to be because of semi saturation elsewhere with people looking to dump their money into something else.

Yes intel is slowly coming out of its half decade slump but they lost ALOT of market and mindshare in the process and that takes years to build up and years to lose. I could continue writing about every point here but just be careful, dont try to convince yourself, sell yourself something, do the opposite and when the evidence is inarguable, take the plunge.",2,2021-11-09 19:55:55
hjwm8l4,t3_qpwkcu,[deleted],2,2021-11-09 14:04:36
hjwwf4f,t3_qpwkcu,Don't fuckig touch Intel. It's dead. It's the new IBM.,2,2021-11-09 16:13:36
hjwldmp,t3_qpwkcu,TSMC is also coming to US in Arizona so it will count as domestic to a large extent,1,2021-11-09 13:55:13
hjwumau,t3_qpwkcu,Isn't most of the money in CPUs in servers. And Intel's server chips suck fat cock atm,1,2021-11-09 15:48:30
hjxcdno,t3_qpwkcu,"> INTC is the only real US chip manufacturer that can reasonably compete with Korean Samsung and Taiwanese TSMC 

im going to stop you right there",1,2021-11-09 19:58:10
hjxd2ab,t3_qpwkcu,Got it! TAIWAN NUMBA WON. ALL IN TSMC,1,2021-11-09 20:05:52
hk0sas3,t3_qpwkcu,"Welp the price is right for some calls,  I bought a few OTM leaps.  Lets see what happens :)",1,2021-11-10 10:54:46
hkhzzmt,t3_qpwkcu,Bruh I’m with you currently diamon hand 100 calls for next year jump in the wagon when we go to war with CH and the US can’t get any microchips amd will drop and intel will rise to the moon,1,2021-11-14 04:48:49
hjwo9nf,t3_qpwkcu,Just say your holding bags....,0,2021-11-09 14:27:35
hjxdyqp,t3_qpwkcu,"uhhh i know this one, the safe adventures of Billbro Bagholdings Intels best Kofferträger",0,2021-11-09 20:15:50
hjwiaat,t1_hjwhsa6,"https://imgur.com/a/xxYyDIE

Bought 100 shares for now.",1,2021-11-09 13:22:54
hjx5mm1,t1_hjwj24g,Lol many Semis are raging at the expense of Intel.,3,2021-11-09 18:30:19
hjwltos,t1_hjwllnh,"One shouldn't hope for such circumstances as it would mean a marketwide panic, yes in those cases, INTC might benefit in the long run but the panic would be much greater in the short run.

Furthermore, I think this is a highly unlikely scenario, but Intel just hedges away most of the risk.",5,2021-11-09 14:00:05
hjxk3nm,t1_hjwllnh,"intel would not be the ""smart play"" in such a scenario.  puts on anything would be the smart play if taiwan gets ""annexed""",5,2021-11-09 21:15:38
hjxdz1p,t1_hjx65ww,"For the next year, don't know. In the 3-5 years I'm sure Intel will be profitable for you. I mean it's so low as a stock it really can't get worse. The only question is, is your money better invested in Intel where it will grow slowly or somewhere else.",4,2021-11-09 20:15:55
hjxcpgt,t1_hjwqoah,"Next gen isnt in three months, that’s just their 3d cache revision of the 5000 series cpus and its currently only known to be on the r9 models. It’ll give them a bump in performance, numbers floated have been around 15% on average.

sometime between quarter three and four ’22 is zen 4 which is “next gen“ aka a new architecture on a new platform.

&#x200B;

I had AMD, sold for a small gain right before it took off, now it’s overvalued, running on hype so I’ll wait for a big drop when the market gets hit and people stop yolo investing.",2,2021-11-09 20:01:54
hjwrbju,t1_hjwqoah,"I think you misread my point 7. Read it again, I know that it can draw more power overall, but in gaming and general taskload, it is more powerful, while being power efficient.

I know about the recent server announcement, and that's why I said there are some worries. But I believe Intel will also have an answer pretty quickly and it's pretty common to have such leaps in the space.

I appreciate your genuine criticism though.",2,2021-11-09 15:04:34
hjxdv9j,t1_hjwq7ix,"> Government backed monopolies aren’t the recipe for success you seem to think they are.

Well TSMC is a success story. Although I have very little confidence that America can duplicate that success.",2,2021-11-09 20:14:45
hjwwakp,t1_hjwq7ix,"Same thing happened to MSFT, I think it’s just laziness to compete or copy the competition. Intel couldn’t make chips for phones because they were too lazy to copy ARM and innovate. Same with IPad and now Macs.",1,2021-11-09 16:11:50
hjxe7w9,t1_hjxc6p8,"> Extremely opinionated

This particular section concerns me:

> One worrying factor is in the server market. Everyone seems to be launching their own server chips and AMD is very competitive and eating away market share. But Intel's management seems to be guiding us towards the right path. If their predictions prove to be right, they are on the right track.

Really server space is the key to valuation. But but the only analysis given here is that ""Intel's management seems to be guiding us towards the right path."" Like what the heck does that even mean? What is the management doing that makes you think things are going a-ok in the server wars? 

Not to mention OP doesn't even mention the huge news today of Meta picking AMD as their partner for building the metaverse.",3,2021-11-09 20:18:32
hjxchny,t1_hjxc6p8,Proof of your position?,2,2021-11-09 19:59:25
hjwmji9,t1_hjwm8l4,"They will fabricate chips for IOT for one. Two, the recent news cycles and developments makes me think they are bringing more and more products so that IOT manufacturers can benefit.

I am not too worried about marketshare as long as the market is big enough and it's a huge ocean that is still untapped. GPU, fabrication, servers, IOT, autonomous tech etc. Apple is a prime example of why market share is kinda overrated.",2,2021-11-09 14:07:57
hjzkgjx,t1_hjwm8l4,">Intel doesn't plan in the IoT space at all and it’s unlikely they’d drop production currently going to computers and cloud servers for cheap processors aimed at embedded systems (IoT),

bro In the third quarter of 2021, Intel's ""Internet of Things Group (IOTG)"" generated revenues of one billion U.S. dollars,",2,2021-11-10 05:35:59
hjxe96z,t1_hjxcdno,"Well, I mean half of that statement is true.",2,2021-11-09 20:18:54
hjykclv,t1_hjxk3nm,True. But Intel is the play if you don't know but want to hedge. Puts are the play if you got a CCP inside scoop.,2,2021-11-10 01:37:13
hk0ryxf,t1_hjxcpgt,"Thanks for the FYSA on the Ryzen timeline, I stand corrected",2,2021-11-10 10:52:17
hjwrvbp,t1_hjwrbju,"of course, i've had to put some thought into it today when I shifted from INTC to AMD (through Xilinx).  

&#x200B;

I think your biggest help is INTC being so cheap for options (because it doesn't move) and the big drop it had since earnings.",1,2021-11-09 15:11:42
hjwr1hw,t1_hjwmji9,"This is true.  There's about 100% chance of intel doing IoT chips.  I think the stock will pop (\~5%) when this releases, but Intel will abandon it within 2 generations as is their current culture.  I don't think the CEO has had enough time to fix the culture there; be another year before that shortsighted pump n dump products crap has been put down enough.",2,2021-11-09 15:01:02
hjwuv3k,t1_hjwmji9,"Why? Embedded devices (IoT) have long been dominated by ARM and MIPS processors integrated into designs produced by contract fabs. Margins are razor thin. They’re up against NVIDIA in the edge computing and autonomous spaces, which is the main portion of the market where their GPU efforts could pay off (and possibly gaming consoles?).

AAPL is a poor example. They have a high market cap because they’re one of a handful of major stock holdings in mutual funds sold in retirement accounts. A typical retirement account will have at least 5% in AAPL. Retail accounts for most of their moves that aren’t virtually in lockstep with MSFT, which accounts for a similar percentage in a typical retirement account. AMZN is lower but mostly following the trend because it’s usually no more than 2.5% of mutual funds in these accounts. So all you’re seeing is the mad dash of boomers to stash money for their retirements in most of the top market cap stocks.",1,2021-11-09 15:51:46
hjwsegn,t1_hjwrvbp,"Yeah, I was also thinking on going into Xilinx for the arbitrage as I recently sold out of AMD (to take profit and deleverage).

But I am having a hard time to believe that AMD could surpass Intel  in revenue in the long run and thinking that the current run is unsustainable.

So, waiting for some pullback on AMDs run actually to get back.😂",1,2021-11-09 15:18:39
