comment_id,comment_parent_id,comment_body,comment_score,created_utc
h0qqs71,t3_nt85av,"In about 2 weeks this will be a gold DD target and reap many rewards etc. 

I’m already in on this one and plan on spending time between now and 6/18 writing stuff for it.",3,2021-06-06 08:09:56
h0qmsop,t3_nt85av,"Someone has heavy bags. 
SoFi had a fair market deal at $10 NAV against it's SPAC.",5,2021-06-06 07:33:17
h0qmubu,t3_nt85av,"The stock will easily double, triple, quadruple in no time.",1,2021-06-06 07:33:42
h0qlzk9,t3_nt85av,Workhorse is actually the most shorted stock at over 42% as of Thursday,0,2021-06-06 07:25:43
h0qm7kn,t3_nt85av,"Forgot to mention I get a penny everytime I log in, read an article, Use my Credit card, use my money card, get direct deposit and more. Pennies up the wazooo it's like its own Dividend account app. Add that with its WKLY ETF and TGIF ETF your making serious change every week. You can also link your other accounts to manage all your money in one place and check your credit score. It literally seems like they do it all. They also have class courses on money management and much more . Ima stop they not even paying me for this( Besides my Gains). And( Options Gains) 😂🤙 I'm SoFired Up !!!",0,2021-06-06 07:27:48
h0qmypw,t3_nt85av,😂😂😂😂😂😂😂😂😂😂😂😂 thank you I really needed that laugh!,-1,2021-06-06 07:34:50
h0qrqpk,t3_nt85av,Pass,1,2021-06-06 08:19:00
h0qse07,t3_nt85av,Huge SoFi fan holding a ton of shares. I like the stock🤷🏿‍♂️,1,2021-06-06 08:24:54
h0qqwkv,t1_h0qqs71,I'll make sure to follow you then broski,1,2021-06-06 08:11:03
h0qmvsx,t1_h0qmsop,My avg price is $17.30 bro no bags here,-2,2021-06-06 07:34:05
h0qnhc8,t1_h0qmubu,I agree just look at upstart since December it's gone from 20 to 170s in less than a year with just personal loans. It's gonna be a fun year watching SoFi ads All FOOTBALL SEASON,3,2021-06-06 07:39:31
h0qmhc0,t1_h0qlzk9,Pretty sure I said It's 1 of the most. You are correct though Workhorse is the most shorted,0,2021-06-06 07:30:20
h0qo8cs,t1_h0qm7kn,"Don’t forget the bonus money for direct deposits, sending money to someone (my wife’s boyfriend sent me 5.00 but had to send it back so I could get the bonus) and spending for the first time either debit or credit card. They are literally giving you money so why not?",1,2021-06-06 07:46:22
h0qpzg8,t1_h0qmypw,Right. 🤣👋.,0,2021-06-06 08:02:34
h0qok4h,t1_h0qmvsx,Yet you mean. Buy in $12-14 range,1,2021-06-06 07:49:26
h0qr724,t1_h0qmvsx,isn't bag holding in the red ? Why the downvotes lol dam Haters,1,2021-06-06 08:13:49
h0qq9w1,t1_h0qo8cs,Exactly they giving so much their slogan is literally Get your money Right and they helping you. It's a win win but people think it's either this or that but it's all those. Just got put on a list of top 5 brokerages for beginners and SoFi was #3,2,2021-06-06 08:05:13
h0qrk80,t1_h0qq9w1,"Their invest platform could be more user friendly but at the end of the day it works fine. Also their thematic ETF,s are dirt cheap compared to others. I got a $100.00 bonus for direct deposit for at least 1000.00 per month so free money is nothing I’m turning down.",1,2021-06-06 08:17:18
