comment_id,comment_parent_id,comment_body,comment_score,created_utc
hdlvujr,t3_prybo5,"Your submission has been removed because it appears to be a screenshots, not a direct link to the article.

It's important to link directly to the article so that readers can contribute to the discussion in an informed manner.

If possible, please try and avoid paywalled articles, use a service like [archive.org](https://archive.org/) or [archive.is](http://archive.is/) to bypass it. 

*I am a bot, and this action was performed automatically. Please [contact the moderators of this subreddit](/message/compose/?to=/r/wallstreetbets) if you have any questions or concerns.*",1,2021-09-21 00:27:28
hdlvxwq,t3_prybo5,"I am a bot from /r/wallstreetbets.                                You submitted one or more banned tickers: DIV.

                                Message /u/zjz if they're above 1.5 billion-ish market cap and not related to crypto/pennies/OTC/SPACs.",1,2021-09-21 00:28:05
