comment_id,comment_parent_id,comment_body,comment_score,created_utc
ho58gkq,t3_re4wo0,"
**User Report**| | | |
:--|:--|:--|:--
**Total Submissions**|1|**First Seen In WSB**|10 months ago
**Total Comments**|3|**Previous DD**|
**Account Age**|1 year|[^scan ^comment ](https://www.reddit.com/message/compose/?to=VisualMod&subject=scan_comment&message=Replace%20this%20text%20with%20a%20comment%20ID%20(which%20looks%20like%20*h26cq3k*)%20to%20have%20the%20bot%20scan%20your%20comment%20and%20correct%20your%20first%20seen%20date.)|[^scan ^submission ](https://www.reddit.com/message/compose/?to=VisualMod&subject=scan_submission&message=Replace%20this%20text%20with%20a%20submission%20ID%20(which%20looks%20like%20*h26cq3k*)%20to%20have%20the%20bot%20scan%20your%20submission%20and%20correct%20your%20first%20seen%20date.)
**Vote Spam (NEW)**|[Click to Vote](https://www.reddit.com/message/compose/?to=VisualMod&subject=vote_spam&message=re4wo0)|**Vote Approve (NEW)**|[Click to Vote](https://www.reddit.com/message/compose/?to=VisualMod&subject=vote_approve&message=re4wo0)",1,2021-12-12 01:52:01
ho58po2,t3_re4wo0,"Lololol micron again

Don’t do it.",3,2021-12-12 01:53:46
ho58x5b,t3_re4wo0,Own it (shares). Tends to always beat earnings but has dumped the past few quarters regardless. I think it’s a good play with DDR5 becoming main stream,3,2021-12-12 01:55:13
ho58xp1,t3_re4wo0,I’ve made some money on MU the past couple of rips it took.  And I have calls expecting it to breakout again soon.,2,2021-12-12 01:55:20
ho5afmy,t3_re4wo0,Oh god don't get these apes started on Micron again.,2,2021-12-12 02:05:31
ho5fhzz,t3_re4wo0,"I bought MU Leaps 2 months ago and couldn't be happier.  They're way up but I'm holding because I think they're still undervalued and I think the DDR5 rollout in 2022/2023 makes them a great long term buy and hold.

When I posted about MU last week:

[https://www.reddit.com/r/wallstreetbets/comments/raftgl/micron\_and\_rohammer/](https://www.reddit.com/r/wallstreetbets/comments/raftgl/micron_and_rohammer/)

I got a reply about MartyMoho.  I'm new to WSB so I hadn't heard the story, but it was easy to find, and explains some of the other commenters.  You were quite the degenerate MartyMoho, I hope you're doing well somewhere.",2,2021-12-12 02:40:39
ho5b2tx,t3_re4wo0,Earnings coming of on 12/20. You think it will break $100.... What happened to ORCL was crazy,1,2021-12-12 02:09:58
