comment_id,comment_parent_id,comment_body,comment_score,created_utc
hbh8hss,t3_phb5uw,"
**User Report**| | | |
:--|:--|:--|:--
**Total Submissions**|5|**First Seen In WSB**|7 months ago
**Total Comments**|1|**Previous DD**|
**Account Age**|7 months|[^scan ^comment ](https://www.reddit.com/message/compose/?to=VisualMod&subject=scan_comment&message=Replace%20this%20text%20with%20a%20comment%20ID%20(which%20looks%20like%20*h26cq3k*)%20to%20have%20the%20bot%20scan%20your%20comment%20and%20correct%20your%20first%20seen%20date.)|[^scan ^submission ](https://www.reddit.com/message/compose/?to=VisualMod&subject=scan_submission&message=Replace%20this%20text%20with%20a%20submission%20ID%20(which%20looks%20like%20*h26cq3k*)%20to%20have%20the%20bot%20scan%20your%20submission%20and%20correct%20your%20first%20seen%20date.)",1,2021-09-04 02:41:09
hbh9tlu,t3_phb5uw,The price jumped seconds ago on the $535c's. This pumper just got his wish lol.,12,2021-09-04 02:50:44
hbh9hxu,t3_phb5uw,Make a post with screenshots of your play,7,2021-09-04 02:48:27
hbhe7ct,t3_phb5uw,Screenshot or it don’t count,7,2021-09-04 03:22:48
hbhac29,t3_phb5uw,Those calls have dropped $1.17 today.,3,2021-09-04 02:54:25
hbhf15y,t3_phb5uw,I’m in,3,2021-09-04 03:28:52
hbhgr13,t3_phb5uw,Show us some screenshots,3,2021-09-04 03:41:41
hbhirym,t3_phb5uw,"Well that was easy.. just grabbed 8 and made $480

&#x200B;

https://ibb.co/Ks3bSgr[https://ibb.co/Ks3bSgr](https://ibb.co/Ks3bSgr)",3,2021-09-04 03:56:41
hbxwyv5,t3_phb5uw,You holding this play until the 24th?,2,2021-09-07 23:32:47
hbh9m13,t3_phb5uw,"Just bought em, lets hope they pay some money",4,2021-09-04 02:49:14
hblq32e,t3_phb5uw,"540?

Hmm

Idk.  Sometimes its better to be late to the party lol",1,2021-09-05 03:31:38
hc2mkep,t3_phb5uw,"There's a dip, buy in",1,2021-09-09 00:01:55
hbha3ty,t1_hbh9tlu,Post history confirms,3,2021-09-04 02:52:46
hbhagvy,t1_hbha3ty,Up 38$ on 2 calls :),1,2021-09-04 02:55:22
hbhay0c,t1_hbhagvy,New here?,2,2021-09-04 02:58:52
hbhbn2z,t1_hbhay0c,"Yes sir, fresh out of the oven",1,2021-09-04 03:04:00
hbhc1ln,t1_hbhbn2z,First one’s always free,7,2021-09-04 03:06:54
