comment_id,comment_parent_id,comment_body,comment_score,created_utc
hnm5dxj,t3_rb3s9b,"I am a bot from /r/wallstreetbets. You submitted an image I've already seen recently.                        If you're submitting a position screenshot use Gain/Loss/YOLO flair or it'll be duplicate checked.
                        If you submitted something and then immediatley deleted it... don't do that next time.

https://i.redd.it/voytrw6p75481.png",1,2021-12-08 01:26:31
hnm5ezz,t3_rb3s9b,"
**User Report**| | | |
:--|:--|:--|:--
**Total Submissions**|9|**First Seen In WSB**|7 months ago
**Total Comments**|17|**Previous DD**|
**Account Age**|1 year|[^scan ^comment ](https://www.reddit.com/message/compose/?to=VisualMod&subject=scan_comment&message=Replace%20this%20text%20with%20a%20comment%20ID%20(which%20looks%20like%20*h26cq3k*)%20to%20have%20the%20bot%20scan%20your%20comment%20and%20correct%20your%20first%20seen%20date.)|[^scan ^submission ](https://www.reddit.com/message/compose/?to=VisualMod&subject=scan_submission&message=Replace%20this%20text%20with%20a%20submission%20ID%20(which%20looks%20like%20*h26cq3k*)%20to%20have%20the%20bot%20scan%20your%20submission%20and%20correct%20your%20first%20seen%20date.)
**Vote Spam (NEW)**|[Click to Vote](https://www.reddit.com/message/compose/?to=VisualMod&subject=vote_spam&message=rb3s9b)|**Vote Approve (NEW)**|[Click to Vote](https://www.reddit.com/message/compose/?to=VisualMod&subject=vote_approve&message=rb3s9b)",1,2021-12-08 01:26:44
