comment_id,comment_parent_id,comment_body,comment_score,created_utc
hbcklnk,t3_pgnypx,"Your submission was removed from /r/wallstreetbets due to being too short. All text submissions must be at least 100 characters long.

*I am a bot, and this action was performed automatically. Please [contact the moderators of this subreddit](/message/compose/?to=/r/wallstreetbets) if you have any questions or concerns.*",1,2021-09-03 02:41:56
hbcknsx,t3_pgnypx,I am a bot from /r/wallstreetbets. Your submission was removed because you posted a Gain/Loss/YOLO that is a selfpost with text instead of just a picture or album of pictures.,1,2021-09-03 02:42:19
