comment_id,comment_parent_id,comment_body,comment_score,created_utc
h7gnb61,t3_owlglg,"
**User Report**| | | |
:--|:--|:--|:--
**Total Submissions**|10|**First Seen In WSB**|6 months ago
**Total Comments**|143|**Previous DD**|[x](https://www.reddit.com/r/wallstreetbets/comments/o1lkwj/amd_dd_update_ape_must_read/) [x](https://www.reddit.com/r/wallstreetbets/comments/owlglg/amd_target_price_269_dd_82/) [x](https://www.reddit.com/r/wallstreetbets/comments/oaxwox/intel_amd_and_nvda/) [x](https://www.reddit.com/r/wallstreetbets/comments/laduth/amd_dd_212021/) 
**Account Age**|8 months|[^scan ^comment ](https://www.reddit.com/message/compose/?to=VisualMod&subject=scan_comment&message=Replace%20this%20text%20with%20a%20comment%20ID%20(which%20looks%20like%20*h26cq3k*)%20to%20have%20the%20bot%20scan%20your%20comment%20and%20correct%20your%20first%20seen%20date.)|[^scan ^submission ](https://www.reddit.com/message/compose/?to=VisualMod&subject=scan_submission&message=Replace%20this%20text%20with%20a%20submission%20ID%20(which%20looks%20like%20*h26cq3k*)%20to%20have%20the%20bot%20scan%20your%20submission%20and%20correct%20your%20first%20seen%20date.)
    
Hey /u/snkbrdng, **positions or ban.** Reply to this with a screenshot of your entry/exit.",1,2021-08-03 03:08:47
h7gnmxp,t3_owlglg,"You forgot, both major consoles are running AMD CPU/GPU/chipsets.
AMD is killing it.",3,2021-08-03 03:11:11
h7gnuul,t3_owlglg,I sure hope so. I'm all in AMD for the long run for 2 years now,1,2021-08-03 03:12:47
h7gnwud,t3_owlglg,What about MU? and AAPL making their own chips?,1,2021-08-03 03:13:11
h7gobjd,t3_owlglg,I deleted this because I couldn’t update title to include the price target time frame. Also I’m an idiot and don’t listen to me. Positions $250k in AMD LEAPS ranging from $65c to $95c,1,2021-08-03 03:16:12
h7gqzc6,t1_h7gobjd,you lost me at intel HARWARE engineers going to join SOFTWARE companies,1,2021-08-03 03:35:28
h7grj3s,t1_h7gqzc6,"Its crazy but all those companies have ASIC/SoC designs AND hardware system projects. 

Would you go to work for Tesla, Amazon, Facebook, Google if they offered you 2x 3x 4x whatever you were currently making?",1,2021-08-03 03:39:28
h7gs9bi,t1_h7grj3s,"okay, but would guess they are pretty small departments. Can take tesla off the list for pay bump",1,2021-08-03 03:44:44
h7gt4iq,t1_h7gs9bi,I bet these homies got big pay day https://www.google.com/amp/s/electrek.co/2018/04/25/tesla-autopilot-jim-keller-leaving-chip/amp/,1,2021-08-03 03:50:58
h7gu1yo,t1_h7gt4iq,"yes, when they left TSLA",1,2021-08-03 03:57:43
