comment_id,comment_parent_id,comment_body,comment_score,created_utc
hjmniyf,t3_qof941,"
**User Report**| | | |
:--|:--|:--|:--
**Total Submissions**|1|**First Seen In WSB**|9 months ago
**Total Comments**|12|**Previous DD**|
**Account Age**|1 year|[^scan ^comment ](https://www.reddit.com/message/compose/?to=VisualMod&subject=scan_comment&message=Replace%20this%20text%20with%20a%20comment%20ID%20(which%20looks%20like%20*h26cq3k*)%20to%20have%20the%20bot%20scan%20your%20comment%20and%20correct%20your%20first%20seen%20date.)|[^scan ^submission ](https://www.reddit.com/message/compose/?to=VisualMod&subject=scan_submission&message=Replace%20this%20text%20with%20a%20submission%20ID%20(which%20looks%20like%20*h26cq3k*)%20to%20have%20the%20bot%20scan%20your%20submission%20and%20correct%20your%20first%20seen%20date.)
**Vote Spam (NEW)**|[Click to Vote](https://www.reddit.com/message/compose/?to=VisualMod&subject=vote_spam&message=qof941)|**Vote Approve (NEW)**|[Click to Vote](https://www.reddit.com/message/compose/?to=VisualMod&subject=vote_approve&message=qof941)",1,2021-11-07 10:32:44
hjmu2br,t3_qof941,"I have my own three M's for Monday Molly, Mushrooms and Morphine.",42,2021-11-07 11:29:39
hjmnh54,t3_qof941,"Eat my dongus you fuckin nerd.

*I am a bot, and this action was performed automatically. Please [contact the moderators of this subreddit](/message/compose/?to=/r/wallstreetbets) if you have any questions or concerns.*",28,2021-11-07 10:32:16
hjms3n8,t3_qof941,"Is there a TLDR?

My guess is: ""buy 3M, trust me bro""",25,2021-11-07 11:11:52
hjnj3g1,t3_qof941,"No correction to biden bill.

Boomer stock and a bag holder detected.

BBBag holder??!!!",11,2021-11-07 16:40:21
hjnpmd7,t3_qof941,Explanation unclear: Bought M&Ms.,12,2021-11-07 18:20:20
hjn5bc4,t3_qof941,I prefer two M's with peanuts,9,2021-11-07 13:21:06
hjmo4az,t3_qof941,another DD that's a day late for people.,3,2021-11-07 10:37:44
hjmp8n0,t3_qof941,My autistic azz sees 53 letter “m” in your submission,8,2021-11-07 10:47:01
hjmv22w,t3_qof941,I like $MMM,3,2021-11-07 11:38:56
hjnm75q,t3_qof941,![img](emote|t5_2th52|5957),3,2021-11-07 17:28:35
hjmp6hz,t3_qof941,"To much words, not enough retardism",5,2021-11-07 10:46:32
hjmteqg,t3_qof941,Going to follow the lead on this come Monday morning. Great DD,5,2021-11-07 11:23:31
hjnt734,t3_qof941,"Yeah, I'll pass",2,2021-11-07 19:12:25
hjnx3qc,t3_qof941,"M together Stronk!

🦍🦍🦍",2,2021-11-07 20:02:48
hjomcmq,t3_qof941,"That chart is not a price chart. It’s an average seasonality chart.

Looks like $MMM typically peaks around Christmas.

Because cheaters using Super 77?",2,2021-11-07 23:34:04
hjmst1c,t3_qof941,Tell me what shares you have without telling me,3,2021-11-07 11:18:04
hjn4r8d,t3_qof941,"I didn’t spend much time, but I’ve detected a block word shape, and something called a biden. 

Safe to say this is jiberish",2,2021-11-07 13:14:48
hjn31rh,t3_qof941,Mmmno,1,2021-11-07 12:56:15
hjmyyev,t3_qof941,"Question: Has anyone ever worked out a relation between SPY rises vs VIX drops? For instance, Monday, which would make the bigger move? Leaning more toward SPY calls, but with throwing high octane on the inflation dumpster fire with that massive spending bill, I can maybe see a VIX opportunity.",1,2021-11-07 12:16:17
hjn9qop,t3_qof941,Apes in,1,2021-11-07 14:14:59
hjnx0jl,t3_qof941,Mmmmmmmmmmmm🤔,1,2021-11-07 20:01:50
hjo5jm2,t3_qof941,[removed],1,2021-11-07 21:26:30
hjq45f8,t3_qof941,"The only MMM I buy from is Mushroom Man Mycology....for my...spore collection.  
Yeah that's it.",1,2021-11-08 05:26:39
hjrawrx,t3_qof941,"Brandon, eh? No thanks, don’t need your advice.",1,2021-11-08 10:45:16
hk4da4f,t3_qof941,This sure doesn't look very hot right now.....may want to reevaluate with a couple bowls of some good green and get some better DD.,1,2021-11-11 05:32:59
hjmt1v5,t3_qof941,It wont pass,-7,2021-11-07 11:20:16
hjmxono,t3_qof941,Why not do a covered call?,0,2021-11-07 12:03:49
hjmx06s,t1_hjmu2br,Fair choice. Get some red Bull with it and you’ll go to the moon with no problem,9,2021-11-07 11:57:20
hjmturi,t1_hjms3n8,Source: trust me bro,16,2021-11-07 11:27:39
hjnj3yv,t1_hjnj3g1,>  I'm not a bag holder.,8,2021-11-07 16:40:35
hjn85l5,t1_hjn5bc4,"Hate peanuts, Marshall Mathers fell off",2,2021-11-07 13:53:48
hjmof1e,t1_hjmo4az,The shares dumped a dollar after midday Friday because of the voting delay. I think at open is when we’ll see the big movement,3,2021-11-07 10:40:19
hjnf728,t1_hjn4r8d,"I just googled it and i can't even find a company that makes a ""biden"". Needless to say I was mortified",2,2021-11-07 15:36:18
hjo5ksn,t1_hjo5jm2,> I'm not implying anything.,1,2021-11-07 21:26:47
hjraxlk,t1_hjrawrx,> The best advice comes from the most unlikely places.,1,2021-11-08 10:45:27
hk4dmz0,t1_hk4da4f,"Sold shares, bought more calls. Holding til exp, will update from the moon",1,2021-11-11 05:35:20
hjmuone,t1_hjmt1v5,Already passed on Friday,7,2021-11-07 11:35:28
hjptubu,t1_hjmx06s,More like Mucid Motors Mow!,1,2021-11-08 04:19:11
hjnxfew,t1_hjmturi,"It's safe & retarded at same time    
Schrödingers DD![img](emote|t5_2th52|4270)",1,2021-11-07 20:06:13
hk4dsys,t1_hk4dmz0,"I hope it works for you my dude!! At least it won't be a ball buster if they expire worthless, -$30 is far better than -$30k.",2,2021-11-11 05:36:24
hjnw2kf,t1_hjmuone,Not both chambers,0,2021-11-07 19:50:29
hkc9u81,t1_hk4dsys,"Update, it worked",2,2021-11-12 23:16:42
hjo9e27,t1_hjnw2kf,The bill was already passed by the Senate back in August. Biden just has to sign.,1,2021-11-07 21:59:17
hkcb8jo,t1_hkc9u81,to the moon 🚀🌙,2,2021-11-12 23:26:30
hkd9lim,t1_hkc9u81,What was your final gain?,1,2021-11-13 03:21:08
hkebf9h,t1_hkd9lim,About 2k! Invested 1k all in all so pretty good return I’d say,1,2021-11-13 08:00:44
hkebk0i,t1_hkebf9h,"👏👏👏👏 Good job, that's a win!",2,2021-11-13 08:01:47
