comment_id,comment_parent_id,comment_body,comment_score,created_utc
hnm54bb,t3_rb3qhk,"
**User Report**| | | |
:--|:--|:--|:--
**Total Submissions**|8|**First Seen In WSB**|7 months ago
**Total Comments**|17|**Previous DD**|
**Account Age**|1 year|[^scan ^comment ](https://www.reddit.com/message/compose/?to=VisualMod&subject=scan_comment&message=Replace%20this%20text%20with%20a%20comment%20ID%20(which%20looks%20like%20*h26cq3k*)%20to%20have%20the%20bot%20scan%20your%20comment%20and%20correct%20your%20first%20seen%20date.)|[^scan ^submission ](https://www.reddit.com/message/compose/?to=VisualMod&subject=scan_submission&message=Replace%20this%20text%20with%20a%20submission%20ID%20(which%20looks%20like%20*h26cq3k*)%20to%20have%20the%20bot%20scan%20your%20submission%20and%20correct%20your%20first%20seen%20date.)
**Vote Spam (NEW)**|[Click to Vote](https://www.reddit.com/message/compose/?to=VisualMod&subject=vote_spam&message=rb3qhk)|**Vote Approve (NEW)**|[Click to Vote](https://www.reddit.com/message/compose/?to=VisualMod&subject=vote_approve&message=rb3qhk)",1,2021-12-08 01:24:34
hnm958f,t3_rb3qhk,If only it didn't skyrocket today. Good luck!,8,2021-12-08 01:53:55
hnwpw9q,t3_rb3qhk,Lads we are IN the money 🎉,7,2021-12-10 06:15:29
hnmbvi2,t3_rb3qhk,U dont think this is sick? Lol,5,2021-12-08 02:13:26
hnm876v,t3_rb3qhk,Nice,2,2021-12-08 01:47:06
hnoslzv,t3_rb3qhk,I think this is going to be an IV play. If the IV increases to atleast 50% tomorrow this nets a 3x return on the uptrend and 1.1x return on the downtrend. Am I right PP?,2,2021-12-08 14:08:12
ho0gk25,t3_rb3qhk,Congrats on the gains,2,2021-12-11 01:48:34
hoagll3,t3_rb3qhk,"I‘m in , let‘s go 🚀",1,2021-12-13 04:23:57
hyq9dkn,t1_hnwpw9q,Are u playing this earnings on avgo?,1,2022-02-28 10:50:51
