comment_id,comment_parent_id,comment_body,comment_score,created_utc
gnh4lwe,t3_ljzjk5,"Hey! Your post has been removed because it breaks [rule 2](https://old.reddit.com/r/wallstreetbets/about/rules). It seems like it should have been a comment in the daily thread. We call this ""commentposting"".

This happens when your submission isn't all that useful, funny, long, or unique, and is primarily text.

Note: Discussion threads can steer clear of this by bringing some information to the table, being more than a ticker and a question mark, etc.

*I am a bot, and this action was performed automatically. Please [contact the moderators of this subreddit](/message/compose/?to=/r/wallstreetbets) if you have any questions or concerns.*",1,2021-02-15 06:55:49
