comment_id,comment_parent_id,comment_body,comment_score,created_utc
hgm6ziq,t3_q813r7,"
**User Report**| | | |
:--|:--|:--|:--
**Total Submissions**|249|**First Seen In WSB**|1 year ago
**Total Comments**|170|**Previous DD**|[x](https://www.reddit.com/r/wallstreetbets/comments/ofjxxj/backtesting_a_trading_strategy_built_purely_on/) [x](https://www.reddit.com/r/wallstreetbets/comments/ncaa4e/using_data_visualizations_to_detect_badfaith/) [x](https://www.reddit.com/r/wallstreetbets/comments/lvje4v/the_efficacy_of_buying_votes_an_analysis_of/) [x](https://www.reddit.com/r/wallstreetbets/comments/nce1jx/using_data_visualizations_to_identify_suspicious/) [x](https://www.reddit.com/r/wallstreetbets/comments/ncazyb/using_data_visualizations_to_detect_badfaith/) [x](https://www.reddit.com/r/wallstreetbets/comments/ner52l/wingstop_wing_has_an_11_growth_in_twitter/) [x](https://www.reddit.com/r/wallstreetbets/comments/l1cphm/wallstreetbets_impact_on_the_market/) [x](https://www.reddit.com/r/wallstreetbets/comments/lrdyb0/yesterdays_wsb_discussion_wkhs_hits_the_top_10/) [x](https://www.reddit.com/r/wallstreetbets/comments/n4t05t/an_introduction_to_patent_data/) [x](https://www.reddit.com/r/wallstreetbets/comments/mlfhvd/building_off_the_post_from_yesterday_i_built_a/) 
**Account Age**|2 years|[^scan ^comment ](https://www.reddit.com/message/compose/?to=VisualMod&subject=scan_comment&message=Replace%20this%20text%20with%20a%20comment%20ID%20(which%20looks%20like%20*h26cq3k*)%20to%20have%20the%20bot%20scan%20your%20comment%20and%20correct%20your%20first%20seen%20date.)|[^scan ^submission ](https://www.reddit.com/message/compose/?to=VisualMod&subject=scan_submission&message=Replace%20this%20text%20with%20a%20submission%20ID%20(which%20looks%20like%20*h26cq3k*)%20to%20have%20the%20bot%20scan%20your%20submission%20and%20correct%20your%20first%20seen%20date.)
**Vote Spam (NEW)**|[Click to Vote](https://www.reddit.com/message/compose/?to=VisualMod&subject=vote_spam&message=q813r7)|**Vote Approve (NEW)**|[Click to Vote](https://www.reddit.com/message/compose/?to=VisualMod&subject=vote_approve&message=q813r7)",1,2021-10-14 22:41:11
hgm9qxi,t3_q813r7,They know how to pick them - better than any analysis  I know,16,2021-10-14 23:00:36
hgm9dqf,t3_q813r7,"You know that their brokers likely came up with the idea or actually made these moves and not the people themselves? I’m in vanguard funds through my 401K that tends to change over time and I don’t know every stock that is in it at any given time. If I were in Congress, I would have to hire someone to disclose all that shit for me though. The idea that these congress people are making plays based on their policies is probably not as true as it’s their brokers making moves on their policies (kinda like we do).",14,2021-10-14 22:58:03
hgm8nba,t3_q813r7,Where do you get this info?,2,2021-10-14 22:52:52
hgnn8hn,t3_q813r7,All of these stock traded higher today as well the previous 6 month. Thanks Reddit.,2,2021-10-15 04:41:12
hgofsy0,t3_q813r7,"thanks OP, the unsung hero. keep posting these",2,2021-10-15 08:31:13
hgmbxbb,t3_q813r7,Buy and sell on Susie Lee. STONKS,4,2021-10-14 23:15:48
hgncuhn,t3_q813r7,BROS. Who names these tickers?,1,2021-10-15 03:29:54
hgp65ss,t1_hgm9qxi,I imagine being at the top helps quite a bit,2,2021-10-15 11:57:15
hgnevjp,t1_hgncuhn,The company is literally Dutch Bros.  It’s a great ticker.,7,2021-10-15 03:43:48
