comment_id,comment_parent_id,comment_body,comment_score,created_utc
hovfgao,t3_ri891o,"News posts **must be market moving** and contain **new** information. Please avoid editorializing the title. 

If your post doesn't meet the requirements above, please delete the thread before a mod sees it.

*I am a bot, and this action was performed automatically. Please [contact the moderators of this subreddit](/message/compose/?to=/r/wallstreetbets) if you have any questions or concerns.*",1,2021-12-17 11:47:56
