comment_id,comment_parent_id,comment_body,comment_score,created_utc
hl9ztpj,t3_qxkwlj,"
**User Report**| | | |
:--|:--|:--|:--
**Total Submissions**|3|**First Seen In WSB**|8 months ago
**Total Comments**|1|**Previous DD**|
**Account Age**|8 months|[^scan ^comment ](https://www.reddit.com/message/compose/?to=VisualMod&subject=scan_comment&message=Replace%20this%20text%20with%20a%20comment%20ID%20(which%20looks%20like%20*h26cq3k*)%20to%20have%20the%20bot%20scan%20your%20comment%20and%20correct%20your%20first%20seen%20date.)|[^scan ^submission ](https://www.reddit.com/message/compose/?to=VisualMod&subject=scan_submission&message=Replace%20this%20text%20with%20a%20submission%20ID%20(which%20looks%20like%20*h26cq3k*)%20to%20have%20the%20bot%20scan%20your%20submission%20and%20correct%20your%20first%20seen%20date.)
**Vote Spam (NEW)**|[Click to Vote](https://www.reddit.com/message/compose/?to=VisualMod&subject=vote_spam&message=qxkwlj)|**Vote Approve (NEW)**|[Click to Vote](https://www.reddit.com/message/compose/?to=VisualMod&subject=vote_approve&message=qxkwlj)",1,2021-11-20 01:21:14
hl9zshc,t3_qxkwlj,I am a bot from /r/wallstreetbets. You submitted a Gain/Loss/YOLO that didn't look like it included **large** positions. Please read the rules. This check will fire if you included unnecessary pictures that don't show positions. Repost with the useless pictures omitted if you did that.,1,2021-11-20 01:21:00
