comment_id,comment_parent_id,comment_body,comment_score,created_utc
gk5o50w,t3_l2jdle,[deleted],15,2021-01-22 16:22:34
gk5ol0h,t3_l2jdle,Too much words. Bought a McDonald's happy meal,9,2021-01-22 16:29:40
gk5qqn4,t3_l2jdle,"I like your funny words magic man, gonna buy ICLN with my GME gains",4,2021-01-22 17:04:09
gk5o4v9,t3_l2jdle,"Sir, this is the unemployment line.

*I am a bot, and this action was performed automatically. Please [contact the moderators of this subreddit](/message/compose/?to=/r/wallstreetbets) if you have any questions or concerns.*",2,2021-01-22 16:22:30
gk5ow6w,t3_l2jdle,Sunw spwr 🚀🚀🚀,2,2021-01-22 16:34:37
gk5pf80,t3_l2jdle,Good shit chimpu 🐒🐒🐒,2,2021-01-22 16:43:00
gk5oqjg,t3_l2jdle,Ppl saying intel is a buy don’t understand shit about how the semiconductor industry is shaping.,0,2021-01-22 16:32:06
gk5v119,t1_gk5o50w,Would invest in NOK instead,3,2021-01-22 18:17:00
gk5um7d,t1_gk5o50w,Do you think qualcom is gonna do well because of the 5g?,2,2021-01-22 18:09:46
gk5omoe,t1_gk5ol0h,[deleted],8,2021-01-22 16:30:25
gk5v2h3,t1_gk5v119,[deleted],1,2021-01-22 18:17:41
gk5oord,t1_gk5omoe,You need to say ticker and that's it and we'll buy it,7,2021-01-22 16:31:19
gk65opw,t1_gk5omoe,"Yea you said “long post “. I was expecting like 30 scrolls. 

Tkx btw.",2,2021-01-22 20:54:31
gk5x3jp,t1_gk5v2h3,[deleted],0,2021-01-22 18:51:55
gk5qjuv,t1_gk5oord,lol fr,2,2021-01-22 17:01:08
gk65r4d,t1_gk65opw,[deleted],2,2021-01-22 20:55:19
gk65mlx,t1_gk5x3jp,What about it?,1,2021-01-22 20:53:49
gk65wsy,t1_gk65r4d,oooo I’ll be on the lookout,2,2021-01-22 20:57:11
