comment_id,comment_parent_id,comment_body,comment_score,created_utc
h5cqxc4,t3_ol7jkj,I will explode inside your wife,142,2021-07-16 10:59:23
h5cq6s5,t3_ol7jkj,"I bought ABNB at the bottom. It was the only time I ever bought the bottom of anything. Please for the love of God, don't go back down there lol",48,2021-07-16 10:52:46
h5cq0xo,t3_ol7jkj,Where do people using their phone fall on this spectrum between traders with 6 screens and pump and dumpers?,18,2021-07-16 10:51:18
h5cuvvv,t3_ol7jkj,Anybody can buy 6 screens when you upgrade to 6 nuts then come back and I will listen,6,2021-07-16 11:35:59
h5cq1fg,t3_ol7jkj,"There's not a lot of darkpool interest. Its actually the lowest this month, whereas the peak was 7/1.",6,2021-07-16 10:51:26
h5ddpo3,t3_ol7jkj,[deleted],6,2021-07-16 15:10:35
h5cpv45,t3_ol7jkj,"Even before the pandemic, their growth wasn't too impressive tbh",23,2021-07-16 10:49:54
h5cnvwv,t3_ol7jkj,Risky play considering the bump in COVID cases. Not to mention the increase in the number of new cases post vaccination.,19,2021-07-16 10:31:55
h5cudlq,t3_ol7jkj,"(Facepalm) you can’t watch a dark pool idiot, THAT’S THE FUCKING PURPOSE OF A DARK POOL",14,2021-07-16 11:31:13
ha973gv,t3_ol7jkj,You're from the future and know a lot about history. +10% today. Well done.,3,2021-08-25 12:35:38
h5csoqo,t3_ol7jkj,It’s still valued at $90B even after all that dipping. No thanks,4,2021-07-16 11:15:30
h5cnzvw,t3_ol7jkj,[deleted],8,2021-07-16 10:32:54
h5cvnwf,t3_ol7jkj,"My late July calls went to shit the last 2 weeks! Sold them , but u  sob I’m getting back in now!",2,2021-07-16 11:43:37
h5dfd4a,t3_ol7jkj,Airbnb DoorDash and wish all set to explode soon. Galileo hedge fund is long all these stocks and heavy,2,2021-07-16 15:33:32
h5dt2cj,t3_ol7jkj,Nothing but disappointing!,2,2021-07-16 18:51:10
h5estjw,t3_ol7jkj,"Interesting, you are saying that the amount of screens is correlated to gain?",2,2021-07-17 00:03:02
h5gp66d,t3_ol7jkj,Remindme! 6 weeks,2,2021-07-17 08:38:14
h5csz2p,t3_ol7jkj,Puts on ABNB and DASH 🚀🚀🚀,4,2021-07-16 11:18:09
h5esfqo,t3_ol7jkj,See travel picking up! I feel like Q3 is going to be a mega hit surprise.,1,2021-07-17 00:00:19
h5ezug1,t3_ol7jkj,NVDA is not too extended now. The bounce back for this split will come much faster than you think. Enjoy the 7/23 calls and take some large gains!,1,2021-07-17 00:52:40
h5f5fm2,t3_ol7jkj,Loaded up on calls,1,2021-07-17 01:31:58
h5fxzbj,t3_ol7jkj,Where can you see the dark pool?,1,2021-07-17 04:57:32
h5g3wgl,t3_ol7jkj,I’m not even considering to buy as long as it is above $100,1,2021-07-17 05:42:44
h5ggfrh,t3_ol7jkj,"Exploding your portfolio, lol",1,2021-07-17 07:23:57
h5gyma3,t3_ol7jkj,The fact all the travel stocks are down is nuts. AAL already said they're crushing DAL profits by next quarter and Marriott ceo says stays are increasing. Don't buy into the bs delta panic. Travel is back baby.,1,2021-07-17 10:01:02
h8u9thr,t3_ol7jkj,👀,1,2021-08-14 06:23:19
hby5a1g,t3_ol7jkj,👀,1,2021-09-08 00:29:26
h5d9zqc,t1_h5cqxc4,In an AirBnB,24,2021-07-16 14:21:11
h5cs7yy,t1_h5cqxc4,Can I get sloppy seconds?,10,2021-07-16 11:11:11
h5d2dws,t1_h5cqxc4,I have exploded inside your wife. Best 30 seconds of my week!,9,2021-07-16 12:51:45
h5cv1vk,t1_h5cq6s5,“Started from the bottom - Staying there!”,11,2021-07-16 11:37:35
h5d2mye,t1_h5cq6s5,I bought your wife’s bottom. Total yolo play.,12,2021-07-16 12:54:30
h5crtj1,t1_h5cq0xo,[deleted],14,2021-07-16 11:07:26
h5d2kef,t1_h5cq0xo,I definitely use my phone to ‘pump’ while I’m at work.  I use multiple screens to’pump’ at home. I only read wsb on my phone when I’m taking a dump. Does that answer your question?,5,2021-07-16 12:53:42
h5g40d1,t1_h5ddpo3,"leaps refers to calls that expire after.... ""x"" amount of months? How long does it usually refer too?",1,2021-07-17 05:43:34
h5cpgzj,t1_h5cnvwv,Airbnb's not going anywhere with all the media scaring the shit out of everybody.,10,2021-07-16 10:46:23
h5tas7t,t1_h5cnvwv,"consider the various 'reopening' plays...

oil...headline risk massive. getting whacked.

airlines - biz travel re-rated down structurally comped to 2019...that's a massive drag plus international travel still down which has better margins.

food? priced in. sbux valuation is crazy. mcd and dpz

hotel stocks are meh and not moaty.

abnb is an fcf monster, world wide, not dependent on biz travel, stay-cation/short trip capture.....it'll double by summer 2023.

expedia vs abnb, i'm taking abnb",4,2021-07-20 07:37:29
h5g042t,t1_h5cnvwv,Would you rather stay at some guy named Steve's house and risk covid exposure to/from 3 people or stay in a hotel where you have to share laundry services with 50 people. I think id rather stay in an airbnb if im covid scared but want to travel.,3,2021-07-17 05:13:41
h5cw3x5,t1_h5cudlq,Uhhh no 😑,3,2021-07-16 11:47:57
h5d2t6o,t1_h5cudlq,I was thinking that too…,2,2021-07-16 12:56:23
h5cwbua,t1_h5cnzvw,Good call. PAYO has been paying me for a while… never knew much about them until recently.,2,2021-07-16 11:50:09
h5d397v,t1_h5cnzvw,Never heard of them until just now. Sounds interesting. I did dip my toe into DLO. Backed by some pretty hefty play. Similar story. Check it out.,1,2021-07-16 13:01:14
h5t7lug,t1_h5cnzvw,appreciate this -- will open a little position in them as i am long abnb,1,2021-07-20 07:11:43
h6mmum2,t1_h5dfd4a,"Dash is already valued at $60b, how much higher can it go?",1,2021-07-27 04:35:15
h8it90x,t1_h5g3wgl,I guess you’ll never be buying! Will look at you from a 🔭 on the 🌚,1,2021-08-11 19:28:12
h5d82w7,t1_h5cs7yy,Dirty thirds please,3,2021-07-16 13:57:04
h5d5f1c,t1_h5d2dws,~~week~~ life,3,2021-07-16 13:25:19
h5h65ak,t1_h5d2mye,Power Bottom,2,2021-07-17 11:10:53
h5cryaz,t1_h5crtj1,"The ""spectrum?""",8,2021-07-16 11:08:42
h5dh5dp,t1_h5d2kef,Your mom pumps me,2,2021-07-16 15:59:22
h5exroh,t1_h5d2kef,"It didn't yet, but with u/Green_Lantern_4vr addition it does now",1,2021-07-17 00:38:04
h5i11v2,t1_h5g40d1,Yup a long dated call option. Technically a leap is a year or longer but people use it around here for anything over like 8 months lol,1,2021-07-17 17:46:16
h5crnlz,t1_h5cpgzj,People are still scared?,6,2021-07-16 11:05:56
h5d2w9o,t1_h5cwbua,Which is it: ‘for a while’ or ‘until recently’?,4,2021-07-16 12:57:20
h8iy1ko,t1_h8it90x,Well I’m into other great stocks lol. You won’t need a 🔭 we’ll just have a chat together on the 🌚,1,2021-08-11 20:20:05
h5f9oor,t1_h5d82w7,Feeble fourths?,2,2021-07-17 02:01:31
h5d5i0k,t1_h5d5f1c,Weak life.,10,2021-07-16 13:26:17
h5gj81m,t1_h5dh5dp,While my dad looks on. Kinda gross.,1,2021-07-17 07:47:26
h5crzl9,t1_h5crnlz,"I am. I live in my car out in the middle of the redwoods. I eat bugs, sleep next to the Stars, and I get doordash delivered on Friday nights.",13,2021-07-16 11:09:02
h5d2pew,t1_h5crnlz,Because their lungs are scarred.,1,2021-07-16 12:55:15
h5d39jh,t1_h5d2w9o,"Both. I have an account with one of their partners, and they said “we have a new payment service called Payoneer.” My payments started coming from Payoneer, but I never knew much about them. Once I saw the SPAC news I started following them and learned more about them. So yes… both.",2,2021-07-16 13:01:20
h8iyutd,t1_h8iy1ko,Haha! Love it. 🍻,1,2021-08-11 20:28:08
h5h1wki,t1_h5f9oor,*filthy fourths,3,2021-07-17 10:30:43
h5gn77g,t1_h5gj81m,He doesn’t just look buddy,2,2021-07-17 08:21:06
h5csk8b,t1_h5crzl9,Have you seen Bigfoot?,4,2021-07-16 11:14:21
h5h21nw,t1_h5h1wki,Gawd damn it yes,2,2021-07-17 10:32:01
h5ct1lg,t1_h5csk8b,I'm been working on it. But he's interdimensional and I'm worried about him being vaccinated.,14,2021-07-16 11:18:47
h5d2rxz,t1_h5ct1lg,"Is Bigfoot a hedge fund?
Sleepless in seattle",1,2021-07-16 12:56:01
h5d38ad,t1_h5d2rxz,Bigfoot is way too friendly to be a hedge fund. Sleepless yes,1,2021-07-16 13:00:59
