comment_id,comment_parent_id,comment_body,comment_score,created_utc
gkzblfu,t3_l6965q,We FINNISH this together 💪,19,2021-01-28 02:18:02
gkzgwuw,t3_l6965q,TO DA MOOOOOOON,4,2021-01-28 02:49:39
gkzibcc,t3_l6965q,"Good DD, already in at 3,16€ price",3,2021-01-28 02:58:24
gl02bux,t3_l6965q,🚀 in my pocket,4,2021-01-28 05:18:52
gkyz2bz,t3_l6965q,NOK all the way,7,2021-01-28 01:09:46
gkz6842,t3_l6965q,I LIKE THIS STOCK,6,2021-01-28 01:48:07
gldl6zz,t3_l6965q,I also have a rocket 🚀 in my pocket. Anyone elses. I used spell chicks...,2,2021-01-30 23:58:48
gles8ld,t3_l6965q,In at 4.9 and ready to hold,2,2021-01-31 05:33:13
gmqpk6g,t3_l6965q,great DD. I'm new to doing DD to better understand stocks and I learned a lot on from you,2,2021-02-10 05:01:34
gkyzx1d,t3_l6965q,$NOK > $BB in 2 weeks.,4,2021-01-28 01:14:21
gkyzfn3,t3_l6965q,🚀🚀🚀,3,2021-01-28 01:11:45
gkyz2u6,t3_l6965q,🚀🚀🚀,1,2021-01-28 01:09:50
gl45h0q,t3_l6965q,"Nokia gets royalties from HMD Global, who makes Nokia phones these days. Rumor on the street is that buying Nokia stock on a Nokia phone gives you an additional 🚀🚀🚀 in price or so I've heard",1,2021-01-29 00:53:25
glbyzxt,t3_l6965q,🚀🚀,1,2021-01-30 12:00:06
