comment_id,comment_parent_id,comment_body,comment_score,created_utc
gzat0cj,t3_nk3bb9,"This man doesn't even know what greeks are. gtfo

>Greeks shortcut: Stochastic Momentum Index

I cant cringe hard enough for you. Not willing to invest your own money so you come here to test your theory and DD with ours, but you're about as educated as that kid that career fails arithmetic.

I have doubts about your acumen too. You couldn't even manage to make an attractive post with your nonstop link dumps.",11,2021-05-25 02:16:50
gzan4nc,t3_nk3bb9,They’re made in China they’ll be broken in T minus six months 🤷🏾‍♂️,3,2021-05-25 01:33:37
gzanq8h,t3_nk3bb9,The US has plenty. Let China use theirs up. Then the US supply will be worth ten times what China sells at,2,2021-05-25 01:37:57
gzaty6e,t3_nk3bb9,What exactly do you think the Greeks are?,1,2021-05-25 02:23:35
gzanbym,t1_gzan4nc,Job security,3,2021-05-25 01:35:05
gzay8jr,t1_gzaty6e,[deleted],1,2021-05-25 02:54:17
gzanhhq,t1_gzanbym,For six months? Bro if your situation is that bad I can get you hooked up at the local Job Connect...🙏🏾☠️😂 made in China like I said- t minus six months and you’ll be out of work,4,2021-05-25 01:36:12
gzaz1c1,t1_gzay8jr,"Not exactly.

https://www.investopedia.com/terms/g/greeks.asp",1,2021-05-25 03:00:00
gzao1t0,t1_gzanhhq,"Uh, not what I meant. Simply stating they make them that way to keep demand up once they brake.",2,2021-05-25 01:40:22
gzb0hls,t1_gzaz1c1,[deleted],1,2021-05-25 03:10:35
gzapf34,t1_gzao1t0,"Okay and that’s why they are the number one polluters in the world



I’m already sick of my country the USA exploring everything to the ground in the name of “capitalism woo! An extra dollar woo!”



Shit is utterly unsustainable and toxic to humanity



I don’t need China another fucked up nation to continue polluting the land sky’s and sea with toxic waste that holds no purpose for more 6 months 🤮🤮🤮🤮🤮🤮🤮🤮🤮",4,2021-05-25 01:50:34
gzb4ktc,t1_gzb0hls,"Buddy, a stock doesn't have Greeks. Individual contracts each have their own Greeks.

That's not gatekeeping, that's calling you out for making stuff up and trying to cram words you've heard into your post to sound credible. And looking at the top level comments, I wasn't the only one who noticed.

Try being more humble. Admitting that you were wrong is less embarrassing than trying to double down.",1,2021-05-25 03:39:38
gzaugha,t1_gzapf34,"I mean, you're not wrong",1,2021-05-25 02:27:06
gzb40wn,t1_gzapf34,"Actually during the industrial revolution Europe and North America are responsible for the state we are in now with the environment... and surprisingly China did not pollute as much which is why they have been given space to 'exploit' fossil fuels  in the same way other developing nations are allowed to do...

We messed up the air in order to advance ourselves now we are preaching to others - hey don't exploit your resources that will allow your people to develop and so on.   Get the facts right.",0,2021-05-25 03:35:33
gzb88d6,t1_gzb4ktc,"Thanks.
I wasn't trying to double down, I was convinced that I was right.

And also, thanks for the patience, very few people have the kindness to express in this terms after being taunted with foul language.",2,2021-05-25 04:06:59
gzaup4q,t1_gzaugha,TLDR Cindy live long and prosper. Go vegan. Invest in gme. It’s an approved vegan stock 😂💎💎💎 gme black hole soon,1,2021-05-25 02:28:45
gzavslj,t1_gzaup4q,What the fuck happened to the sub? Go. Just fucking go.,1,2021-05-25 02:36:40
