comment_id,comment_parent_id,comment_body,comment_score,created_utc
haorzqs,t3_pdb4xp,"
**User Report**| | | |
:--|:--|:--|:--
**Total Submissions**|72|**First Seen In WSB**|5 years ago
**Total Comments**|0|**Previous DD**|[x](https://www.reddit.com/r/wallstreetbets/comments/pdb4xp/some_implied_moves_for_earnings_next_week/) [x](https://www.reddit.com/r/wallstreetbets/comments/ltptb1/some_implied_moves_for_companies_reporting/) [x](https://www.reddit.com/r/wallstreetbets/comments/np2bpx/some_implied_moves_for_earnings_next_week/) [x](https://www.reddit.com/r/wallstreetbets/comments/lj4gmi/some_implied_moves_for_earnings_next_week_560/) 
**Account Age**|5 years|[^scan ^comment ](https://www.reddit.com/message/compose/?to=VisualMod&subject=scan_comment&message=Replace%20this%20text%20with%20a%20comment%20ID%20(which%20looks%20like%20*h26cq3k*)%20to%20have%20the%20bot%20scan%20your%20comment%20and%20correct%20your%20first%20seen%20date.)|[^scan ^submission ](https://www.reddit.com/message/compose/?to=VisualMod&subject=scan_submission&message=Replace%20this%20text%20with%20a%20submission%20ID%20(which%20looks%20like%20*h26cq3k*)%20to%20have%20the%20bot%20scan%20your%20submission%20and%20correct%20your%20first%20seen%20date.)
    
Hey /u/theJimmybob, **positions or ban.** Reply to this with a screenshot of your entry/exit.",1,2021-08-28 22:50:26
haos3yl,t1_haorzqs,I have no positions in any of these,2,2021-08-28 22:51:20
