comment_id,comment_parent_id,comment_body,comment_score,created_utc
h5848h1,t3_okirfx,"
**User Report**| | | |
:--|:--|:--|:--
**Total Submissions**|17|**First Seen In WSB**|1 week ago
**Total Comments**|4|**Previous DD**|[x](https://www.reddit.com/r/wallstreetbets/comments/ocer2v/mmat/) 
**Account Age**|1 month|[^scan ^comment ](https://www.reddit.com/message/compose/?to=VisualMod&subject=scan_comment&message=Replace%20this%20text%20with%20a%20comment%20ID%20(which%20looks%20like%20*h26cq3k*)%20to%20have%20the%20bot%20scan%20your%20comment%20and%20correct%20your%20first%20seen%20date.)|[^scan ^submission ](https://www.reddit.com/message/compose/?to=VisualMod&subject=scan_submission&message=Replace%20this%20text%20with%20a%20submission%20ID%20(which%20looks%20like%20*h26cq3k*)%20to%20have%20the%20bot%20scan%20your%20submission%20and%20correct%20your%20first%20seen%20date.)",1,2021-07-15 09:46:54
h584l8d,t3_okirfx,WAAAAAY more than semi-conductors. The tech these guys have is amazing!,9,2021-07-15 09:49:54
h587e3u,t3_okirfx,Holding a bag of gold and my divy will be icing on the cake,5,2021-07-15 10:14:16
h585sdp,t3_okirfx,Jacked,4,2021-07-15 10:00:16
h585z48,t3_okirfx,Bought some a couple days ago at $3.62/share. How are are you guys expecting this will go? I don't want to get overly excited and sell and then have it skyrocket after I do so...,3,2021-07-15 10:01:53
h586h1i,t3_okirfx,[removed],4,2021-07-15 10:06:10
h584oiy,t3_okirfx,MMAT does not know what it is yet,10,2021-07-15 09:50:40
h584cdt,t3_okirfx,What is META?,3,2021-07-15 09:47:50
h587o5d,t3_okirfx,"Loaded up on cheap $5 calls yesterday, sold enough to make my money back and now I’m just playing with the houses money. So, I really hope tomorrow is the catalyst we’ve been waiting for. LFG!!!",3,2021-07-15 10:16:44
h585viv,t3_okirfx,"My avg cost in this trash is $19.23 

No point in selling when youre down 80 fuckin percent",6,2021-07-15 10:01:01
h585bkt,t3_okirfx,"Do you prefer burlap for the strength, velvet for the comfort, or goretex for the weather resistance?",3,2021-07-15 09:56:14
h586nl7,t1_h585z48,"If your stocks go anythinf like mine, you will sell it and it'll probably skyrocket.",6,2021-07-15 10:07:44
h586y6c,t1_h585z48,Honestly. I'm not in MMAT for quick profits or squeeze. If it squeezes so be it ill take profits and reinvest. I'm looking at it from an actual investment standpoint and long terms (10+ years).,3,2021-07-15 10:10:23
h585zg8,t1_h584oiy,Its pretty fuckin good at creating bagholders i know that.,10,2021-07-15 10:01:58
h586e34,t1_h584cdt,"Sounds like you’ve got some readin’ to do! This thing’s got history- energy company to meta materials (first of this sector?), selling assets, reverse splits, tickers, delays, delays, delays, and now some calm. George being a badass, actual flaming shorts promotions? What??  It’s been…a journey. Welcome. -Otis",5,2021-07-15 10:05:28
h58rwg9,t1_h585viv,"You bought the tippy top, huh?",2,2021-07-15 13:31:41
h586tbo,t1_h585bkt,Latex for really sealing in the flavor,3,2021-07-15 10:09:11
h5873l5,t1_h586y6c,"I feel that. But I'm also super new and have only put $25 into Robinhood so far. So the more I make fast, the more I can invest with both now and later...",2,2021-07-15 10:11:44
h587cih,t1_h5873l5,Would definitely not be looking at the stock market for getting rich quick. Regardless of what's happened with AMC and gme those events are few and far between. And with little capital you'll be able to make 3 trades in a 5 day period so you'll need to pick and choose carefully. Depending on your income level your best bet might be to pick something that has shown consistent strength and growth and throw a bit of cash every week at it and let it compound over time until you can start pulling some from that nest egg here and there to make the trade plays.,5,2021-07-15 10:13:54
h587kby,t1_h587cih,"Yeah! Surprise spikes are welcomed, but im not banking on it. 🤞🏻 And yeah, you kinda hit the nail on the head. That's what I plan to do!",1,2021-07-15 10:15:48
