comment_id,comment_parent_id,comment_body,comment_score,created_utc
gpfhp14,t3_lw5odk,Bought on today’s dip. Semiconductor demand is only going up,15,2021-03-03 00:35:39
gpfhqk5,t3_lw5odk,Lmao fucking weirdo,17,2021-03-03 00:35:57
gpgs7a4,t3_lw5odk,I’ve been watching this and not buying for an irresponsible amount of time. Let’s say since mid March 2020... so much missed opportunity. Anyway have some as of a couple months ago and can’t really see where you can go wrong long term as long as you can stomach the 3x in both directions.,7,2021-03-03 06:09:40
gph2hwe,t3_lw5odk,Is this a good options play at this point?,6,2021-03-03 07:33:01
gpfike4,t3_lw5odk,"Remember semiconductors are a cyclical industry. If they overinvest now, they're going to get reamed when things cool off. And you'll get 3X reamed.",11,2021-03-03 00:42:02
gpfhc91,t3_lw5odk,I went with SMH personally. But may throw a few $$$ at it next buying spree since it split and is cheaper now,3,2021-03-03 00:33:00
gq9h8w3,t3_lw5odk,This hasn't aged well. Commendable use of emoticons,3,2021-03-09 06:20:51
gpfyte3,t3_lw5odk,"If you like playing the leveraged game, u/Visible_Antelope5010, check out DFEN.",2,2021-03-03 02:39:35
gph3q4u,t3_lw5odk,this is so stupid. sign me up im in,2,2021-03-03 07:43:31
gphi54t,t3_lw5odk,I’ve been selling puts to get into soxl since last March and my puts never got exercised. Sold some more puts @40 strike today. Hope it stays down for a bit longer,2,2021-03-03 09:47:07
gphnxqt,t3_lw5odk, Is this still rising? I bought last week and sold this week after a 9% gain. Haven't check in again,2,2021-03-03 10:37:04
gpkmm6w,t3_lw5odk,Whats the downside?,2,2021-03-04 04:11:17
grddcct,t3_lw5odk,"Revisiting this post. I think your calls were timed a bit prematurely. Semiconductor earnings season runs from the beginning of April into May and we’re still pending word on government investment into the sector. Though investment would not immediately affect output, it would still move prices upward for the expectation that the U.S. can increase semi market share in the years to come

edit: sorry you probably already know all of this. I have SOXL 8/20 calls which should be prime",2,2021-03-18 23:28:10
gpfrew0,t3_lw5odk,"this shit is fishy af, your fishy af. and for that reason. Im out.",5,2021-03-03 01:46:19
gpfgz57,t3_lw5odk,Dropped by 93%,1,2021-03-03 00:30:19
gpia9hr,t3_lw5odk,[removed],0,2021-03-03 14:19:10
grve7o0,t1_gpgs7a4,Why don't you hedge with inverse Sox?,1,2021-03-23 07:55:29
gpfkbxa,t1_gpfike4,Long term it’s not a bad investment though.,3,2021-03-03 00:54:47
grveg6w,t1_grddcct,"He may but I didn't, leave the comments and it surely helps someone else doing their DD",1,2021-03-23 07:57:30
gpgghin,t1_gpfrew0,Fishy how? By holding all the best semi companies? Lol ok,10,2021-03-03 04:45:23
gpfy0xf,t1_gpfgz57,lmao it was a split you retard,21,2021-03-03 02:33:59
gpfnsn8,t1_gpfgz57,Stock split??,2,2021-03-03 01:19:58
gpib12z,t1_gpia9hr,"Do you like Semiconductors? Y/N 
ANSWER: No 

\-Are you bullish on NVDA/AMD 🚀🚀🚀 Y/N
ANSWER: No - and the merger isn't happening. 

\-Do you think there’s a Semiconductor shortage? Y/N
ANSWER: Yes - and the problem is that the US can not just flip a switch and make more. 

\-Do you like 3x Leverage? 
ANSWER: Not.. of shit. 

\-Bears🌈🐻say: “ShoRtaGe MeANs     LeSs PrOFitS”
ANSWER: Hmm.. or in this case, crash. 

\-Semiconductor manufacturers will raise prices leading to increased profit that scales with inflation! Semiconductors go brrrr 
ANSWER: Brrr, the sound of someone investing in SOXL as they go homeless from leveraging into a crisis. 

Do you really want to bet against:
\-Stimmy?💉💰💰💰
ANSWER: Again, throwing money at the chips still means they cannot produce them, the old machines just have money on them now. 

\-Government (Nat’l Security) interventions?
ANSWER: Right, think of it as a crisis management team. Can't wait to find out what comes of the 100-day review 😂

\-Increased cryptomining, gaming, and EV/AI chip usage?
ANSWER: That is not what is causing the shortage. It's like you read about Biden's executive order and tried to make a story out of it that ended with chips going up. I get it.",0,2021-03-03 14:28:57
grvrmzy,t1_grve7o0,"Has anyone simulated what that would actually do? It is interesting, but do you get to a point where you’re leveled out and just better off with VGT and VOO and forget about it?",2,2021-03-23 09:51:49
gpfksek,t1_gpfkbxa,I'm actually arguing long term its a horrible investment,10,2021-03-03 00:58:02
grvu2gx,t1_grveg6w,Was this comment helpful?? Idk.. Do you currently have any semiconductor plays?,1,2021-03-23 10:13:15
gpfy329,t1_gpfy0xf,Where does it say that,-6,2021-03-03 02:34:24
gpftu8i,t1_gpfnsn8,I see no news on that,-5,2021-03-03 02:03:47
gpib13d,t1_gpib12z,"I'M RECLAIMING MY TIME!!!


*I am a bot, and this action was performed automatically. Please [contact the moderators of this subreddit](/message/compose/?to=/r/wallstreetbets) if you have any questions or concerns.*",3,2021-03-03 14:28:57
grvvtla,t1_grvrmzy,"Hey I did look into this last year when I was reading about pair trading from a book by Ernest Chan, comes with examples and codes too. He went and explained it really well and of you get a chance search it, but can't find me notes anymore. Will keep digging.",1,2021-03-23 10:28:46
gpg9naw,t1_gpfksek,">cyclical

[https://etfdb.com/compare/highest-5-year-returns/](https://etfdb.com/compare/highest-5-year-returns/)",6,2021-03-03 03:56:36
gpfm656,t1_gpfksek,I have 75 shares now from the split so I’m biased is all. Time will tell.,2,2021-03-03 01:08:07
grvveqq,t1_grvu2gx,"Hey no I didn't have any semiconductor plays, I read on tsm for a while last year but got out. I am getting in soxl now",1,2021-03-23 10:25:07
gpfyjmx,t1_gpfy329,it was announced weeks ago. [https://www.prnewswire.com/news-releases/direxion-announces-forward-and-reverse-splits-of-five-etfs-301218362.html](https://www.prnewswire.com/news-releases/direxion-announces-forward-and-reverse-splits-of-five-etfs-301218362.html),6,2021-03-03 02:37:41
gpgj581,t1_gpg9naw,"ngl, thats impressive",3,2021-03-03 05:03:53
gpgpomb,t1_gpg9naw,"Yes this past decade has been a boom, it may slow down in the next several years relative to other assets especially if they're overallocating capital. The SOXX doesn't always outperform.",0,2021-03-03 05:50:48
grvxmnc,t1_grvveqq,"Nice, I just added 16 shares of SOXL at an average of $33.80 on Friday. I think this play is solid going into the next few months and possibly even longer",1,2021-03-23 10:44:45
gpfym39,t1_gpfyjmx,Ah,0,2021-03-03 02:38:10
grvy3rx,t1_grvxmnc,"Nice, I need some solid plays, my tech folio is down 20% since Jan. I am running a quick long/short analysis on TQQQ and SQQQ. See what comes, might do the same for SOXL and SOXC.",1,2021-03-23 10:49:04
gpg4ovp,t1_gpfym39,It’s ok I actually thought the same thing. I just called you a retard because I’m insecure about my intelligence and like to flex on the internet. I love you bro 💕,15,2021-03-03 03:21:05
grw1n3h,t1_grvy3rx,Yeah you just gotta scope out an entry point for whatever it is... Wouldn’t be surprised if we see further tech pullback before seeing a solid summertime climb,1,2021-03-23 11:22:11
grwp4ej,t1_grw1n3h,"I am thinking more of a neutral strategy requiring no specific entry points.

That is trade long/short on let's say TQQQ/ SQQQ daily. The only negative is that backtest can only be done from 2010 onwards, may need to look at QQQ to include earlier time frames. But other than that it's k, might add max draw down duration etc",1,2021-03-23 16:29:17
