comment_id,comment_parent_id,comment_body,comment_score,created_utc
hnhxrvn,t3_raftgl,"
**User Report**| | | |
:--|:--|:--|:--
**Total Submissions**|6|**First Seen In WSB**|5 months ago
**Total Comments**|27|**Previous DD**|[x](https://www.reddit.com/r/wallstreetbets/comments/plo21q/vacasa_dd/) 
**Account Age**|10 months|[^scan ^comment ](https://www.reddit.com/message/compose/?to=VisualMod&subject=scan_comment&message=Replace%20this%20text%20with%20a%20comment%20ID%20(which%20looks%20like%20*h26cq3k*)%20to%20have%20the%20bot%20scan%20your%20comment%20and%20correct%20your%20first%20seen%20date.)|[^scan ^submission ](https://www.reddit.com/message/compose/?to=VisualMod&subject=scan_submission&message=Replace%20this%20text%20with%20a%20submission%20ID%20(which%20looks%20like%20*h26cq3k*)%20to%20have%20the%20bot%20scan%20your%20submission%20and%20correct%20your%20first%20seen%20date.)
**Vote Spam (NEW)**|[Click to Vote](https://www.reddit.com/message/compose/?to=VisualMod&subject=vote_spam&message=raftgl)|**Vote Approve (NEW)**|[Click to Vote](https://www.reddit.com/message/compose/?to=VisualMod&subject=vote_approve&message=raftgl)",1,2021-12-07 03:45:12
hni2hgu,t3_raftgl,"This is bad for MU.     
      
RIP MartyMoho, your $90Cs were (years) ahead of their time.",4,2021-12-07 04:15:58
hnhy9ms,t3_raftgl,"Nice. Anyone else making DDR5

(I don't know much about computers).",3,2021-12-07 03:48:28
hni9bmo,t3_raftgl,Not bad but if you want an actual printer with low IV then go for INTC,3,2021-12-07 04:59:37
hnj5hr3,t3_raftgl,How is ddr5 more resilient? It's smaller and therefore less noise should be needed to flip adjacent rows. And ECC isn't sufficient. I'm not seeing any work arounds currently implemented in ddr5 that aren't available in ddr4.,0,2021-12-07 08:43:14
hnvjqja,t1_hni2hgu,How,1,2021-12-10 01:34:39
hnhz0vd,t1_hnhy9ms,"There are 3 companies that make most of the DRAM on the planet:  Samsung, SK hynix, and Micron.  Of those, Micron is the only U.S. company.",4,2021-12-07 03:53:19
hnigewl,t1_hni9bmo,"Love Intel.  PE \~10 seems very attractive, and they still make the best high end x86 processors, though not by much anymore.  Solid safe place to put your money.  But higher PEs need belief in growth.  AI is all being done on GPUs and special purpose chips now.  Mining too.  Intel is a little late getting into that game, maybe Alchemist will help them catch up, but it'll be a while before we know.",2,2021-12-07 05:45:23
hnl95gc,t1_hni9bmo,That’s literallly THE WORST chart in semis,1,2021-12-07 21:21:01
hnjg6bb,t1_hnj5hr3,"It's not just the proximity, it's how rowhammer interacts with the refresh cycle, Target Row Refresh (TRR) in DDR 4, redesigned and called Refresh Management which does more selective, and less predictable, refresh cycles.

[https://comsec.ethz.ch/wp-content/files/blacksmith\_sp22.pdf](https://comsec.ethz.ch/wp-content/files/blacksmith_sp22.pdf)",3,2021-12-07 10:01:23
hniyjcz,t1_hnigewl,"Their new foundry business will help, but it will be a few years before they see much from it, especially considering they'll compete with TSM and Samsung who are both looking at 3 and 5 nm while INTC struggled to hit 10 nm.    
      
Edit: and, until then, that capex is heavy.",1,2021-12-07 07:50:57
hnjpop9,t1_hnjg6bb,"So from my understanding, you (in ddr4) typically refresh the rows every 64ms. You can double that rate but with performance issues. But even doubling it  isn't a very effective practice against row hammering.  So how would randomizing refresh rates, if let's say the average refresh rate is 64ms with a variance of (and I'm making this up) +/- 48 ms, effect the ability of attack rows lighting up victim rows?

Edit: after reading the publication, I realize their row hammering technique realize on ""base time T"" where T is an *assumed* refresh rate. With out the assumed refresh rate (randomized), it would take a different approach to effectively hammer. However I'm still unsure how optimistic I am on the ability for sudo-random functions to defend against such novel attacks in the future.

Edit2: if I'm wrong about any of my conclusions, please let me know. I'm grateful for bringing this to my attention and would like to understand it correctly.",-1,2021-12-07 11:10:08
