comment_id,comment_parent_id,comment_body,comment_score,created_utc
hl9yubj,t3_qxksvf,"Your submission was removed from /r/wallstreetbets due to being too short. All text submissions must be at least 100 characters long.

*I am a bot, and this action was performed automatically. Please [contact the moderators of this subreddit](/message/compose/?to=/r/wallstreetbets) if you have any questions or concerns.*",1,2021-11-20 01:14:51
hl9yynk,t3_qxksvf,I am a bot from /r/wallstreetbets. Your submission was removed. A techincal analysis selfpost should contain pictures.,1,2021-11-20 01:15:38
