comment_id,comment_parent_id,comment_body,comment_score,created_utc
haol54p,t3_pd8xfn,u/bigbear0083 Can you remove AKTS and the mention of “ShadowTrader Video Weekly”?,1,2021-08-28 21:58:00
haoueeu,t3_pd8xfn,The only thing that worried me this week was consumer sentiment. Apparently the lowest its been in a decade.,9,2021-08-28 23:08:06
haoe66h,t3_pd8xfn,"CHWY: “consensus estimate is for a loss of $0.01 per share on revenue of $2.20 billion and the Earnings Whisper ® number is $0.03 per share.”

You didn’t put the $0.03 in parentheses like some others. Is that a typo?  I guess whisper is expecting positive  earnings. Is that right? Thanks.",7,2021-08-28 20:56:55
haoruo9,t3_pd8xfn,Calls or puts?,5,2021-08-28 22:49:23
hapmxcd,t3_pd8xfn,"Overall thoughts on Chargepoint (CHPT)? ER is Wednesday Sept 1st. 

&#x200B;

\-In Q2, CHPT has bought 2 EV Charging companies in Europe extending its footprint and technologies in the region. 

\-Cash on hand in Q1 was over $100m, I expect it to drop to around $75m 

\-Expected revenue to be in the $46m-$51m - Lets hope this is true. Supply delays can hurt this company

&#x200B;

\-What are everyone thought of CHPT?",3,2021-08-29 02:32:25
haoftt8,t3_pd8xfn,So. many. letters.,7,2021-08-28 21:12:21
haqd9j2,t3_pd8xfn,so when buy puts?,2,2021-08-29 05:50:53
hap96o1,t3_pd8xfn,CRWD,1,2021-08-29 00:56:28
hap1mm9,t3_pd8xfn,SONO was up 8%+ for the week and it's not even on the chart. Only consumers electronic you have is apple which did shit,1,2021-08-29 00:01:05
har7nh7,t3_pd8xfn,Bullish on DOCU and ZM even though I don't particularly think either service is that great. First mover advantage (sorta) and the continuing of people using those services for at least the next means stocks will only go up!,1,2021-08-29 10:04:31
harkf0g,t3_pd8xfn,Hol up. Why would someone buy a $16 CLDR call when it’s being bought out at that price?,1,2021-08-29 12:03:25
haum5du,t3_pd8xfn,Literally too long. Literally didn't read. :(,1,2021-08-30 05:08:10
hap1oq3,t1_haoe66h,"Bullish on CHWY, going to hold after earnings 🤗🎲",3,2021-08-29 00:01:30
hawhl6w,t1_haoruo9,Bullish = calls,1,2021-08-30 15:10:40
haq9t00,t1_hapmxcd,"I sold $21 puts, don't mind if I get assigned. My PT for CHPT is 40$.",2,2021-08-29 05:23:48
harbjzv,t1_hapmxcd,"I sold around 22 this week after bleeding away for a while, not confident enough that earnings will help things but really it's a flip of the coin if it drops to the teens I'll buy back in as I do think it will recover just how long will it take is unsure.",1,2021-08-29 10:39:13
