comment_id,comment_parent_id,comment_body,comment_score,created_utc
gpglpg2,t3_lwcs10,"Back again as it was a slow day trade day (until power hour).

Rough close. Was up 2.5k on AMZN scalp but that went to -5k really quick as I hop back in and AMZN/QQQ lost support. Oops.",3,2021-03-03 05:21:55
gpgl3pk,t3_lwcs10,"Sir, this is a GameStop dispensary.

*I am a bot, and this action was performed automatically. Please [contact the moderators of this subreddit](/message/compose/?to=/r/wallstreetbets) if you have any questions or concerns.*",1,2021-03-03 05:17:40
gpglf8g,t1_gpgl3pk,Dead 😂😂😂,1,2021-03-03 05:19:56
